,State,Station,Year,Ridership
10447,Maryland,"Aberdeen, Maryland",2005-01-01,23438.0
9847,Maryland,"Aberdeen, Maryland",2006-01-01,18008.0
9247,Maryland,"Aberdeen, Maryland",2007-01-01,38702.0
8647,Maryland,"Aberdeen, Maryland",2008-01-01,45052.0
8047,Maryland,"Aberdeen, Maryland",2009-01-01,44495.0
7447,Maryland,"Aberdeen, Maryland",2010-01-01,41114.0
6847,Maryland,"Aberdeen, Maryland",2011-01-01,39878.0
6247,Maryland,"Aberdeen, Maryland",2012-01-01,43987.0
5647,Maryland,"Aberdeen, Maryland",2013-01-01,43968.0
5047,Maryland,"Aberdeen, Maryland",2014-01-01,42345.0
4447,Maryland,"Aberdeen, Maryland",2015-01-01,53883.0
3847,Maryland,"Aberdeen, Maryland",2016-01-01,59225.0
3247,Maryland,"Aberdeen, Maryland",2017-01-01,55387.0
2647,Maryland,"Aberdeen, Maryland",2018-01-01,56285.0
2047,Maryland,"Aberdeen, Maryland",2019-01-01,35483.0
1447,Maryland,"Aberdeen, Maryland",2020-01-01,16891.0
847,Maryland,"Aberdeen, Maryland",2021-01-01,13841.0
247,Maryland,"Aberdeen, Maryland",2022-01-01,32935.0
10628,Ohio,"Akron, Ohio",2005-01-01,1333.0
10645,Oregon,"Albany, Oregon",2005-01-01,12469.0
10045,Oregon,"Albany, Oregon",2006-01-01,13084.0
9445,Oregon,"Albany, Oregon",2007-01-01,30756.0
8845,Oregon,"Albany, Oregon",2008-01-01,31870.0
8245,Oregon,"Albany, Oregon",2009-01-01,35735.0
7645,Oregon,"Albany, Oregon",2010-01-01,38359.0
7045,Oregon,"Albany, Oregon",2011-01-01,38693.0
6445,Oregon,"Albany, Oregon",2012-01-01,39682.0
5845,Oregon,"Albany, Oregon",2013-01-01,40208.0
5245,Oregon,"Albany, Oregon",2014-01-01,35100.0
4645,Oregon,"Albany, Oregon",2015-01-01,32503.0
4045,Oregon,"Albany, Oregon",2016-01-01,33656.0
3445,Oregon,"Albany, Oregon",2017-01-01,33933.0
2845,Oregon,"Albany, Oregon",2018-01-01,30782.0
2245,Oregon,"Albany, Oregon",2019-01-01,32856.0
1645,Oregon,"Albany, Oregon",2020-01-01,19082.0
1045,Oregon,"Albany, Oregon",2021-01-01,13918.0
445,Oregon,"Albany, Oregon",2022-01-01,26256.0
10573,New York,"Albany-Rensselaer, New York",2005-01-01,366946.0
9973,New York,"Albany-Rensselaer, New York",2006-01-01,382263.0
9373,New York,"Albany-Rensselaer, New York",2007-01-01,774458.0
8773,New York,"Albany-Rensselaer, New York",2008-01-01,830740.0
8173,New York,"Albany-Rensselaer, New York",2009-01-01,723913.0
7573,New York,"Albany-Rensselaer, New York",2010-01-01,737259.0
6973,New York,"Albany-Rensselaer, New York",2011-01-01,769626.0
6373,New York,"Albany-Rensselaer, New York",2012-01-01,769413.0
5773,New York,"Albany-Rensselaer, New York",2013-01-01,764898.0
5173,New York,"Albany-Rensselaer, New York",2014-01-01,781597.0
4573,New York,"Albany-Rensselaer, New York",2015-01-01,825353.0
3973,New York,"Albany-Rensselaer, New York",2016-01-01,855176.0
3373,New York,"Albany-Rensselaer, New York",2017-01-01,803348.0
2773,New York,"Albany-Rensselaer, New York",2018-01-01,800368.0
2173,New York,"Albany-Rensselaer, New York",2019-01-01,806960.0
1573,New York,"Albany-Rensselaer, New York",2020-01-01,450965.0
973,New York,"Albany-Rensselaer, New York",2021-01-01,379209.0
373,New York,"Albany-Rensselaer, New York",2022-01-01,640353.0
9802,Indiana,"Albany/Rensselaer, Indiana",2006-01-01,533.0
9202,Indiana,"Albany/Rensselaer, Indiana",2007-01-01,1630.0
8602,Indiana,"Albany/Rensselaer, Indiana",2008-01-01,1830.0
8002,Indiana,"Albany/Rensselaer, Indiana",2009-01-01,1820.0
7402,Indiana,"Albany/Rensselaer, Indiana",2010-01-01,1848.0
6802,Indiana,"Albany/Rensselaer, Indiana",2011-01-01,2042.0
6202,Indiana,"Albany/Rensselaer, Indiana",2012-01-01,2342.0
5602,Indiana,"Albany/Rensselaer, Indiana",2013-01-01,2239.0
5002,Indiana,"Albany/Rensselaer, Indiana",2014-01-01,2154.0
4402,Indiana,"Albany/Rensselaer, Indiana",2015-01-01,2090.0
3802,Indiana,"Albany/Rensselaer, Indiana",2016-01-01,1963.0
3202,Indiana,"Albany/Rensselaer, Indiana",2017-01-01,2188.0
2602,Indiana,"Albany/Rensselaer, Indiana",2018-01-01,1816.0
10467,Michigan,"Albion, Michigan",2005-01-01,888.0
9867,Michigan,"Albion, Michigan",2006-01-01,689.0
9267,Michigan,"Albion, Michigan",2007-01-01,1490.0
8667,Michigan,"Albion, Michigan",2008-01-01,1817.0
8067,Michigan,"Albion, Michigan",2009-01-01,1539.0
7467,Michigan,"Albion, Michigan",2010-01-01,1636.0
6867,Michigan,"Albion, Michigan",2011-01-01,1625.0
6267,Michigan,"Albion, Michigan",2012-01-01,1980.0
5667,Michigan,"Albion, Michigan",2013-01-01,1932.0
5067,Michigan,"Albion, Michigan",2014-01-01,1727.0
4467,Michigan,"Albion, Michigan",2015-01-01,1816.0
3867,Michigan,"Albion, Michigan",2016-01-01,1603.0
3267,Michigan,"Albion, Michigan",2017-01-01,2194.0
2667,Michigan,"Albion, Michigan",2018-01-01,883.0
2067,Michigan,"Albion, Michigan",2019-01-01,447.0
1467,Michigan,"Albion, Michigan",2020-01-01,1344.0
867,Michigan,"Albion, Michigan",2021-01-01,1231.0
267,Michigan,"Albion, Michigan",2022-01-01,1890.0
10565,New Mexico,"Albuquerque, New Mexico",2005-01-01,31699.0
9965,New Mexico,"Albuquerque, New Mexico",2006-01-01,32371.0
9365,New Mexico,"Albuquerque, New Mexico",2007-01-01,66946.0
8765,New Mexico,"Albuquerque, New Mexico",2008-01-01,72434.0
8165,New Mexico,"Albuquerque, New Mexico",2009-01-01,67751.0
7565,New Mexico,"Albuquerque, New Mexico",2010-01-01,71848.0
6965,New Mexico,"Albuquerque, New Mexico",2011-01-01,75779.0
6365,New Mexico,"Albuquerque, New Mexico",2012-01-01,78324.0
5765,New Mexico,"Albuquerque, New Mexico",2013-01-01,78126.0
5165,New Mexico,"Albuquerque, New Mexico",2014-01-01,77021.0
4565,New Mexico,"Albuquerque, New Mexico",2015-01-01,79078.0
3965,New Mexico,"Albuquerque, New Mexico",2016-01-01,77209.0
3365,New Mexico,"Albuquerque, New Mexico",2017-01-01,75926.0
2765,New Mexico,"Albuquerque, New Mexico",2018-01-01,65539.0
2165,New Mexico,"Albuquerque, New Mexico",2019-01-01,67354.0
1565,New Mexico,"Albuquerque, New Mexico",2020-01-01,38315.0
965,New Mexico,"Albuquerque, New Mexico",2021-01-01,25821.0
365,New Mexico,"Albuquerque, New Mexico",2022-01-01,41692.0
10780,West Virginia,"Alderson, West Virginia",2005-01-01,256.0
10180,West Virginia,"Alderson, West Virginia",2006-01-01,279.0
9580,West Virginia,"Alderson, West Virginia",2007-01-01,475.0
8980,West Virginia,"Alderson, West Virginia",2008-01-01,550.0
8380,West Virginia,"Alderson, West Virginia",2009-01-01,624.0
7780,West Virginia,"Alderson, West Virginia",2010-01-01,705.0
7180,West Virginia,"Alderson, West Virginia",2011-01-01,659.0
6580,West Virginia,"Alderson, West Virginia",2012-01-01,603.0
5980,West Virginia,"Alderson, West Virginia",2013-01-01,586.0
5380,West Virginia,"Alderson, West Virginia",2014-01-01,551.0
4780,West Virginia,"Alderson, West Virginia",2015-01-01,432.0
4180,West Virginia,"Alderson, West Virginia",2016-01-01,449.0
3580,West Virginia,"Alderson, West Virginia",2017-01-01,449.0
2980,West Virginia,"Alderson, West Virginia",2018-01-01,433.0
2380,West Virginia,"Alderson, West Virginia",2019-01-01,578.0
1780,West Virginia,"Alderson, West Virginia",2020-01-01,198.0
1180,West Virginia,"Alderson, West Virginia",2021-01-01,271.0
580,West Virginia,"Alderson, West Virginia",2022-01-01,315.0
10738,Virginia,"Alexandria, Virginia",2005-01-01,41383.0
10138,Virginia,"Alexandria, Virginia",2006-01-01,42703.0
9538,Virginia,"Alexandria, Virginia",2007-01-01,97734.0
8938,Virginia,"Alexandria, Virginia",2008-01-01,120153.0
8338,Virginia,"Alexandria, Virginia",2009-01-01,120815.0
7738,Virginia,"Alexandria, Virginia",2010-01-01,139837.0
7138,Virginia,"Alexandria, Virginia",2011-01-01,161687.0
6538,Virginia,"Alexandria, Virginia",2012-01-01,169746.0
5938,Virginia,"Alexandria, Virginia",2013-01-01,180063.0
5338,Virginia,"Alexandria, Virginia",2014-01-01,180409.0
4738,Virginia,"Alexandria, Virginia",2015-01-01,186841.0
4138,Virginia,"Alexandria, Virginia",2016-01-01,190185.0
3538,Virginia,"Alexandria, Virginia",2017-01-01,200373.0
2938,Virginia,"Alexandria, Virginia",2018-01-01,188961.0
2338,Virginia,"Alexandria, Virginia",2019-01-01,201535.0
1738,Virginia,"Alexandria, Virginia",2020-01-01,112231.0
1138,Virginia,"Alexandria, Virginia",2021-01-01,100838.0
538,Virginia,"Alexandria, Virginia",2022-01-01,211971.0
10629,Ohio,"Alliance, Ohio",2005-01-01,1445.0
10029,Ohio,"Alliance, Ohio",2006-01-01,1694.0
9429,Ohio,"Alliance, Ohio",2007-01-01,3402.0
8829,Ohio,"Alliance, Ohio",2008-01-01,3720.0
8229,Ohio,"Alliance, Ohio",2009-01-01,3364.0
7629,Ohio,"Alliance, Ohio",2010-01-01,3641.0
7029,Ohio,"Alliance, Ohio",2011-01-01,3824.0
6429,Ohio,"Alliance, Ohio",2012-01-01,4373.0
5829,Ohio,"Alliance, Ohio",2013-01-01,4538.0
5229,Ohio,"Alliance, Ohio",2014-01-01,4691.0
4629,Ohio,"Alliance, Ohio",2015-01-01,4714.0
4029,Ohio,"Alliance, Ohio",2016-01-01,5191.0
3429,Ohio,"Alliance, Ohio",2017-01-01,5020.0
2829,Ohio,"Alliance, Ohio",2018-01-01,4501.0
2229,Ohio,"Alliance, Ohio",2019-01-01,4309.0
1629,Ohio,"Alliance, Ohio",2020-01-01,2529.0
1029,Ohio,"Alliance, Ohio",2021-01-01,2040.0
429,Ohio,"Alliance, Ohio",2022-01-01,3132.0
10698,Texas,"Alpine, Texas",2005-01-01,798.0
10098,Texas,"Alpine, Texas",2006-01-01,916.0
9498,Texas,"Alpine, Texas",2007-01-01,2659.0
8898,Texas,"Alpine, Texas",2008-01-01,3519.0
8298,Texas,"Alpine, Texas",2009-01-01,3497.0
7698,Texas,"Alpine, Texas",2010-01-01,3862.0
7098,Texas,"Alpine, Texas",2011-01-01,4322.0
6498,Texas,"Alpine, Texas",2012-01-01,4416.0
5898,Texas,"Alpine, Texas",2013-01-01,4921.0
5298,Texas,"Alpine, Texas",2014-01-01,4756.0
4698,Texas,"Alpine, Texas",2015-01-01,4969.0
4098,Texas,"Alpine, Texas",2016-01-01,4943.0
3498,Texas,"Alpine, Texas",2017-01-01,4999.0
2898,Texas,"Alpine, Texas",2018-01-01,5311.0
2298,Texas,"Alpine, Texas",2019-01-01,5242.0
1698,Texas,"Alpine, Texas",2020-01-01,3010.0
1098,Texas,"Alpine, Texas",2021-01-01,3039.0
498,Texas,"Alpine, Texas",2022-01-01,3593.0
10371,Illinois,"Alton, Illinois",2005-01-01,16683.0
9771,Illinois,"Alton, Illinois",2006-01-01,17863.0
9171,Illinois,"Alton, Illinois",2007-01-01,46717.0
8571,Illinois,"Alton, Illinois",2008-01-01,53741.0
7971,Illinois,"Alton, Illinois",2009-01-01,57974.0
7371,Illinois,"Alton, Illinois",2010-01-01,64674.0
6771,Illinois,"Alton, Illinois",2011-01-01,50220.0
6171,Illinois,"Alton, Illinois",2012-01-01,63027.0
5571,Illinois,"Alton, Illinois",2013-01-01,73043.0
4971,Illinois,"Alton, Illinois",2014-01-01,68584.0
4371,Illinois,"Alton, Illinois",2015-01-01,61249.0
3771,Illinois,"Alton, Illinois",2016-01-01,59809.0
3171,Illinois,"Alton, Illinois",2017-01-01,64420.0
2571,Illinois,"Alton, Illinois",2018-01-01,67225.0
1971,Illinois,"Alton, Illinois",2019-01-01,63310.0
1371,Illinois,"Alton, Illinois",2020-01-01,29749.0
771,Illinois,"Alton, Illinois",2021-01-01,23178.0
171,Illinois,"Alton, Illinois",2022-01-01,49368.0
10654,Pennsylvania,"Altoona, Pennsylvania",2005-01-01,10095.0
10054,Pennsylvania,"Altoona, Pennsylvania",2006-01-01,10450.0
9454,Pennsylvania,"Altoona, Pennsylvania",2007-01-01,23909.0
8854,Pennsylvania,"Altoona, Pennsylvania",2008-01-01,25415.0
8254,Pennsylvania,"Altoona, Pennsylvania",2009-01-01,26669.0
7654,Pennsylvania,"Altoona, Pennsylvania",2010-01-01,25185.0
7054,Pennsylvania,"Altoona, Pennsylvania",2011-01-01,25800.0
6454,Pennsylvania,"Altoona, Pennsylvania",2012-01-01,26978.0
5854,Pennsylvania,"Altoona, Pennsylvania",2013-01-01,26025.0
5254,Pennsylvania,"Altoona, Pennsylvania",2014-01-01,26506.0
4654,Pennsylvania,"Altoona, Pennsylvania",2015-01-01,25175.0
4054,Pennsylvania,"Altoona, Pennsylvania",2016-01-01,22164.0
3454,Pennsylvania,"Altoona, Pennsylvania",2017-01-01,21705.0
2854,Pennsylvania,"Altoona, Pennsylvania",2018-01-01,19574.0
2254,Pennsylvania,"Altoona, Pennsylvania",2019-01-01,18689.0
1654,Pennsylvania,"Altoona, Pennsylvania",2020-01-01,10892.0
1054,Pennsylvania,"Altoona, Pennsylvania",2021-01-01,10281.0
454,Pennsylvania,"Altoona, Pennsylvania",2022-01-01,15142.0
10453,Massachusetts,"Amherst, Massachusetts",2005-01-01,4464.0
9853,Massachusetts,"Amherst, Massachusetts",2006-01-01,4041.0
9253,Massachusetts,"Amherst, Massachusetts",2007-01-01,11432.0
8653,Massachusetts,"Amherst, Massachusetts",2008-01-01,12679.0
8053,Massachusetts,"Amherst, Massachusetts",2009-01-01,13581.0
7453,Massachusetts,"Amherst, Massachusetts",2010-01-01,14600.0
6853,Massachusetts,"Amherst, Massachusetts",2011-01-01,12238.0
6253,Massachusetts,"Amherst, Massachusetts",2012-01-01,12945.0
5653,Massachusetts,"Amherst, Massachusetts",2013-01-01,13357.0
5053,Massachusetts,"Amherst, Massachusetts",2014-01-01,14124.0
4453,Massachusetts,"Amherst, Massachusetts",2015-01-01,4206.0
10574,New York,"Amsterdam, New York",2005-01-01,3139.0
9974,New York,"Amsterdam, New York",2006-01-01,3307.0
9374,New York,"Amsterdam, New York",2007-01-01,7445.0
8774,New York,"Amsterdam, New York",2008-01-01,7948.0
8174,New York,"Amsterdam, New York",2009-01-01,7628.0
7574,New York,"Amsterdam, New York",2010-01-01,9174.0
6974,New York,"Amsterdam, New York",2011-01-01,8682.0
6374,New York,"Amsterdam, New York",2012-01-01,9197.0
5774,New York,"Amsterdam, New York",2013-01-01,10694.0
5174,New York,"Amsterdam, New York",2014-01-01,11119.0
4574,New York,"Amsterdam, New York",2015-01-01,11155.0
3974,New York,"Amsterdam, New York",2016-01-01,10410.0
3374,New York,"Amsterdam, New York",2017-01-01,10475.0
2774,New York,"Amsterdam, New York",2018-01-01,9676.0
2174,New York,"Amsterdam, New York",2019-01-01,11183.0
1574,New York,"Amsterdam, New York",2020-01-01,7909.0
974,New York,"Amsterdam, New York",2021-01-01,9139.0
374,New York,"Amsterdam, New York",2022-01-01,11900.0
10220,California,"Anaheim, California",2005-01-01,157609.0
9620,California,"Anaheim, California",2006-01-01,163067.0
9020,California,"Anaheim, California",2007-01-01,332125.0
8420,California,"Anaheim, California",2008-01-01,357906.0
7820,California,"Anaheim, California",2009-01-01,335562.0
7220,California,"Anaheim, California",2010-01-01,331666.0
6620,California,"Anaheim, California",2011-01-01,352363.0
6020,California,"Anaheim, California",2012-01-01,358810.0
5420,California,"Anaheim, California",2013-01-01,342284.0
4820,California,"Anaheim, California",2014-01-01,254066.0
4220,California,"Anaheim, California",2015-01-01,270819.0
3620,California,"Anaheim, California",2016-01-01,282700.0
3020,California,"Anaheim, California",2017-01-01,287415.0
2420,California,"Anaheim, California",2018-01-01,281379.0
1820,California,"Anaheim, California",2019-01-01,239471.0
1220,California,"Anaheim, California",2020-01-01,112054.0
620,California,"Anaheim, California",2021-01-01,71651.0
20,California,"Anaheim, California",2022-01-01,158796.0
10468,Michigan,"Ann Arbor, Michigan",2005-01-01,64904.0
9868,Michigan,"Ann Arbor, Michigan",2006-01-01,70948.0
9268,Michigan,"Ann Arbor, Michigan",2007-01-01,144114.0
8668,Michigan,"Ann Arbor, Michigan",2008-01-01,148594.0
8068,Michigan,"Ann Arbor, Michigan",2009-01-01,133454.0
7468,Michigan,"Ann Arbor, Michigan",2010-01-01,140735.0
6868,Michigan,"Ann Arbor, Michigan",2011-01-01,148911.0
6268,Michigan,"Ann Arbor, Michigan",2012-01-01,144707.0
5668,Michigan,"Ann Arbor, Michigan",2013-01-01,158717.0
5068,Michigan,"Ann Arbor, Michigan",2014-01-01,144120.0
4468,Michigan,"Ann Arbor, Michigan",2015-01-01,143130.0
3868,Michigan,"Ann Arbor, Michigan",2016-01-01,129186.0
3268,Michigan,"Ann Arbor, Michigan",2017-01-01,146613.0
2668,Michigan,"Ann Arbor, Michigan",2018-01-01,158101.0
2068,Michigan,"Ann Arbor, Michigan",2019-01-01,156462.0
1468,Michigan,"Ann Arbor, Michigan",2020-01-01,77886.0
868,Michigan,"Ann Arbor, Michigan",2021-01-01,46746.0
268,Michigan,"Ann Arbor, Michigan",2022-01-01,122757.0
10200,Alabama,"Anniston, Alabama",2005-01-01,2419.0
9600,Alabama,"Anniston, Alabama",2006-01-01,1907.0
9000,Alabama,"Anniston, Alabama",2007-01-01,4652.0
8400,Alabama,"Anniston, Alabama",2008-01-01,5181.0
7800,Alabama,"Anniston, Alabama",2009-01-01,4909.0
7200,Alabama,"Anniston, Alabama",2010-01-01,5955.0
6600,Alabama,"Anniston, Alabama",2011-01-01,6694.0
6000,Alabama,"Anniston, Alabama",2012-01-01,6209.0
5400,Alabama,"Anniston, Alabama",2013-01-01,5835.0
4800,Alabama,"Anniston, Alabama",2014-01-01,5200.0
4200,Alabama,"Anniston, Alabama",2015-01-01,5085.0
3600,Alabama,"Anniston, Alabama",2016-01-01,4871.0
3000,Alabama,"Anniston, Alabama",2017-01-01,4255.0
2400,Alabama,"Anniston, Alabama",2018-01-01,3833.0
1800,Alabama,"Anniston, Alabama",2019-01-01,4244.0
1200,Alabama,"Anniston, Alabama",2020-01-01,2369.0
600,Alabama,"Anniston, Alabama",2021-01-01,1948.0
0,Alabama,"Anniston, Alabama",2022-01-01,2486.0
10221,California,"Antioch-Pittsburg, California",2005-01-01,9455.0
9621,California,"Antioch-Pittsburg, California",2006-01-01,10557.0
9021,California,"Antioch-Pittsburg, California",2007-01-01,24416.0
8421,California,"Antioch-Pittsburg, California",2008-01-01,29129.0
7821,California,"Antioch-Pittsburg, California",2009-01-01,28889.0
7221,California,"Antioch-Pittsburg, California",2010-01-01,34417.0
6621,California,"Antioch-Pittsburg, California",2011-01-01,34794.0
6021,California,"Antioch-Pittsburg, California",2012-01-01,39001.0
5421,California,"Antioch-Pittsburg, California",2013-01-01,43953.0
4821,California,"Antioch-Pittsburg, California",2014-01-01,43231.0
4221,California,"Antioch-Pittsburg, California",2015-01-01,43217.0
3621,California,"Antioch-Pittsburg, California",2016-01-01,39995.0
3021,California,"Antioch-Pittsburg, California",2017-01-01,38103.0
2421,California,"Antioch-Pittsburg, California",2018-01-01,35345.0
1821,California,"Antioch-Pittsburg, California",2019-01-01,34615.0
1221,California,"Antioch-Pittsburg, California",2020-01-01,22331.0
621,California,"Antioch-Pittsburg, California",2021-01-01,19035.0
21,California,"Antioch-Pittsburg, California",2022-01-01,24262.0
3915,Missouri,"Arcadia, Missouri",2016-01-01,0.0
3315,Missouri,"Arcadia, Missouri",2017-01-01,1137.0
2715,Missouri,"Arcadia, Missouri",2018-01-01,1018.0
2115,Missouri,"Arcadia, Missouri",2019-01-01,1144.0
1515,Missouri,"Arcadia, Missouri",2020-01-01,788.0
915,Missouri,"Arcadia, Missouri",2021-01-01,577.0
315,Missouri,"Arcadia, Missouri",2022-01-01,876.0
10639,Oklahoma,"Ardmore, Oklahoma",2005-01-01,5196.0
10039,Oklahoma,"Ardmore, Oklahoma",2006-01-01,4506.0
9439,Oklahoma,"Ardmore, Oklahoma",2007-01-01,9642.0
8839,Oklahoma,"Ardmore, Oklahoma",2008-01-01,8607.0
8239,Oklahoma,"Ardmore, Oklahoma",2009-01-01,9094.0
7639,Oklahoma,"Ardmore, Oklahoma",2010-01-01,9324.0
7039,Oklahoma,"Ardmore, Oklahoma",2011-01-01,9941.0
6439,Oklahoma,"Ardmore, Oklahoma",2012-01-01,10278.0
5839,Oklahoma,"Ardmore, Oklahoma",2013-01-01,9729.0
5239,Oklahoma,"Ardmore, Oklahoma",2014-01-01,9053.0
4639,Oklahoma,"Ardmore, Oklahoma",2015-01-01,7967.0
4039,Oklahoma,"Ardmore, Oklahoma",2016-01-01,7218.0
3439,Oklahoma,"Ardmore, Oklahoma",2017-01-01,7287.0
2839,Oklahoma,"Ardmore, Oklahoma",2018-01-01,6918.0
2239,Oklahoma,"Ardmore, Oklahoma",2019-01-01,6614.0
1639,Oklahoma,"Ardmore, Oklahoma",2020-01-01,4435.0
1039,Oklahoma,"Ardmore, Oklahoma",2021-01-01,4110.0
439,Oklahoma,"Ardmore, Oklahoma",2022-01-01,4871.0
10655,Pennsylvania,"Ardmore, Pennsylvania",2005-01-01,20340.0
10055,Pennsylvania,"Ardmore, Pennsylvania",2006-01-01,22378.0
9455,Pennsylvania,"Ardmore, Pennsylvania",2007-01-01,40581.0
8855,Pennsylvania,"Ardmore, Pennsylvania",2008-01-01,46333.0
8255,Pennsylvania,"Ardmore, Pennsylvania",2009-01-01,47775.0
7655,Pennsylvania,"Ardmore, Pennsylvania",2010-01-01,53245.0
7055,Pennsylvania,"Ardmore, Pennsylvania",2011-01-01,53363.0
6455,Pennsylvania,"Ardmore, Pennsylvania",2012-01-01,59589.0
5855,Pennsylvania,"Ardmore, Pennsylvania",2013-01-01,67942.0
5255,Pennsylvania,"Ardmore, Pennsylvania",2014-01-01,56943.0
4655,Pennsylvania,"Ardmore, Pennsylvania",2015-01-01,61587.0
4055,Pennsylvania,"Ardmore, Pennsylvania",2016-01-01,68274.0
3455,Pennsylvania,"Ardmore, Pennsylvania",2017-01-01,66497.0
2855,Pennsylvania,"Ardmore, Pennsylvania",2018-01-01,63923.0
2255,Pennsylvania,"Ardmore, Pennsylvania",2019-01-01,68617.0
1655,Pennsylvania,"Ardmore, Pennsylvania",2020-01-01,34001.0
1055,Pennsylvania,"Ardmore, Pennsylvania",2021-01-01,14262.0
455,Pennsylvania,"Ardmore, Pennsylvania",2022-01-01,38570.0
10214,Arkansas,"Arkadelphia, Arkansas",2005-01-01,481.0
9614,Arkansas,"Arkadelphia, Arkansas",2006-01-01,493.0
9014,Arkansas,"Arkadelphia, Arkansas",2007-01-01,1130.0
8414,Arkansas,"Arkadelphia, Arkansas",2008-01-01,1480.0
7814,Arkansas,"Arkadelphia, Arkansas",2009-01-01,1365.0
7214,Arkansas,"Arkadelphia, Arkansas",2010-01-01,1486.0
6614,Arkansas,"Arkadelphia, Arkansas",2011-01-01,1574.0
6014,Arkansas,"Arkadelphia, Arkansas",2012-01-01,1602.0
5414,Arkansas,"Arkadelphia, Arkansas",2013-01-01,1787.0
4814,Arkansas,"Arkadelphia, Arkansas",2014-01-01,1527.0
4214,Arkansas,"Arkadelphia, Arkansas",2015-01-01,1308.0
3614,Arkansas,"Arkadelphia, Arkansas",2016-01-01,1177.0
3014,Arkansas,"Arkadelphia, Arkansas",2017-01-01,1390.0
2414,Arkansas,"Arkadelphia, Arkansas",2018-01-01,1433.0
1814,Arkansas,"Arkadelphia, Arkansas",2019-01-01,1389.0
1214,Arkansas,"Arkadelphia, Arkansas",2020-01-01,811.0
614,Arkansas,"Arkadelphia, Arkansas",2021-01-01,587.0
14,Arkansas,"Arkadelphia, Arkansas",2022-01-01,956.0
10429,Kentucky,"Ashland, Kentucky",2005-01-01,1259.0
9829,Kentucky,"Ashland, Kentucky",2006-01-01,1579.0
9229,Kentucky,"Ashland, Kentucky",2007-01-01,2829.0
8629,Kentucky,"Ashland, Kentucky",2008-01-01,2909.0
8029,Kentucky,"Ashland, Kentucky",2009-01-01,2925.0
7429,Kentucky,"Ashland, Kentucky",2010-01-01,2771.0
6829,Kentucky,"Ashland, Kentucky",2011-01-01,2820.0
6229,Kentucky,"Ashland, Kentucky",2012-01-01,2999.0
5629,Kentucky,"Ashland, Kentucky",2013-01-01,3007.0
5029,Kentucky,"Ashland, Kentucky",2014-01-01,2784.0
4429,Kentucky,"Ashland, Kentucky",2015-01-01,2581.0
3829,Kentucky,"Ashland, Kentucky",2016-01-01,2358.0
3229,Kentucky,"Ashland, Kentucky",2017-01-01,2419.0
2629,Kentucky,"Ashland, Kentucky",2018-01-01,2157.0
2029,Kentucky,"Ashland, Kentucky",2019-01-01,1965.0
1429,Kentucky,"Ashland, Kentucky",2020-01-01,1210.0
829,Kentucky,"Ashland, Kentucky",2021-01-01,1165.0
229,Kentucky,"Ashland, Kentucky",2022-01-01,1350.0
10739,Virginia,"Ashland, Virginia",2005-01-01,6845.0
10139,Virginia,"Ashland, Virginia",2006-01-01,5957.0
9539,Virginia,"Ashland, Virginia",2007-01-01,12909.0
8939,Virginia,"Ashland, Virginia",2008-01-01,16497.0
8339,Virginia,"Ashland, Virginia",2009-01-01,16634.0
7739,Virginia,"Ashland, Virginia",2010-01-01,19163.0
7139,Virginia,"Ashland, Virginia",2011-01-01,22359.0
6539,Virginia,"Ashland, Virginia",2012-01-01,24041.0
5939,Virginia,"Ashland, Virginia",2013-01-01,28421.0
5339,Virginia,"Ashland, Virginia",2014-01-01,27977.0
4739,Virginia,"Ashland, Virginia",2015-01-01,28141.0
4139,Virginia,"Ashland, Virginia",2016-01-01,28075.0
3539,Virginia,"Ashland, Virginia",2017-01-01,30892.0
2939,Virginia,"Ashland, Virginia",2018-01-01,29077.0
2339,Virginia,"Ashland, Virginia",2019-01-01,29924.0
1739,Virginia,"Ashland, Virginia",2020-01-01,15585.0
1139,Virginia,"Ashland, Virginia",2021-01-01,8617.0
539,Virginia,"Ashland, Virginia",2022-01-01,21894.0
10365,Georgia,"Atlanta, Georgia",2005-01-01,44229.0
9765,Georgia,"Atlanta, Georgia",2006-01-01,48291.0
9165,Georgia,"Atlanta, Georgia",2007-01-01,97594.0
8565,Georgia,"Atlanta, Georgia",2008-01-01,101084.0
7965,Georgia,"Atlanta, Georgia",2009-01-01,96453.0
7365,Georgia,"Atlanta, Georgia",2010-01-01,112364.0
6765,Georgia,"Atlanta, Georgia",2011-01-01,114938.0
6165,Georgia,"Atlanta, Georgia",2012-01-01,104854.0
5565,Georgia,"Atlanta, Georgia",2013-01-01,99005.0
4965,Georgia,"Atlanta, Georgia",2014-01-01,95630.0
4365,Georgia,"Atlanta, Georgia",2015-01-01,85252.0
3765,Georgia,"Atlanta, Georgia",2016-01-01,79915.0
3165,Georgia,"Atlanta, Georgia",2017-01-01,77751.0
2565,Georgia,"Atlanta, Georgia",2018-01-01,72197.0
1965,Georgia,"Atlanta, Georgia",2019-01-01,68112.0
1365,Georgia,"Atlanta, Georgia",2020-01-01,41277.0
765,Georgia,"Atlanta, Georgia",2021-01-01,34941.0
165,Georgia,"Atlanta, Georgia",2022-01-01,49579.0
10201,Alabama,"Atmore, Alabama",2005-01-01,115.0
10222,California,"Auburn, California",2005-01-01,16707.0
9622,California,"Auburn, California",2006-01-01,16687.0
9022,California,"Auburn, California",2007-01-01,32194.0
8422,California,"Auburn, California",2008-01-01,39023.0
7822,California,"Auburn, California",2009-01-01,31765.0
7222,California,"Auburn, California",2010-01-01,31092.0
6622,California,"Auburn, California",2011-01-01,29438.0
6022,California,"Auburn, California",2012-01-01,28396.0
5422,California,"Auburn, California",2013-01-01,49686.0
4822,California,"Auburn, California",2014-01-01,16383.0
4222,California,"Auburn, California",2015-01-01,14779.0
3622,California,"Auburn, California",2016-01-01,15732.0
3022,California,"Auburn, California",2017-01-01,13352.0
2422,California,"Auburn, California",2018-01-01,14243.0
1822,California,"Auburn, California",2019-01-01,15325.0
1222,California,"Auburn, California",2020-01-01,6730.0
622,California,"Auburn, California",2021-01-01,1587.0
22,California,"Auburn, California",2022-01-01,5357.0
10699,Texas,"Austin, Texas",2005-01-01,10754.0
10099,Texas,"Austin, Texas",2006-01-01,10547.0
9499,Texas,"Austin, Texas",2007-01-01,19388.0
8899,Texas,"Austin, Texas",2008-01-01,23829.0
8299,Texas,"Austin, Texas",2009-01-01,25404.0
7699,Texas,"Austin, Texas",2010-01-01,31968.0
7099,Texas,"Austin, Texas",2011-01-01,39167.0
6499,Texas,"Austin, Texas",2012-01-01,41638.0
5899,Texas,"Austin, Texas",2013-01-01,38929.0
5299,Texas,"Austin, Texas",2014-01-01,32951.0
4699,Texas,"Austin, Texas",2015-01-01,33195.0
4099,Texas,"Austin, Texas",2016-01-01,31088.0
3499,Texas,"Austin, Texas",2017-01-01,34513.0
2899,Texas,"Austin, Texas",2018-01-01,34009.0
2299,Texas,"Austin, Texas",2019-01-01,29525.0
1699,Texas,"Austin, Texas",2020-01-01,18073.0
1099,Texas,"Austin, Texas",2021-01-01,15443.0
499,Texas,"Austin, Texas",2022-01-01,26665.0
10449,Maryland,"BWI Thurgood Marshall Airport, Maryland",2005-01-01,291606.0
9849,Maryland,"BWI Thurgood Marshall Airport, Maryland",2006-01-01,282491.0
9249,Maryland,"BWI Thurgood Marshall Airport, Maryland",2007-01-01,587845.0
8649,Maryland,"BWI Thurgood Marshall Airport, Maryland",2008-01-01,644640.0
8049,Maryland,"BWI Thurgood Marshall Airport, Maryland",2009-01-01,617349.0
7449,Maryland,"BWI Thurgood Marshall Airport, Maryland",2010-01-01,654151.0
6849,Maryland,"BWI Thurgood Marshall Airport, Maryland",2011-01-01,662453.0
6249,Maryland,"BWI Thurgood Marshall Airport, Maryland",2012-01-01,703604.0
5649,Maryland,"BWI Thurgood Marshall Airport, Maryland",2013-01-01,710513.0
5049,Maryland,"BWI Thurgood Marshall Airport, Maryland",2014-01-01,692268.0
4449,Maryland,"BWI Thurgood Marshall Airport, Maryland",2015-01-01,670.0
3849,Maryland,"BWI Thurgood Marshall Airport, Maryland",2016-01-01,689042.0
3249,Maryland,"BWI Thurgood Marshall Airport, Maryland",2017-01-01,724865.0
2649,Maryland,"BWI Thurgood Marshall Airport, Maryland",2018-01-01,756533.0
2049,Maryland,"BWI Thurgood Marshall Airport, Maryland",2019-01-01,751228.0
1449,Maryland,"BWI Thurgood Marshall Airport, Maryland",2020-01-01,385975.0
849,Maryland,"BWI Thurgood Marshall Airport, Maryland",2021-01-01,259294.0
249,Maryland,"BWI Thurgood Marshall Airport, Maryland",2022-01-01,522353.0
10223,California,"Bakersfield, California",2005-01-01,185089.0
9623,California,"Bakersfield, California",2006-01-01,188788.0
9023,California,"Bakersfield, California",2007-01-01,370783.0
8423,California,"Bakersfield, California",2008-01-01,427087.0
7823,California,"Bakersfield, California",2009-01-01,395254.0
7223,California,"Bakersfield, California",2010-01-01,413172.0
6623,California,"Bakersfield, California",2011-01-01,476767.0
6023,California,"Bakersfield, California",2012-01-01,507058.0
5423,California,"Bakersfield, California",2013-01-01,546439.0
4823,California,"Bakersfield, California",2014-01-01,521423.0
4223,California,"Bakersfield, California",2015-01-01,513884.0
3623,California,"Bakersfield, California",2016-01-01,491824.0
3023,California,"Bakersfield, California",2017-01-01,482276.0
2423,California,"Bakersfield, California",2018-01-01,442023.0
1823,California,"Bakersfield, California",2019-01-01,424157.0
1223,California,"Bakersfield, California",2020-01-01,250609.0
623,California,"Bakersfield, California",2021-01-01,196791.0
23,California,"Bakersfield, California",2022-01-01,314684.0
10448,Maryland,"Baltimore, Maryland",2005-01-01,485279.0
9848,Maryland,"Baltimore, Maryland",2006-01-01,451691.0
9248,Maryland,"Baltimore, Maryland",2007-01-01,977379.0
8648,Maryland,"Baltimore, Maryland",2008-01-01,1020304.0
8048,Maryland,"Baltimore, Maryland",2009-01-01,932827.0
7448,Maryland,"Baltimore, Maryland",2010-01-01,926245.0
6848,Maryland,"Baltimore, Maryland",2011-01-01,953170.0
6248,Maryland,"Baltimore, Maryland",2012-01-01,1028909.0
5648,Maryland,"Baltimore, Maryland",2013-01-01,1065576.0
5048,Maryland,"Baltimore, Maryland",2014-01-01,1032527.0
4448,Maryland,"Baltimore, Maryland",2015-01-01,993721.0
3848,Maryland,"Baltimore, Maryland",2016-01-01,1030161.0
3248,Maryland,"Baltimore, Maryland",2017-01-01,1063628.0
2648,Maryland,"Baltimore, Maryland",2018-01-01,1041232.0
2048,Maryland,"Baltimore, Maryland",2019-01-01,1043542.0
1448,Maryland,"Baltimore, Maryland",2020-01-01,538330.0
848,Maryland,"Baltimore, Maryland",2021-01-01,446914.0
248,Maryland,"Baltimore, Maryland",2022-01-01,838591.0
10469,Michigan,"Bangor, Michigan",2005-01-01,1655.0
9869,Michigan,"Bangor, Michigan",2006-01-01,1879.0
9269,Michigan,"Bangor, Michigan",2007-01-01,3786.0
8669,Michigan,"Bangor, Michigan",2008-01-01,3710.0
8069,Michigan,"Bangor, Michigan",2009-01-01,3397.0
7469,Michigan,"Bangor, Michigan",2010-01-01,3803.0
6869,Michigan,"Bangor, Michigan",2011-01-01,3586.0
6269,Michigan,"Bangor, Michigan",2012-01-01,3616.0
5669,Michigan,"Bangor, Michigan",2013-01-01,3856.0
5069,Michigan,"Bangor, Michigan",2014-01-01,4112.0
4469,Michigan,"Bangor, Michigan",2015-01-01,3895.0
3869,Michigan,"Bangor, Michigan",2016-01-01,3943.0
3269,Michigan,"Bangor, Michigan",2017-01-01,4376.0
2669,Michigan,"Bangor, Michigan",2018-01-01,4180.0
2069,Michigan,"Bangor, Michigan",2019-01-01,4584.0
1469,Michigan,"Bangor, Michigan",2020-01-01,2014.0
869,Michigan,"Bangor, Michigan",2021-01-01,2468.0
269,Michigan,"Bangor, Michigan",2022-01-01,3337.0
10224,California,"Barstow, California",2005-01-01,1380.0
9624,California,"Barstow, California",2006-01-01,1650.0
9024,California,"Barstow, California",2007-01-01,3376.0
8424,California,"Barstow, California",2008-01-01,3334.0
7824,California,"Barstow, California",2009-01-01,3531.0
7224,California,"Barstow, California",2010-01-01,3609.0
6624,California,"Barstow, California",2011-01-01,3870.0
6024,California,"Barstow, California",2012-01-01,3433.0
5424,California,"Barstow, California",2013-01-01,3586.0
4824,California,"Barstow, California",2014-01-01,3096.0
4224,California,"Barstow, California",2015-01-01,3463.0
3624,California,"Barstow, California",2016-01-01,3153.0
3024,California,"Barstow, California",2017-01-01,3509.0
2424,California,"Barstow, California",2018-01-01,3400.0
1824,California,"Barstow, California",2019-01-01,3112.0
1224,California,"Barstow, California",2020-01-01,2457.0
624,California,"Barstow, California",2021-01-01,1567.0
24,California,"Barstow, California",2022-01-01,1959.0
10470,Michigan,"Battle Creek, Michigan",2005-01-01,23221.0
9870,Michigan,"Battle Creek, Michigan",2006-01-01,27442.0
9270,Michigan,"Battle Creek, Michigan",2007-01-01,53197.0
8670,Michigan,"Battle Creek, Michigan",2008-01-01,57264.0
8070,Michigan,"Battle Creek, Michigan",2009-01-01,51571.0
7470,Michigan,"Battle Creek, Michigan",2010-01-01,52057.0
6870,Michigan,"Battle Creek, Michigan",2011-01-01,50732.0
6270,Michigan,"Battle Creek, Michigan",2012-01-01,50511.0
5670,Michigan,"Battle Creek, Michigan",2013-01-01,49203.0
5070,Michigan,"Battle Creek, Michigan",2014-01-01,46624.0
4470,Michigan,"Battle Creek, Michigan",2015-01-01,42894.0
3870,Michigan,"Battle Creek, Michigan",2016-01-01,38623.0
3270,Michigan,"Battle Creek, Michigan",2017-01-01,42301.0
2670,Michigan,"Battle Creek, Michigan",2018-01-01,41757.0
2070,Michigan,"Battle Creek, Michigan",2019-01-01,40170.0
1470,Michigan,"Battle Creek, Michigan",2020-01-01,21026.0
870,Michigan,"Battle Creek, Michigan",2021-01-01,16716.0
270,Michigan,"Battle Creek, Michigan",2022-01-01,24581.0
10499,Mississippi,"Bay St. Louis, Mississippi",2005-01-01,101.0
10700,Texas,"Beaumont, Texas",2005-01-01,539.0
10100,Texas,"Beaumont, Texas",2006-01-01,401.0
9500,Texas,"Beaumont, Texas",2007-01-01,1384.0
8900,Texas,"Beaumont, Texas",2008-01-01,1662.0
8300,Texas,"Beaumont, Texas",2009-01-01,1769.0
7700,Texas,"Beaumont, Texas",2010-01-01,2135.0
7100,Texas,"Beaumont, Texas",2011-01-01,2401.0
6500,Texas,"Beaumont, Texas",2012-01-01,2724.0
5900,Texas,"Beaumont, Texas",2013-01-01,3458.0
5300,Texas,"Beaumont, Texas",2014-01-01,3412.0
4700,Texas,"Beaumont, Texas",2015-01-01,3265.0
4100,Texas,"Beaumont, Texas",2016-01-01,3344.0
3500,Texas,"Beaumont, Texas",2017-01-01,3377.0
2900,Texas,"Beaumont, Texas",2018-01-01,3641.0
2300,Texas,"Beaumont, Texas",2019-01-01,3651.0
1700,Texas,"Beaumont, Texas",2020-01-01,1885.0
1100,Texas,"Beaumont, Texas",2021-01-01,1988.0
500,Texas,"Beaumont, Texas",2022-01-01,2251.0
10761,Washington,"Bellingham, Washington",2005-01-01,28454.0
10161,Washington,"Bellingham, Washington",2006-01-01,27351.0
9561,Washington,"Bellingham, Washington",2007-01-01,53444.0
8961,Washington,"Bellingham, Washington",2008-01-01,63363.0
8361,Washington,"Bellingham, Washington",2009-01-01,63805.0
7761,Washington,"Bellingham, Washington",2010-01-01,63683.0
7161,Washington,"Bellingham, Washington",2011-01-01,59490.0
6561,Washington,"Bellingham, Washington",2012-01-01,64091.0
5961,Washington,"Bellingham, Washington",2013-01-01,55325.0
5361,Washington,"Bellingham, Washington",2014-01-01,54888.0
4761,Washington,"Bellingham, Washington",2015-01-01,51915.0
4161,Washington,"Bellingham, Washington",2016-01-01,50896.0
3561,Washington,"Bellingham, Washington",2017-01-01,51219.0
2961,Washington,"Bellingham, Washington",2018-01-01,49669.0
2361,Washington,"Bellingham, Washington",2019-01-01,53659.0
1761,Washington,"Bellingham, Washington",2020-01-01,23494.0
561,Washington,"Bellingham, Washington",2022-01-01,129.0
10723,Vermont,"Bellows Falls, Vermont",2005-01-01,1289.0
10123,Vermont,"Bellows Falls, Vermont",2006-01-01,1311.0
9523,Vermont,"Bellows Falls, Vermont",2007-01-01,3427.0
8923,Vermont,"Bellows Falls, Vermont",2008-01-01,4050.0
8323,Vermont,"Bellows Falls, Vermont",2009-01-01,4092.0
7723,Vermont,"Bellows Falls, Vermont",2010-01-01,4652.0
7123,Vermont,"Bellows Falls, Vermont",2011-01-01,4364.0
6523,Vermont,"Bellows Falls, Vermont",2012-01-01,4620.0
5923,Vermont,"Bellows Falls, Vermont",2013-01-01,4774.0
5323,Vermont,"Bellows Falls, Vermont",2014-01-01,5463.0
4723,Vermont,"Bellows Falls, Vermont",2015-01-01,4828.0
4123,Vermont,"Bellows Falls, Vermont",2016-01-01,4543.0
3523,Vermont,"Bellows Falls, Vermont",2017-01-01,4752.0
2923,Vermont,"Bellows Falls, Vermont",2018-01-01,4488.0
2323,Vermont,"Bellows Falls, Vermont",2019-01-01,4776.0
1723,Vermont,"Bellows Falls, Vermont",2020-01-01,2099.0
1123,Vermont,"Bellows Falls, Vermont",2021-01-01,895.0
523,Vermont,"Bellows Falls, Vermont",2022-01-01,3840.0
10046,Oregon,"Bend, Oregon",2006-01-01,680.0
10205,Arizona,"Benson, Arizona",2005-01-01,537.0
9605,Arizona,"Benson, Arizona",2006-01-01,412.0
9005,Arizona,"Benson, Arizona",2007-01-01,937.0
8405,Arizona,"Benson, Arizona",2008-01-01,1064.0
7805,Arizona,"Benson, Arizona",2009-01-01,1098.0
7205,Arizona,"Benson, Arizona",2010-01-01,1091.0
6605,Arizona,"Benson, Arizona",2011-01-01,1208.0
6005,Arizona,"Benson, Arizona",2012-01-01,1367.0
5405,Arizona,"Benson, Arizona",2013-01-01,1833.0
4805,Arizona,"Benson, Arizona",2014-01-01,1961.0
4205,Arizona,"Benson, Arizona",2015-01-01,2073.0
3605,Arizona,"Benson, Arizona",2016-01-01,2013.0
3005,Arizona,"Benson, Arizona",2017-01-01,2036.0
2405,Arizona,"Benson, Arizona",2018-01-01,1939.0
1805,Arizona,"Benson, Arizona",2019-01-01,1947.0
1205,Arizona,"Benson, Arizona",2020-01-01,1218.0
605,Arizona,"Benson, Arizona",2021-01-01,1224.0
5,Arizona,"Benson, Arizona",2022-01-01,1743.0
10225,California,"Berkeley, California",2005-01-01,35444.0
9625,California,"Berkeley, California",2006-01-01,40383.0
9025,California,"Berkeley, California",2007-01-01,105995.0
8425,California,"Berkeley, California",2008-01-01,122133.0
7825,California,"Berkeley, California",2009-01-01,124218.0
7225,California,"Berkeley, California",2010-01-01,133152.0
6625,California,"Berkeley, California",2011-01-01,142510.0
6025,California,"Berkeley, California",2012-01-01,152096.0
5425,California,"Berkeley, California",2013-01-01,153080.0
4825,California,"Berkeley, California",2014-01-01,133855.0
4225,California,"Berkeley, California",2015-01-01,136997.0
3625,California,"Berkeley, California",2016-01-01,150636.0
3025,California,"Berkeley, California",2017-01-01,156226.0
2425,California,"Berkeley, California",2018-01-01,173579.0
1825,California,"Berkeley, California",2019-01-01,174656.0
1225,California,"Berkeley, California",2020-01-01,83958.0
625,California,"Berkeley, California",2021-01-01,25999.0
25,California,"Berkeley, California",2022-01-01,57302.0
10319,Connecticut,"Berlin, Connecticut",2005-01-01,11699.0
9719,Connecticut,"Berlin, Connecticut",2006-01-01,11685.0
9119,Connecticut,"Berlin, Connecticut",2007-01-01,22570.0
8519,Connecticut,"Berlin, Connecticut",2008-01-01,24532.0
7919,Connecticut,"Berlin, Connecticut",2009-01-01,20555.0
7319,Connecticut,"Berlin, Connecticut",2010-01-01,23196.0
6719,Connecticut,"Berlin, Connecticut",2011-01-01,23465.0
6119,Connecticut,"Berlin, Connecticut",2012-01-01,24108.0
5519,Connecticut,"Berlin, Connecticut",2013-01-01,25594.0
4919,Connecticut,"Berlin, Connecticut",2014-01-01,23363.0
4319,Connecticut,"Berlin, Connecticut",2015-01-01,21189.0
3719,Connecticut,"Berlin, Connecticut",2016-01-01,16332.0
3119,Connecticut,"Berlin, Connecticut",2017-01-01,14007.0
2519,Connecticut,"Berlin, Connecticut",2018-01-01,16219.0
1919,Connecticut,"Berlin, Connecticut",2019-01-01,19904.0
1319,Connecticut,"Berlin, Connecticut",2020-01-01,11224.0
719,Connecticut,"Berlin, Connecticut",2021-01-01,8981.0
119,Connecticut,"Berlin, Connecticut",2022-01-01,17812.0
10500,Mississippi,"Biloxi, Mississippi",2005-01-01,310.0
10762,Washington,"Bingen-White Salmon, Washington",2005-01-01,832.0
10162,Washington,"Bingen-White Salmon, Washington",2006-01-01,959.0
9562,Washington,"Bingen-White Salmon, Washington",2007-01-01,2118.0
8962,Washington,"Bingen-White Salmon, Washington",2008-01-01,2908.0
8362,Washington,"Bingen-White Salmon, Washington",2009-01-01,2825.0
7762,Washington,"Bingen-White Salmon, Washington",2010-01-01,3245.0
7162,Washington,"Bingen-White Salmon, Washington",2011-01-01,2420.0
6562,Washington,"Bingen-White Salmon, Washington",2012-01-01,3147.0
5962,Washington,"Bingen-White Salmon, Washington",2013-01-01,3629.0
5362,Washington,"Bingen-White Salmon, Washington",2014-01-01,2867.0
4762,Washington,"Bingen-White Salmon, Washington",2015-01-01,3081.0
4162,Washington,"Bingen-White Salmon, Washington",2016-01-01,3691.0
3562,Washington,"Bingen-White Salmon, Washington",2017-01-01,3825.0
2962,Washington,"Bingen-White Salmon, Washington",2018-01-01,3272.0
2362,Washington,"Bingen-White Salmon, Washington",2019-01-01,3060.0
1762,Washington,"Bingen-White Salmon, Washington",2020-01-01,2133.0
1162,Washington,"Bingen-White Salmon, Washington",2021-01-01,1473.0
562,Washington,"Bingen-White Salmon, Washington",2022-01-01,2191.0
10202,Alabama,"Birmingham, Alabama",2005-01-01,16558.0
9602,Alabama,"Birmingham, Alabama",2006-01-01,12044.0
9002,Alabama,"Birmingham, Alabama",2007-01-01,27325.0
8402,Alabama,"Birmingham, Alabama",2008-01-01,32733.0
7802,Alabama,"Birmingham, Alabama",2009-01-01,33413.0
7202,Alabama,"Birmingham, Alabama",2010-01-01,45089.0
6602,Alabama,"Birmingham, Alabama",2011-01-01,48196.0
6002,Alabama,"Birmingham, Alabama",2012-01-01,48734.0
5402,Alabama,"Birmingham, Alabama",2013-01-01,48759.0
4802,Alabama,"Birmingham, Alabama",2014-01-01,46610.0
4202,Alabama,"Birmingham, Alabama",2015-01-01,44985.0
3602,Alabama,"Birmingham, Alabama",2016-01-01,42930.0
3002,Alabama,"Birmingham, Alabama",2017-01-01,42512.0
2402,Alabama,"Birmingham, Alabama",2018-01-01,40585.0
1802,Alabama,"Birmingham, Alabama",2019-01-01,37605.0
1202,Alabama,"Birmingham, Alabama",2020-01-01,17474.0
602,Alabama,"Birmingham, Alabama",2021-01-01,14935.0
2,Alabama,"Birmingham, Alabama",2022-01-01,21211.0
10471,Michigan,"Birmingham, Michigan",2005-01-01,9118.0
9871,Michigan,"Birmingham, Michigan",2006-01-01,9833.0
9271,Michigan,"Birmingham, Michigan",2007-01-01,19404.0
8671,Michigan,"Birmingham, Michigan",2008-01-01,19714.0
8071,Michigan,"Birmingham, Michigan",2009-01-01,18695.0
7471,Michigan,"Birmingham, Michigan",2010-01-01,22286.0
6871,Michigan,"Birmingham, Michigan",2011-01-01,24121.0
6271,Michigan,"Birmingham, Michigan",2012-01-01,19712.0
5671,Michigan,"Birmingham, Michigan",2013-01-01,23257.0
5071,Michigan,"Birmingham, Michigan",2014-01-01,23014.0
4471,Michigan,"Birmingham, Michigan",2015-01-01,934.0
10372,Illinois,"Bloomington/Normal, Illinois",2005-01-01,47201.0
9772,Illinois,"Bloomington/Normal, Illinois",2006-01-01,51413.0
9172,Illinois,"Bloomington/Normal, Illinois",2007-01-01,151376.0
8572,Illinois,"Bloomington/Normal, Illinois",2008-01-01,180589.0
7972,Illinois,"Bloomington/Normal, Illinois",2009-01-01,192682.0
7372,Illinois,"Bloomington/Normal, Illinois",2010-01-01,209629.0
6772,Illinois,"Bloomington/Normal, Illinois",2011-01-01,244566.0
6172,Illinois,"Bloomington/Normal, Illinois",2012-01-01,239981.0
5572,Illinois,"Bloomington/Normal, Illinois",2013-01-01,263235.0
4972,Illinois,"Bloomington/Normal, Illinois",2014-01-01,261631.0
4372,Illinois,"Bloomington/Normal, Illinois",2015-01-01,254317.0
3772,Illinois,"Bloomington/Normal, Illinois",2016-01-01,226212.0
3172,Illinois,"Bloomington/Normal, Illinois",2017-01-01,241844.0
2572,Illinois,"Bloomington/Normal, Illinois",2018-01-01,238626.0
1972,Illinois,"Bloomington/Normal, Illinois",2019-01-01,229894.0
1372,Illinois,"Bloomington/Normal, Illinois",2020-01-01,116921.0
772,Illinois,"Bloomington/Normal, Illinois",2021-01-01,91842.0
172,Illinois,"Bloomington/Normal, Illinois",2022-01-01,178018.0
10454,Massachusetts,"Boston-Back Bay, Massachusetts",2005-01-01,632173.0
9854,Massachusetts,"Boston-Back Bay, Massachusetts",2006-01-01,646534.0
9254,Massachusetts,"Boston-Back Bay, Massachusetts",2007-01-01,345970.0
8654,Massachusetts,"Boston-Back Bay, Massachusetts",2008-01-01,424605.0
8054,Massachusetts,"Boston-Back Bay, Massachusetts",2009-01-01,398240.0
7454,Massachusetts,"Boston-Back Bay, Massachusetts",2010-01-01,445074.0
6854,Massachusetts,"Boston-Back Bay, Massachusetts",2011-01-01,479951.0
6254,Massachusetts,"Boston-Back Bay, Massachusetts",2012-01-01,528040.0
5654,Massachusetts,"Boston-Back Bay, Massachusetts",2013-01-01,540770.0
5054,Massachusetts,"Boston-Back Bay, Massachusetts",2014-01-01,566892.0
4454,Massachusetts,"Boston-Back Bay, Massachusetts",2015-01-01,578403.0
3854,Massachusetts,"Boston-Back Bay, Massachusetts",2016-01-01,611527.0
3254,Massachusetts,"Boston-Back Bay, Massachusetts",2017-01-01,626003.0
2654,Massachusetts,"Boston-Back Bay, Massachusetts",2018-01-01,683016.0
2054,Massachusetts,"Boston-Back Bay, Massachusetts",2019-01-01,720147.0
1454,Massachusetts,"Boston-Back Bay, Massachusetts",2020-01-01,355279.0
854,Massachusetts,"Boston-Back Bay, Massachusetts",2021-01-01,322928.0
254,Massachusetts,"Boston-Back Bay, Massachusetts",2022-01-01,606967.0
10455,Massachusetts,"Boston-North Station, Massachusetts",2005-01-01,117358.0
9855,Massachusetts,"Boston-North Station, Massachusetts",2006-01-01,146065.0
9255,Massachusetts,"Boston-North Station, Massachusetts",2007-01-01,319648.0
8655,Massachusetts,"Boston-North Station, Massachusetts",2008-01-01,414835.0
8055,Massachusetts,"Boston-North Station, Massachusetts",2009-01-01,403203.0
7455,Massachusetts,"Boston-North Station, Massachusetts",2010-01-01,418993.0
6855,Massachusetts,"Boston-North Station, Massachusetts",2011-01-01,456198.0
6255,Massachusetts,"Boston-North Station, Massachusetts",2012-01-01,473912.0
5655,Massachusetts,"Boston-North Station, Massachusetts",2013-01-01,475447.0
5055,Massachusetts,"Boston-North Station, Massachusetts",2014-01-01,433060.0
4455,Massachusetts,"Boston-North Station, Massachusetts",2015-01-01,358286.0
3855,Massachusetts,"Boston-North Station, Massachusetts",2016-01-01,424600.0
3255,Massachusetts,"Boston-North Station, Massachusetts",2017-01-01,448483.0
2655,Massachusetts,"Boston-North Station, Massachusetts",2018-01-01,464988.0
2055,Massachusetts,"Boston-North Station, Massachusetts",2019-01-01,459082.0
1455,Massachusetts,"Boston-North Station, Massachusetts",2020-01-01,219491.0
855,Massachusetts,"Boston-North Station, Massachusetts",2021-01-01,152370.0
255,Massachusetts,"Boston-North Station, Massachusetts",2022-01-01,346610.0
9256,Massachusetts,"Boston-South Station, Massachusetts",2007-01-01,1154178.0
8656,Massachusetts,"Boston-South Station, Massachusetts",2008-01-01,1393691.0
8056,Massachusetts,"Boston-South Station, Massachusetts",2009-01-01,1287615.0
7456,Massachusetts,"Boston-South Station, Massachusetts",2010-01-01,1311205.0
6856,Massachusetts,"Boston-South Station, Massachusetts",2011-01-01,1360162.0
6256,Massachusetts,"Boston-South Station, Massachusetts",2012-01-01,1447501.0
5656,Massachusetts,"Boston-South Station, Massachusetts",2013-01-01,1434148.0
5056,Massachusetts,"Boston-South Station, Massachusetts",2014-01-01,1491095.0
4456,Massachusetts,"Boston-South Station, Massachusetts",2015-01-01,1544169.0
3856,Massachusetts,"Boston-South Station, Massachusetts",2016-01-01,1574450.0
3256,Massachusetts,"Boston-South Station, Massachusetts",2017-01-01,1567627.0
2656,Massachusetts,"Boston-South Station, Massachusetts",2018-01-01,1553953.0
2056,Massachusetts,"Boston-South Station, Massachusetts",2019-01-01,1585216.0
1456,Massachusetts,"Boston-South Station, Massachusetts",2020-01-01,793113.0
856,Massachusetts,"Boston-South Station, Massachusetts",2021-01-01,679333.0
256,Massachusetts,"Boston-South Station, Massachusetts",2022-01-01,1216560.0
10724,Vermont,"Brattleboro, Vermont",2005-01-01,3991.0
10124,Vermont,"Brattleboro, Vermont",2006-01-01,4256.0
9524,Vermont,"Brattleboro, Vermont",2007-01-01,10983.0
8924,Vermont,"Brattleboro, Vermont",2008-01-01,11544.0
8324,Vermont,"Brattleboro, Vermont",2009-01-01,13087.0
7724,Vermont,"Brattleboro, Vermont",2010-01-01,15479.0
7124,Vermont,"Brattleboro, Vermont",2011-01-01,15223.0
6524,Vermont,"Brattleboro, Vermont",2012-01-01,17410.0
5924,Vermont,"Brattleboro, Vermont",2013-01-01,18661.0
5324,Vermont,"Brattleboro, Vermont",2014-01-01,20125.0
4724,Vermont,"Brattleboro, Vermont",2015-01-01,18963.0
4124,Vermont,"Brattleboro, Vermont",2016-01-01,16434.0
3524,Vermont,"Brattleboro, Vermont",2017-01-01,16702.0
2924,Vermont,"Brattleboro, Vermont",2018-01-01,16933.0
2324,Vermont,"Brattleboro, Vermont",2019-01-01,16765.0
1724,Vermont,"Brattleboro, Vermont",2020-01-01,7844.0
1124,Vermont,"Brattleboro, Vermont",2021-01-01,3341.0
524,Vermont,"Brattleboro, Vermont",2022-01-01,13850.0
10320,Connecticut,"Bridgeport, Connecticut",2005-01-01,27818.0
9720,Connecticut,"Bridgeport, Connecticut",2006-01-01,29977.0
9120,Connecticut,"Bridgeport, Connecticut",2007-01-01,66292.0
8520,Connecticut,"Bridgeport, Connecticut",2008-01-01,75487.0
7920,Connecticut,"Bridgeport, Connecticut",2009-01-01,70765.0
7320,Connecticut,"Bridgeport, Connecticut",2010-01-01,72809.0
6720,Connecticut,"Bridgeport, Connecticut",2011-01-01,76653.0
6120,Connecticut,"Bridgeport, Connecticut",2012-01-01,84446.0
5520,Connecticut,"Bridgeport, Connecticut",2013-01-01,80309.0
4920,Connecticut,"Bridgeport, Connecticut",2014-01-01,80571.0
4320,Connecticut,"Bridgeport, Connecticut",2015-01-01,80199.0
3720,Connecticut,"Bridgeport, Connecticut",2016-01-01,83211.0
3120,Connecticut,"Bridgeport, Connecticut",2017-01-01,87023.0
2520,Connecticut,"Bridgeport, Connecticut",2018-01-01,90174.0
1920,Connecticut,"Bridgeport, Connecticut",2019-01-01,94551.0
1320,Connecticut,"Bridgeport, Connecticut",2020-01-01,54364.0
720,Connecticut,"Bridgeport, Connecticut",2021-01-01,56891.0
120,Connecticut,"Bridgeport, Connecticut",2022-01-01,98572.0
10501,Mississippi,"Brookhaven, Mississippi",2005-01-01,1955.0
9901,Mississippi,"Brookhaven, Mississippi",2006-01-01,2068.0
9301,Mississippi,"Brookhaven, Mississippi",2007-01-01,4798.0
8101,Mississippi,"Brookhaven, Mississippi",2009-01-01,5150.0
7501,Mississippi,"Brookhaven, Mississippi",2010-01-01,5241.0
6901,Mississippi,"Brookhaven, Mississippi",2011-01-01,5019.0
6301,Mississippi,"Brookhaven, Mississippi",2012-01-01,4635.0
5701,Mississippi,"Brookhaven, Mississippi",2013-01-01,4900.0
5101,Mississippi,"Brookhaven, Mississippi",2014-01-01,5178.0
4501,Mississippi,"Brookhaven, Mississippi",2015-01-01,5172.0
3901,Mississippi,"Brookhaven, Mississippi",2016-01-01,4252.0
3301,Mississippi,"Brookhaven, Mississippi",2017-01-01,4131.0
2701,Mississippi,"Brookhaven, Mississippi",2018-01-01,4004.0
2101,Mississippi,"Brookhaven, Mississippi",2019-01-01,2809.0
1501,Mississippi,"Brookhaven, Mississippi",2020-01-01,2449.0
901,Mississippi,"Brookhaven, Mississippi",2021-01-01,2037.0
301,Mississippi,"Brookhaven, Mississippi",2022-01-01,2542.0
10528,Montana,"Browning (winter only), Montana",2005-01-01,1284.0
9928,Montana,"Browning (winter only), Montana",2006-01-01,1234.0
9328,Montana,"Browning (winter only), Montana",2007-01-01,2263.0
8728,Montana,"Browning (winter only), Montana",2008-01-01,2269.0
8128,Montana,"Browning (winter only), Montana",2009-01-01,1975.0
7528,Montana,"Browning (winter only), Montana",2010-01-01,1884.0
6928,Montana,"Browning (winter only), Montana",2011-01-01,1834.0
6328,Montana,"Browning (winter only), Montana",2012-01-01,2171.0
5728,Montana,"Browning (winter only), Montana",2013-01-01,2003.0
5128,Montana,"Browning (winter only), Montana",2014-01-01,1784.0
4528,Montana,"Browning (winter only), Montana",2015-01-01,1576.0
3928,Montana,"Browning (winter only), Montana",2016-01-01,1576.0
3328,Montana,"Browning (winter only), Montana",2017-01-01,1644.0
2728,Montana,"Browning (winter only), Montana",2018-01-01,1334.0
2128,Montana,"Browning (winter only), Montana",2019-01-01,1255.0
1528,Montana,"Browning (winter only), Montana",2020-01-01,1044.0
928,Montana,"Browning (winter only), Montana",2021-01-01,385.0
328,Montana,"Browning (winter only), Montana",2022-01-01,725.0
5641,Maine,"Brunswick, Maine",2013-01-01,30187.0
5041,Maine,"Brunswick, Maine",2014-01-01,33327.0
4441,Maine,"Brunswick, Maine",2015-01-01,25754.0
3841,Maine,"Brunswick, Maine",2016-01-01,26774.0
3241,Maine,"Brunswick, Maine",2017-01-01,29457.0
2641,Maine,"Brunswick, Maine",2018-01-01,33885.0
2041,Maine,"Brunswick, Maine",2019-01-01,40055.0
1441,Maine,"Brunswick, Maine",2020-01-01,20273.0
841,Maine,"Brunswick, Maine",2021-01-01,24929.0
241,Maine,"Brunswick, Maine",2022-01-01,65109.0
10630,Ohio,"Bryan, Ohio",2005-01-01,3250.0
10030,Ohio,"Bryan, Ohio",2006-01-01,3003.0
9430,Ohio,"Bryan, Ohio",2007-01-01,5205.0
8830,Ohio,"Bryan, Ohio",2008-01-01,5507.0
8230,Ohio,"Bryan, Ohio",2009-01-01,5942.0
7630,Ohio,"Bryan, Ohio",2010-01-01,6562.0
7030,Ohio,"Bryan, Ohio",2011-01-01,6647.0
6430,Ohio,"Bryan, Ohio",2012-01-01,7664.0
5830,Ohio,"Bryan, Ohio",2013-01-01,6693.0
5230,Ohio,"Bryan, Ohio",2014-01-01,6597.0
4630,Ohio,"Bryan, Ohio",2015-01-01,5608.0
4030,Ohio,"Bryan, Ohio",2016-01-01,5787.0
3430,Ohio,"Bryan, Ohio",2017-01-01,5825.0
2830,Ohio,"Bryan, Ohio",2018-01-01,5218.0
2230,Ohio,"Bryan, Ohio",2019-01-01,5109.0
1630,Ohio,"Bryan, Ohio",2020-01-01,3252.0
1030,Ohio,"Bryan, Ohio",2021-01-01,2808.0
430,Ohio,"Bryan, Ohio",2022-01-01,4262.0
10575,New York,"Buffalo-Depew, New York",2005-01-01,38608.0
9975,New York,"Buffalo-Depew, New York",2006-01-01,36598.0
9375,New York,"Buffalo-Depew, New York",2007-01-01,77135.0
8775,New York,"Buffalo-Depew, New York",2008-01-01,94619.0
8175,New York,"Buffalo-Depew, New York",2009-01-01,94973.0
7575,New York,"Buffalo-Depew, New York",2010-01-01,111513.0
6975,New York,"Buffalo-Depew, New York",2011-01-01,120631.0
6375,New York,"Buffalo-Depew, New York",2012-01-01,126466.0
5775,New York,"Buffalo-Depew, New York",2013-01-01,123067.0
5175,New York,"Buffalo-Depew, New York",2014-01-01,126250.0
4575,New York,"Buffalo-Depew, New York",2015-01-01,116496.0
3975,New York,"Buffalo-Depew, New York",2016-01-01,108111.0
3375,New York,"Buffalo-Depew, New York",2017-01-01,106815.0
2775,New York,"Buffalo-Depew, New York",2018-01-01,107251.0
2175,New York,"Buffalo-Depew, New York",2019-01-01,107780.0
1575,New York,"Buffalo-Depew, New York",2020-01-01,60926.0
975,New York,"Buffalo-Depew, New York",2021-01-01,57994.0
375,New York,"Buffalo-Depew, New York",2022-01-01,96049.0
10576,New York,"Buffalo-Exchange Street, New York",2005-01-01,7751.0
9976,New York,"Buffalo-Exchange Street, New York",2006-01-01,9013.0
9376,New York,"Buffalo-Exchange Street, New York",2007-01-01,16391.0
8776,New York,"Buffalo-Exchange Street, New York",2008-01-01,20797.0
8176,New York,"Buffalo-Exchange Street, New York",2009-01-01,23742.0
7576,New York,"Buffalo-Exchange Street, New York",2010-01-01,30171.0
6976,New York,"Buffalo-Exchange Street, New York",2011-01-01,34384.0
6376,New York,"Buffalo-Exchange Street, New York",2012-01-01,36183.0
5776,New York,"Buffalo-Exchange Street, New York",2013-01-01,38397.0
5176,New York,"Buffalo-Exchange Street, New York",2014-01-01,41222.0
4576,New York,"Buffalo-Exchange Street, New York",2015-01-01,41584.0
3976,New York,"Buffalo-Exchange Street, New York",2016-01-01,37960.0
3376,New York,"Buffalo-Exchange Street, New York",2017-01-01,35528.0
2776,New York,"Buffalo-Exchange Street, New York",2018-01-01,38739.0
2176,New York,"Buffalo-Exchange Street, New York",2019-01-01,43384.0
1576,New York,"Buffalo-Exchange Street, New York",2020-01-01,29135.0
976,New York,"Buffalo-Exchange Street, New York",2021-01-01,34004.0
376,New York,"Buffalo-Exchange Street, New York",2022-01-01,47884.0
10226,California,"Burbank, California",2005-01-01,14050.0
9626,California,"Burbank, California",2006-01-01,17501.0
9026,California,"Burbank, California",2007-01-01,42249.0
8426,California,"Burbank, California",2008-01-01,45061.0
7826,California,"Burbank, California",2009-01-01,39994.0
7226,California,"Burbank, California",2010-01-01,41997.0
6626,California,"Burbank, California",2011-01-01,47928.0
6026,California,"Burbank, California",2012-01-01,47217.0
5426,California,"Burbank, California",2013-01-01,51998.0
4826,California,"Burbank, California",2014-01-01,60685.0
4226,California,"Burbank, California",2015-01-01,67924.0
3626,California,"Burbank, California",2016-01-01,68918.0
3026,California,"Burbank, California",2017-01-01,73814.0
2426,California,"Burbank, California",2018-01-01,62478.0
1826,California,"Burbank, California",2019-01-01,63749.0
1226,California,"Burbank, California",2020-01-01,32607.0
626,California,"Burbank, California",2021-01-01,20653.0
26,California,"Burbank, California",2022-01-01,43671.0
8340,Virginia,"Burke Centre, Virginia",2009-01-01,0.0
7740,Virginia,"Burke Centre, Virginia",2010-01-01,1156.0
7140,Virginia,"Burke Centre, Virginia",2011-01-01,2967.0
6540,Virginia,"Burke Centre, Virginia",2012-01-01,4099.0
5940,Virginia,"Burke Centre, Virginia",2013-01-01,4950.0
5340,Virginia,"Burke Centre, Virginia",2014-01-01,5535.0
4740,Virginia,"Burke Centre, Virginia",2015-01-01,7241.0
4140,Virginia,"Burke Centre, Virginia",2016-01-01,9101.0
3540,Virginia,"Burke Centre, Virginia",2017-01-01,9939.0
2940,Virginia,"Burke Centre, Virginia",2018-01-01,7497.0
2340,Virginia,"Burke Centre, Virginia",2019-01-01,9062.0
1740,Virginia,"Burke Centre, Virginia",2020-01-01,5688.0
1140,Virginia,"Burke Centre, Virginia",2021-01-01,5594.0
540,Virginia,"Burke Centre, Virginia",2022-01-01,12786.0
525,Vermont,"Burlington (Union Station), VT",2022-01-01,3737.0
10416,Iowa,"Burlington, Iowa",2005-01-01,3244.0
9816,Iowa,"Burlington, Iowa",2006-01-01,2932.0
8016,Iowa,"Burlington, Iowa",2009-01-01,7487.0
7416,Iowa,"Burlington, Iowa",2010-01-01,8744.0
6816,Iowa,"Burlington, Iowa",2011-01-01,7285.0
6216,Iowa,"Burlington, Iowa",2012-01-01,7646.0
5616,Iowa,"Burlington, Iowa",2013-01-01,8811.0
5016,Iowa,"Burlington, Iowa",2014-01-01,8813.0
4416,Iowa,"Burlington, Iowa",2015-01-01,9329.0
3816,Iowa,"Burlington, Iowa",2016-01-01,9242.0
3216,Iowa,"Burlington, Iowa",2017-01-01,8430.0
2616,Iowa,"Burlington, Iowa",2018-01-01,8668.0
2016,Iowa,"Burlington, Iowa",2019-01-01,7603.0
1416,Iowa,"Burlington, Iowa",2020-01-01,5446.0
816,Iowa,"Burlington, Iowa",2021-01-01,3849.0
216,Iowa,"Burlington, Iowa",2022-01-01,4998.0
10603,North Carolina,"Burlington, North Carolina",2005-01-01,4700.0
10003,North Carolina,"Burlington, North Carolina",2006-01-01,5272.0
9403,North Carolina,"Burlington, North Carolina",2007-01-01,13646.0
8803,North Carolina,"Burlington, North Carolina",2008-01-01,15766.0
8203,North Carolina,"Burlington, North Carolina",2009-01-01,15685.0
7603,North Carolina,"Burlington, North Carolina",2010-01-01,18790.0
7003,North Carolina,"Burlington, North Carolina",2011-01-01,22476.0
6403,North Carolina,"Burlington, North Carolina",2012-01-01,25851.0
5803,North Carolina,"Burlington, North Carolina",2013-01-01,25452.0
5203,North Carolina,"Burlington, North Carolina",2014-01-01,25934.0
4603,North Carolina,"Burlington, North Carolina",2015-01-01,24781.0
4003,North Carolina,"Burlington, North Carolina",2016-01-01,23570.0
3403,North Carolina,"Burlington, North Carolina",2017-01-01,21404.0
2803,North Carolina,"Burlington, North Carolina",2018-01-01,21886.0
2203,North Carolina,"Burlington, North Carolina",2019-01-01,23718.0
1603,North Carolina,"Burlington, North Carolina",2020-01-01,12596.0
1003,North Carolina,"Burlington, North Carolina",2021-01-01,12573.0
403,North Carolina,"Burlington, North Carolina",2022-01-01,20404.0
9591,Wisconsin,"Burlington, Wisconsin",2007-01-01,6654.0
8991,Wisconsin,"Burlington, Wisconsin",2008-01-01,7283.0
10227,California,"Camarillo, California",2005-01-01,9696.0
9627,California,"Camarillo, California",2006-01-01,11735.0
9027,California,"Camarillo, California",2007-01-01,26963.0
8427,California,"Camarillo, California",2008-01-01,31620.0
7827,California,"Camarillo, California",2009-01-01,29716.0
7227,California,"Camarillo, California",2010-01-01,33165.0
6627,California,"Camarillo, California",2011-01-01,36686.0
6027,California,"Camarillo, California",2012-01-01,37393.0
5427,California,"Camarillo, California",2013-01-01,39634.0
4827,California,"Camarillo, California",2014-01-01,46120.0
4227,California,"Camarillo, California",2015-01-01,51831.0
3627,California,"Camarillo, California",2016-01-01,52310.0
3027,California,"Camarillo, California",2017-01-01,54582.0
2427,California,"Camarillo, California",2018-01-01,54252.0
1827,California,"Camarillo, California",2019-01-01,53219.0
1227,California,"Camarillo, California",2020-01-01,27819.0
627,California,"Camarillo, California",2021-01-01,11807.0
27,California,"Camarillo, California",2022-01-01,31862.0
10683,South Carolina,"Camden, South Carolina",2005-01-01,1566.0
10083,South Carolina,"Camden, South Carolina",2006-01-01,1729.0
9483,South Carolina,"Camden, South Carolina",2007-01-01,3702.0
8883,South Carolina,"Camden, South Carolina",2008-01-01,3809.0
8283,South Carolina,"Camden, South Carolina",2009-01-01,3940.0
7683,South Carolina,"Camden, South Carolina",2010-01-01,3588.0
7083,South Carolina,"Camden, South Carolina",2011-01-01,3923.0
6483,South Carolina,"Camden, South Carolina",2012-01-01,3699.0
5883,South Carolina,"Camden, South Carolina",2013-01-01,3584.0
5283,South Carolina,"Camden, South Carolina",2014-01-01,3264.0
4683,South Carolina,"Camden, South Carolina",2015-01-01,3563.0
4083,South Carolina,"Camden, South Carolina",2016-01-01,3483.0
3483,South Carolina,"Camden, South Carolina",2017-01-01,3531.0
2883,South Carolina,"Camden, South Carolina",2018-01-01,3161.0
2283,South Carolina,"Camden, South Carolina",2019-01-01,3436.0
1683,South Carolina,"Camden, South Carolina",2020-01-01,1934.0
1083,South Carolina,"Camden, South Carolina",2021-01-01,1600.0
483,South Carolina,"Camden, South Carolina",2022-01-01,2733.0
10373,Illinois,"Carbondale, Illinois",2005-01-01,38905.0
9773,Illinois,"Carbondale, Illinois",2006-01-01,39301.0
9173,Illinois,"Carbondale, Illinois",2007-01-01,96981.0
8573,Illinois,"Carbondale, Illinois",2008-01-01,112096.0
7973,Illinois,"Carbondale, Illinois",2009-01-01,107929.0
7373,Illinois,"Carbondale, Illinois",2010-01-01,116094.0
6773,Illinois,"Carbondale, Illinois",2011-01-01,136920.0
6173,Illinois,"Carbondale, Illinois",2012-01-01,140093.0
5573,Illinois,"Carbondale, Illinois",2013-01-01,135891.0
4973,Illinois,"Carbondale, Illinois",2014-01-01,129446.0
4373,Illinois,"Carbondale, Illinois",2015-01-01,117922.0
3773,Illinois,"Carbondale, Illinois",2016-01-01,101845.0
3173,Illinois,"Carbondale, Illinois",2017-01-01,100858.0
2573,Illinois,"Carbondale, Illinois",2018-01-01,91264.0
1973,Illinois,"Carbondale, Illinois",2019-01-01,84495.0
1373,Illinois,"Carbondale, Illinois",2020-01-01,50761.0
773,Illinois,"Carbondale, Illinois",2021-01-01,40761.0
173,Illinois,"Carbondale, Illinois",2022-01-01,55051.0
10374,Illinois,"Carlinville, Illinois",2005-01-01,2680.0
9774,Illinois,"Carlinville, Illinois",2006-01-01,2871.0
9174,Illinois,"Carlinville, Illinois",2007-01-01,8938.0
8574,Illinois,"Carlinville, Illinois",2008-01-01,10261.0
7974,Illinois,"Carlinville, Illinois",2009-01-01,10200.0
7374,Illinois,"Carlinville, Illinois",2010-01-01,11364.0
6774,Illinois,"Carlinville, Illinois",2011-01-01,7831.0
6174,Illinois,"Carlinville, Illinois",2012-01-01,10557.0
5574,Illinois,"Carlinville, Illinois",2013-01-01,13418.0
4974,Illinois,"Carlinville, Illinois",2014-01-01,11295.0
4374,Illinois,"Carlinville, Illinois",2015-01-01,9626.0
3774,Illinois,"Carlinville, Illinois",2016-01-01,10138.0
3174,Illinois,"Carlinville, Illinois",2017-01-01,10062.0
2574,Illinois,"Carlinville, Illinois",2018-01-01,12089.0
1974,Illinois,"Carlinville, Illinois",2019-01-01,11172.0
1374,Illinois,"Carlinville, Illinois",2020-01-01,5521.0
774,Illinois,"Carlinville, Illinois",2021-01-01,4000.0
174,Illinois,"Carlinville, Illinois",2022-01-01,8053.0
5428,California,"Carlsbad Poinsettia, California",2013-01-01,0.0
4828,California,"Carlsbad Poinsettia, California",2014-01-01,5977.0
4228,California,"Carlsbad Poinsettia, California",2015-01-01,9363.0
3628,California,"Carlsbad Poinsettia, California",2016-01-01,10556.0
3028,California,"Carlsbad Poinsettia, California",2017-01-01,10074.0
2429,California,"Carlsbad Poinsettia, California",2018-01-01,120.0
5430,California,"Carlsbad Village, California",2013-01-01,0.0
4830,California,"Carlsbad Village, California",2014-01-01,8030.0
4230,California,"Carlsbad Village, California",2015-01-01,13455.0
3630,California,"Carlsbad Village, California",2016-01-01,14843.0
3030,California,"Carlsbad Village, California",2017-01-01,14522.0
2430,California,"Carlsbad Village, California",2018-01-01,9904.0
1831,California,"Carlsbad Village, California",2019-01-01,160.0
10232,California,"Carpinteria, California",2005-01-01,7048.0
9632,California,"Carpinteria, California",2006-01-01,8651.0
9032,California,"Carpinteria, California",2007-01-01,18030.0
8432,California,"Carpinteria, California",2008-01-01,20944.0
7832,California,"Carpinteria, California",2009-01-01,18565.0
7232,California,"Carpinteria, California",2010-01-01,20149.0
6632,California,"Carpinteria, California",2011-01-01,20064.0
6032,California,"Carpinteria, California",2012-01-01,20587.0
5432,California,"Carpinteria, California",2013-01-01,25496.0
4832,California,"Carpinteria, California",2014-01-01,28628.0
4232,California,"Carpinteria, California",2015-01-01,29461.0
3632,California,"Carpinteria, California",2016-01-01,30762.0
3032,California,"Carpinteria, California",2017-01-01,32701.0
2432,California,"Carpinteria, California",2018-01-01,49813.0
1832,California,"Carpinteria, California",2019-01-01,32597.0
1232,California,"Carpinteria, California",2020-01-01,15585.0
632,California,"Carpinteria, California",2021-01-01,9242.0
32,California,"Carpinteria, California",2022-01-01,15883.0
10604,North Carolina,"Cary, North Carolina",2005-01-01,7659.0
10004,North Carolina,"Cary, North Carolina",2006-01-01,10184.0
9404,North Carolina,"Cary, North Carolina",2007-01-01,22919.0
8804,North Carolina,"Cary, North Carolina",2008-01-01,32897.0
8204,North Carolina,"Cary, North Carolina",2009-01-01,31980.0
7604,North Carolina,"Cary, North Carolina",2010-01-01,38934.0
7004,North Carolina,"Cary, North Carolina",2011-01-01,44962.0
6404,North Carolina,"Cary, North Carolina",2012-01-01,78278.0
5804,North Carolina,"Cary, North Carolina",2013-01-01,88669.0
5204,North Carolina,"Cary, North Carolina",2014-01-01,87548.0
4604,North Carolina,"Cary, North Carolina",2015-01-01,88616.0
4004,North Carolina,"Cary, North Carolina",2016-01-01,84995.0
3404,North Carolina,"Cary, North Carolina",2017-01-01,81685.0
2804,North Carolina,"Cary, North Carolina",2018-01-01,82212.0
2204,North Carolina,"Cary, North Carolina",2019-01-01,85392.0
1604,North Carolina,"Cary, North Carolina",2020-01-01,41755.0
1004,North Carolina,"Cary, North Carolina",2021-01-01,33569.0
404,North Carolina,"Cary, North Carolina",2022-01-01,74995.0
8326,Vermont,"Castleton, Vermont",2009-01-01,0.0
7726,Vermont,"Castleton, Vermont",2010-01-01,1733.0
7126,Vermont,"Castleton, Vermont",2011-01-01,3144.0
6526,Vermont,"Castleton, Vermont",2012-01-01,3649.0
5926,Vermont,"Castleton, Vermont",2013-01-01,4211.0
5326,Vermont,"Castleton, Vermont",2014-01-01,4404.0
4726,Vermont,"Castleton, Vermont",2015-01-01,4587.0
4126,Vermont,"Castleton, Vermont",2016-01-01,4484.0
3526,Vermont,"Castleton, Vermont",2017-01-01,4198.0
2926,Vermont,"Castleton, Vermont",2018-01-01,4221.0
2326,Vermont,"Castleton, Vermont",2019-01-01,3995.0
1726,Vermont,"Castleton, Vermont",2020-01-01,1929.0
1126,Vermont,"Castleton, Vermont",2021-01-01,708.0
526,Vermont,"Castleton, Vermont",2022-01-01,3585.0
10375,Illinois,"Centralia, Illinois",2005-01-01,5926.0
9775,Illinois,"Centralia, Illinois",2006-01-01,5870.0
9175,Illinois,"Centralia, Illinois",2007-01-01,16585.0
8575,Illinois,"Centralia, Illinois",2008-01-01,18822.0
7975,Illinois,"Centralia, Illinois",2009-01-01,18738.0
7375,Illinois,"Centralia, Illinois",2010-01-01,22009.0
6775,Illinois,"Centralia, Illinois",2011-01-01,25275.0
6175,Illinois,"Centralia, Illinois",2012-01-01,26496.0
5575,Illinois,"Centralia, Illinois",2013-01-01,27618.0
4975,Illinois,"Centralia, Illinois",2014-01-01,26674.0
4375,Illinois,"Centralia, Illinois",2015-01-01,24804.0
3775,Illinois,"Centralia, Illinois",2016-01-01,21297.0
3175,Illinois,"Centralia, Illinois",2017-01-01,20710.0
2575,Illinois,"Centralia, Illinois",2018-01-01,20783.0
1975,Illinois,"Centralia, Illinois",2019-01-01,20606.0
1375,Illinois,"Centralia, Illinois",2020-01-01,11132.0
775,Illinois,"Centralia, Illinois",2021-01-01,7945.0
175,Illinois,"Centralia, Illinois",2022-01-01,11025.0
10763,Washington,"Centralia, Washington",2005-01-01,9527.0
10163,Washington,"Centralia, Washington",2006-01-01,9447.0
9563,Washington,"Centralia, Washington",2007-01-01,21049.0
8963,Washington,"Centralia, Washington",2008-01-01,22552.0
8363,Washington,"Centralia, Washington",2009-01-01,24163.0
7763,Washington,"Centralia, Washington",2010-01-01,23948.0
7163,Washington,"Centralia, Washington",2011-01-01,21998.0
6563,Washington,"Centralia, Washington",2012-01-01,23331.0
5963,Washington,"Centralia, Washington",2013-01-01,25132.0
5363,Washington,"Centralia, Washington",2014-01-01,25525.0
4763,Washington,"Centralia, Washington",2015-01-01,24791.0
4163,Washington,"Centralia, Washington",2016-01-01,25871.0
3563,Washington,"Centralia, Washington",2017-01-01,25178.0
2963,Washington,"Centralia, Washington",2018-01-01,28218.0
2363,Washington,"Centralia, Washington",2019-01-01,26558.0
1763,Washington,"Centralia, Washington",2020-01-01,14471.0
1163,Washington,"Centralia, Washington",2021-01-01,10039.0
563,Washington,"Centralia, Washington",2022-01-01,16339.0
10376,Illinois,"Champaign-Urbana, Illinois",2005-01-01,39863.0
9776,Illinois,"Champaign-Urbana, Illinois",2006-01-01,42366.0
9176,Illinois,"Champaign-Urbana, Illinois",2007-01-01,129959.0
8576,Illinois,"Champaign-Urbana, Illinois",2008-01-01,151732.0
7976,Illinois,"Champaign-Urbana, Illinois",2009-01-01,141745.0
7376,Illinois,"Champaign-Urbana, Illinois",2010-01-01,142406.0
6776,Illinois,"Champaign-Urbana, Illinois",2011-01-01,164404.0
6176,Illinois,"Champaign-Urbana, Illinois",2012-01-01,178353.0
5576,Illinois,"Champaign-Urbana, Illinois",2013-01-01,190851.0
4976,Illinois,"Champaign-Urbana, Illinois",2014-01-01,178487.0
4376,Illinois,"Champaign-Urbana, Illinois",2015-01-01,172877.0
3776,Illinois,"Champaign-Urbana, Illinois",2016-01-01,162050.0
3176,Illinois,"Champaign-Urbana, Illinois",2017-01-01,158951.0
2576,Illinois,"Champaign-Urbana, Illinois",2018-01-01,155614.0
1976,Illinois,"Champaign-Urbana, Illinois",2019-01-01,180427.0
1376,Illinois,"Champaign-Urbana, Illinois",2020-01-01,113548.0
776,Illinois,"Champaign-Urbana, Illinois",2021-01-01,103739.0
176,Illinois,"Champaign-Urbana, Illinois",2022-01-01,173549.0
1782,West Virginia,"Charleston*, West Virginia",2020-01-01,5120.0
582,West Virginia,"Charleston*, West Virginia",2022-01-01,6641.0
10684,South Carolina,"Charleston, South Carolina",2005-01-01,25248.0
10084,South Carolina,"Charleston, South Carolina",2006-01-01,33381.0
9484,South Carolina,"Charleston, South Carolina",2007-01-01,66655.0
8884,South Carolina,"Charleston, South Carolina",2008-01-01,69942.0
8284,South Carolina,"Charleston, South Carolina",2009-01-01,68868.0
7684,South Carolina,"Charleston, South Carolina",2010-01-01,79806.0
7084,South Carolina,"Charleston, South Carolina",2011-01-01,81180.0
6484,South Carolina,"Charleston, South Carolina",2012-01-01,84956.0
5884,South Carolina,"Charleston, South Carolina",2013-01-01,82147.0
5284,South Carolina,"Charleston, South Carolina",2014-01-01,75499.0
4684,South Carolina,"Charleston, South Carolina",2015-01-01,71190.0
4084,South Carolina,"Charleston, South Carolina",2016-01-01,63880.0
3484,South Carolina,"Charleston, South Carolina",2017-01-01,66759.0
2885,South Carolina,"Charleston, South Carolina",2018-01-01,61710.0
2284,South Carolina,"Charleston, South Carolina",2019-01-01,59930.0
1684,South Carolina,"Charleston, South Carolina",2020-01-01,37227.0
1084,South Carolina,"Charleston, South Carolina",2021-01-01,31831.0
484,South Carolina,"Charleston, South Carolina",2022-01-01,37461.0
10781,West Virginia,"Charleston, West Virginia",2005-01-01,4156.0
10181,West Virginia,"Charleston, West Virginia",2006-01-01,4440.0
9581,West Virginia,"Charleston, West Virginia",2007-01-01,8608.0
8981,West Virginia,"Charleston, West Virginia",2008-01-01,9178.0
8381,West Virginia,"Charleston, West Virginia",2009-01-01,9733.0
7781,West Virginia,"Charleston, West Virginia",2010-01-01,9507.0
7181,West Virginia,"Charleston, West Virginia",2011-01-01,9783.0
6581,West Virginia,"Charleston, West Virginia",2012-01-01,9799.0
5981,West Virginia,"Charleston, West Virginia",2013-01-01,10038.0
5381,West Virginia,"Charleston, West Virginia",2014-01-01,9675.0
4781,West Virginia,"Charleston, West Virginia",2015-01-01,9844.0
4181,West Virginia,"Charleston, West Virginia",2016-01-01,9785.0
3581,West Virginia,"Charleston, West Virginia",2017-01-01,9812.0
2981,West Virginia,"Charleston, West Virginia",2018-01-01,11251.0
2381,West Virginia,"Charleston, West Virginia",2019-01-01,8280.0
1181,West Virginia,"Charleston, West Virginia",2021-01-01,5155.0
10605,North Carolina,"Charlotte, North Carolina",2005-01-01,54170.0
10005,North Carolina,"Charlotte, North Carolina",2006-01-01,57544.0
9405,North Carolina,"Charlotte, North Carolina",2007-01-01,109347.0
8805,North Carolina,"Charlotte, North Carolina",2008-01-01,135435.0
8205,North Carolina,"Charlotte, North Carolina",2009-01-01,134173.0
7605,North Carolina,"Charlotte, North Carolina",2010-01-01,162905.0
7005,North Carolina,"Charlotte, North Carolina",2011-01-01,181566.0
6405,North Carolina,"Charlotte, North Carolina",2012-01-01,193144.0
5805,North Carolina,"Charlotte, North Carolina",2013-01-01,201481.0
5205,North Carolina,"Charlotte, North Carolina",2014-01-01,194115.0
4605,North Carolina,"Charlotte, North Carolina",2015-01-01,184911.0
4005,North Carolina,"Charlotte, North Carolina",2016-01-01,178749.0
3405,North Carolina,"Charlotte, North Carolina",2017-01-01,168144.0
2805,North Carolina,"Charlotte, North Carolina",2018-01-01,172226.0
2205,North Carolina,"Charlotte, North Carolina",2019-01-01,192143.0
1605,North Carolina,"Charlotte, North Carolina",2020-01-01,112315.0
1005,North Carolina,"Charlotte, North Carolina",2021-01-01,104735.0
405,North Carolina,"Charlotte, North Carolina",2022-01-01,196233.0
10741,Virginia,"Charlottesville, Virginia",2005-01-01,22161.0
10141,Virginia,"Charlottesville, Virginia",2006-01-01,21777.0
9541,Virginia,"Charlottesville, Virginia",2007-01-01,48190.0
8941,Virginia,"Charlottesville, Virginia",2008-01-01,53038.0
8341,Virginia,"Charlottesville, Virginia",2009-01-01,52546.0
7741,Virginia,"Charlottesville, Virginia",2010-01-01,91707.0
7141,Virginia,"Charlottesville, Virginia",2011-01-01,111602.0
6541,Virginia,"Charlottesville, Virginia",2012-01-01,127524.0
5941,Virginia,"Charlottesville, Virginia",2013-01-01,131127.0
5341,Virginia,"Charlottesville, Virginia",2014-01-01,132410.0
4741,Virginia,"Charlottesville, Virginia",2015-01-01,134485.0
4141,Virginia,"Charlottesville, Virginia",2016-01-01,141827.0
3541,Virginia,"Charlottesville, Virginia",2017-01-01,145140.0
2941,Virginia,"Charlottesville, Virginia",2018-01-01,133936.0
2341,Virginia,"Charlottesville, Virginia",2019-01-01,136786.0
1741,Virginia,"Charlottesville, Virginia",2020-01-01,74885.0
1141,Virginia,"Charlottesville, Virginia",2021-01-01,64196.0
541,Virginia,"Charlottesville, Virginia",2022-01-01,125270.0
10233,California,"Chatsworth, California",2005-01-01,19828.0
9633,California,"Chatsworth, California",2006-01-01,22193.0
9033,California,"Chatsworth, California",2007-01-01,49108.0
8433,California,"Chatsworth, California",2008-01-01,53350.0
7833,California,"Chatsworth, California",2009-01-01,47943.0
7233,California,"Chatsworth, California",2010-01-01,49178.0
6633,California,"Chatsworth, California",2011-01-01,52401.0
6033,California,"Chatsworth, California",2012-01-01,52543.0
5433,California,"Chatsworth, California",2013-01-01,56493.0
4833,California,"Chatsworth, California",2014-01-01,63980.0
4233,California,"Chatsworth, California",2015-01-01,72132.0
3633,California,"Chatsworth, California",2016-01-01,71133.0
3033,California,"Chatsworth, California",2017-01-01,72278.0
2433,California,"Chatsworth, California",2018-01-01,62354.0
1833,California,"Chatsworth, California",2019-01-01,62464.0
1233,California,"Chatsworth, California",2020-01-01,28853.0
633,California,"Chatsworth, California",2021-01-01,17752.0
33,California,"Chatsworth, California",2022-01-01,38654.0
10647,Oregon,"Chemult, Oregon",2005-01-01,4120.0
10047,Oregon,"Chemult, Oregon",2006-01-01,4116.0
9447,Oregon,"Chemult, Oregon",2007-01-01,8140.0
8847,Oregon,"Chemult, Oregon",2008-01-01,7030.0
8247,Oregon,"Chemult, Oregon",2009-01-01,8717.0
7647,Oregon,"Chemult, Oregon",2010-01-01,9098.0
7047,Oregon,"Chemult, Oregon",2011-01-01,9766.0
6447,Oregon,"Chemult, Oregon",2012-01-01,10304.0
5847,Oregon,"Chemult, Oregon",2013-01-01,10144.0
5247,Oregon,"Chemult, Oregon",2014-01-01,9839.0
4647,Oregon,"Chemult, Oregon",2015-01-01,9821.0
4047,Oregon,"Chemult, Oregon",2016-01-01,10387.0
3447,Oregon,"Chemult, Oregon",2017-01-01,10457.0
2847,Oregon,"Chemult, Oregon",2018-01-01,9084.0
2247,Oregon,"Chemult, Oregon",2019-01-01,9067.0
1647,Oregon,"Chemult, Oregon",2020-01-01,5455.0
1047,Oregon,"Chemult, Oregon",2021-01-01,2642.0
447,Oregon,"Chemult, Oregon",2022-01-01,2618.0
10377,Illinois,"Chicago, Illinois",2005-01-01,1226962.0
9777,Illinois,"Chicago, Illinois",2006-01-01,1265504.0
9177,Illinois,"Chicago, Illinois",2007-01-01,2774651.0
8577,Illinois,"Chicago, Illinois",2008-01-01,3104151.0
7977,Illinois,"Chicago, Illinois",2009-01-01,3080564.0
7377,Illinois,"Chicago, Illinois",2010-01-01,3288054.0
6777,Illinois,"Chicago, Illinois",2011-01-01,3393695.0
6177,Illinois,"Chicago, Illinois",2012-01-01,3483313.0
5577,Illinois,"Chicago, Illinois",2013-01-01,3522388.0
4977,Illinois,"Chicago, Illinois",2014-01-01,3377259.0
4377,Illinois,"Chicago, Illinois",2015-01-01,3295630.0
3777,Illinois,"Chicago, Illinois",2016-01-01,3247117.0
3177,Illinois,"Chicago, Illinois",2017-01-01,3388051.0
2577,Illinois,"Chicago, Illinois",2018-01-01,3388307.0
1977,Illinois,"Chicago, Illinois",2019-01-01,3331513.0
1377,Illinois,"Chicago, Illinois",2020-01-01,1688452.0
777,Illinois,"Chicago, Illinois",2021-01-01,1336525.0
177,Illinois,"Chicago, Illinois",2022-01-01,2359084.0
10234,California,"Chico, California",2005-01-01,2862.0
9634,California,"Chico, California",2006-01-01,2948.0
9034,California,"Chico, California",2007-01-01,6935.0
8434,California,"Chico, California",2008-01-01,6171.0
7834,California,"Chico, California",2009-01-01,8526.0
7234,California,"Chico, California",2010-01-01,10067.0
6634,California,"Chico, California",2011-01-01,9843.0
6034,California,"Chico, California",2012-01-01,11009.0
5434,California,"Chico, California",2013-01-01,12875.0
4834,California,"Chico, California",2014-01-01,13125.0
4234,California,"Chico, California",2015-01-01,13736.0
3634,California,"Chico, California",2016-01-01,13144.0
3034,California,"Chico, California",2017-01-01,12154.0
2434,California,"Chico, California",2018-01-01,10414.0
1834,California,"Chico, California",2019-01-01,10580.0
1234,California,"Chico, California",2020-01-01,7544.0
634,California,"Chico, California",2021-01-01,3383.0
34,California,"Chico, California",2022-01-01,7625.0
10337,Florida,"Chipley, Florida",2005-01-01,718.0
10631,Ohio,"Cincinnati, Ohio",2005-01-01,6415.0
10031,Ohio,"Cincinnati, Ohio",2006-01-01,7101.0
9431,Ohio,"Cincinnati, Ohio",2007-01-01,13032.0
8831,Ohio,"Cincinnati, Ohio",2008-01-01,15067.0
8231,Ohio,"Cincinnati, Ohio",2009-01-01,14777.0
7631,Ohio,"Cincinnati, Ohio",2010-01-01,14228.0
7031,Ohio,"Cincinnati, Ohio",2011-01-01,15451.0
6431,Ohio,"Cincinnati, Ohio",2012-01-01,16209.0
5831,Ohio,"Cincinnati, Ohio",2013-01-01,15213.0
5231,Ohio,"Cincinnati, Ohio",2014-01-01,13681.0
4631,Ohio,"Cincinnati, Ohio",2015-01-01,12503.0
4031,Ohio,"Cincinnati, Ohio",2016-01-01,12481.0
3431,Ohio,"Cincinnati, Ohio",2017-01-01,11382.0
2831,Ohio,"Cincinnati, Ohio",2018-01-01,8482.0
2231,Ohio,"Cincinnati, Ohio",2019-01-01,8641.0
1631,Ohio,"Cincinnati, Ohio",2020-01-01,5451.0
1031,Ohio,"Cincinnati, Ohio",2021-01-01,7164.0
431,Ohio,"Cincinnati, Ohio",2022-01-01,8374.0
10555,New Hampshire,"Claremont, New Hampshire",2005-01-01,716.0
9955,New Hampshire,"Claremont, New Hampshire",2006-01-01,672.0
9355,New Hampshire,"Claremont, New Hampshire",2007-01-01,1498.0
8755,New Hampshire,"Claremont, New Hampshire",2008-01-01,1799.0
8155,New Hampshire,"Claremont, New Hampshire",2009-01-01,1773.0
7555,New Hampshire,"Claremont, New Hampshire",2010-01-01,1967.0
6955,New Hampshire,"Claremont, New Hampshire",2011-01-01,1240.0
6355,New Hampshire,"Claremont, New Hampshire",2012-01-01,1944.0
5755,New Hampshire,"Claremont, New Hampshire",2013-01-01,2123.0
5155,New Hampshire,"Claremont, New Hampshire",2014-01-01,2117.0
4555,New Hampshire,"Claremont, New Hampshire",2015-01-01,2117.0
3955,New Hampshire,"Claremont, New Hampshire",2016-01-01,2474.0
3355,New Hampshire,"Claremont, New Hampshire",2017-01-01,2560.0
2755,New Hampshire,"Claremont, New Hampshire",2018-01-01,2542.0
2155,New Hampshire,"Claremont, New Hampshire",2019-01-01,4640.0
1555,New Hampshire,"Claremont, New Hampshire",2020-01-01,1131.0
955,New Hampshire,"Claremont, New Hampshire",2021-01-01,569.0
355,New Hampshire,"Claremont, New Hampshire",2022-01-01,2394.0
10701,Texas,"Cleburne, Texas",2005-01-01,915.0
10101,Texas,"Cleburne, Texas",2006-01-01,944.0
9501,Texas,"Cleburne, Texas",2007-01-01,1831.0
8901,Texas,"Cleburne, Texas",2008-01-01,2135.0
8301,Texas,"Cleburne, Texas",2009-01-01,2455.0
7701,Texas,"Cleburne, Texas",2010-01-01,3130.0
7101,Texas,"Cleburne, Texas",2011-01-01,3590.0
6501,Texas,"Cleburne, Texas",2012-01-01,4536.0
5901,Texas,"Cleburne, Texas",2013-01-01,4143.0
5301,Texas,"Cleburne, Texas",2014-01-01,3322.0
4701,Texas,"Cleburne, Texas",2015-01-01,3612.0
4101,Texas,"Cleburne, Texas",2016-01-01,3830.0
3501,Texas,"Cleburne, Texas",2017-01-01,3890.0
2901,Texas,"Cleburne, Texas",2018-01-01,3929.0
2301,Texas,"Cleburne, Texas",2019-01-01,3747.0
1701,Texas,"Cleburne, Texas",2020-01-01,2397.0
1101,Texas,"Cleburne, Texas",2021-01-01,1842.0
501,Texas,"Cleburne, Texas",2022-01-01,2945.0
2287,South Carolina,"Clemson*, South Carolina",2019-01-01,481.0
10686,South Carolina,"Clemson, South Carolina",2005-01-01,2396.0
10086,South Carolina,"Clemson, South Carolina",2006-01-01,2494.0
9486,South Carolina,"Clemson, South Carolina",2007-01-01,5416.0
8886,South Carolina,"Clemson, South Carolina",2008-01-01,5841.0
8286,South Carolina,"Clemson, South Carolina",2009-01-01,5988.0
7686,South Carolina,"Clemson, South Carolina",2010-01-01,6941.0
7086,South Carolina,"Clemson, South Carolina",2011-01-01,6466.0
6486,South Carolina,"Clemson, South Carolina",2012-01-01,5807.0
5886,South Carolina,"Clemson, South Carolina",2013-01-01,5597.0
5286,South Carolina,"Clemson, South Carolina",2014-01-01,4987.0
4686,South Carolina,"Clemson, South Carolina",2015-01-01,4977.0
4086,South Carolina,"Clemson, South Carolina",2016-01-01,3127.0
3486,South Carolina,"Clemson, South Carolina",2017-01-01,0.0
2886,South Carolina,"Clemson, South Carolina",2018-01-01,0.0
1686,South Carolina,"Clemson, South Carolina",2020-01-01,2259.0
1086,South Carolina,"Clemson, South Carolina",2021-01-01,1679.0
486,South Carolina,"Clemson, South Carolina",2022-01-01,2868.0
10632,Ohio,"Cleveland, Ohio",2005-01-01,16382.0
10032,Ohio,"Cleveland, Ohio",2006-01-01,14627.0
9432,Ohio,"Cleveland, Ohio",2007-01-01,31147.0
8832,Ohio,"Cleveland, Ohio",2008-01-01,36977.0
8232,Ohio,"Cleveland, Ohio",2009-01-01,39371.0
7632,Ohio,"Cleveland, Ohio",2010-01-01,44075.0
7032,Ohio,"Cleveland, Ohio",2011-01-01,46416.0
6432,Ohio,"Cleveland, Ohio",2012-01-01,50825.0
5832,Ohio,"Cleveland, Ohio",2013-01-01,50940.0
5232,Ohio,"Cleveland, Ohio",2014-01-01,49327.0
4632,Ohio,"Cleveland, Ohio",2015-01-01,46514.0
4032,Ohio,"Cleveland, Ohio",2016-01-01,47757.0
3432,Ohio,"Cleveland, Ohio",2017-01-01,53528.0
2832,Ohio,"Cleveland, Ohio",2018-01-01,48964.0
2232,Ohio,"Cleveland, Ohio",2019-01-01,49195.0
1632,Ohio,"Cleveland, Ohio",2020-01-01,32704.0
1032,Ohio,"Cleveland, Ohio",2021-01-01,32263.0
432,Ohio,"Cleveland, Ohio",2022-01-01,48887.0
10742,Virginia,"Clifton Forge, Virginia",2005-01-01,1793.0
10142,Virginia,"Clifton Forge, Virginia",2006-01-01,1757.0
9542,Virginia,"Clifton Forge, Virginia",2007-01-01,3216.0
8942,Virginia,"Clifton Forge, Virginia",2008-01-01,3867.0
8342,Virginia,"Clifton Forge, Virginia",2009-01-01,3703.0
7742,Virginia,"Clifton Forge, Virginia",2010-01-01,3022.0
7142,Virginia,"Clifton Forge, Virginia",2011-01-01,3060.0
6542,Virginia,"Clifton Forge, Virginia",2012-01-01,2879.0
5942,Virginia,"Clifton Forge, Virginia",2013-01-01,2750.0
5342,Virginia,"Clifton Forge, Virginia",2014-01-01,2432.0
4742,Virginia,"Clifton Forge, Virginia",2015-01-01,2247.0
4142,Virginia,"Clifton Forge, Virginia",2016-01-01,2401.0
3542,Virginia,"Clifton Forge, Virginia",2017-01-01,2339.0
2942,Virginia,"Clifton Forge, Virginia",2018-01-01,1951.0
2342,Virginia,"Clifton Forge, Virginia",2019-01-01,2190.0
1742,Virginia,"Clifton Forge, Virginia",2020-01-01,1156.0
1142,Virginia,"Clifton Forge, Virginia",2021-01-01,1108.0
542,Virginia,"Clifton Forge, Virginia",2022-01-01,1475.0
10656,Pennsylvania,"Coatesville, Pennsylvania",2005-01-01,3132.0
10056,Pennsylvania,"Coatesville, Pennsylvania",2006-01-01,3554.0
9456,Pennsylvania,"Coatesville, Pennsylvania",2007-01-01,9089.0
8856,Pennsylvania,"Coatesville, Pennsylvania",2008-01-01,12705.0
8256,Pennsylvania,"Coatesville, Pennsylvania",2009-01-01,12597.0
7656,Pennsylvania,"Coatesville, Pennsylvania",2010-01-01,14382.0
7056,Pennsylvania,"Coatesville, Pennsylvania",2011-01-01,14981.0
6456,Pennsylvania,"Coatesville, Pennsylvania",2012-01-01,16493.0
5856,Pennsylvania,"Coatesville, Pennsylvania",2013-01-01,16626.0
5256,Pennsylvania,"Coatesville, Pennsylvania",2014-01-01,15566.0
4656,Pennsylvania,"Coatesville, Pennsylvania",2015-01-01,14532.0
4056,Pennsylvania,"Coatesville, Pennsylvania",2016-01-01,15527.0
3456,Pennsylvania,"Coatesville, Pennsylvania",2017-01-01,17770.0
2856,Pennsylvania,"Coatesville, Pennsylvania",2018-01-01,16577.0
2256,Pennsylvania,"Coatesville, Pennsylvania",2019-01-01,14312.0
1656,Pennsylvania,"Coatesville, Pennsylvania",2020-01-01,9186.0
1056,Pennsylvania,"Coatesville, Pennsylvania",2021-01-01,8106.0
456,Pennsylvania,"Coatesville, Pennsylvania",2022-01-01,9129.0
10235,California,"Colfax, California",2005-01-01,1622.0
9635,California,"Colfax, California",2006-01-01,1619.0
9035,California,"Colfax, California",2007-01-01,3176.0
8435,California,"Colfax, California",2008-01-01,3610.0
7835,California,"Colfax, California",2009-01-01,3792.0
7235,California,"Colfax, California",2010-01-01,4322.0
6635,California,"Colfax, California",2011-01-01,4036.0
6035,California,"Colfax, California",2012-01-01,4377.0
5435,California,"Colfax, California",2013-01-01,4479.0
4835,California,"Colfax, California",2014-01-01,4810.0
4235,California,"Colfax, California",2015-01-01,4631.0
3635,California,"Colfax, California",2016-01-01,6277.0
3035,California,"Colfax, California",2017-01-01,7035.0
2435,California,"Colfax, California",2018-01-01,5658.0
1835,California,"Colfax, California",2019-01-01,5845.0
1235,California,"Colfax, California",2020-01-01,3370.0
635,California,"Colfax, California",2021-01-01,2034.0
35,California,"Colfax, California",2022-01-01,3753.0
10688,South Carolina,"Columbia, South Carolina",2005-01-01,15400.0
10088,South Carolina,"Columbia, South Carolina",2006-01-01,17753.0
9488,South Carolina,"Columbia, South Carolina",2007-01-01,34613.0
8888,South Carolina,"Columbia, South Carolina",2008-01-01,38578.0
8288,South Carolina,"Columbia, South Carolina",2009-01-01,37065.0
7688,South Carolina,"Columbia, South Carolina",2010-01-01,36297.0
7088,South Carolina,"Columbia, South Carolina",2011-01-01,36786.0
6488,South Carolina,"Columbia, South Carolina",2012-01-01,37577.0
5888,South Carolina,"Columbia, South Carolina",2013-01-01,36349.0
5288,South Carolina,"Columbia, South Carolina",2014-01-01,35222.0
4688,South Carolina,"Columbia, South Carolina",2015-01-01,33543.0
4088,South Carolina,"Columbia, South Carolina",2016-01-01,32234.0
3488,South Carolina,"Columbia, South Carolina",2017-01-01,32695.0
2888,South Carolina,"Columbia, South Carolina",2018-01-01,29805.0
2288,South Carolina,"Columbia, South Carolina",2019-01-01,30870.0
1688,South Carolina,"Columbia, South Carolina",2020-01-01,17145.0
1088,South Carolina,"Columbia, South Carolina",2021-01-01,13148.0
488,South Carolina,"Columbia, South Carolina",2022-01-01,25035.0
10792,Wisconsin,"Columbus, Wisconsin",2005-01-01,7344.0
10192,Wisconsin,"Columbus, Wisconsin",2006-01-01,8074.0
9592,Wisconsin,"Columbus, Wisconsin",2007-01-01,16850.0
8992,Wisconsin,"Columbus, Wisconsin",2008-01-01,18617.0
8392,Wisconsin,"Columbus, Wisconsin",2009-01-01,17338.0
7792,Wisconsin,"Columbus, Wisconsin",2010-01-01,18025.0
7192,Wisconsin,"Columbus, Wisconsin",2011-01-01,15473.0
6592,Wisconsin,"Columbus, Wisconsin",2012-01-01,16259.0
5992,Wisconsin,"Columbus, Wisconsin",2013-01-01,16188.0
5392,Wisconsin,"Columbus, Wisconsin",2014-01-01,12962.0
4792,Wisconsin,"Columbus, Wisconsin",2015-01-01,12906.0
4192,Wisconsin,"Columbus, Wisconsin",2016-01-01,14005.0
3592,Wisconsin,"Columbus, Wisconsin",2017-01-01,13545.0
2992,Wisconsin,"Columbus, Wisconsin",2018-01-01,11414.0
2392,Wisconsin,"Columbus, Wisconsin",2019-01-01,12537.0
1792,Wisconsin,"Columbus, Wisconsin",2020-01-01,7103.0
1192,Wisconsin,"Columbus, Wisconsin",2021-01-01,6019.0
592,Wisconsin,"Columbus, Wisconsin",2022-01-01,8460.0
9203,Indiana,"Connellsville, Indiana",2007-01-01,497.0
8603,Indiana,"Connellsville, Indiana",2008-01-01,647.0
8003,Indiana,"Connellsville, Indiana",2009-01-01,546.0
7403,Indiana,"Connellsville, Indiana",2010-01-01,659.0
6803,Indiana,"Connellsville, Indiana",2011-01-01,532.0
6203,Indiana,"Connellsville, Indiana",2012-01-01,700.0
5603,Indiana,"Connellsville, Indiana",2013-01-01,771.0
5003,Indiana,"Connellsville, Indiana",2014-01-01,690.0
4403,Indiana,"Connellsville, Indiana",2015-01-01,770.0
3803,Indiana,"Connellsville, Indiana",2016-01-01,586.0
3203,Indiana,"Connellsville, Indiana",2017-01-01,583.0
2603,Indiana,"Connellsville, Indiana",2018-01-01,607.0
10657,Pennsylvania,"Connellsville, Pennsylvania",2005-01-01,1696.0
10057,Pennsylvania,"Connellsville, Pennsylvania",2006-01-01,1912.0
9457,Pennsylvania,"Connellsville, Pennsylvania",2007-01-01,3886.0
8857,Pennsylvania,"Connellsville, Pennsylvania",2008-01-01,4531.0
8257,Pennsylvania,"Connellsville, Pennsylvania",2009-01-01,4481.0
7657,Pennsylvania,"Connellsville, Pennsylvania",2010-01-01,4754.0
7057,Pennsylvania,"Connellsville, Pennsylvania",2011-01-01,4382.0
6457,Pennsylvania,"Connellsville, Pennsylvania",2012-01-01,4612.0
5857,Pennsylvania,"Connellsville, Pennsylvania",2013-01-01,4815.0
5257,Pennsylvania,"Connellsville, Pennsylvania",2014-01-01,4925.0
4657,Pennsylvania,"Connellsville, Pennsylvania",2015-01-01,4871.0
4057,Pennsylvania,"Connellsville, Pennsylvania",2016-01-01,5002.0
3457,Pennsylvania,"Connellsville, Pennsylvania",2017-01-01,4762.0
2857,Pennsylvania,"Connellsville, Pennsylvania",2018-01-01,4407.0
2257,Pennsylvania,"Connellsville, Pennsylvania",2019-01-01,4864.0
1657,Pennsylvania,"Connellsville, Pennsylvania",2020-01-01,2656.0
1057,Pennsylvania,"Connellsville, Pennsylvania",2021-01-01,1986.0
457,Pennsylvania,"Connellsville, Pennsylvania",2022-01-01,3337.0
10404,Indiana,"Connersville, Indiana",2005-01-01,222.0
9804,Indiana,"Connersville, Indiana",2006-01-01,370.0
2004,Indiana,"Connersville, Indiana",2019-01-01,448.0
1404,Indiana,"Connersville, Indiana",2020-01-01,366.0
804,Indiana,"Connersville, Indiana",2021-01-01,419.0
204,Indiana,"Connersville, Indiana",2022-01-01,373.0
10648,Oregon,"Coos Bay, Oregon",2005-01-01,0.0
10236,California,"Corcoran, California",2005-01-01,11745.0
9636,California,"Corcoran, California",2006-01-01,11952.0
9036,California,"Corcoran, California",2007-01-01,23352.0
8436,California,"Corcoran, California",2008-01-01,26018.0
7836,California,"Corcoran, California",2009-01-01,25749.0
7236,California,"Corcoran, California",2010-01-01,27375.0
6636,California,"Corcoran, California",2011-01-01,27424.0
6036,California,"Corcoran, California",2012-01-01,29072.0
5436,California,"Corcoran, California",2013-01-01,31542.0
4836,California,"Corcoran, California",2014-01-01,34539.0
4236,California,"Corcoran, California",2015-01-01,32331.0
3636,California,"Corcoran, California",2016-01-01,30104.0
3036,California,"Corcoran, California",2017-01-01,28440.0
2436,California,"Corcoran, California",2018-01-01,24646.0
1836,California,"Corcoran, California",2019-01-01,26789.0
1236,California,"Corcoran, California",2020-01-01,17610.0
636,California,"Corcoran, California",2021-01-01,9951.0
36,California,"Corcoran, California",2022-01-01,14964.0
10658,Pennsylvania,"Cornwells Heights, Pennsylvania",2005-01-01,12436.0
10058,Pennsylvania,"Cornwells Heights, Pennsylvania",2006-01-01,6340.0
9458,Pennsylvania,"Cornwells Heights, Pennsylvania",2007-01-01,7721.0
8858,Pennsylvania,"Cornwells Heights, Pennsylvania",2008-01-01,6843.0
8258,Pennsylvania,"Cornwells Heights, Pennsylvania",2009-01-01,5860.0
7658,Pennsylvania,"Cornwells Heights, Pennsylvania",2010-01-01,4890.0
7058,Pennsylvania,"Cornwells Heights, Pennsylvania",2011-01-01,3278.0
6458,Pennsylvania,"Cornwells Heights, Pennsylvania",2012-01-01,3580.0
5858,Pennsylvania,"Cornwells Heights, Pennsylvania",2013-01-01,3215.0
5258,Pennsylvania,"Cornwells Heights, Pennsylvania",2014-01-01,2093.0
4658,Pennsylvania,"Cornwells Heights, Pennsylvania",2015-01-01,2271.0
4058,Pennsylvania,"Cornwells Heights, Pennsylvania",2016-01-01,2966.0
3458,Pennsylvania,"Cornwells Heights, Pennsylvania",2017-01-01,3073.0
2858,Pennsylvania,"Cornwells Heights, Pennsylvania",2018-01-01,3673.0
2258,Pennsylvania,"Cornwells Heights, Pennsylvania",2019-01-01,3103.0
1658,Pennsylvania,"Cornwells Heights, Pennsylvania",2020-01-01,1054.0
1058,Pennsylvania,"Cornwells Heights, Pennsylvania",2021-01-01,234.0
458,Pennsylvania,"Cornwells Heights, Pennsylvania",2022-01-01,1342.0
10405,Indiana,"Crawfordsville (Bus), Indiana",2005-01-01,1598.0
9805,Indiana,"Crawfordsville (Bus), Indiana",2006-01-01,1805.0
9205,Indiana,"Crawfordsville (Bus), Indiana",2007-01-01,4431.0
8605,Indiana,"Crawfordsville (Bus), Indiana",2008-01-01,5040.0
8005,Indiana,"Crawfordsville (Bus), Indiana",2009-01-01,5298.0
7405,Indiana,"Crawfordsville (Bus), Indiana",2010-01-01,5488.0
6805,Indiana,"Crawfordsville (Bus), Indiana",2011-01-01,5897.0
6205,Indiana,"Crawfordsville (Bus), Indiana",2012-01-01,6003.0
5605,Indiana,"Crawfordsville (Bus), Indiana",2013-01-01,6249.0
5005,Indiana,"Crawfordsville (Bus), Indiana",2014-01-01,5748.0
4405,Indiana,"Crawfordsville (Bus), Indiana",2015-01-01,5300.0
3805,Indiana,"Crawfordsville (Bus), Indiana",2016-01-01,5774.0
3205,Indiana,"Crawfordsville (Bus), Indiana",2017-01-01,5932.0
2605,Indiana,"Crawfordsville (Bus), Indiana",2018-01-01,5716.0
2005,Indiana,"Crawfordsville (Bus), Indiana",2019-01-01,4988.0
1405,Indiana,"Crawfordsville (Bus), Indiana",2020-01-01,1244.0
805,Indiana,"Crawfordsville (Bus), Indiana",2021-01-01,1071.0
205,Indiana,"Crawfordsville (Bus), Indiana",2022-01-01,1235.0
10417,Iowa,"Creston, Iowa",2005-01-01,2308.0
9817,Iowa,"Creston, Iowa",2006-01-01,2658.0
9217,Iowa,"Creston, Iowa",2007-01-01,5011.0
8617,Iowa,"Creston, Iowa",2008-01-01,4444.0
8017,Iowa,"Creston, Iowa",2009-01-01,4831.0
7417,Iowa,"Creston, Iowa",2010-01-01,4803.0
6817,Iowa,"Creston, Iowa",2011-01-01,4229.0
6217,Iowa,"Creston, Iowa",2012-01-01,4531.0
5617,Iowa,"Creston, Iowa",2013-01-01,4621.0
5017,Iowa,"Creston, Iowa",2014-01-01,4314.0
4417,Iowa,"Creston, Iowa",2015-01-01,5017.0
3817,Iowa,"Creston, Iowa",2016-01-01,3843.0
3217,Iowa,"Creston, Iowa",2017-01-01,3797.0
2617,Iowa,"Creston, Iowa",2018-01-01,3745.0
2017,Iowa,"Creston, Iowa",2019-01-01,3281.0
1417,Iowa,"Creston, Iowa",2020-01-01,1933.0
817,Iowa,"Creston, Iowa",2021-01-01,1420.0
217,Iowa,"Creston, Iowa",2022-01-01,1785.0
10338,Florida,"Crestview, Florida",2005-01-01,539.0
10577,New York,"Croton-Harmon, New York",2005-01-01,17419.0
9977,New York,"Croton-Harmon, New York",2006-01-01,18655.0
9377,New York,"Croton-Harmon, New York",2007-01-01,39018.0
8777,New York,"Croton-Harmon, New York",2008-01-01,39893.0
8177,New York,"Croton-Harmon, New York",2009-01-01,42003.0
7577,New York,"Croton-Harmon, New York",2010-01-01,41570.0
6977,New York,"Croton-Harmon, New York",2011-01-01,42562.0
6377,New York,"Croton-Harmon, New York",2012-01-01,45578.0
5777,New York,"Croton-Harmon, New York",2013-01-01,48694.0
5177,New York,"Croton-Harmon, New York",2014-01-01,50321.0
4577,New York,"Croton-Harmon, New York",2015-01-01,48773.0
3977,New York,"Croton-Harmon, New York",2016-01-01,45685.0
3377,New York,"Croton-Harmon, New York",2017-01-01,46057.0
2777,New York,"Croton-Harmon, New York",2018-01-01,44932.0
2177,New York,"Croton-Harmon, New York",2019-01-01,46403.0
1577,New York,"Croton-Harmon, New York",2020-01-01,25891.0
977,New York,"Croton-Harmon, New York",2021-01-01,22123.0
377,New York,"Croton-Harmon, New York",2022-01-01,40834.0
10743,Virginia,"Culpeper, Virginia",2005-01-01,1707.0
10143,Virginia,"Culpeper, Virginia",2006-01-01,1993.0
9543,Virginia,"Culpeper, Virginia",2007-01-01,4151.0
8943,Virginia,"Culpeper, Virginia",2008-01-01,5166.0
8343,Virginia,"Culpeper, Virginia",2009-01-01,4814.0
7743,Virginia,"Culpeper, Virginia",2010-01-01,8848.0
7143,Virginia,"Culpeper, Virginia",2011-01-01,10930.0
6543,Virginia,"Culpeper, Virginia",2012-01-01,12608.0
5943,Virginia,"Culpeper, Virginia",2013-01-01,13677.0
5343,Virginia,"Culpeper, Virginia",2014-01-01,14257.0
4743,Virginia,"Culpeper, Virginia",2015-01-01,14508.0
4143,Virginia,"Culpeper, Virginia",2016-01-01,15088.0
3543,Virginia,"Culpeper, Virginia",2017-01-01,15498.0
2943,Virginia,"Culpeper, Virginia",2018-01-01,14509.0
2343,Virginia,"Culpeper, Virginia",2019-01-01,16285.0
1743,Virginia,"Culpeper, Virginia",2020-01-01,9119.0
1143,Virginia,"Culpeper, Virginia",2021-01-01,7982.0
543,Virginia,"Culpeper, Virginia",2022-01-01,13816.0
10450,Maryland,"Cumberland, Maryland",2005-01-01,3556.0
9850,Maryland,"Cumberland, Maryland",2006-01-01,4036.0
9250,Maryland,"Cumberland, Maryland",2007-01-01,9182.0
8650,Maryland,"Cumberland, Maryland",2008-01-01,11257.0
8050,Maryland,"Cumberland, Maryland",2009-01-01,11484.0
7450,Maryland,"Cumberland, Maryland",2010-01-01,12492.0
6850,Maryland,"Cumberland, Maryland",2011-01-01,11465.0
6250,Maryland,"Cumberland, Maryland",2012-01-01,10963.0
5650,Maryland,"Cumberland, Maryland",2013-01-01,11835.0
5050,Maryland,"Cumberland, Maryland",2014-01-01,11760.0
4450,Maryland,"Cumberland, Maryland",2015-01-01,11493.0
3850,Maryland,"Cumberland, Maryland",2016-01-01,11628.0
3250,Maryland,"Cumberland, Maryland",2017-01-01,11858.0
2650,Maryland,"Cumberland, Maryland",2018-01-01,11019.0
2050,Maryland,"Cumberland, Maryland",2019-01-01,10371.0
1450,Maryland,"Cumberland, Maryland",2020-01-01,6347.0
850,Maryland,"Cumberland, Maryland",2021-01-01,5117.0
250,Maryland,"Cumberland, Maryland",2022-01-01,8350.0
10529,Montana,"Cut Bank, Montana",2005-01-01,1169.0
9929,Montana,"Cut Bank, Montana",2006-01-01,1313.0
9329,Montana,"Cut Bank, Montana",2007-01-01,3030.0
8729,Montana,"Cut Bank, Montana",2008-01-01,3455.0
8129,Montana,"Cut Bank, Montana",2009-01-01,2931.0
7529,Montana,"Cut Bank, Montana",2010-01-01,3363.0
6929,Montana,"Cut Bank, Montana",2011-01-01,2985.0
6329,Montana,"Cut Bank, Montana",2012-01-01,3236.0
5729,Montana,"Cut Bank, Montana",2013-01-01,2920.0
5129,Montana,"Cut Bank, Montana",2014-01-01,2353.0
4529,Montana,"Cut Bank, Montana",2015-01-01,2144.0
3929,Montana,"Cut Bank, Montana",2016-01-01,2547.0
3329,Montana,"Cut Bank, Montana",2017-01-01,2544.0
2729,Montana,"Cut Bank, Montana",2018-01-01,2396.0
2129,Montana,"Cut Bank, Montana",2019-01-01,2071.0
1529,Montana,"Cut Bank, Montana",2020-01-01,1204.0
929,Montana,"Cut Bank, Montana",2021-01-01,912.0
329,Montana,"Cut Bank, Montana",2022-01-01,1219.0
10339,Florida,"Dade City, Florida",2005-01-01,77.0
10702,Texas,"Dallas, Texas",2005-01-01,17977.0
10102,Texas,"Dallas, Texas",2006-01-01,15789.0
9502,Texas,"Dallas, Texas",2007-01-01,27374.0
8902,Texas,"Dallas, Texas",2008-01-01,35860.0
8302,Texas,"Dallas, Texas",2009-01-01,39592.0
7702,Texas,"Dallas, Texas",2010-01-01,47053.0
7102,Texas,"Dallas, Texas",2011-01-01,54498.0
6502,Texas,"Dallas, Texas",2012-01-01,55764.0
5902,Texas,"Dallas, Texas",2013-01-01,56564.0
5302,Texas,"Dallas, Texas",2014-01-01,50180.0
4702,Texas,"Dallas, Texas",2015-01-01,45132.0
4102,Texas,"Dallas, Texas",2016-01-01,42118.0
3502,Texas,"Dallas, Texas",2017-01-01,47488.0
2902,Texas,"Dallas, Texas",2018-01-01,46453.0
2302,Texas,"Dallas, Texas",2019-01-01,44238.0
1702,Texas,"Dallas, Texas",2020-01-01,27272.0
1102,Texas,"Dallas, Texas",2021-01-01,23202.0
502,Texas,"Dallas, Texas",2022-01-01,40197.0
10744,Virginia,"Danville, Virginia",2005-01-01,1810.0
10144,Virginia,"Danville, Virginia",2006-01-01,1814.0
9544,Virginia,"Danville, Virginia",2007-01-01,4662.0
8944,Virginia,"Danville, Virginia",2008-01-01,6141.0
8344,Virginia,"Danville, Virginia",2009-01-01,5870.0
7744,Virginia,"Danville, Virginia",2010-01-01,8658.0
7144,Virginia,"Danville, Virginia",2011-01-01,9024.0
6544,Virginia,"Danville, Virginia",2012-01-01,8228.0
5944,Virginia,"Danville, Virginia",2013-01-01,9697.0
5344,Virginia,"Danville, Virginia",2014-01-01,7741.0
4744,Virginia,"Danville, Virginia",2015-01-01,7736.0
4144,Virginia,"Danville, Virginia",2016-01-01,7209.0
3544,Virginia,"Danville, Virginia",2017-01-01,6575.0
2944,Virginia,"Danville, Virginia",2018-01-01,6934.0
2344,Virginia,"Danville, Virginia",2019-01-01,7535.0
1744,Virginia,"Danville, Virginia",2020-01-01,4869.0
1144,Virginia,"Danville, Virginia",2021-01-01,3743.0
544,Virginia,"Danville, Virginia",2022-01-01,5765.0
10237,California,"Davis, California",2005-01-01,171637.0
9637,California,"Davis, California",2006-01-01,184526.0
9037,California,"Davis, California",2007-01-01,401138.0
8437,California,"Davis, California",2008-01-01,451995.0
7837,California,"Davis, California",2009-01-01,434779.0
7237,California,"Davis, California",2010-01-01,409611.0
6637,California,"Davis, California",2011-01-01,443168.0
6037,California,"Davis, California",2012-01-01,445416.0
5437,California,"Davis, California",2013-01-01,424114.0
4837,California,"Davis, California",2014-01-01,358350.0
4237,California,"Davis, California",2015-01-01,372554.0
3637,California,"Davis, California",2016-01-01,379073.0
3037,California,"Davis, California",2017-01-01,375626.0
2437,California,"Davis, California",2018-01-01,390060.0
1837,California,"Davis, California",2019-01-01,380034.0
1237,California,"Davis, California",2020-01-01,194029.0
637,California,"Davis, California",2021-01-01,70194.0
37,California,"Davis, California",2022-01-01,163636.0
10341,Florida,"DeLand, Florida",2005-01-01,9782.0
9741,Florida,"DeLand, Florida",2006-01-01,10269.0
9141,Florida,"DeLand, Florida",2007-01-01,22077.0
8541,Florida,"DeLand, Florida",2008-01-01,24854.0
7941,Florida,"DeLand, Florida",2009-01-01,25965.0
7341,Florida,"DeLand, Florida",2010-01-01,25982.0
6741,Florida,"DeLand, Florida",2011-01-01,28663.0
6141,Florida,"DeLand, Florida",2012-01-01,28553.0
5541,Florida,"DeLand, Florida",2013-01-01,26502.0
4941,Florida,"DeLand, Florida",2014-01-01,26063.0
4341,Florida,"DeLand, Florida",2015-01-01,24310.0
3741,Florida,"DeLand, Florida",2016-01-01,22374.0
3141,Florida,"DeLand, Florida",2017-01-01,20827.0
2541,Florida,"DeLand, Florida",2018-01-01,20677.0
1941,Florida,"DeLand, Florida",2019-01-01,20453.0
1341,Florida,"DeLand, Florida",2020-01-01,12338.0
741,Florida,"DeLand, Florida",2021-01-01,10433.0
141,Florida,"DeLand, Florida",2022-01-01,13442.0
10472,Michigan,"Dearborn, Michigan",2005-01-01,35163.0
9872,Michigan,"Dearborn, Michigan",2006-01-01,36314.0
9272,Michigan,"Dearborn, Michigan",2007-01-01,72158.0
8672,Michigan,"Dearborn, Michigan",2008-01-01,75840.0
8072,Michigan,"Dearborn, Michigan",2009-01-01,72407.0
7472,Michigan,"Dearborn, Michigan",2010-01-01,80502.0
6872,Michigan,"Dearborn, Michigan",2011-01-01,85001.0
6272,Michigan,"Dearborn, Michigan",2012-01-01,81417.0
5672,Michigan,"Dearborn, Michigan",2013-01-01,81878.0
5072,Michigan,"Dearborn, Michigan",2014-01-01,78871.0
4472,Michigan,"Dearborn, Michigan",2015-01-01,76537.0
3872,Michigan,"Dearborn, Michigan",2016-01-01,67243.0
3272,Michigan,"Dearborn, Michigan",2017-01-01,72656.0
2672,Michigan,"Dearborn, Michigan",2018-01-01,73337.0
2072,Michigan,"Dearborn, Michigan",2019-01-01,74480.0
1472,Michigan,"Dearborn, Michigan",2020-01-01,36622.0
872,Michigan,"Dearborn, Michigan",2021-01-01,26597.0
272,Michigan,"Dearborn, Michigan",2022-01-01,52850.0
10340,Florida,"Deerfield Beach, Florida",2005-01-01,11716.0
9740,Florida,"Deerfield Beach, Florida",2006-01-01,10541.0
9140,Florida,"Deerfield Beach, Florida",2007-01-01,22218.0
8540,Florida,"Deerfield Beach, Florida",2008-01-01,26044.0
7940,Florida,"Deerfield Beach, Florida",2009-01-01,27506.0
7340,Florida,"Deerfield Beach, Florida",2010-01-01,29955.0
6740,Florida,"Deerfield Beach, Florida",2011-01-01,31338.0
6140,Florida,"Deerfield Beach, Florida",2012-01-01,32180.0
5540,Florida,"Deerfield Beach, Florida",2013-01-01,30048.0
4940,Florida,"Deerfield Beach, Florida",2014-01-01,28404.0
4340,Florida,"Deerfield Beach, Florida",2015-01-01,26777.0
3740,Florida,"Deerfield Beach, Florida",2016-01-01,24524.0
3140,Florida,"Deerfield Beach, Florida",2017-01-01,23836.0
2540,Florida,"Deerfield Beach, Florida",2018-01-01,22230.0
1940,Florida,"Deerfield Beach, Florida",2019-01-01,21066.0
1340,Florida,"Deerfield Beach, Florida",2020-01-01,12262.0
740,Florida,"Deerfield Beach, Florida",2021-01-01,11094.0
140,Florida,"Deerfield Beach, Florida",2022-01-01,15142.0
10703,Texas,"Del Rio, Texas",2005-01-01,623.0
10103,Texas,"Del Rio, Texas",2006-01-01,845.0
9503,Texas,"Del Rio, Texas",2007-01-01,1590.0
8903,Texas,"Del Rio, Texas",2008-01-01,1665.0
8303,Texas,"Del Rio, Texas",2009-01-01,1849.0
7703,Texas,"Del Rio, Texas",2010-01-01,1881.0
7103,Texas,"Del Rio, Texas",2011-01-01,2242.0
6503,Texas,"Del Rio, Texas",2012-01-01,2175.0
5903,Texas,"Del Rio, Texas",2013-01-01,2443.0
5303,Texas,"Del Rio, Texas",2014-01-01,2385.0
4703,Texas,"Del Rio, Texas",2015-01-01,1960.0
4103,Texas,"Del Rio, Texas",2016-01-01,1939.0
3503,Texas,"Del Rio, Texas",2017-01-01,1764.0
2903,Texas,"Del Rio, Texas",2018-01-01,1695.0
2303,Texas,"Del Rio, Texas",2019-01-01,1650.0
1703,Texas,"Del Rio, Texas",2020-01-01,883.0
1103,Texas,"Del Rio, Texas",2021-01-01,1751.0
503,Texas,"Del Rio, Texas",2022-01-01,2328.0
10342,Florida,"Delray Beach, Florida",2005-01-01,3753.0
9742,Florida,"Delray Beach, Florida",2006-01-01,3268.0
9142,Florida,"Delray Beach, Florida",2007-01-01,8045.0
8542,Florida,"Delray Beach, Florida",2008-01-01,9448.0
7942,Florida,"Delray Beach, Florida",2009-01-01,10232.0
7342,Florida,"Delray Beach, Florida",2010-01-01,11626.0
6742,Florida,"Delray Beach, Florida",2011-01-01,12696.0
6142,Florida,"Delray Beach, Florida",2012-01-01,13448.0
5542,Florida,"Delray Beach, Florida",2013-01-01,13280.0
4942,Florida,"Delray Beach, Florida",2014-01-01,13703.0
4342,Florida,"Delray Beach, Florida",2015-01-01,14652.0
3742,Florida,"Delray Beach, Florida",2016-01-01,13180.0
3142,Florida,"Delray Beach, Florida",2017-01-01,13782.0
2542,Florida,"Delray Beach, Florida",2018-01-01,13643.0
1942,Florida,"Delray Beach, Florida",2019-01-01,14752.0
1342,Florida,"Delray Beach, Florida",2020-01-01,8829.0
742,Florida,"Delray Beach, Florida",2021-01-01,7194.0
142,Florida,"Delray Beach, Florida",2022-01-01,10476.0
10566,New Mexico,"Deming, New Mexico",2005-01-01,289.0
9966,New Mexico,"Deming, New Mexico",2006-01-01,263.0
9366,New Mexico,"Deming, New Mexico",2007-01-01,722.0
8766,New Mexico,"Deming, New Mexico",2008-01-01,812.0
8166,New Mexico,"Deming, New Mexico",2009-01-01,844.0
7566,New Mexico,"Deming, New Mexico",2010-01-01,869.0
6966,New Mexico,"Deming, New Mexico",2011-01-01,1047.0
6366,New Mexico,"Deming, New Mexico",2012-01-01,1170.0
5766,New Mexico,"Deming, New Mexico",2013-01-01,1382.0
5166,New Mexico,"Deming, New Mexico",2014-01-01,1338.0
4566,New Mexico,"Deming, New Mexico",2015-01-01,1453.0
3966,New Mexico,"Deming, New Mexico",2016-01-01,1452.0
3366,New Mexico,"Deming, New Mexico",2017-01-01,1469.0
2766,New Mexico,"Deming, New Mexico",2018-01-01,1388.0
2166,New Mexico,"Deming, New Mexico",2019-01-01,1295.0
1566,New Mexico,"Deming, New Mexico",2020-01-01,828.0
966,New Mexico,"Deming, New Mexico",2021-01-01,989.0
366,New Mexico,"Deming, New Mexico",2022-01-01,1085.0
10689,South Carolina,"Denmark, South Carolina",2005-01-01,2198.0
10089,South Carolina,"Denmark, South Carolina",2006-01-01,2262.0
9489,South Carolina,"Denmark, South Carolina",2007-01-01,4680.0
8889,South Carolina,"Denmark, South Carolina",2008-01-01,4903.0
8289,South Carolina,"Denmark, South Carolina",2009-01-01,4617.0
7689,South Carolina,"Denmark, South Carolina",2010-01-01,4485.0
7089,South Carolina,"Denmark, South Carolina",2011-01-01,4344.0
6489,South Carolina,"Denmark, South Carolina",2012-01-01,4254.0
5889,South Carolina,"Denmark, South Carolina",2013-01-01,4364.0
5289,South Carolina,"Denmark, South Carolina",2014-01-01,4094.0
4689,South Carolina,"Denmark, South Carolina",2015-01-01,3823.0
4089,South Carolina,"Denmark, South Carolina",2016-01-01,3486.0
3489,South Carolina,"Denmark, South Carolina",2017-01-01,3604.0
2889,South Carolina,"Denmark, South Carolina",2018-01-01,3230.0
2289,South Carolina,"Denmark, South Carolina",2019-01-01,3126.0
1689,South Carolina,"Denmark, South Carolina",2020-01-01,1887.0
1089,South Carolina,"Denmark, South Carolina",2021-01-01,1702.0
489,South Carolina,"Denmark, South Carolina",2022-01-01,2727.0
10309,Colorado,"Denver, Colorado",2005-01-01,65194.0
9709,Colorado,"Denver, Colorado",2006-01-01,61136.0
9109,Colorado,"Denver, Colorado",2007-01-01,123273.0
8509,Colorado,"Denver, Colorado",2008-01-01,129773.0
7909,Colorado,"Denver, Colorado",2009-01-01,120236.0
7309,Colorado,"Denver, Colorado",2010-01-01,128410.0
6709,Colorado,"Denver, Colorado",2011-01-01,115342.0
6109,Colorado,"Denver, Colorado",2012-01-01,113393.0
5509,Colorado,"Denver, Colorado",2013-01-01,108124.0
4909,Colorado,"Denver, Colorado",2014-01-01,111426.0
4309,Colorado,"Denver, Colorado",2015-01-01,126403.0
3709,Colorado,"Denver, Colorado",2016-01-01,139652.0
3109,Colorado,"Denver, Colorado",2017-01-01,154706.0
2509,Colorado,"Denver, Colorado",2018-01-01,143986.0
1909,Colorado,"Denver, Colorado",2019-01-01,142974.0
1309,Colorado,"Denver, Colorado",2020-01-01,89764.0
709,Colorado,"Denver, Colorado",2021-01-01,61216.0
109,Colorado,"Denver, Colorado",2022-01-01,104513.0
10492,Minnesota,"Detroit Lakes, Minnesota",2005-01-01,1707.0
9892,Minnesota,"Detroit Lakes, Minnesota",2006-01-01,1841.0
9292,Minnesota,"Detroit Lakes, Minnesota",2007-01-01,4148.0
8692,Minnesota,"Detroit Lakes, Minnesota",2008-01-01,4659.0
8092,Minnesota,"Detroit Lakes, Minnesota",2009-01-01,4522.0
7492,Minnesota,"Detroit Lakes, Minnesota",2010-01-01,4792.0
6892,Minnesota,"Detroit Lakes, Minnesota",2011-01-01,3917.0
6292,Minnesota,"Detroit Lakes, Minnesota",2012-01-01,4602.0
5692,Minnesota,"Detroit Lakes, Minnesota",2013-01-01,5103.0
5092,Minnesota,"Detroit Lakes, Minnesota",2014-01-01,4225.0
4492,Minnesota,"Detroit Lakes, Minnesota",2015-01-01,4383.0
3892,Minnesota,"Detroit Lakes, Minnesota",2016-01-01,5290.0
3292,Minnesota,"Detroit Lakes, Minnesota",2017-01-01,4667.0
2692,Minnesota,"Detroit Lakes, Minnesota",2018-01-01,4877.0
2092,Minnesota,"Detroit Lakes, Minnesota",2019-01-01,4697.0
1492,Minnesota,"Detroit Lakes, Minnesota",2020-01-01,3150.0
892,Minnesota,"Detroit Lakes, Minnesota",2021-01-01,2410.0
292,Minnesota,"Detroit Lakes, Minnesota",2022-01-01,3123.0
10473,Michigan,"Detroit, Michigan",2005-01-01,28585.0
9873,Michigan,"Detroit, Michigan",2006-01-01,27642.0
9273,Michigan,"Detroit, Michigan",2007-01-01,56548.0
8673,Michigan,"Detroit, Michigan",2008-01-01,59973.0
8073,Michigan,"Detroit, Michigan",2009-01-01,60684.0
7473,Michigan,"Detroit, Michigan",2010-01-01,67971.0
6873,Michigan,"Detroit, Michigan",2011-01-01,69085.0
6273,Michigan,"Detroit, Michigan",2012-01-01,66571.0
5673,Michigan,"Detroit, Michigan",2013-01-01,70626.0
5073,Michigan,"Detroit, Michigan",2014-01-01,62827.0
4473,Michigan,"Detroit, Michigan",2015-01-01,61497.0
3873,Michigan,"Detroit, Michigan",2016-01-01,50993.0
3273,Michigan,"Detroit, Michigan",2017-01-01,62128.0
2673,Michigan,"Detroit, Michigan",2018-01-01,66143.0
2073,Michigan,"Detroit, Michigan",2019-01-01,72059.0
1473,Michigan,"Detroit, Michigan",2020-01-01,39252.0
873,Michigan,"Detroit, Michigan",2021-01-01,29663.0
273,Michigan,"Detroit, Michigan",2022-01-01,54304.0
10621,North Dakota,"Devils Lake, North Dakota",2005-01-01,3017.0
10021,North Dakota,"Devils Lake, North Dakota",2006-01-01,3101.0
9421,North Dakota,"Devils Lake, North Dakota",2007-01-01,6536.0
8821,North Dakota,"Devils Lake, North Dakota",2008-01-01,6860.0
8221,North Dakota,"Devils Lake, North Dakota",2009-01-01,5740.0
7621,North Dakota,"Devils Lake, North Dakota",2010-01-01,6148.0
7021,North Dakota,"Devils Lake, North Dakota",2011-01-01,4569.0
6421,North Dakota,"Devils Lake, North Dakota",2012-01-01,5505.0
5821,North Dakota,"Devils Lake, North Dakota",2013-01-01,5142.0
5221,North Dakota,"Devils Lake, North Dakota",2014-01-01,3555.0
4621,North Dakota,"Devils Lake, North Dakota",2015-01-01,3512.0
4021,North Dakota,"Devils Lake, North Dakota",2016-01-01,4223.0
3421,North Dakota,"Devils Lake, North Dakota",2017-01-01,4506.0
2821,North Dakota,"Devils Lake, North Dakota",2018-01-01,4217.0
2221,North Dakota,"Devils Lake, North Dakota",2019-01-01,4128.0
1621,North Dakota,"Devils Lake, North Dakota",2020-01-01,2560.0
1021,North Dakota,"Devils Lake, North Dakota",2021-01-01,2287.0
421,North Dakota,"Devils Lake, North Dakota",2022-01-01,2803.0
10690,South Carolina,"Dillon, South Carolina",2005-01-01,2341.0
10090,South Carolina,"Dillon, South Carolina",2006-01-01,2986.0
9490,South Carolina,"Dillon, South Carolina",2007-01-01,7461.0
8890,South Carolina,"Dillon, South Carolina",2008-01-01,7693.0
8290,South Carolina,"Dillon, South Carolina",2009-01-01,7126.0
7690,South Carolina,"Dillon, South Carolina",2010-01-01,8463.0
7090,South Carolina,"Dillon, South Carolina",2011-01-01,9490.0
6490,South Carolina,"Dillon, South Carolina",2012-01-01,8745.0
5890,South Carolina,"Dillon, South Carolina",2013-01-01,9456.0
5290,South Carolina,"Dillon, South Carolina",2014-01-01,8601.0
4690,South Carolina,"Dillon, South Carolina",2015-01-01,8037.0
4090,South Carolina,"Dillon, South Carolina",2016-01-01,7573.0
3490,South Carolina,"Dillon, South Carolina",2017-01-01,6692.0
2890,South Carolina,"Dillon, South Carolina",2018-01-01,5841.0
2290,South Carolina,"Dillon, South Carolina",2019-01-01,5420.0
1690,South Carolina,"Dillon, South Carolina",2020-01-01,3435.0
1090,South Carolina,"Dillon, South Carolina",2021-01-01,3071.0
490,South Carolina,"Dillon, South Carolina",2022-01-01,3996.0
10423,Kansas,"Dodge City, Kansas",2005-01-01,1792.0
9823,Kansas,"Dodge City, Kansas",2006-01-01,2027.0
9223,Kansas,"Dodge City, Kansas",2007-01-01,4063.0
8623,Kansas,"Dodge City, Kansas",2008-01-01,4612.0
8023,Kansas,"Dodge City, Kansas",2009-01-01,4248.0
7423,Kansas,"Dodge City, Kansas",2010-01-01,4847.0
6823,Kansas,"Dodge City, Kansas",2011-01-01,5149.0
6223,Kansas,"Dodge City, Kansas",2012-01-01,5174.0
5623,Kansas,"Dodge City, Kansas",2013-01-01,5149.0
5023,Kansas,"Dodge City, Kansas",2014-01-01,5300.0
4423,Kansas,"Dodge City, Kansas",2015-01-01,5048.0
3823,Kansas,"Dodge City, Kansas",2016-01-01,4895.0
3223,Kansas,"Dodge City, Kansas",2017-01-01,5208.0
2623,Kansas,"Dodge City, Kansas",2018-01-01,5289.0
2023,Kansas,"Dodge City, Kansas",2019-01-01,5324.0
1423,Kansas,"Dodge City, Kansas",2020-01-01,3112.0
823,Kansas,"Dodge City, Kansas",2021-01-01,2187.0
223,Kansas,"Dodge City, Kansas",2022-01-01,3519.0
10556,New Hampshire,"Dover, New Hampshire",2005-01-01,14574.0
9956,New Hampshire,"Dover, New Hampshire",2006-01-01,19831.0
9356,New Hampshire,"Dover, New Hampshire",2007-01-01,39497.0
8756,New Hampshire,"Dover, New Hampshire",2008-01-01,56187.0
8156,New Hampshire,"Dover, New Hampshire",2009-01-01,53681.0
7556,New Hampshire,"Dover, New Hampshire",2010-01-01,57241.0
6956,New Hampshire,"Dover, New Hampshire",2011-01-01,59091.0
6356,New Hampshire,"Dover, New Hampshire",2012-01-01,63896.0
5756,New Hampshire,"Dover, New Hampshire",2013-01-01,61708.0
5156,New Hampshire,"Dover, New Hampshire",2014-01-01,55144.0
4556,New Hampshire,"Dover, New Hampshire",2015-01-01,46834.0
3956,New Hampshire,"Dover, New Hampshire",2016-01-01,52457.0
3356,New Hampshire,"Dover, New Hampshire",2017-01-01,59060.0
2756,New Hampshire,"Dover, New Hampshire",2018-01-01,63921.0
2156,New Hampshire,"Dover, New Hampshire",2019-01-01,127500.0
1556,New Hampshire,"Dover, New Hampshire",2020-01-01,29803.0
956,New Hampshire,"Dover, New Hampshire",2021-01-01,20667.0
356,New Hampshire,"Dover, New Hampshire",2022-01-01,43622.0
10474,Michigan,"Dowagiac, Michigan",2005-01-01,898.0
9874,Michigan,"Dowagiac, Michigan",2006-01-01,1115.0
9274,Michigan,"Dowagiac, Michigan",2007-01-01,2579.0
8674,Michigan,"Dowagiac, Michigan",2008-01-01,2919.0
8074,Michigan,"Dowagiac, Michigan",2009-01-01,2435.0
7474,Michigan,"Dowagiac, Michigan",2010-01-01,3169.0
6874,Michigan,"Dowagiac, Michigan",2011-01-01,3266.0
6274,Michigan,"Dowagiac, Michigan",2012-01-01,3740.0
5674,Michigan,"Dowagiac, Michigan",2013-01-01,4108.0
5074,Michigan,"Dowagiac, Michigan",2014-01-01,4403.0
4474,Michigan,"Dowagiac, Michigan",2015-01-01,4474.0
3874,Michigan,"Dowagiac, Michigan",2016-01-01,4060.0
3274,Michigan,"Dowagiac, Michigan",2017-01-01,4572.0
2674,Michigan,"Dowagiac, Michigan",2018-01-01,4975.0
2074,Michigan,"Dowagiac, Michigan",2019-01-01,4839.0
1474,Michigan,"Dowagiac, Michigan",2020-01-01,2453.0
874,Michigan,"Dowagiac, Michigan",2021-01-01,2322.0
274,Michigan,"Dowagiac, Michigan",2022-01-01,3878.0
10659,Pennsylvania,"Downingtown, Pennsylvania",2005-01-01,13419.0
10059,Pennsylvania,"Downingtown, Pennsylvania",2006-01-01,16082.0
9459,Pennsylvania,"Downingtown, Pennsylvania",2007-01-01,37941.0
8859,Pennsylvania,"Downingtown, Pennsylvania",2008-01-01,50255.0
8259,Pennsylvania,"Downingtown, Pennsylvania",2009-01-01,51822.0
7659,Pennsylvania,"Downingtown, Pennsylvania",2010-01-01,59129.0
7059,Pennsylvania,"Downingtown, Pennsylvania",2011-01-01,64535.0
6459,Pennsylvania,"Downingtown, Pennsylvania",2012-01-01,65345.0
5859,Pennsylvania,"Downingtown, Pennsylvania",2013-01-01,68918.0
5259,Pennsylvania,"Downingtown, Pennsylvania",2014-01-01,60105.0
4659,Pennsylvania,"Downingtown, Pennsylvania",2015-01-01,61442.0
4059,Pennsylvania,"Downingtown, Pennsylvania",2016-01-01,77574.0
3459,Pennsylvania,"Downingtown, Pennsylvania",2017-01-01,87443.0
2859,Pennsylvania,"Downingtown, Pennsylvania",2018-01-01,81518.0
2259,Pennsylvania,"Downingtown, Pennsylvania",2019-01-01,81326.0
1659,Pennsylvania,"Downingtown, Pennsylvania",2020-01-01,38891.0
1059,Pennsylvania,"Downingtown, Pennsylvania",2021-01-01,16719.0
459,Pennsylvania,"Downingtown, Pennsylvania",2022-01-01,32653.0
10378,Illinois,"Du Quoin, Illinois",2005-01-01,2103.0
9778,Illinois,"Du Quoin, Illinois",2006-01-01,2584.0
9178,Illinois,"Du Quoin, Illinois",2007-01-01,7445.0
8578,Illinois,"Du Quoin, Illinois",2008-01-01,8331.0
7978,Illinois,"Du Quoin, Illinois",2009-01-01,8097.0
7378,Illinois,"Du Quoin, Illinois",2010-01-01,9250.0
6778,Illinois,"Du Quoin, Illinois",2011-01-01,10241.0
6178,Illinois,"Du Quoin, Illinois",2012-01-01,10776.0
5578,Illinois,"Du Quoin, Illinois",2013-01-01,11481.0
4978,Illinois,"Du Quoin, Illinois",2014-01-01,11362.0
4378,Illinois,"Du Quoin, Illinois",2015-01-01,10197.0
3778,Illinois,"Du Quoin, Illinois",2016-01-01,8972.0
3178,Illinois,"Du Quoin, Illinois",2017-01-01,8717.0
2578,Illinois,"Du Quoin, Illinois",2018-01-01,8309.0
1978,Illinois,"Du Quoin, Illinois",2019-01-01,7949.0
1378,Illinois,"Du Quoin, Illinois",2020-01-01,4389.0
778,Illinois,"Du Quoin, Illinois",2021-01-01,3108.0
178,Illinois,"Du Quoin, Illinois",2022-01-01,4196.0
10493,Minnesota,"Duluth, Minnesota",2005-01-01,500.0
10238,California,"Dunsmuir, California",2005-01-01,1989.0
9638,California,"Dunsmuir, California",2006-01-01,1945.0
9038,California,"Dunsmuir, California",2007-01-01,3879.0
8438,California,"Dunsmuir, California",2008-01-01,3402.0
7838,California,"Dunsmuir, California",2009-01-01,3950.0
7238,California,"Dunsmuir, California",2010-01-01,4879.0
6638,California,"Dunsmuir, California",2011-01-01,5370.0
6038,California,"Dunsmuir, California",2012-01-01,5385.0
5438,California,"Dunsmuir, California",2013-01-01,5912.0
4838,California,"Dunsmuir, California",2014-01-01,5892.0
4238,California,"Dunsmuir, California",2015-01-01,6166.0
3638,California,"Dunsmuir, California",2016-01-01,5958.0
3038,California,"Dunsmuir, California",2017-01-01,5330.0
2438,California,"Dunsmuir, California",2018-01-01,4654.0
1838,California,"Dunsmuir, California",2019-01-01,5178.0
1238,California,"Dunsmuir, California",2020-01-01,3680.0
638,California,"Dunsmuir, California",2021-01-01,2160.0
38,California,"Dunsmuir, California",2022-01-01,3496.0
10475,Michigan,"Durand, Michigan",2005-01-01,3402.0
9875,Michigan,"Durand, Michigan",2006-01-01,4243.0
9275,Michigan,"Durand, Michigan",2007-01-01,8361.0
8675,Michigan,"Durand, Michigan",2008-01-01,9310.0
8075,Michigan,"Durand, Michigan",2009-01-01,9283.0
7475,Michigan,"Durand, Michigan",2010-01-01,10198.0
6875,Michigan,"Durand, Michigan",2011-01-01,12250.0
6275,Michigan,"Durand, Michigan",2012-01-01,12912.0
5675,Michigan,"Durand, Michigan",2013-01-01,14295.0
5075,Michigan,"Durand, Michigan",2014-01-01,15067.0
4475,Michigan,"Durand, Michigan",2015-01-01,13577.0
3875,Michigan,"Durand, Michigan",2016-01-01,12699.0
3275,Michigan,"Durand, Michigan",2017-01-01,12947.0
2675,Michigan,"Durand, Michigan",2018-01-01,13738.0
2075,Michigan,"Durand, Michigan",2019-01-01,13622.0
1475,Michigan,"Durand, Michigan",2020-01-01,6863.0
875,Michigan,"Durand, Michigan",2021-01-01,5942.0
275,Michigan,"Durand, Michigan",2022-01-01,9535.0
10606,North Carolina,"Durham, North Carolina",2005-01-01,17498.0
10006,North Carolina,"Durham, North Carolina",2006-01-01,20062.0
9406,North Carolina,"Durham, North Carolina",2007-01-01,39436.0
8806,North Carolina,"Durham, North Carolina",2008-01-01,49986.0
8206,North Carolina,"Durham, North Carolina",2009-01-01,52444.0
7606,North Carolina,"Durham, North Carolina",2010-01-01,65192.0
7006,North Carolina,"Durham, North Carolina",2011-01-01,74783.0
6406,North Carolina,"Durham, North Carolina",2012-01-01,79292.0
5806,North Carolina,"Durham, North Carolina",2013-01-01,83232.0
5206,North Carolina,"Durham, North Carolina",2014-01-01,83090.0
4606,North Carolina,"Durham, North Carolina",2015-01-01,80013.0
4006,North Carolina,"Durham, North Carolina",2016-01-01,73607.0
3406,North Carolina,"Durham, North Carolina",2017-01-01,71924.0
2806,North Carolina,"Durham, North Carolina",2018-01-01,75210.0
2206,North Carolina,"Durham, North Carolina",2019-01-01,82935.0
1606,North Carolina,"Durham, North Carolina",2020-01-01,46126.0
1006,North Carolina,"Durham, North Carolina",2021-01-01,42927.0
406,North Carolina,"Durham, North Carolina",2022-01-01,80643.0
10557,New Hampshire,"Durham-UNH, New Hampshire",2005-01-01,17621.0
9957,New Hampshire,"Durham-UNH, New Hampshire",2006-01-01,26396.0
9357,New Hampshire,"Durham-UNH, New Hampshire",2007-01-01,50367.0
8757,New Hampshire,"Durham-UNH, New Hampshire",2008-01-01,66173.0
8157,New Hampshire,"Durham-UNH, New Hampshire",2009-01-01,61262.0
7557,New Hampshire,"Durham-UNH, New Hampshire",2010-01-01,54777.0
6957,New Hampshire,"Durham-UNH, New Hampshire",2011-01-01,53087.0
6357,New Hampshire,"Durham-UNH, New Hampshire",2012-01-01,55721.0
5757,New Hampshire,"Durham-UNH, New Hampshire",2013-01-01,60978.0
5157,New Hampshire,"Durham-UNH, New Hampshire",2014-01-01,58894.0
4557,New Hampshire,"Durham-UNH, New Hampshire",2015-01-01,52898.0
3957,New Hampshire,"Durham-UNH, New Hampshire",2016-01-01,63046.0
3357,New Hampshire,"Durham-UNH, New Hampshire",2017-01-01,58804.0
2757,New Hampshire,"Durham-UNH, New Hampshire",2018-01-01,57703.0
2157,New Hampshire,"Durham-UNH, New Hampshire",2019-01-01,114080.0
1557,New Hampshire,"Durham-UNH, New Hampshire",2020-01-01,31476.0
957,New Hampshire,"Durham-UNH, New Hampshire",2021-01-01,19016.0
357,New Hampshire,"Durham-UNH, New Hampshire",2022-01-01,43299.0
10379,Illinois,"Dwight, Illinois",2005-01-01,2263.0
9779,Illinois,"Dwight, Illinois",2006-01-01,2796.0
9179,Illinois,"Dwight, Illinois",2007-01-01,7387.0
8579,Illinois,"Dwight, Illinois",2008-01-01,7768.0
7979,Illinois,"Dwight, Illinois",2009-01-01,7897.0
7379,Illinois,"Dwight, Illinois",2010-01-01,9911.0
6779,Illinois,"Dwight, Illinois",2011-01-01,8937.0
6179,Illinois,"Dwight, Illinois",2012-01-01,10184.0
5579,Illinois,"Dwight, Illinois",2013-01-01,10763.0
4979,Illinois,"Dwight, Illinois",2014-01-01,10995.0
4379,Illinois,"Dwight, Illinois",2015-01-01,10191.0
3779,Illinois,"Dwight, Illinois",2016-01-01,9361.0
3179,Illinois,"Dwight, Illinois",2017-01-01,10058.0
2579,Illinois,"Dwight, Illinois",2018-01-01,9913.0
1979,Illinois,"Dwight, Illinois",2019-01-01,10073.0
1379,Illinois,"Dwight, Illinois",2020-01-01,5249.0
779,Illinois,"Dwight, Illinois",2021-01-01,3871.0
179,Illinois,"Dwight, Illinois",2022-01-01,4941.0
10406,Indiana,"Dyer, Indiana",2005-01-01,533.0
9806,Indiana,"Dyer, Indiana",2006-01-01,636.0
9206,Indiana,"Dyer, Indiana",2007-01-01,1723.0
8606,Indiana,"Dyer, Indiana",2008-01-01,2162.0
8006,Indiana,"Dyer, Indiana",2009-01-01,2324.0
7406,Indiana,"Dyer, Indiana",2010-01-01,2257.0
6806,Indiana,"Dyer, Indiana",2011-01-01,2439.0
6206,Indiana,"Dyer, Indiana",2012-01-01,2756.0
5606,Indiana,"Dyer, Indiana",2013-01-01,2934.0
5006,Indiana,"Dyer, Indiana",2014-01-01,3392.0
4406,Indiana,"Dyer, Indiana",2015-01-01,3463.0
3806,Indiana,"Dyer, Indiana",2016-01-01,3082.0
3206,Indiana,"Dyer, Indiana",2017-01-01,3142.0
2606,Indiana,"Dyer, Indiana",2018-01-01,3198.0
2006,Indiana,"Dyer, Indiana",2019-01-01,2991.0
1406,Indiana,"Dyer, Indiana",2020-01-01,1090.0
806,Indiana,"Dyer, Indiana",2021-01-01,1092.0
206,Indiana,"Dyer, Indiana",2022-01-01,959.0
10530,Montana,"East Glacier (summer only), Montana",2005-01-01,5865.0
9930,Montana,"East Glacier (summer only), Montana",2006-01-01,5366.0
9330,Montana,"East Glacier (summer only), Montana",2007-01-01,13663.0
8730,Montana,"East Glacier (summer only), Montana",2008-01-01,15759.0
8130,Montana,"East Glacier (summer only), Montana",2009-01-01,13146.0
7530,Montana,"East Glacier (summer only), Montana",2010-01-01,17652.0
6930,Montana,"East Glacier (summer only), Montana",2011-01-01,11950.0
6330,Montana,"East Glacier (summer only), Montana",2012-01-01,14886.0
5730,Montana,"East Glacier (summer only), Montana",2013-01-01,14814.0
5130,Montana,"East Glacier (summer only), Montana",2014-01-01,11952.0
4530,Montana,"East Glacier (summer only), Montana",2015-01-01,12043.0
3930,Montana,"East Glacier (summer only), Montana",2016-01-01,13809.0
3330,Montana,"East Glacier (summer only), Montana",2017-01-01,14348.0
2730,Montana,"East Glacier (summer only), Montana",2018-01-01,14414.0
2130,Montana,"East Glacier (summer only), Montana",2019-01-01,14677.0
1530,Montana,"East Glacier (summer only), Montana",2020-01-01,836.0
930,Montana,"East Glacier (summer only), Montana",2021-01-01,10949.0
330,Montana,"East Glacier (summer only), Montana",2022-01-01,9528.0
10476,Michigan,"East Lansing, Michigan",2005-01-01,20168.0
9876,Michigan,"East Lansing, Michigan",2006-01-01,22615.0
9276,Michigan,"East Lansing, Michigan",2007-01-01,48518.0
8676,Michigan,"East Lansing, Michigan",2008-01-01,51012.0
8076,Michigan,"East Lansing, Michigan",2009-01-01,52010.0
7476,Michigan,"East Lansing, Michigan",2010-01-01,59812.0
6876,Michigan,"East Lansing, Michigan",2011-01-01,68554.0
6276,Michigan,"East Lansing, Michigan",2012-01-01,68147.0
5676,Michigan,"East Lansing, Michigan",2013-01-01,66398.0
5076,Michigan,"East Lansing, Michigan",2014-01-01,66402.0
4476,Michigan,"East Lansing, Michigan",2015-01-01,65355.0
3876,Michigan,"East Lansing, Michigan",2016-01-01,66313.0
3276,Michigan,"East Lansing, Michigan",2017-01-01,69599.0
2676,Michigan,"East Lansing, Michigan",2018-01-01,69359.0
2076,Michigan,"East Lansing, Michigan",2019-01-01,69210.0
1476,Michigan,"East Lansing, Michigan",2020-01-01,38070.0
876,Michigan,"East Lansing, Michigan",2021-01-01,32574.0
276,Michigan,"East Lansing, Michigan",2022-01-01,59224.0
10764,Washington,"Edmonds, Washington",2005-01-01,14642.0
10164,Washington,"Edmonds, Washington",2006-01-01,14690.0
9564,Washington,"Edmonds, Washington",2007-01-01,28462.0
8964,Washington,"Edmonds, Washington",2008-01-01,30876.0
8364,Washington,"Edmonds, Washington",2009-01-01,31225.0
7764,Washington,"Edmonds, Washington",2010-01-01,32668.0
7164,Washington,"Edmonds, Washington",2011-01-01,30472.0
6564,Washington,"Edmonds, Washington",2012-01-01,32896.0
5964,Washington,"Edmonds, Washington",2013-01-01,29250.0
5364,Washington,"Edmonds, Washington",2014-01-01,29604.0
4764,Washington,"Edmonds, Washington",2015-01-01,30012.0
4164,Washington,"Edmonds, Washington",2016-01-01,31389.0
3564,Washington,"Edmonds, Washington",2017-01-01,31081.0
2964,Washington,"Edmonds, Washington",2018-01-01,28999.0
2364,Washington,"Edmonds, Washington",2019-01-01,29462.0
1764,Washington,"Edmonds, Washington",2020-01-01,13085.0
1164,Washington,"Edmonds, Washington",2021-01-01,3033.0
564,Washington,"Edmonds, Washington",2022-01-01,4223.0
10380,Illinois,"Effingham, Illinois",2005-01-01,5179.0
9780,Illinois,"Effingham, Illinois",2006-01-01,5688.0
9180,Illinois,"Effingham, Illinois",2007-01-01,20152.0
8580,Illinois,"Effingham, Illinois",2008-01-01,22367.0
7980,Illinois,"Effingham, Illinois",2009-01-01,23138.0
7380,Illinois,"Effingham, Illinois",2010-01-01,22394.0
6780,Illinois,"Effingham, Illinois",2011-01-01,25641.0
6180,Illinois,"Effingham, Illinois",2012-01-01,28530.0
5580,Illinois,"Effingham, Illinois",2013-01-01,29359.0
4980,Illinois,"Effingham, Illinois",2014-01-01,29330.0
4380,Illinois,"Effingham, Illinois",2015-01-01,27195.0
3780,Illinois,"Effingham, Illinois",2016-01-01,26276.0
3180,Illinois,"Effingham, Illinois",2017-01-01,25907.0
2580,Illinois,"Effingham, Illinois",2018-01-01,24384.0
1980,Illinois,"Effingham, Illinois",2019-01-01,23619.0
1380,Illinois,"Effingham, Illinois",2020-01-01,12713.0
780,Illinois,"Effingham, Illinois",2021-01-01,8242.0
180,Illinois,"Effingham, Illinois",2022-01-01,12798.0
10704,Texas,"El Paso, Texas",2005-01-01,4950.0
10104,Texas,"El Paso, Texas",2006-01-01,4354.0
9504,Texas,"El Paso, Texas",2007-01-01,8672.0
8904,Texas,"El Paso, Texas",2008-01-01,9605.0
8304,Texas,"El Paso, Texas",2009-01-01,9397.0
7704,Texas,"El Paso, Texas",2010-01-01,10415.0
7104,Texas,"El Paso, Texas",2011-01-01,11470.0
6504,Texas,"El Paso, Texas",2012-01-01,12329.0
5904,Texas,"El Paso, Texas",2013-01-01,13093.0
5304,Texas,"El Paso, Texas",2014-01-01,13272.0
4704,Texas,"El Paso, Texas",2015-01-01,13915.0
4104,Texas,"El Paso, Texas",2016-01-01,14584.0
3504,Texas,"El Paso, Texas",2017-01-01,14922.0
2904,Texas,"El Paso, Texas",2018-01-01,14267.0
2304,Texas,"El Paso, Texas",2019-01-01,14362.0
1704,Texas,"El Paso, Texas",2020-01-01,8896.0
1104,Texas,"El Paso, Texas",2021-01-01,8554.0
504,Texas,"El Paso, Texas",2022-01-01,11896.0
10660,Pennsylvania,"Elizabethtown, Pennsylvania",2005-01-01,24489.0
10060,Pennsylvania,"Elizabethtown, Pennsylvania",2006-01-01,30327.0
9460,Pennsylvania,"Elizabethtown, Pennsylvania",2007-01-01,74091.0
8860,Pennsylvania,"Elizabethtown, Pennsylvania",2008-01-01,90644.0
8260,Pennsylvania,"Elizabethtown, Pennsylvania",2009-01-01,95173.0
7660,Pennsylvania,"Elizabethtown, Pennsylvania",2010-01-01,95096.0
7060,Pennsylvania,"Elizabethtown, Pennsylvania",2011-01-01,99063.0
6460,Pennsylvania,"Elizabethtown, Pennsylvania",2012-01-01,112198.0
5860,Pennsylvania,"Elizabethtown, Pennsylvania",2013-01-01,123153.0
5260,Pennsylvania,"Elizabethtown, Pennsylvania",2014-01-01,108722.0
4660,Pennsylvania,"Elizabethtown, Pennsylvania",2015-01-01,109834.0
4060,Pennsylvania,"Elizabethtown, Pennsylvania",2016-01-01,106151.0
3460,Pennsylvania,"Elizabethtown, Pennsylvania",2017-01-01,101246.0
2860,Pennsylvania,"Elizabethtown, Pennsylvania",2018-01-01,100019.0
2260,Pennsylvania,"Elizabethtown, Pennsylvania",2019-01-01,100505.0
1660,Pennsylvania,"Elizabethtown, Pennsylvania",2020-01-01,46517.0
1060,Pennsylvania,"Elizabethtown, Pennsylvania",2021-01-01,22232.0
460,Pennsylvania,"Elizabethtown, Pennsylvania",2022-01-01,39359.0
10407,Indiana,"Elkhart, Indiana",2005-01-01,4197.0
9807,Indiana,"Elkhart, Indiana",2006-01-01,4891.0
9207,Indiana,"Elkhart, Indiana",2007-01-01,11718.0
8607,Indiana,"Elkhart, Indiana",2008-01-01,14115.0
8007,Indiana,"Elkhart, Indiana",2009-01-01,13375.0
7407,Indiana,"Elkhart, Indiana",2010-01-01,16080.0
6807,Indiana,"Elkhart, Indiana",2011-01-01,17070.0
6207,Indiana,"Elkhart, Indiana",2012-01-01,18141.0
5607,Indiana,"Elkhart, Indiana",2013-01-01,20080.0
5007,Indiana,"Elkhart, Indiana",2014-01-01,21666.0
4407,Indiana,"Elkhart, Indiana",2015-01-01,20741.0
3807,Indiana,"Elkhart, Indiana",2016-01-01,21317.0
3207,Indiana,"Elkhart, Indiana",2017-01-01,22599.0
2607,Indiana,"Elkhart, Indiana",2018-01-01,21875.0
2007,Indiana,"Elkhart, Indiana",2019-01-01,20631.0
1407,Indiana,"Elkhart, Indiana",2020-01-01,14693.0
807,Indiana,"Elkhart, Indiana",2021-01-01,10427.0
207,Indiana,"Elkhart, Indiana",2022-01-01,16157.0
10550,Nevada,"Elko, Nevada",2005-01-01,2166.0
9950,Nevada,"Elko, Nevada",2006-01-01,2649.0
9340,Nebraska,"Elko, Nevada",2007-01-01,3957.0
8740,Nebraska,"Elko, Nevada",2008-01-01,4607.0
8150,Nevada,"Elko, Nevada",2009-01-01,5279.0
7550,Nevada,"Elko, Nevada",2010-01-01,6835.0
6950,Nevada,"Elko, Nevada",2011-01-01,7125.0
6350,Nevada,"Elko, Nevada",2012-01-01,8278.0
5750,Nevada,"Elko, Nevada",2013-01-01,9657.0
5150,Nevada,"Elko, Nevada",2014-01-01,9436.0
4550,Nevada,"Elko, Nevada",2015-01-01,8050.0
3950,Nevada,"Elko, Nevada",2016-01-01,7550.0
3350,Nevada,"Elko, Nevada",2017-01-01,7219.0
2750,Nevada,"Elko, Nevada",2018-01-01,8656.0
2150,Nevada,"Elko, Nevada",2019-01-01,8360.0
1550,Nevada,"Elko, Nevada",2020-01-01,5885.0
950,Nevada,"Elko, Nevada",2021-01-01,3807.0
350,Nevada,"Elko, Nevada",2022-01-01,4894.0
10633,Ohio,"Elyria, Ohio",2005-01-01,1395.0
10033,Ohio,"Elyria, Ohio",2006-01-01,1308.0
9433,Ohio,"Elyria, Ohio",2007-01-01,2885.0
8833,Ohio,"Elyria, Ohio",2008-01-01,3426.0
8233,Ohio,"Elyria, Ohio",2009-01-01,3719.0
7633,Ohio,"Elyria, Ohio",2010-01-01,4862.0
7033,Ohio,"Elyria, Ohio",2011-01-01,5062.0
6433,Ohio,"Elyria, Ohio",2012-01-01,6408.0
5833,Ohio,"Elyria, Ohio",2013-01-01,6548.0
5233,Ohio,"Elyria, Ohio",2014-01-01,6721.0
4633,Ohio,"Elyria, Ohio",2015-01-01,6578.0
4033,Ohio,"Elyria, Ohio",2016-01-01,6018.0
3433,Ohio,"Elyria, Ohio",2017-01-01,7104.0
2833,Ohio,"Elyria, Ohio",2018-01-01,7275.0
2233,Ohio,"Elyria, Ohio",2019-01-01,5828.0
1633,Ohio,"Elyria, Ohio",2020-01-01,5098.0
1033,Ohio,"Elyria, Ohio",2021-01-01,4578.0
433,Ohio,"Elyria, Ohio",2022-01-01,6697.0
10239,California,"Emeryville, California",2005-01-01,254039.0
9639,California,"Emeryville, California",2006-01-01,238101.0
9039,California,"Emeryville, California",2007-01-01,482777.0
8439,California,"Emeryville, California",2008-01-01,528203.0
7839,California,"Emeryville, California",2009-01-01,520969.0
7239,California,"Emeryville, California",2010-01-01,529965.0
6639,California,"Emeryville, California",2011-01-01,583865.0
6039,California,"Emeryville, California",2012-01-01,586876.0
5439,California,"Emeryville, California",2013-01-01,598859.0
4839,California,"Emeryville, California",2014-01-01,578386.0
4239,California,"Emeryville, California",2015-01-01,587926.0
3639,California,"Emeryville, California",2016-01-01,581573.0
3039,California,"Emeryville, California",2017-01-01,581138.0
2439,California,"Emeryville, California",2018-01-01,595017.0
1839,California,"Emeryville, California",2019-01-01,585849.0
1239,California,"Emeryville, California",2020-01-01,279498.0
639,California,"Emeryville, California",2021-01-01,164264.0
39,California,"Emeryville, California",2022-01-01,283631.0
5440,California,"Encinitas, California",2013-01-01,0.0
4840,California,"Encinitas, California",2014-01-01,7151.0
4240,California,"Encinitas, California",2015-01-01,11945.0
3640,California,"Encinitas, California",2016-01-01,12975.0
3040,California,"Encinitas, California",2017-01-01,13224.0
2441,California,"Encinitas, California",2018-01-01,122.0
10765,Washington,"Ephrata, Washington",2005-01-01,1208.0
10165,Washington,"Ephrata, Washington",2006-01-01,1393.0
9565,Washington,"Ephrata, Washington",2007-01-01,3571.0
8965,Washington,"Ephrata, Washington",2008-01-01,4178.0
8365,Washington,"Ephrata, Washington",2009-01-01,3941.0
7765,Washington,"Ephrata, Washington",2010-01-01,3543.0
7165,Washington,"Ephrata, Washington",2011-01-01,3063.0
6565,Washington,"Ephrata, Washington",2012-01-01,3874.0
5965,Washington,"Ephrata, Washington",2013-01-01,3750.0
5365,Washington,"Ephrata, Washington",2014-01-01,3576.0
4765,Washington,"Ephrata, Washington",2015-01-01,3443.0
4165,Washington,"Ephrata, Washington",2016-01-01,3509.0
3565,Washington,"Ephrata, Washington",2017-01-01,3742.0
2965,Washington,"Ephrata, Washington",2018-01-01,3503.0
2365,Washington,"Ephrata, Washington",2019-01-01,3977.0
1765,Washington,"Ephrata, Washington",2020-01-01,2500.0
1165,Washington,"Ephrata, Washington",2021-01-01,2014.0
565,Washington,"Ephrata, Washington",2022-01-01,2441.0
10661,Pennsylvania,"Erie, Pennsylvania",2005-01-01,4224.0
10061,Pennsylvania,"Erie, Pennsylvania",2006-01-01,4111.0
9461,Pennsylvania,"Erie, Pennsylvania",2007-01-01,10182.0
8861,Pennsylvania,"Erie, Pennsylvania",2008-01-01,11855.0
8261,Pennsylvania,"Erie, Pennsylvania",2009-01-01,12668.0
7661,Pennsylvania,"Erie, Pennsylvania",2010-01-01,14833.0
7061,Pennsylvania,"Erie, Pennsylvania",2011-01-01,15859.0
6461,Pennsylvania,"Erie, Pennsylvania",2012-01-01,17794.0
5861,Pennsylvania,"Erie, Pennsylvania",2013-01-01,18108.0
5261,Pennsylvania,"Erie, Pennsylvania",2014-01-01,18312.0
4661,Pennsylvania,"Erie, Pennsylvania",2015-01-01,16633.0
4061,Pennsylvania,"Erie, Pennsylvania",2016-01-01,16273.0
3461,Pennsylvania,"Erie, Pennsylvania",2017-01-01,16766.0
2861,Pennsylvania,"Erie, Pennsylvania",2018-01-01,14974.0
2261,Pennsylvania,"Erie, Pennsylvania",2019-01-01,15573.0
1661,Pennsylvania,"Erie, Pennsylvania",2020-01-01,10175.0
1061,Pennsylvania,"Erie, Pennsylvania",2021-01-01,9001.0
461,Pennsylvania,"Erie, Pennsylvania",2022-01-01,13389.0
10727,Vermont,"Essex Junction, Vermont",2005-01-01,3317.0
10127,Vermont,"Essex Junction, Vermont",2006-01-01,4668.0
9527,Vermont,"Essex Junction, Vermont",2007-01-01,12422.0
8927,Vermont,"Essex Junction, Vermont",2008-01-01,15823.0
8327,Vermont,"Essex Junction, Vermont",2009-01-01,16702.0
7727,Vermont,"Essex Junction, Vermont",2010-01-01,22857.0
7127,Vermont,"Essex Junction, Vermont",2011-01-01,21798.0
6527,Vermont,"Essex Junction, Vermont",2012-01-01,20706.0
5927,Vermont,"Essex Junction, Vermont",2013-01-01,20579.0
5327,Vermont,"Essex Junction, Vermont",2014-01-01,21883.0
4727,Vermont,"Essex Junction, Vermont",2015-01-01,21315.0
4127,Vermont,"Essex Junction, Vermont",2016-01-01,18964.0
3527,Vermont,"Essex Junction, Vermont",2017-01-01,19893.0
2927,Vermont,"Essex Junction, Vermont",2018-01-01,20649.0
2327,Vermont,"Essex Junction, Vermont",2019-01-01,21029.0
1727,Vermont,"Essex Junction, Vermont",2020-01-01,11070.0
1127,Vermont,"Essex Junction, Vermont",2021-01-01,4091.0
527,Vermont,"Essex Junction, Vermont",2022-01-01,17412.0
10531,Montana,"Essex, Montana",2005-01-01,1746.0
9931,Montana,"Essex, Montana",2006-01-01,1771.0
9331,Montana,"Essex, Montana",2007-01-01,4194.0
8731,Montana,"Essex, Montana",2008-01-01,4941.0
8131,Montana,"Essex, Montana",2009-01-01,4280.0
7531,Montana,"Essex, Montana",2010-01-01,4746.0
6931,Montana,"Essex, Montana",2011-01-01,3568.0
6331,Montana,"Essex, Montana",2012-01-01,3354.0
5731,Montana,"Essex, Montana",2013-01-01,3869.0
5131,Montana,"Essex, Montana",2014-01-01,2920.0
4531,Montana,"Essex, Montana",2015-01-01,2456.0
3931,Montana,"Essex, Montana",2016-01-01,3025.0
3331,Montana,"Essex, Montana",2017-01-01,3253.0
2731,Montana,"Essex, Montana",2018-01-01,3286.0
2131,Montana,"Essex, Montana",2019-01-01,3408.0
1531,Montana,"Essex, Montana",2020-01-01,2255.0
931,Montana,"Essex, Montana",2021-01-01,1740.0
331,Montana,"Essex, Montana",2022-01-01,1795.0
10649,Oregon,"Eugene, Oregon",2005-01-01,44245.0
10049,Oregon,"Eugene, Oregon",2006-01-01,41272.0
9449,Oregon,"Eugene, Oregon",2007-01-01,89454.0
8849,Oregon,"Eugene, Oregon",2008-01-01,100211.0
8249,Oregon,"Eugene, Oregon",2009-01-01,104481.0
7649,Oregon,"Eugene, Oregon",2010-01-01,110633.0
7049,Oregon,"Eugene, Oregon",2011-01-01,112528.0
6449,Oregon,"Eugene, Oregon",2012-01-01,118087.0
5849,Oregon,"Eugene, Oregon",2013-01-01,118006.0
5249,Oregon,"Eugene, Oregon",2014-01-01,102214.0
4649,Oregon,"Eugene, Oregon",2015-01-01,98523.0
4049,Oregon,"Eugene, Oregon",2016-01-01,93182.0
3449,Oregon,"Eugene, Oregon",2017-01-01,93167.0
2849,Oregon,"Eugene, Oregon",2018-01-01,89279.0
2249,Oregon,"Eugene, Oregon",2019-01-01,85770.0
1649,Oregon,"Eugene, Oregon",2020-01-01,50005.0
1049,Oregon,"Eugene, Oregon",2021-01-01,35570.0
449,Oregon,"Eugene, Oregon",2022-01-01,70980.0
10766,Washington,"Everett, Washington",2005-01-01,20650.0
10166,Washington,"Everett, Washington",2006-01-01,20522.0
9566,Washington,"Everett, Washington",2007-01-01,40475.0
8966,Washington,"Everett, Washington",2008-01-01,44514.0
8366,Washington,"Everett, Washington",2009-01-01,42982.0
7766,Washington,"Everett, Washington",2010-01-01,45449.0
7166,Washington,"Everett, Washington",2011-01-01,42288.0
6566,Washington,"Everett, Washington",2012-01-01,44576.0
5966,Washington,"Everett, Washington",2013-01-01,43115.0
5366,Washington,"Everett, Washington",2014-01-01,42225.0
4766,Washington,"Everett, Washington",2015-01-01,40693.0
4166,Washington,"Everett, Washington",2016-01-01,41544.0
3566,Washington,"Everett, Washington",2017-01-01,41783.0
2966,Washington,"Everett, Washington",2018-01-01,38997.0
2366,Washington,"Everett, Washington",2019-01-01,40249.0
1766,Washington,"Everett, Washington",2020-01-01,20491.0
1166,Washington,"Everett, Washington",2021-01-01,9853.0
566,Washington,"Everett, Washington",2022-01-01,11914.0
10558,New Hampshire,"Exeter, New Hampshire",2005-01-01,26546.0
9958,New Hampshire,"Exeter, New Hampshire",2006-01-01,29238.0
9358,New Hampshire,"Exeter, New Hampshire",2007-01-01,73505.0
8758,New Hampshire,"Exeter, New Hampshire",2008-01-01,95204.0
8158,New Hampshire,"Exeter, New Hampshire",2009-01-01,91279.0
7558,New Hampshire,"Exeter, New Hampshire",2010-01-01,90123.0
6958,New Hampshire,"Exeter, New Hampshire",2011-01-01,90968.0
6358,New Hampshire,"Exeter, New Hampshire",2012-01-01,91878.0
5758,New Hampshire,"Exeter, New Hampshire",2013-01-01,101543.0
5158,New Hampshire,"Exeter, New Hampshire",2014-01-01,79908.0
4558,New Hampshire,"Exeter, New Hampshire",2015-01-01,65216.0
3958,New Hampshire,"Exeter, New Hampshire",2016-01-01,80115.0
3358,New Hampshire,"Exeter, New Hampshire",2017-01-01,84217.0
2758,New Hampshire,"Exeter, New Hampshire",2018-01-01,88396.0
2158,New Hampshire,"Exeter, New Hampshire",2019-01-01,185950.0
1558,New Hampshire,"Exeter, New Hampshire",2020-01-01,44647.0
958,New Hampshire,"Exeter, New Hampshire",2021-01-01,20685.0
358,New Hampshire,"Exeter, New Hampshire",2022-01-01,45733.0
10662,Pennsylvania,"Exton, Pennsylvania",2005-01-01,20605.0
10062,Pennsylvania,"Exton, Pennsylvania",2006-01-01,22491.0
9462,Pennsylvania,"Exton, Pennsylvania",2007-01-01,57696.0
8862,Pennsylvania,"Exton, Pennsylvania",2008-01-01,74913.0
8262,Pennsylvania,"Exton, Pennsylvania",2009-01-01,72914.0
7662,Pennsylvania,"Exton, Pennsylvania",2010-01-01,91093.0
7062,Pennsylvania,"Exton, Pennsylvania",2011-01-01,101823.0
6462,Pennsylvania,"Exton, Pennsylvania",2012-01-01,109980.0
5862,Pennsylvania,"Exton, Pennsylvania",2013-01-01,113499.0
5262,Pennsylvania,"Exton, Pennsylvania",2014-01-01,107015.0
4662,Pennsylvania,"Exton, Pennsylvania",2015-01-01,113974.0
4062,Pennsylvania,"Exton, Pennsylvania",2016-01-01,135476.0
3462,Pennsylvania,"Exton, Pennsylvania",2017-01-01,151346.0
2862,Pennsylvania,"Exton, Pennsylvania",2018-01-01,143852.0
2262,Pennsylvania,"Exton, Pennsylvania",2019-01-01,146447.0
1662,Pennsylvania,"Exton, Pennsylvania",2020-01-01,70003.0
1062,Pennsylvania,"Exton, Pennsylvania",2021-01-01,27159.0
462,Pennsylvania,"Exton, Pennsylvania",2022-01-01,66931.0
10728,Vermont,"Fair Haven, Vermont",2005-01-01,598.0
10128,Vermont,"Fair Haven, Vermont",2006-01-01,841.0
9528,Vermont,"Fair Haven, Vermont",2007-01-01,2205.0
8928,Vermont,"Fair Haven, Vermont",2008-01-01,2582.0
8328,Vermont,"Fair Haven, Vermont",2009-01-01,2763.0
7728,Vermont,"Fair Haven, Vermont",2010-01-01,827.0
2443,California,"Fairfield-Vacaville, California",2018-01-01,53375.0
1842,California,"Fairfield-Vacaville, California",2019-01-01,101369.0
1242,California,"Fairfield-Vacaville, California",2020-01-01,61003.0
642,California,"Fairfield-Vacaville, California",2021-01-01,28245.0
42,California,"Fairfield-Vacaville, California",2022-01-01,39248.0
10622,North Dakota,"Fargo, North Dakota",2005-01-01,9191.0
10022,North Dakota,"Fargo, North Dakota",2006-01-01,10198.0
9422,North Dakota,"Fargo, North Dakota",2007-01-01,22259.0
8822,North Dakota,"Fargo, North Dakota",2008-01-01,24142.0
8222,North Dakota,"Fargo, North Dakota",2009-01-01,21514.0
7622,North Dakota,"Fargo, North Dakota",2010-01-01,21286.0
7022,North Dakota,"Fargo, North Dakota",2011-01-01,16968.0
6422,North Dakota,"Fargo, North Dakota",2012-01-01,20304.0
5822,North Dakota,"Fargo, North Dakota",2013-01-01,22497.0
5222,North Dakota,"Fargo, North Dakota",2014-01-01,23314.0
4622,North Dakota,"Fargo, North Dakota",2015-01-01,22939.0
4022,North Dakota,"Fargo, North Dakota",2016-01-01,21586.0
3422,North Dakota,"Fargo, North Dakota",2017-01-01,20232.0
2822,North Dakota,"Fargo, North Dakota",2018-01-01,18695.0
2222,North Dakota,"Fargo, North Dakota",2019-01-01,18556.0
1622,North Dakota,"Fargo, North Dakota",2020-01-01,12408.0
1022,North Dakota,"Fargo, North Dakota",2021-01-01,10510.0
422,North Dakota,"Fargo, North Dakota",2022-01-01,14723.0
10607,North Carolina,"Fayetteville, North Carolina",2005-01-01,18277.0
10007,North Carolina,"Fayetteville, North Carolina",2006-01-01,22143.0
9407,North Carolina,"Fayetteville, North Carolina",2007-01-01,46986.0
8807,North Carolina,"Fayetteville, North Carolina",2008-01-01,52227.0
8207,North Carolina,"Fayetteville, North Carolina",2009-01-01,48924.0
7607,North Carolina,"Fayetteville, North Carolina",2010-01-01,51947.0
7007,North Carolina,"Fayetteville, North Carolina",2011-01-01,55758.0
6407,North Carolina,"Fayetteville, North Carolina",2012-01-01,53510.0
5807,North Carolina,"Fayetteville, North Carolina",2013-01-01,53590.0
5207,North Carolina,"Fayetteville, North Carolina",2014-01-01,54524.0
4607,North Carolina,"Fayetteville, North Carolina",2015-01-01,57171.0
4007,North Carolina,"Fayetteville, North Carolina",2016-01-01,54899.0
3407,North Carolina,"Fayetteville, North Carolina",2017-01-01,49976.0
2807,North Carolina,"Fayetteville, North Carolina",2018-01-01,50846.0
2207,North Carolina,"Fayetteville, North Carolina",2019-01-01,47975.0
1607,North Carolina,"Fayetteville, North Carolina",2020-01-01,31344.0
1007,North Carolina,"Fayetteville, North Carolina",2021-01-01,29667.0
407,North Carolina,"Fayetteville, North Carolina",2022-01-01,32332.0
529,Vermont,"Ferrisburgh-Vergennes, Vermont",2022-01-01,633.0
10206,Arizona,"Flagstaff, Arizona",2005-01-01,17370.0
9606,Arizona,"Flagstaff, Arizona",2006-01-01,17511.0
9006,Arizona,"Flagstaff, Arizona",2007-01-01,36029.0
8406,Arizona,"Flagstaff, Arizona",2008-01-01,39723.0
7806,Arizona,"Flagstaff, Arizona",2009-01-01,36852.0
7206,Arizona,"Flagstaff, Arizona",2010-01-01,41775.0
6606,Arizona,"Flagstaff, Arizona",2011-01-01,41252.0
6006,Arizona,"Flagstaff, Arizona",2012-01-01,41014.0
5406,Arizona,"Flagstaff, Arizona",2013-01-01,40390.0
4806,Arizona,"Flagstaff, Arizona",2014-01-01,39183.0
4206,Arizona,"Flagstaff, Arizona",2015-01-01,40800.0
3606,Arizona,"Flagstaff, Arizona",2016-01-01,41053.0
3006,Arizona,"Flagstaff, Arizona",2017-01-01,39803.0
2406,Arizona,"Flagstaff, Arizona",2018-01-01,43421.0
1806,Arizona,"Flagstaff, Arizona",2019-01-01,43453.0
1206,Arizona,"Flagstaff, Arizona",2020-01-01,20981.0
606,Arizona,"Flagstaff, Arizona",2021-01-01,16693.0
6,Arizona,"Flagstaff, Arizona",2022-01-01,25499.0
10477,Michigan,"Flint, Michigan",2005-01-01,11222.0
9877,Michigan,"Flint, Michigan",2006-01-01,12117.0
9277,Michigan,"Flint, Michigan",2007-01-01,23718.0
8677,Michigan,"Flint, Michigan",2008-01-01,26134.0
8077,Michigan,"Flint, Michigan",2009-01-01,26108.0
7477,Michigan,"Flint, Michigan",2010-01-01,30261.0
6877,Michigan,"Flint, Michigan",2011-01-01,37557.0
6277,Michigan,"Flint, Michigan",2012-01-01,37764.0
5677,Michigan,"Flint, Michigan",2013-01-01,36045.0
5077,Michigan,"Flint, Michigan",2014-01-01,35669.0
4477,Michigan,"Flint, Michigan",2015-01-01,32197.0
3877,Michigan,"Flint, Michigan",2016-01-01,29785.0
3277,Michigan,"Flint, Michigan",2017-01-01,28844.0
2677,Michigan,"Flint, Michigan",2018-01-01,28205.0
2077,Michigan,"Flint, Michigan",2019-01-01,27881.0
1477,Michigan,"Flint, Michigan",2020-01-01,15926.0
877,Michigan,"Flint, Michigan",2021-01-01,17689.0
277,Michigan,"Flint, Michigan",2022-01-01,23026.0
10691,South Carolina,"Florence, South Carolina",2005-01-01,16691.0
10091,South Carolina,"Florence, South Carolina",2006-01-01,21107.0
9491,South Carolina,"Florence, South Carolina",2007-01-01,44828.0
8891,South Carolina,"Florence, South Carolina",2008-01-01,47163.0
8291,South Carolina,"Florence, South Carolina",2009-01-01,45478.0
7691,South Carolina,"Florence, South Carolina",2010-01-01,47344.0
7091,South Carolina,"Florence, South Carolina",2011-01-01,49569.0
6491,South Carolina,"Florence, South Carolina",2012-01-01,52178.0
5891,South Carolina,"Florence, South Carolina",2013-01-01,52003.0
5291,South Carolina,"Florence, South Carolina",2014-01-01,50018.0
4691,South Carolina,"Florence, South Carolina",2015-01-01,50606.0
4091,South Carolina,"Florence, South Carolina",2016-01-01,46930.0
3491,South Carolina,"Florence, South Carolina",2017-01-01,43304.0
2891,South Carolina,"Florence, South Carolina",2018-01-01,40465.0
2291,South Carolina,"Florence, South Carolina",2019-01-01,39726.0
1691,South Carolina,"Florence, South Carolina",2020-01-01,23851.0
1091,South Carolina,"Florence, South Carolina",2021-01-01,20475.0
491,South Carolina,"Florence, South Carolina",2022-01-01,22571.0
10578,New York,"Fort Edward, New York",2005-01-01,2956.0
9978,New York,"Fort Edward, New York",2006-01-01,2990.0
9378,New York,"Fort Edward, New York",2007-01-01,6382.0
8778,New York,"Fort Edward, New York",2008-01-01,6934.0
8178,New York,"Fort Edward, New York",2009-01-01,6641.0
7578,New York,"Fort Edward, New York",2010-01-01,8504.0
6978,New York,"Fort Edward, New York",2011-01-01,8867.0
6378,New York,"Fort Edward, New York",2012-01-01,9891.0
5778,New York,"Fort Edward, New York",2013-01-01,9435.0
5178,New York,"Fort Edward, New York",2014-01-01,9197.0
4578,New York,"Fort Edward, New York",2015-01-01,9616.0
3978,New York,"Fort Edward, New York",2016-01-01,10199.0
3378,New York,"Fort Edward, New York",2017-01-01,9917.0
2778,New York,"Fort Edward, New York",2018-01-01,9353.0
2178,New York,"Fort Edward, New York",2019-01-01,9365.0
1578,New York,"Fort Edward, New York",2020-01-01,3394.0
978,New York,"Fort Edward, New York",2021-01-01,1738.0
378,New York,"Fort Edward, New York",2022-01-01,6096.0
10343,Florida,"Fort Lauderdale, Florida",2005-01-01,20552.0
9743,Florida,"Fort Lauderdale, Florida",2006-01-01,16985.0
9143,Florida,"Fort Lauderdale, Florida",2007-01-01,38654.0
8543,Florida,"Fort Lauderdale, Florida",2008-01-01,45979.0
7943,Florida,"Fort Lauderdale, Florida",2009-01-01,49609.0
7343,Florida,"Fort Lauderdale, Florida",2010-01-01,54434.0
6743,Florida,"Fort Lauderdale, Florida",2011-01-01,58907.0
6143,Florida,"Fort Lauderdale, Florida",2012-01-01,56913.0
5543,Florida,"Fort Lauderdale, Florida",2013-01-01,53955.0
4943,Florida,"Fort Lauderdale, Florida",2014-01-01,52384.0
4343,Florida,"Fort Lauderdale, Florida",2015-01-01,46971.0
3743,Florida,"Fort Lauderdale, Florida",2016-01-01,42684.0
3143,Florida,"Fort Lauderdale, Florida",2017-01-01,41377.0
2543,Florida,"Fort Lauderdale, Florida",2018-01-01,40838.0
1943,Florida,"Fort Lauderdale, Florida",2019-01-01,41218.0
1343,Florida,"Fort Lauderdale, Florida",2020-01-01,26357.0
743,Florida,"Fort Lauderdale, Florida",2021-01-01,23073.0
143,Florida,"Fort Lauderdale, Florida",2022-01-01,31194.0
10418,Iowa,"Fort Madison, Iowa",2005-01-01,5005.0
9818,Iowa,"Fort Madison, Iowa",2006-01-01,4983.0
9218,Iowa,"Fort Madison, Iowa",2007-01-01,10797.0
8618,Iowa,"Fort Madison, Iowa",2008-01-01,9307.0
8018,Iowa,"Fort Madison, Iowa",2009-01-01,7813.0
7418,Iowa,"Fort Madison, Iowa",2010-01-01,7656.0
6818,Iowa,"Fort Madison, Iowa",2011-01-01,7944.0
6218,Iowa,"Fort Madison, Iowa",2012-01-01,7003.0
5618,Iowa,"Fort Madison, Iowa",2013-01-01,7246.0
5018,Iowa,"Fort Madison, Iowa",2014-01-01,6986.0
4418,Iowa,"Fort Madison, Iowa",2015-01-01,6788.0
3818,Iowa,"Fort Madison, Iowa",2016-01-01,6611.0
3218,Iowa,"Fort Madison, Iowa",2017-01-01,6661.0
2618,Iowa,"Fort Madison, Iowa",2018-01-01,5891.0
2018,Iowa,"Fort Madison, Iowa",2019-01-01,5775.0
1418,Iowa,"Fort Madison, Iowa",2020-01-01,3327.0
818,Iowa,"Fort Madison, Iowa",2021-01-01,2680.0
218,Iowa,"Fort Madison, Iowa",2022-01-01,4036.0
10310,Colorado,"Fort Morgan, Colorado",2005-01-01,1450.0
9710,Colorado,"Fort Morgan, Colorado",2006-01-01,1311.0
9110,Colorado,"Fort Morgan, Colorado",2007-01-01,2920.0
8510,Colorado,"Fort Morgan, Colorado",2008-01-01,3178.0
7910,Colorado,"Fort Morgan, Colorado",2009-01-01,2979.0
7310,Colorado,"Fort Morgan, Colorado",2010-01-01,3349.0
6710,Colorado,"Fort Morgan, Colorado",2011-01-01,3191.0
6110,Colorado,"Fort Morgan, Colorado",2012-01-01,3343.0
5510,Colorado,"Fort Morgan, Colorado",2013-01-01,3196.0
4910,Colorado,"Fort Morgan, Colorado",2014-01-01,3551.0
4310,Colorado,"Fort Morgan, Colorado",2015-01-01,3705.0
3710,Colorado,"Fort Morgan, Colorado",2016-01-01,3539.0
3110,Colorado,"Fort Morgan, Colorado",2017-01-01,3448.0
2510,Colorado,"Fort Morgan, Colorado",2018-01-01,3445.0
1910,Colorado,"Fort Morgan, Colorado",2019-01-01,3473.0
1310,Colorado,"Fort Morgan, Colorado",2020-01-01,2153.0
710,Colorado,"Fort Morgan, Colorado",2021-01-01,1614.0
110,Colorado,"Fort Morgan, Colorado",2022-01-01,2019.0
10579,New York,"Fort Ticonderoga, New York",2005-01-01,729.0
2779,New York,"Fort Ticonderoga, New York",2018-01-01,1660.0
2179,New York,"Fort Ticonderoga, New York",2019-01-01,2008.0
1579,New York,"Fort Ticonderoga, New York",2020-01-01,557.0
10705,Texas,"Fort Worth, Texas",2005-01-01,42498.0
10105,Texas,"Fort Worth, Texas",2006-01-01,40743.0
9505,Texas,"Fort Worth, Texas",2007-01-01,85069.0
8905,Texas,"Fort Worth, Texas",2008-01-01,109012.0
8305,Texas,"Fort Worth, Texas",2009-01-01,104107.0
7705,Texas,"Fort Worth, Texas",2010-01-01,118199.0
7105,Texas,"Fort Worth, Texas",2011-01-01,128894.0
6505,Texas,"Fort Worth, Texas",2012-01-01,141696.0
5905,Texas,"Fort Worth, Texas",2013-01-01,129389.0
5305,Texas,"Fort Worth, Texas",2014-01-01,129438.0
4705,Texas,"Fort Worth, Texas",2015-01-01,109507.0
4105,Texas,"Fort Worth, Texas",2016-01-01,103874.0
3505,Texas,"Fort Worth, Texas",2017-01-01,114231.0
2905,Texas,"Fort Worth, Texas",2018-01-01,108675.0
2305,Texas,"Fort Worth, Texas",2019-01-01,107732.0
1705,Texas,"Fort Worth, Texas",2020-01-01,64785.0
1105,Texas,"Fort Worth, Texas",2021-01-01,59393.0
505,Texas,"Fort Worth, Texas",2022-01-01,93181.0
10634,Ohio,"Fostoria, Ohio",2005-01-01,334.0
10457,Massachusetts,"Framingham, Massachusetts",2005-01-01,896.0
9857,Massachusetts,"Framingham, Massachusetts",2006-01-01,823.0
9257,Massachusetts,"Framingham, Massachusetts",2007-01-01,1576.0
8657,Massachusetts,"Framingham, Massachusetts",2008-01-01,1735.0
8057,Massachusetts,"Framingham, Massachusetts",2009-01-01,1778.0
7457,Massachusetts,"Framingham, Massachusetts",2010-01-01,2131.0
6857,Massachusetts,"Framingham, Massachusetts",2011-01-01,2205.0
6257,Massachusetts,"Framingham, Massachusetts",2012-01-01,2320.0
5657,Massachusetts,"Framingham, Massachusetts",2013-01-01,2674.0
5057,Massachusetts,"Framingham, Massachusetts",2014-01-01,2154.0
4457,Massachusetts,"Framingham, Massachusetts",2015-01-01,1963.0
3857,Massachusetts,"Framingham, Massachusetts",2016-01-01,1892.0
3257,Massachusetts,"Framingham, Massachusetts",2017-01-01,1954.0
2657,Massachusetts,"Framingham, Massachusetts",2018-01-01,1961.0
2057,Massachusetts,"Framingham, Massachusetts",2019-01-01,1792.0
1457,Massachusetts,"Framingham, Massachusetts",2020-01-01,1083.0
857,Massachusetts,"Framingham, Massachusetts",2021-01-01,963.0
257,Massachusetts,"Framingham, Massachusetts",2022-01-01,1586.0
10745,Virginia,"Franconia-Springfield, Virginia",2005-01-01,229.0
10145,Virginia,"Franconia-Springfield, Virginia",2006-01-01,380.0
9545,Virginia,"Franconia-Springfield, Virginia",2007-01-01,1695.0
8945,Virginia,"Franconia-Springfield, Virginia",2008-01-01,2598.0
8345,Virginia,"Franconia-Springfield, Virginia",2009-01-01,2674.0
7745,Virginia,"Franconia-Springfield, Virginia",2010-01-01,2103.0
10746,Virginia,"Fredericksburg, Virginia",2005-01-01,16825.0
10146,Virginia,"Fredericksburg, Virginia",2006-01-01,32158.0
9546,Virginia,"Fredericksburg, Virginia",2007-01-01,61615.0
8946,Virginia,"Fredericksburg, Virginia",2008-01-01,52300.0
8346,Virginia,"Fredericksburg, Virginia",2009-01-01,54053.0
7746,Virginia,"Fredericksburg, Virginia",2010-01-01,56427.0
7146,Virginia,"Fredericksburg, Virginia",2011-01-01,71110.0
6546,Virginia,"Fredericksburg, Virginia",2012-01-01,80320.0
5946,Virginia,"Fredericksburg, Virginia",2013-01-01,106034.0
5346,Virginia,"Fredericksburg, Virginia",2014-01-01,111999.0
4746,Virginia,"Fredericksburg, Virginia",2015-01-01,117423.0
4146,Virginia,"Fredericksburg, Virginia",2016-01-01,120275.0
3546,Virginia,"Fredericksburg, Virginia",2017-01-01,119065.0
2946,Virginia,"Fredericksburg, Virginia",2018-01-01,97549.0
2346,Virginia,"Fredericksburg, Virginia",2019-01-01,67540.0
1746,Virginia,"Fredericksburg, Virginia",2020-01-01,40873.0
1146,Virginia,"Fredericksburg, Virginia",2021-01-01,41297.0
546,Virginia,"Fredericksburg, Virginia",2022-01-01,72354.0
5642,Maine,"Freeport, Maine",2013-01-01,15250.0
5042,Maine,"Freeport, Maine",2014-01-01,14997.0
4442,Maine,"Freeport, Maine",2015-01-01,11370.0
3842,Maine,"Freeport, Maine",2016-01-01,11382.0
3242,Maine,"Freeport, Maine",2017-01-01,10481.0
2642,Maine,"Freeport, Maine",2018-01-01,12474.0
2042,Maine,"Freeport, Maine",2019-01-01,15196.0
1442,Maine,"Freeport, Maine",2020-01-01,9322.0
842,Maine,"Freeport, Maine",2021-01-01,11000.0
242,Maine,"Freeport, Maine",2022-01-01,24163.0
10244,California,"Fremont, California",2005-01-01,13772.0
9644,California,"Fremont, California",2006-01-01,13554.0
9044,California,"Fremont, California",2007-01-01,37764.0
8444,California,"Fremont, California",2008-01-01,46146.0
7844,California,"Fremont, California",2009-01-01,38402.0
7244,California,"Fremont, California",2010-01-01,39162.0
6644,California,"Fremont, California",2011-01-01,43515.0
6044,California,"Fremont, California",2012-01-01,43737.0
5444,California,"Fremont, California",2013-01-01,38471.0
4844,California,"Fremont, California",2014-01-01,34446.0
4244,California,"Fremont, California",2015-01-01,35475.0
3644,California,"Fremont, California",2016-01-01,40617.0
3044,California,"Fremont, California",2017-01-01,41751.0
2444,California,"Fremont, California",2018-01-01,44371.0
1844,California,"Fremont, California",2019-01-01,48512.0
1244,California,"Fremont, California",2020-01-01,23234.0
644,California,"Fremont, California",2021-01-01,9341.0
44,California,"Fremont, California",2022-01-01,21216.0
10245,California,"Fresno, California",2005-01-01,128284.0
9645,California,"Fresno, California",2006-01-01,139468.0
9045,California,"Fresno, California",2007-01-01,278985.0
8445,California,"Fresno, California",2008-01-01,335298.0
7845,California,"Fresno, California",2009-01-01,334966.0
7245,California,"Fresno, California",2010-01-01,352737.0
6645,California,"Fresno, California",2011-01-01,371875.0
6045,California,"Fresno, California",2012-01-01,394074.0
5445,California,"Fresno, California",2013-01-01,399141.0
4845,California,"Fresno, California",2014-01-01,389543.0
4245,California,"Fresno, California",2015-01-01,387640.0
3645,California,"Fresno, California",2016-01-01,369582.0
3045,California,"Fresno, California",2017-01-01,374479.0
2445,California,"Fresno, California",2018-01-01,377709.0
1845,California,"Fresno, California",2019-01-01,368262.0
1245,California,"Fresno, California",2020-01-01,194144.0
645,California,"Fresno, California",2021-01-01,136415.0
45,California,"Fresno, California",2022-01-01,221781.0
10246,California,"Fullerton, California",2005-01-01,201862.0
9646,California,"Fullerton, California",2006-01-01,209476.0
9046,California,"Fullerton, California",2007-01-01,425469.0
8446,California,"Fullerton, California",2008-01-01,443953.0
7846,California,"Fullerton, California",2009-01-01,417649.0
7246,California,"Fullerton, California",2010-01-01,411489.0
6646,California,"Fullerton, California",2011-01-01,436383.0
6046,California,"Fullerton, California",2012-01-01,310694.0
5446,California,"Fullerton, California",2013-01-01,313949.0
4846,California,"Fullerton, California",2014-01-01,336265.0
4246,California,"Fullerton, California",2015-01-01,370334.0
3646,California,"Fullerton, California",2016-01-01,388068.0
3046,California,"Fullerton, California",2017-01-01,399695.0
2446,California,"Fullerton, California",2018-01-01,304880.0
1846,California,"Fullerton, California",2019-01-01,256594.0
1246,California,"Fullerton, California",2020-01-01,129611.0
646,California,"Fullerton, California",2021-01-01,86618.0
46,California,"Fullerton, California",2022-01-01,172130.0
10430,Kentucky,"Fulton, Kentucky",2005-01-01,1115.0
9830,Kentucky,"Fulton, Kentucky",2006-01-01,1050.0
9230,Kentucky,"Fulton, Kentucky",2007-01-01,2743.0
8630,Kentucky,"Fulton, Kentucky",2008-01-01,3683.0
8030,Kentucky,"Fulton, Kentucky",2009-01-01,3445.0
7430,Kentucky,"Fulton, Kentucky",2010-01-01,3578.0
6830,Kentucky,"Fulton, Kentucky",2011-01-01,3548.0
6230,Kentucky,"Fulton, Kentucky",2012-01-01,4038.0
5630,Kentucky,"Fulton, Kentucky",2013-01-01,4588.0
5030,Kentucky,"Fulton, Kentucky",2014-01-01,3922.0
4430,Kentucky,"Fulton, Kentucky",2015-01-01,4138.0
3830,Kentucky,"Fulton, Kentucky",2016-01-01,3710.0
3230,Kentucky,"Fulton, Kentucky",2017-01-01,3562.0
2630,Kentucky,"Fulton, Kentucky",2018-01-01,3431.0
2030,Kentucky,"Fulton, Kentucky",2019-01-01,3357.0
1430,Kentucky,"Fulton, Kentucky",2020-01-01,2199.0
830,Kentucky,"Fulton, Kentucky",2021-01-01,1864.0
230,Kentucky,"Fulton, Kentucky",2022-01-01,2511.0
10366,Georgia,"Gainesville, Georgia",2005-01-01,2238.0
9766,Georgia,"Gainesville, Georgia",2006-01-01,2018.0
9166,Georgia,"Gainesville, Georgia",2007-01-01,5261.0
8566,Georgia,"Gainesville, Georgia",2008-01-01,5541.0
7966,Georgia,"Gainesville, Georgia",2009-01-01,5056.0
7366,Georgia,"Gainesville, Georgia",2010-01-01,5187.0
6766,Georgia,"Gainesville, Georgia",2011-01-01,5921.0
6166,Georgia,"Gainesville, Georgia",2012-01-01,9387.0
5566,Georgia,"Gainesville, Georgia",2013-01-01,6464.0
4966,Georgia,"Gainesville, Georgia",2014-01-01,6448.0
4366,Georgia,"Gainesville, Georgia",2015-01-01,6176.0
3766,Georgia,"Gainesville, Georgia",2016-01-01,5028.0
3166,Georgia,"Gainesville, Georgia",2017-01-01,5493.0
2566,Georgia,"Gainesville, Georgia",2018-01-01,5032.0
1966,Georgia,"Gainesville, Georgia",2019-01-01,5227.0
1366,Georgia,"Gainesville, Georgia",2020-01-01,3157.0
766,Georgia,"Gainesville, Georgia",2021-01-01,2188.0
166,Georgia,"Gainesville, Georgia",2022-01-01,3320.0
10706,Texas,"Gainesville, Texas",2005-01-01,4557.0
10106,Texas,"Gainesville, Texas",2006-01-01,4533.0
9506,Texas,"Gainesville, Texas",2007-01-01,9589.0
8906,Texas,"Gainesville, Texas",2008-01-01,9249.0
8306,Texas,"Gainesville, Texas",2009-01-01,8018.0
7706,Texas,"Gainesville, Texas",2010-01-01,8603.0
7106,Texas,"Gainesville, Texas",2011-01-01,8099.0
6506,Texas,"Gainesville, Texas",2012-01-01,8055.0
5906,Texas,"Gainesville, Texas",2013-01-01,6476.0
5306,Texas,"Gainesville, Texas",2014-01-01,7178.0
4706,Texas,"Gainesville, Texas",2015-01-01,7132.0
4106,Texas,"Gainesville, Texas",2016-01-01,6337.0
3506,Texas,"Gainesville, Texas",2017-01-01,6328.0
2906,Texas,"Gainesville, Texas",2018-01-01,6658.0
2306,Texas,"Gainesville, Texas",2019-01-01,6534.0
1706,Texas,"Gainesville, Texas",2020-01-01,3943.0
1106,Texas,"Gainesville, Texas",2021-01-01,3652.0
506,Texas,"Gainesville, Texas",2022-01-01,5084.0
9781,Illinois,"Galena, Illinois",2006-01-01,1364.0
10382,Illinois,"Galesburg, Illinois",2005-01-01,36489.0
9782,Illinois,"Galesburg, Illinois",2006-01-01,37155.0
9182,Illinois,"Galesburg, Illinois",2007-01-01,87004.0
8582,Illinois,"Galesburg, Illinois",2008-01-01,98419.0
7982,Illinois,"Galesburg, Illinois",2009-01-01,97013.0
7382,Illinois,"Galesburg, Illinois",2010-01-01,102851.0
6782,Illinois,"Galesburg, Illinois",2011-01-01,104208.0
6182,Illinois,"Galesburg, Illinois",2012-01-01,106491.0
5582,Illinois,"Galesburg, Illinois",2013-01-01,103717.0
4982,Illinois,"Galesburg, Illinois",2014-01-01,100871.0
4382,Illinois,"Galesburg, Illinois",2015-01-01,100503.0
3782,Illinois,"Galesburg, Illinois",2016-01-01,98613.0
3182,Illinois,"Galesburg, Illinois",2017-01-01,100287.0
2582,Illinois,"Galesburg, Illinois",2018-01-01,94267.0
1982,Illinois,"Galesburg, Illinois",2019-01-01,90796.0
1382,Illinois,"Galesburg, Illinois",2020-01-01,50273.0
782,Illinois,"Galesburg, Illinois",2021-01-01,38637.0
182,Illinois,"Galesburg, Illinois",2022-01-01,59510.0
10567,New Mexico,"Gallup, New Mexico",2005-01-01,5181.0
9967,New Mexico,"Gallup, New Mexico",2006-01-01,5437.0
9367,New Mexico,"Gallup, New Mexico",2007-01-01,10965.0
8767,New Mexico,"Gallup, New Mexico",2008-01-01,12517.0
8167,New Mexico,"Gallup, New Mexico",2009-01-01,12340.0
7567,New Mexico,"Gallup, New Mexico",2010-01-01,13431.0
6967,New Mexico,"Gallup, New Mexico",2011-01-01,14433.0
6367,New Mexico,"Gallup, New Mexico",2012-01-01,16446.0
5767,New Mexico,"Gallup, New Mexico",2013-01-01,15647.0
5167,New Mexico,"Gallup, New Mexico",2014-01-01,16140.0
4567,New Mexico,"Gallup, New Mexico",2015-01-01,16354.0
3967,New Mexico,"Gallup, New Mexico",2016-01-01,15795.0
3367,New Mexico,"Gallup, New Mexico",2017-01-01,15739.0
2767,New Mexico,"Gallup, New Mexico",2018-01-01,14775.0
2167,New Mexico,"Gallup, New Mexico",2019-01-01,15739.0
1567,New Mexico,"Gallup, New Mexico",2020-01-01,8504.0
967,New Mexico,"Gallup, New Mexico",2021-01-01,5084.0
367,New Mexico,"Gallup, New Mexico",2022-01-01,9138.0
10707,Texas,"Galveston, Texas",2005-01-01,40.0
10424,Kansas,"Garden City, Kansas",2005-01-01,2883.0
9824,Kansas,"Garden City, Kansas",2006-01-01,3229.0
9224,Kansas,"Garden City, Kansas",2007-01-01,6166.0
8624,Kansas,"Garden City, Kansas",2008-01-01,6840.0
8024,Kansas,"Garden City, Kansas",2009-01-01,6930.0
7424,Kansas,"Garden City, Kansas",2010-01-01,7075.0
6824,Kansas,"Garden City, Kansas",2011-01-01,7511.0
6224,Kansas,"Garden City, Kansas",2012-01-01,7887.0
5624,Kansas,"Garden City, Kansas",2013-01-01,7355.0
5024,Kansas,"Garden City, Kansas",2014-01-01,7870.0
4424,Kansas,"Garden City, Kansas",2015-01-01,7972.0
3824,Kansas,"Garden City, Kansas",2016-01-01,7378.0
3224,Kansas,"Garden City, Kansas",2017-01-01,6966.0
2624,Kansas,"Garden City, Kansas",2018-01-01,7056.0
2024,Kansas,"Garden City, Kansas",2019-01-01,6817.0
1424,Kansas,"Garden City, Kansas",2020-01-01,4119.0
824,Kansas,"Garden City, Kansas",2021-01-01,2186.0
224,Kansas,"Garden City, Kansas",2022-01-01,4945.0
10608,North Carolina,"Gastonia, North Carolina",2005-01-01,866.0
10008,North Carolina,"Gastonia, North Carolina",2006-01-01,753.0
9408,North Carolina,"Gastonia, North Carolina",2007-01-01,1716.0
8808,North Carolina,"Gastonia, North Carolina",2008-01-01,1815.0
8208,North Carolina,"Gastonia, North Carolina",2009-01-01,1546.0
7608,North Carolina,"Gastonia, North Carolina",2010-01-01,1622.0
7008,North Carolina,"Gastonia, North Carolina",2011-01-01,1664.0
6408,North Carolina,"Gastonia, North Carolina",2012-01-01,1565.0
5808,North Carolina,"Gastonia, North Carolina",2013-01-01,1741.0
5208,North Carolina,"Gastonia, North Carolina",2014-01-01,1463.0
4608,North Carolina,"Gastonia, North Carolina",2015-01-01,1508.0
4008,North Carolina,"Gastonia, North Carolina",2016-01-01,1330.0
3408,North Carolina,"Gastonia, North Carolina",2017-01-01,1345.0
2808,North Carolina,"Gastonia, North Carolina",2018-01-01,1251.0
2208,North Carolina,"Gastonia, North Carolina",2019-01-01,1480.0
1608,North Carolina,"Gastonia, North Carolina",2020-01-01,909.0
1008,North Carolina,"Gastonia, North Carolina",2021-01-01,730.0
408,North Carolina,"Gastonia, North Carolina",2022-01-01,1213.0
10333,Delaware,"Georgetown, Delaware",2005-01-01,420.0
10383,Illinois,"Gilman, Illinois",2005-01-01,474.0
9783,Illinois,"Gilman, Illinois",2006-01-01,450.0
9183,Illinois,"Gilman, Illinois",2007-01-01,1815.0
8583,Illinois,"Gilman, Illinois",2008-01-01,2016.0
7983,Illinois,"Gilman, Illinois",2009-01-01,2026.0
7383,Illinois,"Gilman, Illinois",2010-01-01,2172.0
6783,Illinois,"Gilman, Illinois",2011-01-01,2758.0
6183,Illinois,"Gilman, Illinois",2012-01-01,2862.0
5583,Illinois,"Gilman, Illinois",2013-01-01,3257.0
4983,Illinois,"Gilman, Illinois",2014-01-01,3333.0
4383,Illinois,"Gilman, Illinois",2015-01-01,3138.0
3783,Illinois,"Gilman, Illinois",2016-01-01,2540.0
3183,Illinois,"Gilman, Illinois",2017-01-01,2371.0
2583,Illinois,"Gilman, Illinois",2018-01-01,2317.0
1983,Illinois,"Gilman, Illinois",2019-01-01,2128.0
1383,Illinois,"Gilman, Illinois",2020-01-01,1365.0
783,Illinois,"Gilman, Illinois",2021-01-01,1334.0
183,Illinois,"Gilman, Illinois",2022-01-01,1373.0
10532,Montana,"Glasgow, Montana",2005-01-01,3321.0
9932,Montana,"Glasgow, Montana",2006-01-01,3235.0
9332,Montana,"Glasgow, Montana",2007-01-01,6416.0
8732,Montana,"Glasgow, Montana",2008-01-01,6351.0
8132,Montana,"Glasgow, Montana",2009-01-01,5749.0
7532,Montana,"Glasgow, Montana",2010-01-01,6075.0
6932,Montana,"Glasgow, Montana",2011-01-01,4370.0
6332,Montana,"Glasgow, Montana",2012-01-01,5563.0
5732,Montana,"Glasgow, Montana",2013-01-01,5416.0
5132,Montana,"Glasgow, Montana",2014-01-01,3967.0
4532,Montana,"Glasgow, Montana",2015-01-01,4109.0
3932,Montana,"Glasgow, Montana",2016-01-01,4762.0
3332,Montana,"Glasgow, Montana",2017-01-01,4945.0
2732,Montana,"Glasgow, Montana",2018-01-01,5434.0
2132,Montana,"Glasgow, Montana",2019-01-01,4751.0
1532,Montana,"Glasgow, Montana",2020-01-01,3099.0
932,Montana,"Glasgow, Montana",2021-01-01,2192.0
332,Montana,"Glasgow, Montana",2022-01-01,3012.0
10247,California,"Glendale, California",2005-01-01,17342.0
9647,California,"Glendale, California",2006-01-01,17225.0
9047,California,"Glendale, California",2007-01-01,38098.0
8447,California,"Glendale, California",2008-01-01,40084.0
7847,California,"Glendale, California",2009-01-01,36293.0
7247,California,"Glendale, California",2010-01-01,37117.0
6647,California,"Glendale, California",2011-01-01,39913.0
6047,California,"Glendale, California",2012-01-01,40070.0
5447,California,"Glendale, California",2013-01-01,41936.0
4847,California,"Glendale, California",2014-01-01,48631.0
4247,California,"Glendale, California",2015-01-01,51009.0
3647,California,"Glendale, California",2016-01-01,52395.0
3047,California,"Glendale, California",2017-01-01,55032.0
2447,California,"Glendale, California",2018-01-01,43351.0
1847,California,"Glendale, California",2019-01-01,44390.0
1247,California,"Glendale, California",2020-01-01,22226.0
647,California,"Glendale, California",2021-01-01,13227.0
47,California,"Glendale, California",2022-01-01,31521.0
10384,Illinois,"Glenview, Illinois",2005-01-01,20617.0
9784,Illinois,"Glenview, Illinois",2006-01-01,23872.0
9184,Illinois,"Glenview, Illinois",2007-01-01,49663.0
8584,Illinois,"Glenview, Illinois",2008-01-01,65769.0
7984,Illinois,"Glenview, Illinois",2009-01-01,66962.0
7384,Illinois,"Glenview, Illinois",2010-01-01,66629.0
6784,Illinois,"Glenview, Illinois",2011-01-01,70494.0
6184,Illinois,"Glenview, Illinois",2012-01-01,71827.0
5584,Illinois,"Glenview, Illinois",2013-01-01,65849.0
4984,Illinois,"Glenview, Illinois",2014-01-01,58882.0
4384,Illinois,"Glenview, Illinois",2015-01-01,58143.0
3784,Illinois,"Glenview, Illinois",2016-01-01,55340.0
3184,Illinois,"Glenview, Illinois",2017-01-01,55216.0
2584,Illinois,"Glenview, Illinois",2018-01-01,55496.0
1984,Illinois,"Glenview, Illinois",2019-01-01,62347.0
1384,Illinois,"Glenview, Illinois",2020-01-01,31551.0
784,Illinois,"Glenview, Illinois",2021-01-01,20571.0
184,Illinois,"Glenview, Illinois",2022-01-01,38221.0
10311,Colorado,"Glenwood Springs, Colorado",2005-01-01,14986.0
9711,Colorado,"Glenwood Springs, Colorado",2006-01-01,13207.0
9111,Colorado,"Glenwood Springs, Colorado",2007-01-01,32697.0
8511,Colorado,"Glenwood Springs, Colorado",2008-01-01,36484.0
7911,Colorado,"Glenwood Springs, Colorado",2009-01-01,29371.0
7311,Colorado,"Glenwood Springs, Colorado",2010-01-01,34227.0
6711,Colorado,"Glenwood Springs, Colorado",2011-01-01,33776.0
6111,Colorado,"Glenwood Springs, Colorado",2012-01-01,33245.0
5511,Colorado,"Glenwood Springs, Colorado",2013-01-01,33113.0
4911,Colorado,"Glenwood Springs, Colorado",2014-01-01,34489.0
4311,Colorado,"Glenwood Springs, Colorado",2015-01-01,39713.0
3711,Colorado,"Glenwood Springs, Colorado",2016-01-01,46818.0
3111,Colorado,"Glenwood Springs, Colorado",2017-01-01,46079.0
2511,Colorado,"Glenwood Springs, Colorado",2018-01-01,44430.0
1911,Colorado,"Glenwood Springs, Colorado",2019-01-01,42418.0
1311,Colorado,"Glenwood Springs, Colorado",2020-01-01,25828.0
711,Colorado,"Glenwood Springs, Colorado",2021-01-01,22968.0
111,Colorado,"Glenwood Springs, Colorado",2022-01-01,32519.0
10248,California,"Goleta, California",2005-01-01,25640.0
9648,California,"Goleta, California",2006-01-01,30476.0
9048,California,"Goleta, California",2007-01-01,72311.0
8448,California,"Goleta, California",2008-01-01,74111.0
7848,California,"Goleta, California",2009-01-01,55198.0
7248,California,"Goleta, California",2010-01-01,59911.0
6648,California,"Goleta, California",2011-01-01,62310.0
6048,California,"Goleta, California",2012-01-01,57033.0
5448,California,"Goleta, California",2013-01-01,70291.0
4848,California,"Goleta, California",2014-01-01,74359.0
4248,California,"Goleta, California",2015-01-01,75677.0
3648,California,"Goleta, California",2016-01-01,76286.0
3048,California,"Goleta, California",2017-01-01,78365.0
2448,California,"Goleta, California",2018-01-01,108414.0
1848,California,"Goleta, California",2019-01-01,110409.0
1248,California,"Goleta, California",2020-01-01,57055.0
648,California,"Goleta, California",2021-01-01,19947.0
48,California,"Goleta, California",2022-01-01,52365.0
10312,Colorado,"Granby, Colorado",2005-01-01,1371.0
9712,Colorado,"Granby, Colorado",2006-01-01,1238.0
9112,Colorado,"Granby, Colorado",2007-01-01,3508.0
8512,Colorado,"Granby, Colorado",2008-01-01,3629.0
7912,Colorado,"Granby, Colorado",2009-01-01,3021.0
7312,Colorado,"Granby, Colorado",2010-01-01,3655.0
6712,Colorado,"Granby, Colorado",2011-01-01,3621.0
6112,Colorado,"Granby, Colorado",2012-01-01,3528.0
5512,Colorado,"Granby, Colorado",2013-01-01,3408.0
4912,Colorado,"Granby, Colorado",2014-01-01,3347.0
4312,Colorado,"Granby, Colorado",2015-01-01,3945.0
3712,Colorado,"Granby, Colorado",2016-01-01,4677.0
3112,Colorado,"Granby, Colorado",2017-01-01,4950.0
2512,Colorado,"Granby, Colorado",2018-01-01,5034.0
1912,Colorado,"Granby, Colorado",2019-01-01,4863.0
1312,Colorado,"Granby, Colorado",2020-01-01,2904.0
712,Colorado,"Granby, Colorado",2021-01-01,2305.0
112,Colorado,"Granby, Colorado",2022-01-01,3256.0
10623,North Dakota,"Grand Forks, North Dakota",2005-01-01,8918.0
10023,North Dakota,"Grand Forks, North Dakota",2006-01-01,9783.0
9423,North Dakota,"Grand Forks, North Dakota",2007-01-01,19916.0
8823,North Dakota,"Grand Forks, North Dakota",2008-01-01,22842.0
8223,North Dakota,"Grand Forks, North Dakota",2009-01-01,17928.0
7623,North Dakota,"Grand Forks, North Dakota",2010-01-01,19751.0
7023,North Dakota,"Grand Forks, North Dakota",2011-01-01,17201.0
6423,North Dakota,"Grand Forks, North Dakota",2012-01-01,20271.0
5823,North Dakota,"Grand Forks, North Dakota",2013-01-01,19422.0
5223,North Dakota,"Grand Forks, North Dakota",2014-01-01,14168.0
4623,North Dakota,"Grand Forks, North Dakota",2015-01-01,12139.0
4023,North Dakota,"Grand Forks, North Dakota",2016-01-01,13882.0
3423,North Dakota,"Grand Forks, North Dakota",2017-01-01,13891.0
2823,North Dakota,"Grand Forks, North Dakota",2018-01-01,13346.0
2223,North Dakota,"Grand Forks, North Dakota",2019-01-01,12807.0
1623,North Dakota,"Grand Forks, North Dakota",2020-01-01,7674.0
1023,North Dakota,"Grand Forks, North Dakota",2021-01-01,5618.0
423,North Dakota,"Grand Forks, North Dakota",2022-01-01,8181.0
10313,Colorado,"Grand Junction, Colorado",2005-01-01,10835.0
9713,Colorado,"Grand Junction, Colorado",2006-01-01,10574.0
9113,Colorado,"Grand Junction, Colorado",2007-01-01,25115.0
8513,Colorado,"Grand Junction, Colorado",2008-01-01,28302.0
7913,Colorado,"Grand Junction, Colorado",2009-01-01,23392.0
7313,Colorado,"Grand Junction, Colorado",2010-01-01,28835.0
6713,Colorado,"Grand Junction, Colorado",2011-01-01,29218.0
6113,Colorado,"Grand Junction, Colorado",2012-01-01,31999.0
5513,Colorado,"Grand Junction, Colorado",2013-01-01,29826.0
4913,Colorado,"Grand Junction, Colorado",2014-01-01,29672.0
4313,Colorado,"Grand Junction, Colorado",2015-01-01,29811.0
3713,Colorado,"Grand Junction, Colorado",2016-01-01,32302.0
3113,Colorado,"Grand Junction, Colorado",2017-01-01,30896.0
2513,Colorado,"Grand Junction, Colorado",2018-01-01,32540.0
1913,Colorado,"Grand Junction, Colorado",2019-01-01,32662.0
1313,Colorado,"Grand Junction, Colorado",2020-01-01,19071.0
713,Colorado,"Grand Junction, Colorado",2021-01-01,14995.0
113,Colorado,"Grand Junction, Colorado",2022-01-01,20712.0
10478,Michigan,"Grand Rapids, Michigan",2005-01-01,25240.0
9878,Michigan,"Grand Rapids, Michigan",2006-01-01,26652.0
9278,Michigan,"Grand Rapids, Michigan",2007-01-01,53260.0
8678,Michigan,"Grand Rapids, Michigan",2008-01-01,57465.0
8078,Michigan,"Grand Rapids, Michigan",2009-01-01,52393.0
7478,Michigan,"Grand Rapids, Michigan",2010-01-01,52273.0
6878,Michigan,"Grand Rapids, Michigan",2011-01-01,55545.0
6278,Michigan,"Grand Rapids, Michigan",2012-01-01,56832.0
5678,Michigan,"Grand Rapids, Michigan",2013-01-01,51993.0
5078,Michigan,"Grand Rapids, Michigan",2014-01-01,47874.0
4478,Michigan,"Grand Rapids, Michigan",2015-01-01,44249.0
3878,Michigan,"Grand Rapids, Michigan",2016-01-01,38782.0
3278,Michigan,"Grand Rapids, Michigan",2017-01-01,39376.0
2678,Michigan,"Grand Rapids, Michigan",2018-01-01,40508.0
2078,Michigan,"Grand Rapids, Michigan",2019-01-01,40593.0
1478,Michigan,"Grand Rapids, Michigan",2020-01-01,21236.0
878,Michigan,"Grand Rapids, Michigan",2021-01-01,24928.0
278,Michigan,"Grand Rapids, Michigan",2022-01-01,40753.0
10249,California,"Great America (Santa Clara), California",2005-01-01,37275.0
9649,California,"Great America (Santa Clara), California",2006-01-01,37994.0
9049,California,"Great America (Santa Clara), California",2007-01-01,98669.0
8449,California,"Great America (Santa Clara), California",2008-01-01,110534.0
7849,California,"Great America (Santa Clara), California",2009-01-01,99289.0
7249,California,"Great America (Santa Clara), California",2010-01-01,104041.0
6649,California,"Great America (Santa Clara), California",2011-01-01,115989.0
6049,California,"Great America (Santa Clara), California",2012-01-01,121246.0
5449,California,"Great America (Santa Clara), California",2013-01-01,120140.0
4849,California,"Great America (Santa Clara), California",2014-01-01,113189.0
4249,California,"Great America (Santa Clara), California",2015-01-01,131129.0
3649,California,"Great America (Santa Clara), California",2016-01-01,151802.0
3049,California,"Great America (Santa Clara), California",2017-01-01,167475.0
2449,California,"Great America (Santa Clara), California",2018-01-01,176925.0
1849,California,"Great America (Santa Clara), California",2019-01-01,194677.0
1249,California,"Great America (Santa Clara), California",2020-01-01,100196.0
649,California,"Great America (Santa Clara), California",2021-01-01,19970.0
49,California,"Great America (Santa Clara), California",2022-01-01,39593.0
10718,Utah,"Green River, Utah",2005-01-01,709.0
10118,Utah,"Green River, Utah",2006-01-01,561.0
9518,Utah,"Green River, Utah",2007-01-01,1606.0
8918,Utah,"Green River, Utah",2008-01-01,1568.0
8318,Utah,"Green River, Utah",2009-01-01,1585.0
7718,Utah,"Green River, Utah",2010-01-01,2825.0
7118,Utah,"Green River, Utah",2011-01-01,2367.0
6518,Utah,"Green River, Utah",2012-01-01,2478.0
5918,Utah,"Green River, Utah",2013-01-01,2873.0
5318,Utah,"Green River, Utah",2014-01-01,2770.0
4718,Utah,"Green River, Utah",2015-01-01,2270.0
4118,Utah,"Green River, Utah",2016-01-01,2589.0
3518,Utah,"Green River, Utah",2017-01-01,2235.0
2918,Utah,"Green River, Utah",2018-01-01,2605.0
2318,Utah,"Green River, Utah",2019-01-01,2634.0
1718,Utah,"Green River, Utah",2020-01-01,1401.0
1118,Utah,"Green River, Utah",2021-01-01,1744.0
518,Utah,"Green River, Utah",2022-01-01,1579.0
10479,Michigan,"Greenfield Village, Michigan",2005-01-01,322.0
9879,Michigan,"Greenfield Village, Michigan",2006-01-01,45.0
4458,Massachusetts,"Greenfield, Massachusetts",2015-01-01,5316.0
3858,Massachusetts,"Greenfield, Massachusetts",2016-01-01,5920.0
3258,Massachusetts,"Greenfield, Massachusetts",2017-01-01,6290.0
2658,Massachusetts,"Greenfield, Massachusetts",2018-01-01,6575.0
2058,Massachusetts,"Greenfield, Massachusetts",2019-01-01,6707.0
1458,Massachusetts,"Greenfield, Massachusetts",2020-01-01,3823.0
858,Massachusetts,"Greenfield, Massachusetts",2021-01-01,3428.0
258,Massachusetts,"Greenfield, Massachusetts",2022-01-01,8927.0
10609,North Carolina,"Greensboro, North Carolina",2005-01-01,29373.0
10009,North Carolina,"Greensboro, North Carolina",2006-01-01,36895.0
9409,North Carolina,"Greensboro, North Carolina",2007-01-01,72947.0
8809,North Carolina,"Greensboro, North Carolina",2008-01-01,89675.0
8209,North Carolina,"Greensboro, North Carolina",2009-01-01,90290.0
7609,North Carolina,"Greensboro, North Carolina",2010-01-01,105671.0
7009,North Carolina,"Greensboro, North Carolina",2011-01-01,124396.0
6409,North Carolina,"Greensboro, North Carolina",2012-01-01,134888.0
5809,North Carolina,"Greensboro, North Carolina",2013-01-01,139869.0
5209,North Carolina,"Greensboro, North Carolina",2014-01-01,134191.0
4609,North Carolina,"Greensboro, North Carolina",2015-01-01,123080.0
4009,North Carolina,"Greensboro, North Carolina",2016-01-01,113638.0
3409,North Carolina,"Greensboro, North Carolina",2017-01-01,111187.0
2809,North Carolina,"Greensboro, North Carolina",2018-01-01,118176.0
2209,North Carolina,"Greensboro, North Carolina",2019-01-01,127007.0
1609,North Carolina,"Greensboro, North Carolina",2020-01-01,75378.0
1009,North Carolina,"Greensboro, North Carolina",2021-01-01,66808.0
409,North Carolina,"Greensboro, North Carolina",2022-01-01,114046.0
10663,Pennsylvania,"Greensburg, Pennsylvania",2005-01-01,5064.0
10063,Pennsylvania,"Greensburg, Pennsylvania",2006-01-01,6078.0
9463,Pennsylvania,"Greensburg, Pennsylvania",2007-01-01,10296.0
8863,Pennsylvania,"Greensburg, Pennsylvania",2008-01-01,12882.0
8263,Pennsylvania,"Greensburg, Pennsylvania",2009-01-01,12393.0
7663,Pennsylvania,"Greensburg, Pennsylvania",2010-01-01,14000.0
7063,Pennsylvania,"Greensburg, Pennsylvania",2011-01-01,13097.0
6463,Pennsylvania,"Greensburg, Pennsylvania",2012-01-01,13395.0
5863,Pennsylvania,"Greensburg, Pennsylvania",2013-01-01,14248.0
5263,Pennsylvania,"Greensburg, Pennsylvania",2014-01-01,15023.0
4663,Pennsylvania,"Greensburg, Pennsylvania",2015-01-01,14773.0
4063,Pennsylvania,"Greensburg, Pennsylvania",2016-01-01,13552.0
3463,Pennsylvania,"Greensburg, Pennsylvania",2017-01-01,13634.0
2863,Pennsylvania,"Greensburg, Pennsylvania",2018-01-01,12643.0
2263,Pennsylvania,"Greensburg, Pennsylvania",2019-01-01,12645.0
1663,Pennsylvania,"Greensburg, Pennsylvania",2020-01-01,6578.0
1063,Pennsylvania,"Greensburg, Pennsylvania",2021-01-01,4900.0
463,Pennsylvania,"Greensburg, Pennsylvania",2022-01-01,8367.0
10692,South Carolina,"Greenville, South Carolina",2005-01-01,6142.0
10092,South Carolina,"Greenville, South Carolina",2006-01-01,6046.0
9492,South Carolina,"Greenville, South Carolina",2007-01-01,11700.0
8892,South Carolina,"Greenville, South Carolina",2008-01-01,16897.0
8292,South Carolina,"Greenville, South Carolina",2009-01-01,15874.0
7692,South Carolina,"Greenville, South Carolina",2010-01-01,17490.0
7092,South Carolina,"Greenville, South Carolina",2011-01-01,17366.0
6492,South Carolina,"Greenville, South Carolina",2012-01-01,12565.0
5892,South Carolina,"Greenville, South Carolina",2013-01-01,12021.0
5292,South Carolina,"Greenville, South Carolina",2014-01-01,13478.0
4692,South Carolina,"Greenville, South Carolina",2015-01-01,11913.0
4092,South Carolina,"Greenville, South Carolina",2016-01-01,11935.0
3492,South Carolina,"Greenville, South Carolina",2017-01-01,14135.0
2892,South Carolina,"Greenville, South Carolina",2018-01-01,12172.0
2292,South Carolina,"Greenville, South Carolina",2019-01-01,12397.0
1692,South Carolina,"Greenville, South Carolina",2020-01-01,6103.0
1092,South Carolina,"Greenville, South Carolina",2021-01-01,4555.0
492,South Carolina,"Greenville, South Carolina",2022-01-01,6784.0
10502,Mississippi,"Greenwood, Mississippi",2005-01-01,5095.0
9902,Mississippi,"Greenwood, Mississippi",2006-01-01,5719.0
9302,Mississippi,"Greenwood, Mississippi",2007-01-01,12892.0
8102,Mississippi,"Greenwood, Mississippi",2009-01-01,14409.0
7502,Mississippi,"Greenwood, Mississippi",2010-01-01,16455.0
6902,Mississippi,"Greenwood, Mississippi",2011-01-01,15151.0
6302,Mississippi,"Greenwood, Mississippi",2012-01-01,15648.0
5702,Mississippi,"Greenwood, Mississippi",2013-01-01,15730.0
5102,Mississippi,"Greenwood, Mississippi",2014-01-01,15065.0
4502,Mississippi,"Greenwood, Mississippi",2015-01-01,15294.0
3902,Mississippi,"Greenwood, Mississippi",2016-01-01,15053.0
3302,Mississippi,"Greenwood, Mississippi",2017-01-01,14471.0
2702,Mississippi,"Greenwood, Mississippi",2018-01-01,13907.0
2102,Mississippi,"Greenwood, Mississippi",2019-01-01,12306.0
1502,Mississippi,"Greenwood, Mississippi",2020-01-01,8385.0
902,Mississippi,"Greenwood, Mississippi",2021-01-01,7511.0
302,Mississippi,"Greenwood, Mississippi",2022-01-01,9293.0
10250,California,"Grover Beach, California",2005-01-01,6489.0
9650,California,"Grover Beach, California",2006-01-01,7628.0
9050,California,"Grover Beach, California",2007-01-01,15445.0
8450,California,"Grover Beach, California",2008-01-01,18275.0
7850,California,"Grover Beach, California",2009-01-01,16703.0
7250,California,"Grover Beach, California",2010-01-01,17944.0
6650,California,"Grover Beach, California",2011-01-01,17326.0
6050,California,"Grover Beach, California",2012-01-01,18005.0
5450,California,"Grover Beach, California",2013-01-01,19169.0
4850,California,"Grover Beach, California",2014-01-01,19530.0
4250,California,"Grover Beach, California",2015-01-01,19437.0
3650,California,"Grover Beach, California",2016-01-01,18987.0
3050,California,"Grover Beach, California",2017-01-01,18879.0
2450,California,"Grover Beach, California",2018-01-01,12447.0
1850,California,"Grover Beach, California",2019-01-01,13293.0
1250,California,"Grover Beach, California",2020-01-01,8815.0
650,California,"Grover Beach, California",2021-01-01,6446.0
50,California,"Grover Beach, California",2022-01-01,12748.0
10251,California,"Guadalupe-Santa Maria, California",2005-01-01,3425.0
9651,California,"Guadalupe-Santa Maria, California",2006-01-01,4787.0
9051,California,"Guadalupe-Santa Maria, California",2007-01-01,8826.0
8451,California,"Guadalupe-Santa Maria, California",2008-01-01,10914.0
7851,California,"Guadalupe-Santa Maria, California",2009-01-01,9836.0
7251,California,"Guadalupe-Santa Maria, California",2010-01-01,10018.0
6651,California,"Guadalupe-Santa Maria, California",2011-01-01,10649.0
6051,California,"Guadalupe-Santa Maria, California",2012-01-01,11250.0
5451,California,"Guadalupe-Santa Maria, California",2013-01-01,11719.0
4851,California,"Guadalupe-Santa Maria, California",2014-01-01,12162.0
4251,California,"Guadalupe-Santa Maria, California",2015-01-01,12718.0
3651,California,"Guadalupe-Santa Maria, California",2016-01-01,12227.0
3051,California,"Guadalupe-Santa Maria, California",2017-01-01,12430.0
2451,California,"Guadalupe-Santa Maria, California",2018-01-01,8706.0
1851,California,"Guadalupe-Santa Maria, California",2019-01-01,9298.0
1251,California,"Guadalupe-Santa Maria, California",2020-01-01,5929.0
651,California,"Guadalupe-Santa Maria, California",2021-01-01,5148.0
51,California,"Guadalupe-Santa Maria, California",2022-01-01,9744.0
10503,Mississippi,"Gulfport, Mississippi",2005-01-01,387.0
10640,Oklahoma,"Guthrie, Oklahoma",2005-01-01,49.0
10040,Oklahoma,"Guthrie, Oklahoma",2006-01-01,32.0
10635,Ohio,"Hamilton, Ohio",2005-01-01,676.0
10035,Ohio,"Hamilton, Ohio",2006-01-01,27.0
10610,North Carolina,"Hamlet, North Carolina",2005-01-01,2031.0
10010,North Carolina,"Hamlet, North Carolina",2006-01-01,2030.0
9410,North Carolina,"Hamlet, North Carolina",2007-01-01,4153.0
8810,North Carolina,"Hamlet, North Carolina",2008-01-01,4571.0
8210,North Carolina,"Hamlet, North Carolina",2009-01-01,5197.0
7610,North Carolina,"Hamlet, North Carolina",2010-01-01,4996.0
7010,North Carolina,"Hamlet, North Carolina",2011-01-01,4820.0
6410,North Carolina,"Hamlet, North Carolina",2012-01-01,4826.0
5810,North Carolina,"Hamlet, North Carolina",2013-01-01,4882.0
5210,North Carolina,"Hamlet, North Carolina",2014-01-01,4744.0
4610,North Carolina,"Hamlet, North Carolina",2015-01-01,4944.0
4010,North Carolina,"Hamlet, North Carolina",2016-01-01,4698.0
3410,North Carolina,"Hamlet, North Carolina",2017-01-01,4376.0
2810,North Carolina,"Hamlet, North Carolina",2018-01-01,4005.0
2210,North Carolina,"Hamlet, North Carolina",2019-01-01,4165.0
1610,North Carolina,"Hamlet, North Carolina",2020-01-01,2526.0
1010,North Carolina,"Hamlet, North Carolina",2021-01-01,2175.0
410,North Carolina,"Hamlet, North Carolina",2022-01-01,3798.0
10434,Louisiana,"Hammond, Louisiana",2005-01-01,4537.0
9834,Louisiana,"Hammond, Louisiana",2006-01-01,7037.0
9234,Louisiana,"Hammond, Louisiana",2007-01-01,14199.0
8634,Louisiana,"Hammond, Louisiana",2008-01-01,14695.0
8034,Louisiana,"Hammond, Louisiana",2009-01-01,14717.0
7434,Louisiana,"Hammond, Louisiana",2010-01-01,14404.0
6834,Louisiana,"Hammond, Louisiana",2011-01-01,15249.0
6234,Louisiana,"Hammond, Louisiana",2012-01-01,15212.0
5634,Louisiana,"Hammond, Louisiana",2013-01-01,15602.0
5034,Louisiana,"Hammond, Louisiana",2014-01-01,15187.0
4434,Louisiana,"Hammond, Louisiana",2015-01-01,13905.0
3834,Louisiana,"Hammond, Louisiana",2016-01-01,12190.0
3234,Louisiana,"Hammond, Louisiana",2017-01-01,10839.0
2634,Louisiana,"Hammond, Louisiana",2018-01-01,9350.0
2034,Louisiana,"Hammond, Louisiana",2019-01-01,6904.0
1434,Louisiana,"Hammond, Louisiana",2020-01-01,5537.0
834,Louisiana,"Hammond, Louisiana",2021-01-01,4406.0
234,Louisiana,"Hammond, Louisiana",2022-01-01,6023.0
10408,Indiana,"Hammond-Whiting, Indiana",2005-01-01,4669.0
9808,Indiana,"Hammond-Whiting, Indiana",2006-01-01,2998.0
9208,Indiana,"Hammond-Whiting, Indiana",2007-01-01,6457.0
8608,Indiana,"Hammond-Whiting, Indiana",2008-01-01,6289.0
8008,Indiana,"Hammond-Whiting, Indiana",2009-01-01,6012.0
7408,Indiana,"Hammond-Whiting, Indiana",2010-01-01,6638.0
6808,Indiana,"Hammond-Whiting, Indiana",2011-01-01,7292.0
6208,Indiana,"Hammond-Whiting, Indiana",2012-01-01,6411.0
5608,Indiana,"Hammond-Whiting, Indiana",2013-01-01,7763.0
5008,Indiana,"Hammond-Whiting, Indiana",2014-01-01,7701.0
4408,Indiana,"Hammond-Whiting, Indiana",2015-01-01,7463.0
3808,Indiana,"Hammond-Whiting, Indiana",2016-01-01,5952.0
3208,Indiana,"Hammond-Whiting, Indiana",2017-01-01,11321.0
2608,Indiana,"Hammond-Whiting, Indiana",2018-01-01,5848.0
2008,Indiana,"Hammond-Whiting, Indiana",2019-01-01,5167.0
1408,Indiana,"Hammond-Whiting, Indiana",2020-01-01,2413.0
808,Indiana,"Hammond-Whiting, Indiana",2021-01-01,445.0
208,Indiana,"Hammond-Whiting, Indiana",2022-01-01,3031.0
10252,California,"Hanford, California",2005-01-01,69588.0
9652,California,"Hanford, California",2006-01-01,73713.0
9052,California,"Hanford, California",2007-01-01,154988.0
8452,California,"Hanford, California",2008-01-01,184930.0
7852,California,"Hanford, California",2009-01-01,182446.0
7252,California,"Hanford, California",2010-01-01,187865.0
6652,California,"Hanford, California",2011-01-01,199291.0
6052,California,"Hanford, California",2012-01-01,210682.0
5452,California,"Hanford, California",2013-01-01,225708.0
4852,California,"Hanford, California",2014-01-01,220144.0
4252,California,"Hanford, California",2015-01-01,213923.0
3652,California,"Hanford, California",2016-01-01,201098.0
3052,California,"Hanford, California",2017-01-01,196702.0
2452,California,"Hanford, California",2018-01-01,190403.0
1852,California,"Hanford, California",2019-01-01,181209.0
1252,California,"Hanford, California",2020-01-01,93645.0
652,California,"Hanford, California",2021-01-01,60573.0
52,California,"Hanford, California",2022-01-01,97628.0
10783,West Virginia,"Harpers Ferry, West Virginia",2005-01-01,1446.0
10183,West Virginia,"Harpers Ferry, West Virginia",2006-01-01,1570.0
9583,West Virginia,"Harpers Ferry, West Virginia",2007-01-01,3315.0
8983,West Virginia,"Harpers Ferry, West Virginia",2008-01-01,3967.0
8383,West Virginia,"Harpers Ferry, West Virginia",2009-01-01,4259.0
7783,West Virginia,"Harpers Ferry, West Virginia",2010-01-01,4618.0
7183,West Virginia,"Harpers Ferry, West Virginia",2011-01-01,5006.0
6583,West Virginia,"Harpers Ferry, West Virginia",2012-01-01,5483.0
5983,West Virginia,"Harpers Ferry, West Virginia",2013-01-01,6287.0
5383,West Virginia,"Harpers Ferry, West Virginia",2014-01-01,6313.0
4783,West Virginia,"Harpers Ferry, West Virginia",2015-01-01,6314.0
4183,West Virginia,"Harpers Ferry, West Virginia",2016-01-01,7365.0
3583,West Virginia,"Harpers Ferry, West Virginia",2017-01-01,8267.0
2983,West Virginia,"Harpers Ferry, West Virginia",2018-01-01,7638.0
2383,West Virginia,"Harpers Ferry, West Virginia",2019-01-01,7920.0
1783,West Virginia,"Harpers Ferry, West Virginia",2020-01-01,4322.0
1183,West Virginia,"Harpers Ferry, West Virginia",2021-01-01,4025.0
583,West Virginia,"Harpers Ferry, West Virginia",2022-01-01,6539.0
10664,Pennsylvania,"Harrisburg, Pennsylvania",2005-01-01,171340.0
10064,Pennsylvania,"Harrisburg, Pennsylvania",2006-01-01,192415.0
9464,Pennsylvania,"Harrisburg, Pennsylvania",2007-01-01,464924.0
8864,Pennsylvania,"Harrisburg, Pennsylvania",2008-01-01,527056.0
8264,Pennsylvania,"Harrisburg, Pennsylvania",2009-01-01,539167.0
7664,Pennsylvania,"Harrisburg, Pennsylvania",2010-01-01,547257.0
7064,Pennsylvania,"Harrisburg, Pennsylvania",2011-01-01,543423.0
6464,Pennsylvania,"Harrisburg, Pennsylvania",2012-01-01,571217.0
5864,Pennsylvania,"Harrisburg, Pennsylvania",2013-01-01,571940.0
5264,Pennsylvania,"Harrisburg, Pennsylvania",2014-01-01,498995.0
4664,Pennsylvania,"Harrisburg, Pennsylvania",2015-01-01,508685.0
4064,Pennsylvania,"Harrisburg, Pennsylvania",2016-01-01,508624.0
3464,Pennsylvania,"Harrisburg, Pennsylvania",2017-01-01,504192.0
2864,Pennsylvania,"Harrisburg, Pennsylvania",2018-01-01,512642.0
2264,Pennsylvania,"Harrisburg, Pennsylvania",2019-01-01,520988.0
1664,Pennsylvania,"Harrisburg, Pennsylvania",2020-01-01,267349.0
1064,Pennsylvania,"Harrisburg, Pennsylvania",2021-01-01,161432.0
464,Pennsylvania,"Harrisburg, Pennsylvania",2022-01-01,258937.0
10321,Connecticut,"Hartford, Connecticut",2005-01-01,79467.0
9721,Connecticut,"Hartford, Connecticut",2006-01-01,76065.0
9121,Connecticut,"Hartford, Connecticut",2007-01-01,150088.0
8521,Connecticut,"Hartford, Connecticut",2008-01-01,168435.0
7921,Connecticut,"Hartford, Connecticut",2009-01-01,157791.0
7321,Connecticut,"Hartford, Connecticut",2010-01-01,170060.0
6721,Connecticut,"Hartford, Connecticut",2011-01-01,173554.0
6121,Connecticut,"Hartford, Connecticut",2012-01-01,179536.0
5521,Connecticut,"Hartford, Connecticut",2013-01-01,187357.0
4921,Connecticut,"Hartford, Connecticut",2014-01-01,179186.0
4321,Connecticut,"Hartford, Connecticut",2015-01-01,171690.0
3721,Connecticut,"Hartford, Connecticut",2016-01-01,138682.0
3121,Connecticut,"Hartford, Connecticut",2017-01-01,127805.0
2521,Connecticut,"Hartford, Connecticut",2018-01-01,150611.0
1921,Connecticut,"Hartford, Connecticut",2019-01-01,172178.0
1321,Connecticut,"Hartford, Connecticut",2020-01-01,93865.0
721,Connecticut,"Hartford, Connecticut",2021-01-01,75866.0
121,Connecticut,"Hartford, Connecticut",2022-01-01,149625.0
10541,Nebraska,"Hastings, Nebraska",2005-01-01,1947.0
9941,Nebraska,"Hastings, Nebraska",2006-01-01,2068.0
9341,Nebraska,"Hastings, Nebraska",2007-01-01,4068.0
8741,Nebraska,"Hastings, Nebraska",2008-01-01,4623.0
8141,Nebraska,"Hastings, Nebraska",2009-01-01,4633.0
7541,Nebraska,"Hastings, Nebraska",2010-01-01,4765.0
6941,Nebraska,"Hastings, Nebraska",2011-01-01,4839.0
6341,Nebraska,"Hastings, Nebraska",2012-01-01,5358.0
5741,Nebraska,"Hastings, Nebraska",2013-01-01,5865.0
5141,Nebraska,"Hastings, Nebraska",2014-01-01,5601.0
4541,Nebraska,"Hastings, Nebraska",2015-01-01,5433.0
3941,Nebraska,"Hastings, Nebraska",2016-01-01,5104.0
3341,Nebraska,"Hastings, Nebraska",2017-01-01,5214.0
2741,Nebraska,"Hastings, Nebraska",2018-01-01,5304.0
2141,Nebraska,"Hastings, Nebraska",2019-01-01,4757.0
1541,Nebraska,"Hastings, Nebraska",2020-01-01,2967.0
941,Nebraska,"Hastings, Nebraska",2021-01-01,2165.0
341,Nebraska,"Hastings, Nebraska",2022-01-01,3240.0
10504,Mississippi,"Hattiesburg, Mississippi",2005-01-01,5185.0
9904,Mississippi,"Hattiesburg, Mississippi",2006-01-01,3785.0
9304,Mississippi,"Hattiesburg, Mississippi",2007-01-01,9292.0
8104,Mississippi,"Hattiesburg, Mississippi",2009-01-01,11168.0
7504,Mississippi,"Hattiesburg, Mississippi",2010-01-01,11868.0
6904,Mississippi,"Hattiesburg, Mississippi",2011-01-01,12771.0
6304,Mississippi,"Hattiesburg, Mississippi",2012-01-01,12951.0
5704,Mississippi,"Hattiesburg, Mississippi",2013-01-01,13056.0
5104,Mississippi,"Hattiesburg, Mississippi",2014-01-01,11448.0
4504,Mississippi,"Hattiesburg, Mississippi",2015-01-01,9940.0
3904,Mississippi,"Hattiesburg, Mississippi",2016-01-01,9552.0
3304,Mississippi,"Hattiesburg, Mississippi",2017-01-01,8588.0
2704,Mississippi,"Hattiesburg, Mississippi",2018-01-01,8685.0
2104,Mississippi,"Hattiesburg, Mississippi",2019-01-01,8326.0
1504,Mississippi,"Hattiesburg, Mississippi",2020-01-01,4655.0
904,Mississippi,"Hattiesburg, Mississippi",2021-01-01,3580.0
304,Mississippi,"Hattiesburg, Mississippi",2022-01-01,5083.0
10459,Massachusetts,"Haverhill, Massachusetts",2005-01-01,6886.0
9859,Massachusetts,"Haverhill, Massachusetts",2006-01-01,8435.0
9259,Massachusetts,"Haverhill, Massachusetts",2007-01-01,25332.0
8659,Massachusetts,"Haverhill, Massachusetts",2008-01-01,36050.0
8059,Massachusetts,"Haverhill, Massachusetts",2009-01-01,36159.0
7459,Massachusetts,"Haverhill, Massachusetts",2010-01-01,36460.0
6859,Massachusetts,"Haverhill, Massachusetts",2011-01-01,39070.0
6259,Massachusetts,"Haverhill, Massachusetts",2012-01-01,41530.0
5659,Massachusetts,"Haverhill, Massachusetts",2013-01-01,44660.0
5059,Massachusetts,"Haverhill, Massachusetts",2014-01-01,38481.0
4459,Massachusetts,"Haverhill, Massachusetts",2015-01-01,34857.0
3859,Massachusetts,"Haverhill, Massachusetts",2016-01-01,44510.0
3259,Massachusetts,"Haverhill, Massachusetts",2017-01-01,44827.0
2659,Massachusetts,"Haverhill, Massachusetts",2018-01-01,42637.0
2059,Massachusetts,"Haverhill, Massachusetts",2019-01-01,44511.0
1459,Massachusetts,"Haverhill, Massachusetts",2020-01-01,22579.0
859,Massachusetts,"Haverhill, Massachusetts",2021-01-01,12467.0
259,Massachusetts,"Haverhill, Massachusetts",2022-01-01,23156.0
10533,Montana,"Havre, Montana",2005-01-01,7881.0
9933,Montana,"Havre, Montana",2006-01-01,8630.0
9333,Montana,"Havre, Montana",2007-01-01,16836.0
8733,Montana,"Havre, Montana",2008-01-01,17759.0
8133,Montana,"Havre, Montana",2009-01-01,16928.0
7533,Montana,"Havre, Montana",2010-01-01,16077.0
6933,Montana,"Havre, Montana",2011-01-01,14007.0
6333,Montana,"Havre, Montana",2012-01-01,14198.0
5733,Montana,"Havre, Montana",2013-01-01,13392.0
5133,Montana,"Havre, Montana",2014-01-01,11343.0
4533,Montana,"Havre, Montana",2015-01-01,11181.0
3933,Montana,"Havre, Montana",2016-01-01,11756.0
3333,Montana,"Havre, Montana",2017-01-01,11570.0
2733,Montana,"Havre, Montana",2018-01-01,11102.0
2133,Montana,"Havre, Montana",2019-01-01,10210.0
1533,Montana,"Havre, Montana",2020-01-01,6284.0
933,Montana,"Havre, Montana",2021-01-01,5158.0
333,Montana,"Havre, Montana",2022-01-01,6848.0
10253,California,"Hayward, California",2005-01-01,11416.0
9653,California,"Hayward, California",2006-01-01,11585.0
9053,California,"Hayward, California",2007-01-01,24961.0
8453,California,"Hayward, California",2008-01-01,30583.0
7853,California,"Hayward, California",2009-01-01,29976.0
7253,California,"Hayward, California",2010-01-01,29984.0
6653,California,"Hayward, California",2011-01-01,30603.0
6053,California,"Hayward, California",2012-01-01,35342.0
5453,California,"Hayward, California",2013-01-01,35409.0
4853,California,"Hayward, California",2014-01-01,35798.0
4253,California,"Hayward, California",2015-01-01,40631.0
3653,California,"Hayward, California",2016-01-01,47351.0
3053,California,"Hayward, California",2017-01-01,50361.0
2453,California,"Hayward, California",2018-01-01,57815.0
1853,California,"Hayward, California",2019-01-01,70383.0
1253,California,"Hayward, California",2020-01-01,38591.0
653,California,"Hayward, California",2021-01-01,10328.0
53,California,"Hayward, California",2022-01-01,20641.0
10505,Mississippi,"Hazlehurst, Mississippi",2005-01-01,558.0
9905,Mississippi,"Hazlehurst, Mississippi",2006-01-01,682.0
9305,Mississippi,"Hazlehurst, Mississippi",2007-01-01,1867.0
8105,Mississippi,"Hazlehurst, Mississippi",2009-01-01,2056.0
7505,Mississippi,"Hazlehurst, Mississippi",2010-01-01,2635.0
6905,Mississippi,"Hazlehurst, Mississippi",2011-01-01,2163.0
6305,Mississippi,"Hazlehurst, Mississippi",2012-01-01,1960.0
5705,Mississippi,"Hazlehurst, Mississippi",2013-01-01,1728.0
5105,Mississippi,"Hazlehurst, Mississippi",2014-01-01,1994.0
4505,Mississippi,"Hazlehurst, Mississippi",2015-01-01,1926.0
3905,Mississippi,"Hazlehurst, Mississippi",2016-01-01,1574.0
3305,Mississippi,"Hazlehurst, Mississippi",2017-01-01,1660.0
2705,Mississippi,"Hazlehurst, Mississippi",2018-01-01,1326.0
2105,Mississippi,"Hazlehurst, Mississippi",2019-01-01,1045.0
1505,Mississippi,"Hazlehurst, Mississippi",2020-01-01,875.0
905,Mississippi,"Hazlehurst, Mississippi",2021-01-01,816.0
305,Mississippi,"Hazlehurst, Mississippi",2022-01-01,956.0
10719,Utah,"Helper, Utah",2005-01-01,698.0
10119,Utah,"Helper, Utah",2006-01-01,805.0
9519,Utah,"Helper, Utah",2007-01-01,1645.0
8919,Utah,"Helper, Utah",2008-01-01,2070.0
8319,Utah,"Helper, Utah",2009-01-01,1441.0
7719,Utah,"Helper, Utah",2010-01-01,1808.0
7119,Utah,"Helper, Utah",2011-01-01,2088.0
6519,Utah,"Helper, Utah",2012-01-01,2201.0
5919,Utah,"Helper, Utah",2013-01-01,2245.0
5319,Utah,"Helper, Utah",2014-01-01,2034.0
4719,Utah,"Helper, Utah",2015-01-01,2092.0
4119,Utah,"Helper, Utah",2016-01-01,2145.0
3519,Utah,"Helper, Utah",2017-01-01,2132.0
2919,Utah,"Helper, Utah",2018-01-01,2261.0
2319,Utah,"Helper, Utah",2019-01-01,2501.0
1719,Utah,"Helper, Utah",2020-01-01,1311.0
1119,Utah,"Helper, Utah",2021-01-01,1244.0
519,Utah,"Helper, Utah",2022-01-01,1524.0
10516,Missouri,"Hermann, Missouri",2005-01-01,5073.0
9916,Missouri,"Hermann, Missouri",2006-01-01,4181.0
9316,Missouri,"Hermann, Missouri",2007-01-01,6365.0
8716,Missouri,"Hermann, Missouri",2008-01-01,10816.0
8116,Missouri,"Hermann, Missouri",2009-01-01,11559.0
7516,Missouri,"Hermann, Missouri",2010-01-01,12615.0
6916,Missouri,"Hermann, Missouri",2011-01-01,15255.0
6316,Missouri,"Hermann, Missouri",2012-01-01,17948.0
5716,Missouri,"Hermann, Missouri",2013-01-01,18568.0
5116,Missouri,"Hermann, Missouri",2014-01-01,20414.0
4516,Missouri,"Hermann, Missouri",2015-01-01,22377.0
3916,Missouri,"Hermann, Missouri",2016-01-01,24309.0
3316,Missouri,"Hermann, Missouri",2017-01-01,25633.0
2716,Missouri,"Hermann, Missouri",2018-01-01,26037.0
2116,Missouri,"Hermann, Missouri",2019-01-01,23021.0
1516,Missouri,"Hermann, Missouri",2020-01-01,11790.0
916,Missouri,"Hermann, Missouri",2021-01-01,11418.0
316,Missouri,"Hermann, Missouri",2022-01-01,17007.0
10611,North Carolina,"High Point, North Carolina",2005-01-01,7281.0
10011,North Carolina,"High Point, North Carolina",2006-01-01,8409.0
9411,North Carolina,"High Point, North Carolina",2007-01-01,19003.0
8811,North Carolina,"High Point, North Carolina",2008-01-01,23231.0
8211,North Carolina,"High Point, North Carolina",2009-01-01,25273.0
7611,North Carolina,"High Point, North Carolina",2010-01-01,30972.0
7011,North Carolina,"High Point, North Carolina",2011-01-01,33744.0
6411,North Carolina,"High Point, North Carolina",2012-01-01,38358.0
5811,North Carolina,"High Point, North Carolina",2013-01-01,40302.0
5211,North Carolina,"High Point, North Carolina",2014-01-01,38573.0
4611,North Carolina,"High Point, North Carolina",2015-01-01,37225.0
4011,North Carolina,"High Point, North Carolina",2016-01-01,33570.0
3411,North Carolina,"High Point, North Carolina",2017-01-01,30818.0
2811,North Carolina,"High Point, North Carolina",2018-01-01,31011.0
2211,North Carolina,"High Point, North Carolina",2019-01-01,32172.0
1611,North Carolina,"High Point, North Carolina",2020-01-01,18646.0
1011,North Carolina,"High Point, North Carolina",2021-01-01,16442.0
411,North Carolina,"High Point, North Carolina",2022-01-01,27128.0
10784,West Virginia,"Hinton, West Virginia",2005-01-01,5578.0
10184,West Virginia,"Hinton, West Virginia",2006-01-01,1521.0
9584,West Virginia,"Hinton, West Virginia",2007-01-01,8705.0
8984,West Virginia,"Hinton, West Virginia",2008-01-01,10162.0
8384,West Virginia,"Hinton, West Virginia",2009-01-01,10036.0
7784,West Virginia,"Hinton, West Virginia",2010-01-01,8803.0
7184,West Virginia,"Hinton, West Virginia",2011-01-01,8632.0
6584,West Virginia,"Hinton, West Virginia",2012-01-01,8742.0
5984,West Virginia,"Hinton, West Virginia",2013-01-01,8897.0
5384,West Virginia,"Hinton, West Virginia",2014-01-01,8502.0
4784,West Virginia,"Hinton, West Virginia",2015-01-01,7506.0
4184,West Virginia,"Hinton, West Virginia",2016-01-01,7344.0
3584,West Virginia,"Hinton, West Virginia",2017-01-01,4463.0
2984,West Virginia,"Hinton, West Virginia",2018-01-01,5836.0
2384,West Virginia,"Hinton, West Virginia",2019-01-01,6456.0
1784,West Virginia,"Hinton, West Virginia",2020-01-01,2660.0
1184,West Virginia,"Hinton, West Virginia",2021-01-01,1533.0
584,West Virginia,"Hinton, West Virginia",2022-01-01,2572.0
10542,Nebraska,"Holdrege, Nebraska",2005-01-01,925.0
9942,Nebraska,"Holdrege, Nebraska",2006-01-01,790.0
9342,Nebraska,"Holdrege, Nebraska",2007-01-01,1752.0
8742,Nebraska,"Holdrege, Nebraska",2008-01-01,1794.0
8142,Nebraska,"Holdrege, Nebraska",2009-01-01,1739.0
7542,Nebraska,"Holdrege, Nebraska",2010-01-01,1963.0
6942,Nebraska,"Holdrege, Nebraska",2011-01-01,1623.0
6342,Nebraska,"Holdrege, Nebraska",2012-01-01,2296.0
5742,Nebraska,"Holdrege, Nebraska",2013-01-01,2335.0
5142,Nebraska,"Holdrege, Nebraska",2014-01-01,2247.0
4542,Nebraska,"Holdrege, Nebraska",2015-01-01,2345.0
3942,Nebraska,"Holdrege, Nebraska",2016-01-01,2237.0
3342,Nebraska,"Holdrege, Nebraska",2017-01-01,2002.0
2742,Nebraska,"Holdrege, Nebraska",2018-01-01,2225.0
2142,Nebraska,"Holdrege, Nebraska",2019-01-01,1779.0
1542,Nebraska,"Holdrege, Nebraska",2020-01-01,879.0
942,Nebraska,"Holdrege, Nebraska",2021-01-01,805.0
342,Nebraska,"Holdrege, Nebraska",2022-01-01,1014.0
10480,Michigan,"Holland, Michigan",2005-01-01,17421.0
9880,Michigan,"Holland, Michigan",2006-01-01,19159.0
9280,Michigan,"Holland, Michigan",2007-01-01,38457.0
8680,Michigan,"Holland, Michigan",2008-01-01,40463.0
8080,Michigan,"Holland, Michigan",2009-01-01,36804.0
7480,Michigan,"Holland, Michigan",2010-01-01,37273.0
6880,Michigan,"Holland, Michigan",2011-01-01,38533.0
6280,Michigan,"Holland, Michigan",2012-01-01,39763.0
5680,Michigan,"Holland, Michigan",2013-01-01,39228.0
5080,Michigan,"Holland, Michigan",2014-01-01,38650.0
4480,Michigan,"Holland, Michigan",2015-01-01,36994.0
3880,Michigan,"Holland, Michigan",2016-01-01,35062.0
3280,Michigan,"Holland, Michigan",2017-01-01,36653.0
2680,Michigan,"Holland, Michigan",2018-01-01,36838.0
2080,Michigan,"Holland, Michigan",2019-01-01,37292.0
1480,Michigan,"Holland, Michigan",2020-01-01,17524.0
880,Michigan,"Holland, Michigan",2021-01-01,17502.0
280,Michigan,"Holland, Michigan",2022-01-01,28581.0
10344,Florida,"Hollywood, Florida",2005-01-01,14783.0
9744,Florida,"Hollywood, Florida",2006-01-01,13739.0
9144,Florida,"Hollywood, Florida",2007-01-01,29174.0
8544,Florida,"Hollywood, Florida",2008-01-01,33372.0
7944,Florida,"Hollywood, Florida",2009-01-01,34532.0
7344,Florida,"Hollywood, Florida",2010-01-01,37967.0
6744,Florida,"Hollywood, Florida",2011-01-01,39069.0
6144,Florida,"Hollywood, Florida",2012-01-01,38805.0
5544,Florida,"Hollywood, Florida",2013-01-01,34869.0
4944,Florida,"Hollywood, Florida",2014-01-01,32980.0
4344,Florida,"Hollywood, Florida",2015-01-01,28332.0
3744,Florida,"Hollywood, Florida",2016-01-01,26069.0
3144,Florida,"Hollywood, Florida",2017-01-01,24621.0
2544,Florida,"Hollywood, Florida",2018-01-01,22592.0
1944,Florida,"Hollywood, Florida",2019-01-01,21652.0
1344,Florida,"Hollywood, Florida",2020-01-01,13067.0
744,Florida,"Hollywood, Florida",2021-01-01,13042.0
144,Florida,"Hollywood, Florida",2022-01-01,17060.0
4460,Massachusetts,"Holyoke, Massachusetts",2015-01-01,96.0
3860,Massachusetts,"Holyoke, Massachusetts",2016-01-01,1203.0
3260,Massachusetts,"Holyoke, Massachusetts",2017-01-01,1487.0
2660,Massachusetts,"Holyoke, Massachusetts",2018-01-01,1582.0
2060,Massachusetts,"Holyoke, Massachusetts",2019-01-01,1718.0
1460,Massachusetts,"Holyoke, Massachusetts",2020-01-01,774.0
860,Massachusetts,"Holyoke, Massachusetts",2021-01-01,630.0
260,Massachusetts,"Holyoke, Massachusetts",2022-01-01,2423.0
10385,Illinois,"Homewood, Illinois",2005-01-01,11013.0
9785,Illinois,"Homewood, Illinois",2006-01-01,11220.0
9185,Illinois,"Homewood, Illinois",2007-01-01,27389.0
8585,Illinois,"Homewood, Illinois",2008-01-01,31123.0
7985,Illinois,"Homewood, Illinois",2009-01-01,30865.0
7385,Illinois,"Homewood, Illinois",2010-01-01,34233.0
6785,Illinois,"Homewood, Illinois",2011-01-01,39443.0
6185,Illinois,"Homewood, Illinois",2012-01-01,43055.0
5585,Illinois,"Homewood, Illinois",2013-01-01,46552.0
4985,Illinois,"Homewood, Illinois",2014-01-01,44624.0
4385,Illinois,"Homewood, Illinois",2015-01-01,41499.0
3785,Illinois,"Homewood, Illinois",2016-01-01,37102.0
3185,Illinois,"Homewood, Illinois",2017-01-01,36850.0
2585,Illinois,"Homewood, Illinois",2018-01-01,36151.0
1985,Illinois,"Homewood, Illinois",2019-01-01,36588.0
1385,Illinois,"Homewood, Illinois",2020-01-01,22994.0
785,Illinois,"Homewood, Illinois",2021-01-01,10299.0
185,Illinois,"Homewood, Illinois",2022-01-01,26722.0
5415,Arkansas,"Hope, Arkansas",2013-01-01,1310.0
4815,Arkansas,"Hope, Arkansas",2014-01-01,1911.0
4215,Arkansas,"Hope, Arkansas",2015-01-01,1612.0
3615,Arkansas,"Hope, Arkansas",2016-01-01,1608.0
3015,Arkansas,"Hope, Arkansas",2017-01-01,1691.0
2415,Arkansas,"Hope, Arkansas",2018-01-01,1650.0
1815,Arkansas,"Hope, Arkansas",2019-01-01,1579.0
1215,Arkansas,"Hope, Arkansas",2020-01-01,1013.0
615,Arkansas,"Hope, Arkansas",2021-01-01,779.0
15,Arkansas,"Hope, Arkansas",2022-01-01,1322.0
10708,Texas,"Houston, Texas",2005-01-01,6096.0
10108,Texas,"Houston, Texas",2006-01-01,5141.0
9508,Texas,"Houston, Texas",2007-01-01,13214.0
8908,Texas,"Houston, Texas",2008-01-01,14891.0
8308,Texas,"Houston, Texas",2009-01-01,16191.0
7708,Texas,"Houston, Texas",2010-01-01,18351.0
7108,Texas,"Houston, Texas",2011-01-01,19637.0
6508,Texas,"Houston, Texas",2012-01-01,20327.0
5908,Texas,"Houston, Texas",2013-01-01,21617.0
5308,Texas,"Houston, Texas",2014-01-01,20603.0
4708,Texas,"Houston, Texas",2015-01-01,20620.0
4108,Texas,"Houston, Texas",2016-01-01,19767.0
3508,Texas,"Houston, Texas",2017-01-01,19786.0
2908,Texas,"Houston, Texas",2018-01-01,20205.0
2308,Texas,"Houston, Texas",2019-01-01,20460.0
1708,Texas,"Houston, Texas",2020-01-01,11616.0
1108,Texas,"Houston, Texas",2021-01-01,12824.0
508,Texas,"Houston, Texas",2022-01-01,15833.0
10580,New York,"Hudson, New York",2005-01-01,73537.0
9980,New York,"Hudson, New York",2006-01-01,74310.0
9380,New York,"Hudson, New York",2007-01-01,148153.0
8780,New York,"Hudson, New York",2008-01-01,151457.0
8180,New York,"Hudson, New York",2009-01-01,143821.0
7580,New York,"Hudson, New York",2010-01-01,150197.0
6980,New York,"Hudson, New York",2011-01-01,156189.0
6380,New York,"Hudson, New York",2012-01-01,167286.0
5780,New York,"Hudson, New York",2013-01-01,174968.0
5180,New York,"Hudson, New York",2014-01-01,187776.0
4580,New York,"Hudson, New York",2015-01-01,196786.0
3980,New York,"Hudson, New York",2016-01-01,205919.0
3380,New York,"Hudson, New York",2017-01-01,217970.0
2780,New York,"Hudson, New York",2018-01-01,216988.0
2180,New York,"Hudson, New York",2019-01-01,237268.0
1580,New York,"Hudson, New York",2020-01-01,131357.0
980,New York,"Hudson, New York",2021-01-01,145187.0
380,New York,"Hudson, New York",2022-01-01,208302.0
10665,Pennsylvania,"Huntingdon, Pennsylvania",2005-01-01,2315.0
10065,Pennsylvania,"Huntingdon, Pennsylvania",2006-01-01,2581.0
9465,Pennsylvania,"Huntingdon, Pennsylvania",2007-01-01,5303.0
8865,Pennsylvania,"Huntingdon, Pennsylvania",2008-01-01,5290.0
8265,Pennsylvania,"Huntingdon, Pennsylvania",2009-01-01,5187.0
7665,Pennsylvania,"Huntingdon, Pennsylvania",2010-01-01,5794.0
7065,Pennsylvania,"Huntingdon, Pennsylvania",2011-01-01,5975.0
6465,Pennsylvania,"Huntingdon, Pennsylvania",2012-01-01,5837.0
5865,Pennsylvania,"Huntingdon, Pennsylvania",2013-01-01,6392.0
5265,Pennsylvania,"Huntingdon, Pennsylvania",2014-01-01,6801.0
4665,Pennsylvania,"Huntingdon, Pennsylvania",2015-01-01,6616.0
4065,Pennsylvania,"Huntingdon, Pennsylvania",2016-01-01,6039.0
3465,Pennsylvania,"Huntingdon, Pennsylvania",2017-01-01,5673.0
2865,Pennsylvania,"Huntingdon, Pennsylvania",2018-01-01,5766.0
2265,Pennsylvania,"Huntingdon, Pennsylvania",2019-01-01,5722.0
1665,Pennsylvania,"Huntingdon, Pennsylvania",2020-01-01,3337.0
1065,Pennsylvania,"Huntingdon, Pennsylvania",2021-01-01,2566.0
465,Pennsylvania,"Huntingdon, Pennsylvania",2022-01-01,4318.0
10785,West Virginia,"Huntington, West Virginia",2005-01-01,6988.0
10185,West Virginia,"Huntington, West Virginia",2006-01-01,2629.0
9585,West Virginia,"Huntington, West Virginia",2007-01-01,11080.0
8985,West Virginia,"Huntington, West Virginia",2008-01-01,12610.0
8385,West Virginia,"Huntington, West Virginia",2009-01-01,12706.0
7785,West Virginia,"Huntington, West Virginia",2010-01-01,11345.0
7185,West Virginia,"Huntington, West Virginia",2011-01-01,11721.0
6585,West Virginia,"Huntington, West Virginia",2012-01-01,11743.0
5985,West Virginia,"Huntington, West Virginia",2013-01-01,11186.0
5385,West Virginia,"Huntington, West Virginia",2014-01-01,11515.0
4785,West Virginia,"Huntington, West Virginia",2015-01-01,10706.0
4185,West Virginia,"Huntington, West Virginia",2016-01-01,10723.0
3585,West Virginia,"Huntington, West Virginia",2017-01-01,6925.0
2985,West Virginia,"Huntington, West Virginia",2018-01-01,10296.0
2385,West Virginia,"Huntington, West Virginia",2019-01-01,8870.0
1785,West Virginia,"Huntington, West Virginia",2020-01-01,3743.0
1185,West Virginia,"Huntington, West Virginia",2021-01-01,2556.0
585,West Virginia,"Huntington, West Virginia",2022-01-01,3102.0
10425,Kansas,"Hutchinson, Kansas",2005-01-01,1774.0
9825,Kansas,"Hutchinson, Kansas",2006-01-01,1819.0
9225,Kansas,"Hutchinson, Kansas",2007-01-01,4056.0
8625,Kansas,"Hutchinson, Kansas",2008-01-01,4289.0
8025,Kansas,"Hutchinson, Kansas",2009-01-01,4045.0
7425,Kansas,"Hutchinson, Kansas",2010-01-01,4519.0
6825,Kansas,"Hutchinson, Kansas",2011-01-01,5185.0
6225,Kansas,"Hutchinson, Kansas",2012-01-01,5239.0
5625,Kansas,"Hutchinson, Kansas",2013-01-01,5303.0
5025,Kansas,"Hutchinson, Kansas",2014-01-01,5312.0
4425,Kansas,"Hutchinson, Kansas",2015-01-01,4925.0
3825,Kansas,"Hutchinson, Kansas",2016-01-01,4691.0
3225,Kansas,"Hutchinson, Kansas",2017-01-01,4294.0
2625,Kansas,"Hutchinson, Kansas",2018-01-01,4415.0
2025,Kansas,"Hutchinson, Kansas",2019-01-01,4059.0
1425,Kansas,"Hutchinson, Kansas",2020-01-01,2661.0
825,Kansas,"Hutchinson, Kansas",2021-01-01,1797.0
225,Kansas,"Hutchinson, Kansas",2022-01-01,2637.0
10517,Missouri,"Independence, Missouri",2005-01-01,2660.0
9917,Missouri,"Independence, Missouri",2006-01-01,2499.0
9317,Missouri,"Independence, Missouri",2007-01-01,5466.0
8717,Missouri,"Independence, Missouri",2008-01-01,7261.0
8117,Missouri,"Independence, Missouri",2009-01-01,7310.0
7517,Missouri,"Independence, Missouri",2010-01-01,9128.0
6917,Missouri,"Independence, Missouri",2011-01-01,9550.0
6317,Missouri,"Independence, Missouri",2012-01-01,9809.0
5717,Missouri,"Independence, Missouri",2013-01-01,9724.0
5117,Missouri,"Independence, Missouri",2014-01-01,8991.0
4517,Missouri,"Independence, Missouri",2015-01-01,8766.0
3917,Missouri,"Independence, Missouri",2016-01-01,7973.0
3317,Missouri,"Independence, Missouri",2017-01-01,7321.0
2717,Missouri,"Independence, Missouri",2018-01-01,6683.0
2117,Missouri,"Independence, Missouri",2019-01-01,5553.0
1517,Missouri,"Independence, Missouri",2020-01-01,3489.0
917,Missouri,"Independence, Missouri",2021-01-01,3225.0
317,Missouri,"Independence, Missouri",2022-01-01,4167.0
10409,Indiana,"Indianapolis, Indiana",2005-01-01,12208.0
9809,Indiana,"Indianapolis, Indiana",2006-01-01,19936.0
9209,Indiana,"Indianapolis, Indiana",2007-01-01,29110.0
8609,Indiana,"Indianapolis, Indiana",2008-01-01,34089.0
8009,Indiana,"Indianapolis, Indiana",2009-01-01,32546.0
7409,Indiana,"Indianapolis, Indiana",2010-01-01,32125.0
6809,Indiana,"Indianapolis, Indiana",2011-01-01,34265.0
6209,Indiana,"Indianapolis, Indiana",2012-01-01,34863.0
5609,Indiana,"Indianapolis, Indiana",2013-01-01,36162.0
5009,Indiana,"Indianapolis, Indiana",2014-01-01,33033.0
4409,Indiana,"Indianapolis, Indiana",2015-01-01,30153.0
3809,Indiana,"Indianapolis, Indiana",2016-01-01,31470.0
3209,Indiana,"Indianapolis, Indiana",2017-01-01,32725.0
2609,Indiana,"Indianapolis, Indiana",2018-01-01,29431.0
2009,Indiana,"Indianapolis, Indiana",2019-01-01,24937.0
1409,Indiana,"Indianapolis, Indiana",2020-01-01,7373.0
809,Indiana,"Indianapolis, Indiana",2021-01-01,9847.0
209,Indiana,"Indianapolis, Indiana",2022-01-01,10881.0
10254,California,"Irvine, California",2005-01-01,281576.0
9654,California,"Irvine, California",2006-01-01,295778.0
9054,California,"Irvine, California",2007-01-01,623292.0
8454,California,"Irvine, California",2008-01-01,669405.0
7854,California,"Irvine, California",2009-01-01,629748.0
7254,California,"Irvine, California",2010-01-01,630190.0
6654,California,"Irvine, California",2011-01-01,664263.0
6054,California,"Irvine, California",2012-01-01,421619.0
5454,California,"Irvine, California",2013-01-01,425041.0
4854,California,"Irvine, California",2014-01-01,406451.0
4254,California,"Irvine, California",2015-01-01,421736.0
3654,California,"Irvine, California",2016-01-01,450732.0
3054,California,"Irvine, California",2017-01-01,440986.0
2454,California,"Irvine, California",2018-01-01,438553.0
1854,California,"Irvine, California",2019-01-01,347262.0
1254,California,"Irvine, California",2020-01-01,184298.0
654,California,"Irvine, California",2021-01-01,108774.0
54,California,"Irvine, California",2022-01-01,180103.0
10481,Michigan,"Jackson, Michigan",2005-01-01,12639.0
9881,Michigan,"Jackson, Michigan",2006-01-01,13187.0
9281,Michigan,"Jackson, Michigan",2007-01-01,62925.0
8681,Michigan,"Jackson, Michigan",2008-01-01,27902.0
8081,Michigan,"Jackson, Michigan",2009-01-01,27432.0
7481,Michigan,"Jackson, Michigan",2010-01-01,28506.0
6881,Michigan,"Jackson, Michigan",2011-01-01,32106.0
6281,Michigan,"Jackson, Michigan",2012-01-01,29987.0
5681,Michigan,"Jackson, Michigan",2013-01-01,31481.0
5081,Michigan,"Jackson, Michigan",2014-01-01,27114.0
4481,Michigan,"Jackson, Michigan",2015-01-01,26674.0
3881,Michigan,"Jackson, Michigan",2016-01-01,22762.0
3281,Michigan,"Jackson, Michigan",2017-01-01,23373.0
2681,Michigan,"Jackson, Michigan",2018-01-01,23700.0
2081,Michigan,"Jackson, Michigan",2019-01-01,23639.0
1481,Michigan,"Jackson, Michigan",2020-01-01,11741.0
881,Michigan,"Jackson, Michigan",2021-01-01,7823.0
281,Michigan,"Jackson, Michigan",2022-01-01,15319.0
10506,Mississippi,"Jackson, Mississippi",2005-01-01,15947.0
9906,Mississippi,"Jackson, Mississippi",2006-01-01,16337.0
8106,Mississippi,"Jackson, Mississippi",2009-01-01,45030.0
7506,Mississippi,"Jackson, Mississippi",2010-01-01,52307.0
6906,Mississippi,"Jackson, Mississippi",2011-01-01,52127.0
6306,Mississippi,"Jackson, Mississippi",2012-01-01,49804.0
5706,Mississippi,"Jackson, Mississippi",2013-01-01,48327.0
5106,Mississippi,"Jackson, Mississippi",2014-01-01,47295.0
4506,Mississippi,"Jackson, Mississippi",2015-01-01,47900.0
3906,Mississippi,"Jackson, Mississippi",2016-01-01,47443.0
3306,Mississippi,"Jackson, Mississippi",2017-01-01,48678.0
2706,Mississippi,"Jackson, Mississippi",2018-01-01,44645.0
2106,Mississippi,"Jackson, Mississippi",2019-01-01,74248.0
1506,Mississippi,"Jackson, Mississippi",2020-01-01,25020.0
906,Mississippi,"Jackson, Mississippi",2021-01-01,19917.0
306,Mississippi,"Jackson, Mississippi",2022-01-01,24209.0
10345,Florida,"Jacksonville, Florida",2005-01-01,32231.0
9745,Florida,"Jacksonville, Florida",2006-01-01,27467.0
9145,Florida,"Jacksonville, Florida",2007-01-01,57777.0
8545,Florida,"Jacksonville, Florida",2008-01-01,61758.0
7945,Florida,"Jacksonville, Florida",2009-01-01,65051.0
7345,Florida,"Jacksonville, Florida",2010-01-01,70728.0
6745,Florida,"Jacksonville, Florida",2011-01-01,74733.0
6145,Florida,"Jacksonville, Florida",2012-01-01,77512.0
5545,Florida,"Jacksonville, Florida",2013-01-01,94277.0
4945,Florida,"Jacksonville, Florida",2014-01-01,78031.0
4345,Florida,"Jacksonville, Florida",2015-01-01,71084.0
3745,Florida,"Jacksonville, Florida",2016-01-01,70516.0
3145,Florida,"Jacksonville, Florida",2017-01-01,70539.0
2545,Florida,"Jacksonville, Florida",2018-01-01,66471.0
1945,Florida,"Jacksonville, Florida",2019-01-01,63969.0
1345,Florida,"Jacksonville, Florida",2020-01-01,39872.0
745,Florida,"Jacksonville, Florida",2021-01-01,39709.0
145,Florida,"Jacksonville, Florida",2022-01-01,48144.0
10518,Missouri,"Jefferson City, Missouri",2005-01-01,20591.0
9918,Missouri,"Jefferson City, Missouri",2006-01-01,22033.0
9318,Missouri,"Jefferson City, Missouri",2007-01-01,38170.0
8718,Missouri,"Jefferson City, Missouri",2008-01-01,45032.0
8118,Missouri,"Jefferson City, Missouri",2009-01-01,48114.0
7518,Missouri,"Jefferson City, Missouri",2010-01-01,49371.0
6918,Missouri,"Jefferson City, Missouri",2011-01-01,48993.0
6318,Missouri,"Jefferson City, Missouri",2012-01-01,50282.0
5718,Missouri,"Jefferson City, Missouri",2013-01-01,50598.0
5118,Missouri,"Jefferson City, Missouri",2014-01-01,49608.0
4518,Missouri,"Jefferson City, Missouri",2015-01-01,43720.0
3918,Missouri,"Jefferson City, Missouri",2016-01-01,40847.0
3318,Missouri,"Jefferson City, Missouri",2017-01-01,40269.0
2718,Missouri,"Jefferson City, Missouri",2018-01-01,39395.0
2118,Missouri,"Jefferson City, Missouri",2019-01-01,34757.0
1518,Missouri,"Jefferson City, Missouri",2020-01-01,20616.0
918,Missouri,"Jefferson City, Missouri",2021-01-01,18360.0
318,Missouri,"Jefferson City, Missouri",2022-01-01,25190.0
10367,Georgia,"Jesup, Georgia",2005-01-01,2984.0
9767,Georgia,"Jesup, Georgia",2006-01-01,3582.0
9167,Georgia,"Jesup, Georgia",2007-01-01,7937.0
8567,Georgia,"Jesup, Georgia",2008-01-01,8784.0
7967,Georgia,"Jesup, Georgia",2009-01-01,8712.0
7367,Georgia,"Jesup, Georgia",2010-01-01,9106.0
6767,Georgia,"Jesup, Georgia",2011-01-01,9900.0
6167,Georgia,"Jesup, Georgia",2012-01-01,10086.0
5567,Georgia,"Jesup, Georgia",2013-01-01,10692.0
4967,Georgia,"Jesup, Georgia",2014-01-01,10636.0
4367,Georgia,"Jesup, Georgia",2015-01-01,10284.0
3767,Georgia,"Jesup, Georgia",2016-01-01,10091.0
3167,Georgia,"Jesup, Georgia",2017-01-01,9648.0
2567,Georgia,"Jesup, Georgia",2018-01-01,9461.0
1967,Georgia,"Jesup, Georgia",2019-01-01,9767.0
1367,Georgia,"Jesup, Georgia",2020-01-01,6051.0
767,Georgia,"Jesup, Georgia",2021-01-01,5221.0
167,Georgia,"Jesup, Georgia",2022-01-01,5959.0
10666,Pennsylvania,"Johnstown, Pennsylvania",2005-01-01,7585.0
10066,Pennsylvania,"Johnstown, Pennsylvania",2006-01-01,8067.0
9466,Pennsylvania,"Johnstown, Pennsylvania",2007-01-01,17368.0
8866,Pennsylvania,"Johnstown, Pennsylvania",2008-01-01,19206.0
8266,Pennsylvania,"Johnstown, Pennsylvania",2009-01-01,20485.0
7666,Pennsylvania,"Johnstown, Pennsylvania",2010-01-01,22779.0
7066,Pennsylvania,"Johnstown, Pennsylvania",2011-01-01,23573.0
6466,Pennsylvania,"Johnstown, Pennsylvania",2012-01-01,23964.0
5866,Pennsylvania,"Johnstown, Pennsylvania",2013-01-01,23615.0
5266,Pennsylvania,"Johnstown, Pennsylvania",2014-01-01,23292.0
4666,Pennsylvania,"Johnstown, Pennsylvania",2015-01-01,24310.0
4066,Pennsylvania,"Johnstown, Pennsylvania",2016-01-01,22184.0
3466,Pennsylvania,"Johnstown, Pennsylvania",2017-01-01,21916.0
2866,Pennsylvania,"Johnstown, Pennsylvania",2018-01-01,19621.0
2266,Pennsylvania,"Johnstown, Pennsylvania",2019-01-01,18848.0
1666,Pennsylvania,"Johnstown, Pennsylvania",2020-01-01,12265.0
1066,Pennsylvania,"Johnstown, Pennsylvania",2021-01-01,13966.0
466,Pennsylvania,"Johnstown, Pennsylvania",2022-01-01,15009.0
10386,Illinois,"Joliet, Illinois",2005-01-01,11824.0
9786,Illinois,"Joliet, Illinois",2006-01-01,12349.0
9186,Illinois,"Joliet, Illinois",2007-01-01,34749.0
8586,Illinois,"Joliet, Illinois",2008-01-01,43087.0
7986,Illinois,"Joliet, Illinois",2009-01-01,45749.0
7386,Illinois,"Joliet, Illinois",2010-01-01,53322.0
6786,Illinois,"Joliet, Illinois",2011-01-01,54668.0
6186,Illinois,"Joliet, Illinois",2012-01-01,63102.0
5586,Illinois,"Joliet, Illinois",2013-01-01,70142.0
4986,Illinois,"Joliet, Illinois",2014-01-01,70148.0
4386,Illinois,"Joliet, Illinois",2015-01-01,64349.0
3786,Illinois,"Joliet, Illinois",2016-01-01,58211.0
3186,Illinois,"Joliet, Illinois",2017-01-01,61367.0
2586,Illinois,"Joliet, Illinois",2018-01-01,61182.0
1986,Illinois,"Joliet, Illinois",2019-01-01,64752.0
1386,Illinois,"Joliet, Illinois",2020-01-01,35319.0
786,Illinois,"Joliet, Illinois",2021-01-01,28348.0
186,Illinois,"Joliet, Illinois",2022-01-01,54905.0
10482,Michigan,"Kalamazoo, Michigan",2005-01-01,44646.0
9882,Michigan,"Kalamazoo, Michigan",2006-01-01,49900.0
9282,Michigan,"Kalamazoo, Michigan",2007-01-01,107251.0
8682,Michigan,"Kalamazoo, Michigan",2008-01-01,119121.0
8082,Michigan,"Kalamazoo, Michigan",2009-01-01,112804.0
7482,Michigan,"Kalamazoo, Michigan",2010-01-01,113061.0
6882,Michigan,"Kalamazoo, Michigan",2011-01-01,118474.0
6282,Michigan,"Kalamazoo, Michigan",2012-01-01,125212.0
5682,Michigan,"Kalamazoo, Michigan",2013-01-01,129858.0
5082,Michigan,"Kalamazoo, Michigan",2014-01-01,120920.0
4482,Michigan,"Kalamazoo, Michigan",2015-01-01,117997.0
3882,Michigan,"Kalamazoo, Michigan",2016-01-01,110662.0
3282,Michigan,"Kalamazoo, Michigan",2017-01-01,115231.0
2682,Michigan,"Kalamazoo, Michigan",2018-01-01,122115.0
2082,Michigan,"Kalamazoo, Michigan",2019-01-01,114056.0
1482,Michigan,"Kalamazoo, Michigan",2020-01-01,57958.0
882,Michigan,"Kalamazoo, Michigan",2021-01-01,37097.0
282,Michigan,"Kalamazoo, Michigan",2022-01-01,73613.0
10387,Illinois,"Kankakee, Illinois",2005-01-01,4002.0
9787,Illinois,"Kankakee, Illinois",2006-01-01,3801.0
9187,Illinois,"Kankakee, Illinois",2007-01-01,12088.0
8587,Illinois,"Kankakee, Illinois",2008-01-01,15669.0
7987,Illinois,"Kankakee, Illinois",2009-01-01,14962.0
7387,Illinois,"Kankakee, Illinois",2010-01-01,17519.0
6787,Illinois,"Kankakee, Illinois",2011-01-01,19732.0
6187,Illinois,"Kankakee, Illinois",2012-01-01,22110.0
5587,Illinois,"Kankakee, Illinois",2013-01-01,24067.0
4987,Illinois,"Kankakee, Illinois",2014-01-01,22898.0
4387,Illinois,"Kankakee, Illinois",2015-01-01,21736.0
3787,Illinois,"Kankakee, Illinois",2016-01-01,20138.0
3187,Illinois,"Kankakee, Illinois",2017-01-01,19745.0
2587,Illinois,"Kankakee, Illinois",2018-01-01,19201.0
1987,Illinois,"Kankakee, Illinois",2019-01-01,18845.0
1387,Illinois,"Kankakee, Illinois",2020-01-01,14689.0
787,Illinois,"Kankakee, Illinois",2021-01-01,25495.0
187,Illinois,"Kankakee, Illinois",2022-01-01,11135.0
10612,North Carolina,"Kannapolis, North Carolina",2005-01-01,3665.0
10012,North Carolina,"Kannapolis, North Carolina",2006-01-01,4267.0
9412,North Carolina,"Kannapolis, North Carolina",2007-01-01,9081.0
8812,North Carolina,"Kannapolis, North Carolina",2008-01-01,11603.0
8212,North Carolina,"Kannapolis, North Carolina",2009-01-01,11916.0
7612,North Carolina,"Kannapolis, North Carolina",2010-01-01,14579.0
7012,North Carolina,"Kannapolis, North Carolina",2011-01-01,16951.0
6412,North Carolina,"Kannapolis, North Carolina",2012-01-01,18748.0
5812,North Carolina,"Kannapolis, North Carolina",2013-01-01,19205.0
5212,North Carolina,"Kannapolis, North Carolina",2014-01-01,18292.0
4612,North Carolina,"Kannapolis, North Carolina",2015-01-01,18713.0
4012,North Carolina,"Kannapolis, North Carolina",2016-01-01,18375.0
3412,North Carolina,"Kannapolis, North Carolina",2017-01-01,18043.0
2812,North Carolina,"Kannapolis, North Carolina",2018-01-01,18858.0
2212,North Carolina,"Kannapolis, North Carolina",2019-01-01,20455.0
1612,North Carolina,"Kannapolis, North Carolina",2020-01-01,11809.0
1012,North Carolina,"Kannapolis, North Carolina",2021-01-01,11072.0
412,North Carolina,"Kannapolis, North Carolina",2022-01-01,21022.0
10519,Missouri,"Kansas City, Missouri",2005-01-01,58907.0
9919,Missouri,"Kansas City, Missouri",2006-01-01,54697.0
9319,Missouri,"Kansas City, Missouri",2007-01-01,117155.0
8719,Missouri,"Kansas City, Missouri",2008-01-01,130459.0
8119,Missouri,"Kansas City, Missouri",2009-01-01,123789.0
7519,Missouri,"Kansas City, Missouri",2010-01-01,142769.0
6919,Missouri,"Kansas City, Missouri",2011-01-01,155479.0
6319,Missouri,"Kansas City, Missouri",2012-01-01,161130.0
5719,Missouri,"Kansas City, Missouri",2013-01-01,164859.0
5119,Missouri,"Kansas City, Missouri",2014-01-01,157000.0
4519,Missouri,"Kansas City, Missouri",2015-01-01,153770.0
3919,Missouri,"Kansas City, Missouri",2016-01-01,153717.0
3319,Missouri,"Kansas City, Missouri",2017-01-01,160824.0
2719,Missouri,"Kansas City, Missouri",2018-01-01,154170.0
2119,Missouri,"Kansas City, Missouri",2019-01-01,153527.0
1519,Missouri,"Kansas City, Missouri",2020-01-01,82590.0
919,Missouri,"Kansas City, Missouri",2021-01-01,65461.0
319,Missouri,"Kansas City, Missouri",2022-01-01,110232.0
10767,Washington,"Kelso-Longview, Washington",2005-01-01,10514.0
10167,Washington,"Kelso-Longview, Washington",2006-01-01,10244.0
9567,Washington,"Kelso-Longview, Washington",2007-01-01,23329.0
8967,Washington,"Kelso-Longview, Washington",2008-01-01,27236.0
8367,Washington,"Kelso-Longview, Washington",2009-01-01,27480.0
7767,Washington,"Kelso-Longview, Washington",2010-01-01,28761.0
7167,Washington,"Kelso-Longview, Washington",2011-01-01,26972.0
6567,Washington,"Kelso-Longview, Washington",2012-01-01,26560.0
5967,Washington,"Kelso-Longview, Washington",2013-01-01,28892.0
5367,Washington,"Kelso-Longview, Washington",2014-01-01,30326.0
4767,Washington,"Kelso-Longview, Washington",2015-01-01,31017.0
4167,Washington,"Kelso-Longview, Washington",2016-01-01,31660.0
3567,Washington,"Kelso-Longview, Washington",2017-01-01,29937.0
2967,Washington,"Kelso-Longview, Washington",2018-01-01,31228.0
2367,Washington,"Kelso-Longview, Washington",2019-01-01,31081.0
1767,Washington,"Kelso-Longview, Washington",2020-01-01,17015.0
1167,Washington,"Kelso-Longview, Washington",2021-01-01,11109.0
567,Washington,"Kelso-Longview, Washington",2022-01-01,19711.0
10388,Illinois,"Kewanee, Illinois",2005-01-01,3859.0
9788,Illinois,"Kewanee, Illinois",2006-01-01,3717.0
9188,Illinois,"Kewanee, Illinois",2007-01-01,10113.0
8588,Illinois,"Kewanee, Illinois",2008-01-01,11430.0
7988,Illinois,"Kewanee, Illinois",2009-01-01,12335.0
7388,Illinois,"Kewanee, Illinois",2010-01-01,13635.0
6788,Illinois,"Kewanee, Illinois",2011-01-01,13936.0
6188,Illinois,"Kewanee, Illinois",2012-01-01,16504.0
5588,Illinois,"Kewanee, Illinois",2013-01-01,16510.0
4988,Illinois,"Kewanee, Illinois",2014-01-01,17152.0
4388,Illinois,"Kewanee, Illinois",2015-01-01,15849.0
3788,Illinois,"Kewanee, Illinois",2016-01-01,17144.0
3188,Illinois,"Kewanee, Illinois",2017-01-01,18012.0
2588,Illinois,"Kewanee, Illinois",2018-01-01,17354.0
1988,Illinois,"Kewanee, Illinois",2019-01-01,17880.0
1388,Illinois,"Kewanee, Illinois",2020-01-01,9128.0
788,Illinois,"Kewanee, Illinois",2021-01-01,6588.0
188,Illinois,"Kewanee, Illinois",2022-01-01,12073.0
10207,Arizona,"Kingman, Arizona",2005-01-01,3142.0
9607,Arizona,"Kingman, Arizona",2006-01-01,5152.0
9007,Arizona,"Kingman, Arizona",2007-01-01,11001.0
8407,Arizona,"Kingman, Arizona",2008-01-01,10322.0
7807,Arizona,"Kingman, Arizona",2009-01-01,9537.0
7207,Arizona,"Kingman, Arizona",2010-01-01,10160.0
6607,Arizona,"Kingman, Arizona",2011-01-01,10944.0
6007,Arizona,"Kingman, Arizona",2012-01-01,10768.0
5407,Arizona,"Kingman, Arizona",2013-01-01,10523.0
4807,Arizona,"Kingman, Arizona",2014-01-01,9765.0
4207,Arizona,"Kingman, Arizona",2015-01-01,10794.0
3607,Arizona,"Kingman, Arizona",2016-01-01,9904.0
3007,Arizona,"Kingman, Arizona",2017-01-01,9944.0
2407,Arizona,"Kingman, Arizona",2018-01-01,9065.0
1807,Arizona,"Kingman, Arizona",2019-01-01,8691.0
1207,Arizona,"Kingman, Arizona",2020-01-01,5536.0
607,Arizona,"Kingman, Arizona",2021-01-01,4567.0
7,Arizona,"Kingman, Arizona",2022-01-01,6919.0
10680,Rhode Island,"Kingston, Rhode Island",2005-01-01,62521.0
10080,Rhode Island,"Kingston, Rhode Island",2006-01-01,67959.0
9480,Rhode Island,"Kingston, Rhode Island",2007-01-01,150339.0
8880,Rhode Island,"Kingston, Rhode Island",2008-01-01,160420.0
8280,Rhode Island,"Kingston, Rhode Island",2009-01-01,153023.0
7680,Rhode Island,"Kingston, Rhode Island",2010-01-01,151954.0
7080,Rhode Island,"Kingston, Rhode Island",2011-01-01,154237.0
6480,Rhode Island,"Kingston, Rhode Island",2012-01-01,162837.0
5880,Rhode Island,"Kingston, Rhode Island",2013-01-01,152403.0
5280,Rhode Island,"Kingston, Rhode Island",2014-01-01,154497.0
4680,Rhode Island,"Kingston, Rhode Island",2015-01-01,157547.0
4080,Rhode Island,"Kingston, Rhode Island",2016-01-01,161157.0
3480,Rhode Island,"Kingston, Rhode Island",2017-01-01,164263.0
2880,Rhode Island,"Kingston, Rhode Island",2018-01-01,170394.0
2280,Rhode Island,"Kingston, Rhode Island",2019-01-01,174747.0
1680,Rhode Island,"Kingston, Rhode Island",2020-01-01,81369.0
1080,Rhode Island,"Kingston, Rhode Island",2021-01-01,79506.0
480,Rhode Island,"Kingston, Rhode Island",2022-01-01,146288.0
10693,South Carolina,"Kingstree, South Carolina",2005-01-01,5274.0
10093,South Carolina,"Kingstree, South Carolina",2006-01-01,6581.0
9493,South Carolina,"Kingstree, South Carolina",2007-01-01,13888.0
8893,South Carolina,"Kingstree, South Carolina",2008-01-01,13186.0
8293,South Carolina,"Kingstree, South Carolina",2009-01-01,12733.0
7693,South Carolina,"Kingstree, South Carolina",2010-01-01,14153.0
7093,South Carolina,"Kingstree, South Carolina",2011-01-01,13539.0
6493,South Carolina,"Kingstree, South Carolina",2012-01-01,14812.0
5893,South Carolina,"Kingstree, South Carolina",2013-01-01,14669.0
5293,South Carolina,"Kingstree, South Carolina",2014-01-01,13684.0
4693,South Carolina,"Kingstree, South Carolina",2015-01-01,13849.0
4093,South Carolina,"Kingstree, South Carolina",2016-01-01,12135.0
3493,South Carolina,"Kingstree, South Carolina",2017-01-01,11187.0
2893,South Carolina,"Kingstree, South Carolina",2018-01-01,10450.0
2293,South Carolina,"Kingstree, South Carolina",2019-01-01,10538.0
1693,South Carolina,"Kingstree, South Carolina",2020-01-01,6101.0
1093,South Carolina,"Kingstree, South Carolina",2021-01-01,5520.0
493,South Carolina,"Kingstree, South Carolina",2022-01-01,5310.0
10520,Missouri,"Kirkwood, Missouri",2005-01-01,22056.0
9920,Missouri,"Kirkwood, Missouri",2006-01-01,17407.0
9320,Missouri,"Kirkwood, Missouri",2007-01-01,32370.0
8720,Missouri,"Kirkwood, Missouri",2008-01-01,43359.0
8120,Missouri,"Kirkwood, Missouri",2009-01-01,41967.0
7520,Missouri,"Kirkwood, Missouri",2010-01-01,48314.0
6920,Missouri,"Kirkwood, Missouri",2011-01-01,54912.0
6320,Missouri,"Kirkwood, Missouri",2012-01-01,57777.0
5720,Missouri,"Kirkwood, Missouri",2013-01-01,59770.0
5120,Missouri,"Kirkwood, Missouri",2014-01-01,58951.0
4520,Missouri,"Kirkwood, Missouri",2015-01-01,58375.0
3920,Missouri,"Kirkwood, Missouri",2016-01-01,55701.0
3320,Missouri,"Kirkwood, Missouri",2017-01-01,58620.0
2720,Missouri,"Kirkwood, Missouri",2018-01-01,55213.0
2120,Missouri,"Kirkwood, Missouri",2019-01-01,48389.0
1520,Missouri,"Kirkwood, Missouri",2020-01-01,24650.0
920,Missouri,"Kirkwood, Missouri",2021-01-01,18451.0
320,Missouri,"Kirkwood, Missouri",2022-01-01,31063.0
10346,Florida,"Kissimmee, Florida",2005-01-01,15659.0
9746,Florida,"Kissimmee, Florida",2006-01-01,14925.0
9146,Florida,"Kissimmee, Florida",2007-01-01,34828.0
8546,Florida,"Kissimmee, Florida",2008-01-01,38495.0
7946,Florida,"Kissimmee, Florida",2009-01-01,41054.0
7346,Florida,"Kissimmee, Florida",2010-01-01,43163.0
6746,Florida,"Kissimmee, Florida",2011-01-01,47823.0
6146,Florida,"Kissimmee, Florida",2012-01-01,48521.0
5546,Florida,"Kissimmee, Florida",2013-01-01,44906.0
4946,Florida,"Kissimmee, Florida",2014-01-01,43543.0
4346,Florida,"Kissimmee, Florida",2015-01-01,41424.0
3746,Florida,"Kissimmee, Florida",2016-01-01,37773.0
3146,Florida,"Kissimmee, Florida",2017-01-01,35737.0
2546,Florida,"Kissimmee, Florida",2018-01-01,35028.0
1946,Florida,"Kissimmee, Florida",2019-01-01,35726.0
1346,Florida,"Kissimmee, Florida",2020-01-01,20757.0
746,Florida,"Kissimmee, Florida",2021-01-01,21158.0
146,Florida,"Kissimmee, Florida",2022-01-01,26862.0
10650,Oregon,"Klamath Falls, Oregon",2005-01-01,13787.0
10050,Oregon,"Klamath Falls, Oregon",2006-01-01,12238.0
9450,Oregon,"Klamath Falls, Oregon",2007-01-01,29983.0
8850,Oregon,"Klamath Falls, Oregon",2008-01-01,31908.0
8250,Oregon,"Klamath Falls, Oregon",2009-01-01,29382.0
7650,Oregon,"Klamath Falls, Oregon",2010-01-01,31786.0
7050,Oregon,"Klamath Falls, Oregon",2011-01-01,31921.0
6450,Oregon,"Klamath Falls, Oregon",2012-01-01,32881.0
5850,Oregon,"Klamath Falls, Oregon",2013-01-01,33929.0
5250,Oregon,"Klamath Falls, Oregon",2014-01-01,32544.0
4650,Oregon,"Klamath Falls, Oregon",2015-01-01,30713.0
4050,Oregon,"Klamath Falls, Oregon",2016-01-01,33701.0
3450,Oregon,"Klamath Falls, Oregon",2017-01-01,31380.0
2850,Oregon,"Klamath Falls, Oregon",2018-01-01,36368.0
2250,Oregon,"Klamath Falls, Oregon",2019-01-01,29005.0
1650,Oregon,"Klamath Falls, Oregon",2020-01-01,19581.0
1050,Oregon,"Klamath Falls, Oregon",2021-01-01,21482.0
450,Oregon,"Klamath Falls, Oregon",2022-01-01,20627.0
10793,Wisconsin,"La Crosse, Wisconsin",2005-01-01,11598.0
10193,Wisconsin,"La Crosse, Wisconsin",2006-01-01,12585.0
9593,Wisconsin,"La Crosse, Wisconsin",2007-01-01,27616.0
8993,Wisconsin,"La Crosse, Wisconsin",2008-01-01,31221.0
8393,Wisconsin,"La Crosse, Wisconsin",2009-01-01,30569.0
7793,Wisconsin,"La Crosse, Wisconsin",2010-01-01,31666.0
7193,Wisconsin,"La Crosse, Wisconsin",2011-01-01,28414.0
6593,Wisconsin,"La Crosse, Wisconsin",2012-01-01,28872.0
5993,Wisconsin,"La Crosse, Wisconsin",2013-01-01,28128.0
5393,Wisconsin,"La Crosse, Wisconsin",2014-01-01,24036.0
4793,Wisconsin,"La Crosse, Wisconsin",2015-01-01,24269.0
4193,Wisconsin,"La Crosse, Wisconsin",2016-01-01,26619.0
3593,Wisconsin,"La Crosse, Wisconsin",2017-01-01,27368.0
2993,Wisconsin,"La Crosse, Wisconsin",2018-01-01,26157.0
2393,Wisconsin,"La Crosse, Wisconsin",2019-01-01,25587.0
1793,Wisconsin,"La Crosse, Wisconsin",2020-01-01,15450.0
1193,Wisconsin,"La Crosse, Wisconsin",2021-01-01,11169.0
593,Wisconsin,"La Crosse, Wisconsin",2022-01-01,16399.0
10389,Illinois,"La Grange Road, Illinois",2005-01-01,3391.0
9789,Illinois,"La Grange Road, Illinois",2006-01-01,3344.0
9189,Illinois,"La Grange Road, Illinois",2007-01-01,10991.0
8589,Illinois,"La Grange Road, Illinois",2008-01-01,14304.0
7989,Illinois,"La Grange Road, Illinois",2009-01-01,13813.0
7389,Illinois,"La Grange Road, Illinois",2010-01-01,14252.0
6789,Illinois,"La Grange Road, Illinois",2011-01-01,14868.0
6189,Illinois,"La Grange Road, Illinois",2012-01-01,15120.0
5589,Illinois,"La Grange Road, Illinois",2013-01-01,15365.0
4989,Illinois,"La Grange Road, Illinois",2014-01-01,14076.0
4389,Illinois,"La Grange Road, Illinois",2015-01-01,13398.0
3789,Illinois,"La Grange Road, Illinois",2016-01-01,12181.0
3189,Illinois,"La Grange Road, Illinois",2017-01-01,12754.0
2589,Illinois,"La Grange Road, Illinois",2018-01-01,11003.0
1989,Illinois,"La Grange Road, Illinois",2019-01-01,10773.0
1389,Illinois,"La Grange Road, Illinois",2020-01-01,6673.0
789,Illinois,"La Grange Road, Illinois",2021-01-01,4712.0
189,Illinois,"La Grange Road, Illinois",2022-01-01,8407.0
10314,Colorado,"La Junta, Colorado",2005-01-01,3471.0
9714,Colorado,"La Junta, Colorado",2006-01-01,3439.0
9114,Colorado,"La Junta, Colorado",2007-01-01,6556.0
8514,Colorado,"La Junta, Colorado",2008-01-01,7475.0
7914,Colorado,"La Junta, Colorado",2009-01-01,6809.0
7314,Colorado,"La Junta, Colorado",2010-01-01,7264.0
6714,Colorado,"La Junta, Colorado",2011-01-01,6653.0
6114,Colorado,"La Junta, Colorado",2012-01-01,6566.0
5514,Colorado,"La Junta, Colorado",2013-01-01,6711.0
4914,Colorado,"La Junta, Colorado",2014-01-01,6918.0
4314,Colorado,"La Junta, Colorado",2015-01-01,7256.0
3714,Colorado,"La Junta, Colorado",2016-01-01,7080.0
3114,Colorado,"La Junta, Colorado",2017-01-01,7009.0
2514,Colorado,"La Junta, Colorado",2018-01-01,7373.0
1914,Colorado,"La Junta, Colorado",2019-01-01,7061.0
1314,Colorado,"La Junta, Colorado",2020-01-01,4583.0
714,Colorado,"La Junta, Colorado",2021-01-01,3525.0
114,Colorado,"La Junta, Colorado",2022-01-01,4799.0
10521,Missouri,"La Plata, Missouri",2005-01-01,4109.0
9921,Missouri,"La Plata, Missouri",2006-01-01,4459.0
9321,Missouri,"La Plata, Missouri",2007-01-01,10232.0
8721,Missouri,"La Plata, Missouri",2008-01-01,10544.0
8121,Missouri,"La Plata, Missouri",2009-01-01,10579.0
7521,Missouri,"La Plata, Missouri",2010-01-01,10990.0
6921,Missouri,"La Plata, Missouri",2011-01-01,10786.0
6321,Missouri,"La Plata, Missouri",2012-01-01,9820.0
5721,Missouri,"La Plata, Missouri",2013-01-01,10031.0
5121,Missouri,"La Plata, Missouri",2014-01-01,10655.0
4521,Missouri,"La Plata, Missouri",2015-01-01,11676.0
3921,Missouri,"La Plata, Missouri",2016-01-01,11877.0
3321,Missouri,"La Plata, Missouri",2017-01-01,11876.0
2721,Missouri,"La Plata, Missouri",2018-01-01,11124.0
2121,Missouri,"La Plata, Missouri",2019-01-01,11487.0
1521,Missouri,"La Plata, Missouri",2020-01-01,6184.0
921,Missouri,"La Plata, Missouri",2021-01-01,4344.0
321,Missouri,"La Plata, Missouri",2022-01-01,6870.0
10410,Indiana,"Lafayette, Indiana",2005-01-01,6236.0
9810,Indiana,"Lafayette, Indiana",2006-01-01,7288.0
9210,Indiana,"Lafayette, Indiana",2007-01-01,18483.0
8610,Indiana,"Lafayette, Indiana",2008-01-01,23083.0
8010,Indiana,"Lafayette, Indiana",2009-01-01,24677.0
7410,Indiana,"Lafayette, Indiana",2010-01-01,25805.0
6810,Indiana,"Lafayette, Indiana",2011-01-01,26827.0
6210,Indiana,"Lafayette, Indiana",2012-01-01,27363.0
5610,Indiana,"Lafayette, Indiana",2013-01-01,24925.0
5010,Indiana,"Lafayette, Indiana",2014-01-01,23609.0
4410,Indiana,"Lafayette, Indiana",2015-01-01,18849.0
3810,Indiana,"Lafayette, Indiana",2016-01-01,18391.0
3210,Indiana,"Lafayette, Indiana",2017-01-01,17667.0
2610,Indiana,"Lafayette, Indiana",2018-01-01,16997.0
2010,Indiana,"Lafayette, Indiana",2019-01-01,13307.0
1410,Indiana,"Lafayette, Indiana",2020-01-01,2984.0
810,Indiana,"Lafayette, Indiana",2021-01-01,3482.0
210,Indiana,"Lafayette, Indiana",2022-01-01,4271.0
10435,Louisiana,"Lafayette, Louisiana",2005-01-01,935.0
9835,Louisiana,"Lafayette, Louisiana",2006-01-01,1283.0
9235,Louisiana,"Lafayette, Louisiana",2007-01-01,3206.0
8635,Louisiana,"Lafayette, Louisiana",2008-01-01,3835.0
8035,Louisiana,"Lafayette, Louisiana",2009-01-01,4606.0
7435,Louisiana,"Lafayette, Louisiana",2010-01-01,6122.0
6835,Louisiana,"Lafayette, Louisiana",2011-01-01,6295.0
6235,Louisiana,"Lafayette, Louisiana",2012-01-01,5969.0
5635,Louisiana,"Lafayette, Louisiana",2013-01-01,6590.0
5035,Louisiana,"Lafayette, Louisiana",2014-01-01,6549.0
4435,Louisiana,"Lafayette, Louisiana",2015-01-01,6699.0
3835,Louisiana,"Lafayette, Louisiana",2016-01-01,6714.0
3235,Louisiana,"Lafayette, Louisiana",2017-01-01,6154.0
2635,Louisiana,"Lafayette, Louisiana",2018-01-01,6151.0
2035,Louisiana,"Lafayette, Louisiana",2019-01-01,5778.0
1435,Louisiana,"Lafayette, Louisiana",2020-01-01,3397.0
835,Louisiana,"Lafayette, Louisiana",2021-01-01,3155.0
235,Louisiana,"Lafayette, Louisiana",2022-01-01,3871.0
9055,California,"Laguna Niguel, California",2007-01-01,0.0
8455,California,"Laguna Niguel, California",2008-01-01,1479.0
7855,California,"Laguna Niguel, California",2009-01-01,2110.0
7255,California,"Laguna Niguel, California",2010-01-01,2644.0
6655,California,"Laguna Niguel, California",2011-01-01,2938.0
6055,California,"Laguna Niguel, California",2012-01-01,2125.0
5455,California,"Laguna Niguel, California",2013-01-01,805.0
10436,Louisiana,"Lake Charles, Louisiana",2005-01-01,708.0
9836,Louisiana,"Lake Charles, Louisiana",2006-01-01,589.0
9236,Louisiana,"Lake Charles, Louisiana",2007-01-01,1806.0
8636,Louisiana,"Lake Charles, Louisiana",2008-01-01,2200.0
8036,Louisiana,"Lake Charles, Louisiana",2009-01-01,2716.0
7436,Louisiana,"Lake Charles, Louisiana",2010-01-01,2909.0
6836,Louisiana,"Lake Charles, Louisiana",2011-01-01,3127.0
6236,Louisiana,"Lake Charles, Louisiana",2012-01-01,3438.0
5636,Louisiana,"Lake Charles, Louisiana",2013-01-01,3856.0
5036,Louisiana,"Lake Charles, Louisiana",2014-01-01,3742.0
4436,Louisiana,"Lake Charles, Louisiana",2015-01-01,3920.0
3836,Louisiana,"Lake Charles, Louisiana",2016-01-01,3538.0
3236,Louisiana,"Lake Charles, Louisiana",2017-01-01,3719.0
2636,Louisiana,"Lake Charles, Louisiana",2018-01-01,3782.0
2036,Louisiana,"Lake Charles, Louisiana",2019-01-01,4070.0
1436,Louisiana,"Lake Charles, Louisiana",2020-01-01,2148.0
836,Louisiana,"Lake Charles, Louisiana",2021-01-01,2721.0
236,Louisiana,"Lake Charles, Louisiana",2022-01-01,2550.0
10347,Florida,"Lake City, Florida",2005-01-01,281.0
10348,Florida,"Lakeland, Florida",2005-01-01,6569.0
9748,Florida,"Lakeland, Florida",2006-01-01,7857.0
9148,Florida,"Lakeland, Florida",2007-01-01,20276.0
8548,Florida,"Lakeland, Florida",2008-01-01,24179.0
7948,Florida,"Lakeland, Florida",2009-01-01,22212.0
7348,Florida,"Lakeland, Florida",2010-01-01,24220.0
6748,Florida,"Lakeland, Florida",2011-01-01,24696.0
6148,Florida,"Lakeland, Florida",2012-01-01,25630.0
5548,Florida,"Lakeland, Florida",2013-01-01,22829.0
4948,Florida,"Lakeland, Florida",2014-01-01,21816.0
4348,Florida,"Lakeland, Florida",2015-01-01,21526.0
3748,Florida,"Lakeland, Florida",2016-01-01,20475.0
3148,Florida,"Lakeland, Florida",2017-01-01,19479.0
2548,Florida,"Lakeland, Florida",2018-01-01,18924.0
1948,Florida,"Lakeland, Florida",2019-01-01,19186.0
1348,Florida,"Lakeland, Florida",2020-01-01,10733.0
748,Florida,"Lakeland, Florida",2021-01-01,7851.0
148,Florida,"Lakeland, Florida",2022-01-01,16803.0
10315,Colorado,"Lamar, Colorado",2005-01-01,1015.0
9715,Colorado,"Lamar, Colorado",2006-01-01,946.0
9115,Colorado,"Lamar, Colorado",2007-01-01,1683.0
8515,Colorado,"Lamar, Colorado",2008-01-01,1644.0
7915,Colorado,"Lamar, Colorado",2009-01-01,1722.0
7315,Colorado,"Lamar, Colorado",2010-01-01,1897.0
6715,Colorado,"Lamar, Colorado",2011-01-01,1840.0
6115,Colorado,"Lamar, Colorado",2012-01-01,1936.0
5515,Colorado,"Lamar, Colorado",2013-01-01,1823.0
4915,Colorado,"Lamar, Colorado",2014-01-01,1812.0
4315,Colorado,"Lamar, Colorado",2015-01-01,1928.0
3715,Colorado,"Lamar, Colorado",2016-01-01,1879.0
3115,Colorado,"Lamar, Colorado",2017-01-01,1673.0
2515,Colorado,"Lamar, Colorado",2018-01-01,1588.0
1915,Colorado,"Lamar, Colorado",2019-01-01,1573.0
1315,Colorado,"Lamar, Colorado",2020-01-01,1028.0
715,Colorado,"Lamar, Colorado",2021-01-01,673.0
115,Colorado,"Lamar, Colorado",2022-01-01,915.0
2768,New Mexico,"Lamy (Santa Fe), New Mexico",2018-01-01,9731.0
2168,New Mexico,"Lamy (Santa Fe), New Mexico",2019-01-01,9064.0
1568,New Mexico,"Lamy (Santa Fe), New Mexico",2020-01-01,4895.0
968,New Mexico,"Lamy (Santa Fe), New Mexico",2021-01-01,3771.0
368,New Mexico,"Lamy (Santa Fe), New Mexico",2022-01-01,6115.0
10569,New Mexico,"Lamy, New Mexico",2005-01-01,6561.0
9969,New Mexico,"Lamy, New Mexico",2006-01-01,6148.0
9369,New Mexico,"Lamy, New Mexico",2007-01-01,12506.0
8769,New Mexico,"Lamy, New Mexico",2008-01-01,13976.0
8169,New Mexico,"Lamy, New Mexico",2009-01-01,13012.0
7569,New Mexico,"Lamy, New Mexico",2010-01-01,13056.0
6969,New Mexico,"Lamy, New Mexico",2011-01-01,12579.0
6369,New Mexico,"Lamy, New Mexico",2012-01-01,12589.0
5769,New Mexico,"Lamy, New Mexico",2013-01-01,12551.0
5169,New Mexico,"Lamy, New Mexico",2014-01-01,11655.0
4569,New Mexico,"Lamy, New Mexico",2015-01-01,12390.0
3969,New Mexico,"Lamy, New Mexico",2016-01-01,11373.0
3369,New Mexico,"Lamy, New Mexico",2017-01-01,10768.0
10667,Pennsylvania,"Lancaster, Pennsylvania",2005-01-01,166827.0
10067,Pennsylvania,"Lancaster, Pennsylvania",2006-01-01,183817.0
9467,Pennsylvania,"Lancaster, Pennsylvania",2007-01-01,420524.0
8867,Pennsylvania,"Lancaster, Pennsylvania",2008-01-01,484102.0
8267,Pennsylvania,"Lancaster, Pennsylvania",2009-01-01,492629.0
7667,Pennsylvania,"Lancaster, Pennsylvania",2010-01-01,514971.0
7067,Pennsylvania,"Lancaster, Pennsylvania",2011-01-01,539338.0
6467,Pennsylvania,"Lancaster, Pennsylvania",2012-01-01,559364.0
5867,Pennsylvania,"Lancaster, Pennsylvania",2013-01-01,578731.0
5267,Pennsylvania,"Lancaster, Pennsylvania",2014-01-01,529409.0
4667,Pennsylvania,"Lancaster, Pennsylvania",2015-01-01,541252.0
4067,Pennsylvania,"Lancaster, Pennsylvania",2016-01-01,560257.0
3467,Pennsylvania,"Lancaster, Pennsylvania",2017-01-01,556836.0
2867,Pennsylvania,"Lancaster, Pennsylvania",2018-01-01,567919.0
2267,Pennsylvania,"Lancaster, Pennsylvania",2019-01-01,577305.0
1667,Pennsylvania,"Lancaster, Pennsylvania",2020-01-01,298202.0
1067,Pennsylvania,"Lancaster, Pennsylvania",2021-01-01,179294.0
467,Pennsylvania,"Lancaster, Pennsylvania",2022-01-01,305698.0
10483,Michigan,"Lapeer, Michigan",2005-01-01,2815.0
9883,Michigan,"Lapeer, Michigan",2006-01-01,3354.0
9283,Michigan,"Lapeer, Michigan",2007-01-01,6695.0
8683,Michigan,"Lapeer, Michigan",2008-01-01,7473.0
8083,Michigan,"Lapeer, Michigan",2009-01-01,7023.0
7483,Michigan,"Lapeer, Michigan",2010-01-01,8152.0
6883,Michigan,"Lapeer, Michigan",2011-01-01,9309.0
6283,Michigan,"Lapeer, Michigan",2012-01-01,9940.0
5683,Michigan,"Lapeer, Michigan",2013-01-01,9997.0
5083,Michigan,"Lapeer, Michigan",2014-01-01,10774.0
4483,Michigan,"Lapeer, Michigan",2015-01-01,9527.0
3883,Michigan,"Lapeer, Michigan",2016-01-01,9396.0
3283,Michigan,"Lapeer, Michigan",2017-01-01,9406.0
2683,Michigan,"Lapeer, Michigan",2018-01-01,8948.0
2083,Michigan,"Lapeer, Michigan",2019-01-01,9008.0
1483,Michigan,"Lapeer, Michigan",2020-01-01,4940.0
883,Michigan,"Lapeer, Michigan",2021-01-01,4232.0
283,Michigan,"Lapeer, Michigan",2022-01-01,6831.0
10570,New Mexico,"Las Vegas, New Mexico",2005-01-01,1576.0
9970,New Mexico,"Las Vegas, New Mexico",2006-01-01,1965.0
9370,New Mexico,"Las Vegas, New Mexico",2007-01-01,4290.0
8770,New Mexico,"Las Vegas, New Mexico",2008-01-01,4280.0
8170,New Mexico,"Las Vegas, New Mexico",2009-01-01,4456.0
7570,New Mexico,"Las Vegas, New Mexico",2010-01-01,4491.0
6970,New Mexico,"Las Vegas, New Mexico",2011-01-01,4952.0
6370,New Mexico,"Las Vegas, New Mexico",2012-01-01,5653.0
5770,New Mexico,"Las Vegas, New Mexico",2013-01-01,5376.0
5170,New Mexico,"Las Vegas, New Mexico",2014-01-01,5047.0
4570,New Mexico,"Las Vegas, New Mexico",2015-01-01,5345.0
3970,New Mexico,"Las Vegas, New Mexico",2016-01-01,4851.0
3370,New Mexico,"Las Vegas, New Mexico",2017-01-01,4487.0
2770,New Mexico,"Las Vegas, New Mexico",2018-01-01,4630.0
2170,New Mexico,"Las Vegas, New Mexico",2019-01-01,4648.0
1570,New Mexico,"Las Vegas, New Mexico",2020-01-01,3054.0
970,New Mexico,"Las Vegas, New Mexico",2021-01-01,1830.0
370,New Mexico,"Las Vegas, New Mexico",2022-01-01,3051.0
10668,Pennsylvania,"Latrobe, Pennsylvania",2005-01-01,1463.0
10068,Pennsylvania,"Latrobe, Pennsylvania",2006-01-01,1797.0
9468,Pennsylvania,"Latrobe, Pennsylvania",2007-01-01,3155.0
8868,Pennsylvania,"Latrobe, Pennsylvania",2008-01-01,4253.0
8268,Pennsylvania,"Latrobe, Pennsylvania",2009-01-01,4224.0
7668,Pennsylvania,"Latrobe, Pennsylvania",2010-01-01,4118.0
7068,Pennsylvania,"Latrobe, Pennsylvania",2011-01-01,4384.0
6468,Pennsylvania,"Latrobe, Pennsylvania",2012-01-01,4669.0
5868,Pennsylvania,"Latrobe, Pennsylvania",2013-01-01,4447.0
5268,Pennsylvania,"Latrobe, Pennsylvania",2014-01-01,4631.0
4668,Pennsylvania,"Latrobe, Pennsylvania",2015-01-01,4850.0
4068,Pennsylvania,"Latrobe, Pennsylvania",2016-01-01,4538.0
3468,Pennsylvania,"Latrobe, Pennsylvania",2017-01-01,4246.0
2868,Pennsylvania,"Latrobe, Pennsylvania",2018-01-01,4068.0
2268,Pennsylvania,"Latrobe, Pennsylvania",2019-01-01,4523.0
1668,Pennsylvania,"Latrobe, Pennsylvania",2020-01-01,2293.0
1068,Pennsylvania,"Latrobe, Pennsylvania",2021-01-01,1608.0
468,Pennsylvania,"Latrobe, Pennsylvania",2022-01-01,2706.0
10507,Mississippi,"Laurel, Mississippi",2005-01-01,1813.0
9907,Mississippi,"Laurel, Mississippi",2006-01-01,1727.0
9307,Mississippi,"Laurel, Mississippi",2007-01-01,4956.0
8107,Mississippi,"Laurel, Mississippi",2009-01-01,5367.0
7507,Mississippi,"Laurel, Mississippi",2010-01-01,5647.0
6907,Mississippi,"Laurel, Mississippi",2011-01-01,5603.0
6307,Mississippi,"Laurel, Mississippi",2012-01-01,5484.0
5707,Mississippi,"Laurel, Mississippi",2013-01-01,5264.0
5107,Mississippi,"Laurel, Mississippi",2014-01-01,4487.0
4507,Mississippi,"Laurel, Mississippi",2015-01-01,3650.0
3907,Mississippi,"Laurel, Mississippi",2016-01-01,3575.0
3307,Mississippi,"Laurel, Mississippi",2017-01-01,3614.0
2707,Mississippi,"Laurel, Mississippi",2018-01-01,3924.0
2107,Mississippi,"Laurel, Mississippi",2019-01-01,3715.0
1507,Mississippi,"Laurel, Mississippi",2020-01-01,2035.0
907,Mississippi,"Laurel, Mississippi",2021-01-01,1474.0
307,Mississippi,"Laurel, Mississippi",2022-01-01,2054.0
10426,Kansas,"Lawrence, Kansas",2005-01-01,1666.0
9826,Kansas,"Lawrence, Kansas",2006-01-01,1559.0
9226,Kansas,"Lawrence, Kansas",2007-01-01,3732.0
8626,Kansas,"Lawrence, Kansas",2008-01-01,4008.0
8026,Kansas,"Lawrence, Kansas",2009-01-01,4500.0
7426,Kansas,"Lawrence, Kansas",2010-01-01,5096.0
6826,Kansas,"Lawrence, Kansas",2011-01-01,6410.0
6226,Kansas,"Lawrence, Kansas",2012-01-01,6608.0
5626,Kansas,"Lawrence, Kansas",2013-01-01,7204.0
5026,Kansas,"Lawrence, Kansas",2014-01-01,8017.0
4426,Kansas,"Lawrence, Kansas",2015-01-01,8319.0
3826,Kansas,"Lawrence, Kansas",2016-01-01,8465.0
3226,Kansas,"Lawrence, Kansas",2017-01-01,9834.0
2626,Kansas,"Lawrence, Kansas",2018-01-01,8362.0
2026,Kansas,"Lawrence, Kansas",2019-01-01,8389.0
1426,Kansas,"Lawrence, Kansas",2020-01-01,4973.0
826,Kansas,"Lawrence, Kansas",2021-01-01,2752.0
226,Kansas,"Lawrence, Kansas",2022-01-01,5331.0
10768,Washington,"Leavenworth, Washington",2005-01-01,4440.0
10168,Washington,"Leavenworth, Washington",2006-01-01,4440.0
8368,Washington,"Leavenworth, Washington",2009-01-01,80.0
7768,Washington,"Leavenworth, Washington",2010-01-01,9574.0
7168,Washington,"Leavenworth, Washington",2011-01-01,8028.0
6568,Washington,"Leavenworth, Washington",2012-01-01,12751.0
5968,Washington,"Leavenworth, Washington",2013-01-01,9231.0
5368,Washington,"Leavenworth, Washington",2014-01-01,11307.0
4768,Washington,"Leavenworth, Washington",2015-01-01,7538.0
4168,Washington,"Leavenworth, Washington",2016-01-01,7957.0
3568,Washington,"Leavenworth, Washington",2017-01-01,8219.0
2968,Washington,"Leavenworth, Washington",2018-01-01,7584.0
2368,Washington,"Leavenworth, Washington",2019-01-01,7443.0
1768,Washington,"Leavenworth, Washington",2020-01-01,6044.0
1168,Washington,"Leavenworth, Washington",2021-01-01,3596.0
568,Washington,"Leavenworth, Washington",2022-01-01,6624.0
10522,Missouri,"Lee’s Summit, Missouri",2005-01-01,10122.0
9922,Missouri,"Lee’s Summit, Missouri",2006-01-01,8811.0
9322,Missouri,"Lee’s Summit, Missouri",2007-01-01,16253.0
8722,Missouri,"Lee’s Summit, Missouri",2008-01-01,22359.0
8122,Missouri,"Lee’s Summit, Missouri",2009-01-01,21360.0
7522,Missouri,"Lee’s Summit, Missouri",2010-01-01,26139.0
6922,Missouri,"Lee’s Summit, Missouri",2011-01-01,27647.0
6322,Missouri,"Lee’s Summit, Missouri",2012-01-01,30299.0
5722,Missouri,"Lee’s Summit, Missouri",2013-01-01,31074.0
5122,Missouri,"Lee’s Summit, Missouri",2014-01-01,29396.0
4522,Missouri,"Lee’s Summit, Missouri",2015-01-01,28831.0
3922,Missouri,"Lee’s Summit, Missouri",2016-01-01,26838.0
3322,Missouri,"Lee’s Summit, Missouri",2017-01-01,27402.0
2722,Missouri,"Lee’s Summit, Missouri",2018-01-01,26811.0
2122,Missouri,"Lee’s Summit, Missouri",2019-01-01,24151.0
1522,Missouri,"Lee’s Summit, Missouri",2020-01-01,13979.0
922,Missouri,"Lee’s Summit, Missouri",2021-01-01,11634.0
322,Missouri,"Lee’s Summit, Missouri",2022-01-01,17215.0
10669,Pennsylvania,"Lewistown, Pennsylvania",2005-01-01,3563.0
10069,Pennsylvania,"Lewistown, Pennsylvania",2006-01-01,4148.0
9469,Pennsylvania,"Lewistown, Pennsylvania",2007-01-01,11005.0
8869,Pennsylvania,"Lewistown, Pennsylvania",2008-01-01,10674.0
8269,Pennsylvania,"Lewistown, Pennsylvania",2009-01-01,10118.0
7669,Pennsylvania,"Lewistown, Pennsylvania",2010-01-01,9238.0
7069,Pennsylvania,"Lewistown, Pennsylvania",2011-01-01,8200.0
6469,Pennsylvania,"Lewistown, Pennsylvania",2012-01-01,8315.0
5869,Pennsylvania,"Lewistown, Pennsylvania",2013-01-01,9102.0
5269,Pennsylvania,"Lewistown, Pennsylvania",2014-01-01,9375.0
4669,Pennsylvania,"Lewistown, Pennsylvania",2015-01-01,9125.0
4069,Pennsylvania,"Lewistown, Pennsylvania",2016-01-01,9514.0
3469,Pennsylvania,"Lewistown, Pennsylvania",2017-01-01,9147.0
2869,Pennsylvania,"Lewistown, Pennsylvania",2018-01-01,8676.0
2269,Pennsylvania,"Lewistown, Pennsylvania",2019-01-01,8249.0
1669,Pennsylvania,"Lewistown, Pennsylvania",2020-01-01,4706.0
1069,Pennsylvania,"Lewistown, Pennsylvania",2021-01-01,5016.0
469,Pennsylvania,"Lewistown, Pennsylvania",2022-01-01,8287.0
10613,North Carolina,"Lexington, North Carolina (Special Stop)",2005-01-01,85.0
10013,North Carolina,"Lexington, North Carolina (Special Stop)",2006-01-01,160.0
10534,Montana,"Libby, Montana",2005-01-01,2779.0
9934,Montana,"Libby, Montana",2006-01-01,2814.0
9334,Montana,"Libby, Montana",2007-01-01,5360.0
8734,Montana,"Libby, Montana",2008-01-01,6062.0
8134,Montana,"Libby, Montana",2009-01-01,5393.0
7534,Montana,"Libby, Montana",2010-01-01,5342.0
6934,Montana,"Libby, Montana",2011-01-01,5072.0
6334,Montana,"Libby, Montana",2012-01-01,6626.0
5734,Montana,"Libby, Montana",2013-01-01,6490.0
5134,Montana,"Libby, Montana",2014-01-01,5416.0
4534,Montana,"Libby, Montana",2015-01-01,4793.0
3934,Montana,"Libby, Montana",2016-01-01,4963.0
3334,Montana,"Libby, Montana",2017-01-01,5068.0
2734,Montana,"Libby, Montana",2018-01-01,4958.0
2134,Montana,"Libby, Montana",2019-01-01,5450.0
1534,Montana,"Libby, Montana",2020-01-01,3109.0
934,Montana,"Libby, Montana",2021-01-01,2702.0
334,Montana,"Libby, Montana",2022-01-01,3323.0
10390,Illinois,"Lincoln, Illinois",2005-01-01,7421.0
9790,Illinois,"Lincoln, Illinois",2006-01-01,7540.0
9190,Illinois,"Lincoln, Illinois",2007-01-01,19497.0
8590,Illinois,"Lincoln, Illinois",2008-01-01,20703.0
7990,Illinois,"Lincoln, Illinois",2009-01-01,21431.0
7390,Illinois,"Lincoln, Illinois",2010-01-01,23723.0
6790,Illinois,"Lincoln, Illinois",2011-01-01,17541.0
6190,Illinois,"Lincoln, Illinois",2012-01-01,22473.0
5590,Illinois,"Lincoln, Illinois",2013-01-01,25393.0
4990,Illinois,"Lincoln, Illinois",2014-01-01,25587.0
4390,Illinois,"Lincoln, Illinois",2015-01-01,23333.0
3790,Illinois,"Lincoln, Illinois",2016-01-01,21245.0
3190,Illinois,"Lincoln, Illinois",2017-01-01,21896.0
2590,Illinois,"Lincoln, Illinois",2018-01-01,23581.0
1990,Illinois,"Lincoln, Illinois",2019-01-01,22869.0
1390,Illinois,"Lincoln, Illinois",2020-01-01,11764.0
790,Illinois,"Lincoln, Illinois",2021-01-01,8147.0
190,Illinois,"Lincoln, Illinois",2022-01-01,15547.0
10543,Nebraska,"Lincoln, Nebraska",2005-01-01,5292.0
9943,Nebraska,"Lincoln, Nebraska",2006-01-01,5154.0
9343,Nebraska,"Lincoln, Nebraska",2007-01-01,11937.0
8743,Nebraska,"Lincoln, Nebraska",2008-01-01,11935.0
8143,Nebraska,"Lincoln, Nebraska",2009-01-01,10968.0
7543,Nebraska,"Lincoln, Nebraska",2010-01-01,11779.0
6943,Nebraska,"Lincoln, Nebraska",2011-01-01,11756.0
6343,Nebraska,"Lincoln, Nebraska",2012-01-01,12468.0
5743,Nebraska,"Lincoln, Nebraska",2013-01-01,13160.0
5143,Nebraska,"Lincoln, Nebraska",2014-01-01,13313.0
4543,Nebraska,"Lincoln, Nebraska",2015-01-01,15384.0
3943,Nebraska,"Lincoln, Nebraska",2016-01-01,14726.0
3343,Nebraska,"Lincoln, Nebraska",2017-01-01,15964.0
2743,Nebraska,"Lincoln, Nebraska",2018-01-01,3278.0
2744,Nebraska,"Lincoln, Nebraska",2018-01-01,15196.0
2143,Nebraska,"Lincoln, Nebraska",2019-01-01,14884.0
1543,Nebraska,"Lincoln, Nebraska",2020-01-01,8805.0
943,Nebraska,"Lincoln, Nebraska",2021-01-01,5967.0
343,Nebraska,"Lincoln, Nebraska",2022-01-01,8860.0
10216,Arkansas,"Little Rock, Arkansas",2005-01-01,7290.0
9616,Arkansas,"Little Rock, Arkansas",2006-01-01,7759.0
9016,Arkansas,"Little Rock, Arkansas",2007-01-01,16308.0
8416,Arkansas,"Little Rock, Arkansas",2008-01-01,19724.0
7816,Arkansas,"Little Rock, Arkansas",2009-01-01,19731.0
7216,Arkansas,"Little Rock, Arkansas",2010-01-01,22218.0
6616,Arkansas,"Little Rock, Arkansas",2011-01-01,23336.0
6016,Arkansas,"Little Rock, Arkansas",2012-01-01,24036.0
5416,Arkansas,"Little Rock, Arkansas",2013-01-01,22351.0
4816,Arkansas,"Little Rock, Arkansas",2014-01-01,19652.0
4216,Arkansas,"Little Rock, Arkansas",2015-01-01,19676.0
3616,Arkansas,"Little Rock, Arkansas",2016-01-01,18333.0
3016,Arkansas,"Little Rock, Arkansas",2017-01-01,20574.0
2416,Arkansas,"Little Rock, Arkansas",2018-01-01,19406.0
1816,Arkansas,"Little Rock, Arkansas",2019-01-01,17755.0
1216,Arkansas,"Little Rock, Arkansas",2020-01-01,10538.0
616,Arkansas,"Little Rock, Arkansas",2021-01-01,8439.0
16,Arkansas,"Little Rock, Arkansas",2022-01-01,13492.0
10256,California,"Lodi, California",2005-01-01,2851.0
9656,California,"Lodi, California",2006-01-01,3291.0
9056,California,"Lodi, California",2007-01-01,5799.0
8456,California,"Lodi, California",2008-01-01,7657.0
7856,California,"Lodi, California",2009-01-01,7396.0
7256,California,"Lodi, California",2010-01-01,7443.0
6656,California,"Lodi, California",2011-01-01,7422.0
6056,California,"Lodi, California",2012-01-01,8439.0
5456,California,"Lodi, California",2013-01-01,9695.0
4856,California,"Lodi, California",2014-01-01,9838.0
4256,California,"Lodi, California",2015-01-01,10185.0
3656,California,"Lodi, California",2016-01-01,8617.0
3056,California,"Lodi, California",2017-01-01,7978.0
2456,California,"Lodi, California",2018-01-01,9278.0
1856,California,"Lodi, California",2019-01-01,11285.0
1256,California,"Lodi, California",2020-01-01,4639.0
56,California,"Lodi, California",2022-01-01,1584.0
10257,California,"Lompoc-Surf, California",2005-01-01,2219.0
9657,California,"Lompoc-Surf, California",2006-01-01,3497.0
9057,California,"Lompoc-Surf, California",2007-01-01,7175.0
8457,California,"Lompoc-Surf, California",2008-01-01,8190.0
7857,California,"Lompoc-Surf, California",2009-01-01,7274.0
7257,California,"Lompoc-Surf, California",2010-01-01,6422.0
6657,California,"Lompoc-Surf, California",2011-01-01,5950.0
6057,California,"Lompoc-Surf, California",2012-01-01,7096.0
5457,California,"Lompoc-Surf, California",2013-01-01,8341.0
4857,California,"Lompoc-Surf, California",2014-01-01,8097.0
4257,California,"Lompoc-Surf, California",2015-01-01,8158.0
3657,California,"Lompoc-Surf, California",2016-01-01,7921.0
3057,California,"Lompoc-Surf, California",2017-01-01,7823.0
2457,California,"Lompoc-Surf, California",2018-01-01,5946.0
1857,California,"Lompoc-Surf, California",2019-01-01,6610.0
1257,California,"Lompoc-Surf, California",2020-01-01,5093.0
657,California,"Lompoc-Surf, California",2021-01-01,3712.0
57,California,"Lompoc-Surf, California",2022-01-01,7560.0
10709,Texas,"Longview, Texas",2005-01-01,12664.0
10109,Texas,"Longview, Texas",2006-01-01,12144.0
9509,Texas,"Longview, Texas",2007-01-01,21610.0
8909,Texas,"Longview, Texas",2008-01-01,27920.0
8309,Texas,"Longview, Texas",2009-01-01,28828.0
7709,Texas,"Longview, Texas",2010-01-01,34033.0
7109,Texas,"Longview, Texas",2011-01-01,35469.0
6509,Texas,"Longview, Texas",2012-01-01,49126.0
5909,Texas,"Longview, Texas",2013-01-01,41305.0
5309,Texas,"Longview, Texas",2014-01-01,38365.0
4709,Texas,"Longview, Texas",2015-01-01,32278.0
4109,Texas,"Longview, Texas",2016-01-01,29448.0
3509,Texas,"Longview, Texas",2017-01-01,33936.0
2909,Texas,"Longview, Texas",2018-01-01,34768.0
2309,Texas,"Longview, Texas",2019-01-01,28836.0
1709,Texas,"Longview, Texas",2020-01-01,18882.0
1109,Texas,"Longview, Texas",2021-01-01,14802.0
509,Texas,"Longview, Texas",2022-01-01,23412.0
10571,New Mexico,"Lordsburg, New Mexico",2005-01-01,117.0
9971,New Mexico,"Lordsburg, New Mexico",2006-01-01,173.0
9371,New Mexico,"Lordsburg, New Mexico",2007-01-01,397.0
8771,New Mexico,"Lordsburg, New Mexico",2008-01-01,393.0
8171,New Mexico,"Lordsburg, New Mexico",2009-01-01,404.0
7571,New Mexico,"Lordsburg, New Mexico",2010-01-01,472.0
6971,New Mexico,"Lordsburg, New Mexico",2011-01-01,510.0
6371,New Mexico,"Lordsburg, New Mexico",2012-01-01,483.0
5771,New Mexico,"Lordsburg, New Mexico",2013-01-01,736.0
5171,New Mexico,"Lordsburg, New Mexico",2014-01-01,729.0
4571,New Mexico,"Lordsburg, New Mexico",2015-01-01,842.0
3971,New Mexico,"Lordsburg, New Mexico",2016-01-01,579.0
3371,New Mexico,"Lordsburg, New Mexico",2017-01-01,742.0
2771,New Mexico,"Lordsburg, New Mexico",2018-01-01,733.0
2171,New Mexico,"Lordsburg, New Mexico",2019-01-01,624.0
1571,New Mexico,"Lordsburg, New Mexico",2020-01-01,455.0
971,New Mexico,"Lordsburg, New Mexico",2021-01-01,519.0
371,New Mexico,"Lordsburg, New Mexico",2022-01-01,661.0
10747,Virginia,"Lorton (Auto Train), Virginia",2005-01-01,108434.0
10147,Virginia,"Lorton (Auto Train), Virginia",2006-01-01,107834.0
9547,Virginia,"Lorton (Auto Train), Virginia",2007-01-01,217822.0
8947,Virginia,"Lorton (Auto Train), Virginia",2008-01-01,234839.0
8347,Virginia,"Lorton (Auto Train), Virginia",2009-01-01,232955.0
7747,Virginia,"Lorton (Auto Train), Virginia",2010-01-01,244252.0
7147,Virginia,"Lorton (Auto Train), Virginia",2011-01-01,259944.0
6547,Virginia,"Lorton (Auto Train), Virginia",2012-01-01,264096.0
5947,Virginia,"Lorton (Auto Train), Virginia",2013-01-01,265274.0
5347,Virginia,"Lorton (Auto Train), Virginia",2014-01-01,274445.0
4747,Virginia,"Lorton (Auto Train), Virginia",2015-01-01,271622.0
4147,Virginia,"Lorton (Auto Train), Virginia",2016-01-01,238448.0
3547,Virginia,"Lorton (Auto Train), Virginia",2017-01-01,228943.0
2947,Virginia,"Lorton (Auto Train), Virginia",2018-01-01,224812.0
2347,Virginia,"Lorton (Auto Train), Virginia",2019-01-01,236035.0
1747,Virginia,"Lorton (Auto Train), Virginia",2020-01-01,163468.0
1147,Virginia,"Lorton (Auto Train), Virginia",2021-01-01,197708.0
547,Virginia,"Lorton (Auto Train), Virginia",2022-01-01,269381.0
10258,California,"Los Angeles, California",2005-01-01,690068.0
9658,California,"Los Angeles, California",2006-01-01,707250.0
9058,California,"Los Angeles, California",2007-01-01,1464289.0
8458,California,"Los Angeles, California",2008-01-01,1582364.0
7858,California,"Los Angeles, California",2009-01-01,1475920.0
7258,California,"Los Angeles, California",2010-01-01,1517342.0
6658,California,"Los Angeles, California",2011-01-01,1606121.0
6058,California,"Los Angeles, California",2012-01-01,1657446.0
5458,California,"Los Angeles, California",2013-01-01,1643706.0
4858,California,"Los Angeles, California",2014-01-01,1551090.0
4258,California,"Los Angeles, California",2015-01-01,1589391.0
3658,California,"Los Angeles, California",2016-01-01,1635039.0
3058,California,"Los Angeles, California",2017-01-01,1716392.0
2458,California,"Los Angeles, California",2018-01-01,1717405.0
1858,California,"Los Angeles, California",2019-01-01,1413006.0
1258,California,"Los Angeles, California",2020-01-01,708925.0
658,California,"Los Angeles, California",2021-01-01,466417.0
58,California,"Los Angeles, California",2022-01-01,928558.0
10431,Kentucky,"Louisville, Kentucky",2005-01-01,50.0
9831,Kentucky,"Louisville, Kentucky",2006-01-01,50.0
10748,Virginia,"Lynchburg, Virginia",2005-01-01,8498.0
10148,Virginia,"Lynchburg, Virginia",2006-01-01,8117.0
9548,Virginia,"Lynchburg, Virginia",2007-01-01,18744.0
8948,Virginia,"Lynchburg, Virginia",2008-01-01,25383.0
8348,Virginia,"Lynchburg, Virginia",2009-01-01,23641.0
7748,Virginia,"Lynchburg, Virginia",2010-01-01,58348.0
7148,Virginia,"Lynchburg, Virginia",2011-01-01,76179.0
6548,Virginia,"Lynchburg, Virginia",2012-01-01,86498.0
5948,Virginia,"Lynchburg, Virginia",2013-01-01,93337.0
5348,Virginia,"Lynchburg, Virginia",2014-01-01,86302.0
4748,Virginia,"Lynchburg, Virginia",2015-01-01,84975.0
4148,Virginia,"Lynchburg, Virginia",2016-01-01,82786.0
3548,Virginia,"Lynchburg, Virginia",2017-01-01,82251.0
2948,Virginia,"Lynchburg, Virginia",2018-01-01,58160.0
2348,Virginia,"Lynchburg, Virginia",2019-01-01,54632.0
1748,Virginia,"Lynchburg, Virginia",2020-01-01,31361.0
1148,Virginia,"Lynchburg, Virginia",2021-01-01,28459.0
548,Virginia,"Lynchburg, Virginia",2022-01-01,48326.0
10391,Illinois,"Macomb, Illinois",2005-01-01,19121.0
9791,Illinois,"Macomb, Illinois",2006-01-01,19482.0
9191,Illinois,"Macomb, Illinois",2007-01-01,58262.0
8591,Illinois,"Macomb, Illinois",2008-01-01,69193.0
7991,Illinois,"Macomb, Illinois",2009-01-01,69795.0
7391,Illinois,"Macomb, Illinois",2010-01-01,72717.0
6791,Illinois,"Macomb, Illinois",2011-01-01,78129.0
6191,Illinois,"Macomb, Illinois",2012-01-01,80000.0
5591,Illinois,"Macomb, Illinois",2013-01-01,77082.0
4991,Illinois,"Macomb, Illinois",2014-01-01,72550.0
4391,Illinois,"Macomb, Illinois",2015-01-01,71231.0
3791,Illinois,"Macomb, Illinois",2016-01-01,67981.0
3191,Illinois,"Macomb, Illinois",2017-01-01,67011.0
2591,Illinois,"Macomb, Illinois",2018-01-01,61002.0
1991,Illinois,"Macomb, Illinois",2019-01-01,56878.0
1391,Illinois,"Macomb, Illinois",2020-01-01,33061.0
791,Illinois,"Macomb, Illinois",2021-01-01,25707.0
191,Illinois,"Macomb, Illinois",2022-01-01,41675.0
10259,California,"Madera, California",2005-01-01,5565.0
9659,California,"Madera, California",2006-01-01,6071.0
9059,California,"Madera, California",2007-01-01,14362.0
8459,California,"Madera, California",2008-01-01,17875.0
7859,California,"Madera, California",2009-01-01,17071.0
7259,California,"Madera, California",2010-01-01,20031.0
6659,California,"Madera, California",2011-01-01,21739.0
6059,California,"Madera, California",2012-01-01,24770.0
5459,California,"Madera, California",2013-01-01,27474.0
4859,California,"Madera, California",2014-01-01,28993.0
4259,California,"Madera, California",2015-01-01,27718.0
3659,California,"Madera, California",2016-01-01,27136.0
3059,California,"Madera, California",2017-01-01,27751.0
2459,California,"Madera, California",2018-01-01,28384.0
1859,California,"Madera, California",2019-01-01,27591.0
1259,California,"Madera, California",2020-01-01,16854.0
659,California,"Madera, California",2021-01-01,11819.0
59,California,"Madera, California",2022-01-01,19014.0
10349,Florida,"Madison, Florida",2005-01-01,187.0
10535,Montana,"Malta, Montana",2005-01-01,1717.0
9935,Montana,"Malta, Montana",2006-01-01,1790.0
9335,Montana,"Malta, Montana",2007-01-01,3661.0
8735,Montana,"Malta, Montana",2008-01-01,4095.0
8135,Montana,"Malta, Montana",2009-01-01,3611.0
7535,Montana,"Malta, Montana",2010-01-01,3372.0
6935,Montana,"Malta, Montana",2011-01-01,2934.0
6335,Montana,"Malta, Montana",2012-01-01,3466.0
5735,Montana,"Malta, Montana",2013-01-01,3956.0
5135,Montana,"Malta, Montana",2014-01-01,3165.0
4535,Montana,"Malta, Montana",2015-01-01,3211.0
3935,Montana,"Malta, Montana",2016-01-01,3829.0
3335,Montana,"Malta, Montana",2017-01-01,3695.0
2735,Montana,"Malta, Montana",2018-01-01,3570.0
2135,Montana,"Malta, Montana",2019-01-01,4265.0
1535,Montana,"Malta, Montana",2020-01-01,2806.0
935,Montana,"Malta, Montana",2021-01-01,2598.0
335,Montana,"Malta, Montana",2022-01-01,3610.0
10217,Arkansas,"Malvern, Arkansas",2005-01-01,779.0
9617,Arkansas,"Malvern, Arkansas",2006-01-01,645.0
9017,Arkansas,"Malvern, Arkansas",2007-01-01,1547.0
8417,Arkansas,"Malvern, Arkansas",2008-01-01,1716.0
7817,Arkansas,"Malvern, Arkansas",2009-01-01,1702.0
7217,Arkansas,"Malvern, Arkansas",2010-01-01,1833.0
6617,Arkansas,"Malvern, Arkansas",2011-01-01,1750.0
6017,Arkansas,"Malvern, Arkansas",2012-01-01,2105.0
5417,Arkansas,"Malvern, Arkansas",2013-01-01,2101.0
4817,Arkansas,"Malvern, Arkansas",2014-01-01,1896.0
4217,Arkansas,"Malvern, Arkansas",2015-01-01,1760.0
3617,Arkansas,"Malvern, Arkansas",2016-01-01,1729.0
3017,Arkansas,"Malvern, Arkansas",2017-01-01,1688.0
2417,Arkansas,"Malvern, Arkansas",2018-01-01,1693.0
1817,Arkansas,"Malvern, Arkansas",2019-01-01,1598.0
1217,Arkansas,"Malvern, Arkansas",2020-01-01,1038.0
617,Arkansas,"Malvern, Arkansas",2021-01-01,878.0
17,Arkansas,"Malvern, Arkansas",2022-01-01,1558.0
10749,Virginia,"Manassas, Virginia",2005-01-01,3774.0
10149,Virginia,"Manassas, Virginia",2006-01-01,3392.0
9549,Virginia,"Manassas, Virginia",2007-01-01,8178.0
8949,Virginia,"Manassas, Virginia",2008-01-01,9644.0
8349,Virginia,"Manassas, Virginia",2009-01-01,9204.0
7749,Virginia,"Manassas, Virginia",2010-01-01,16239.0
7149,Virginia,"Manassas, Virginia",2011-01-01,20264.0
6549,Virginia,"Manassas, Virginia",2012-01-01,23923.0
5949,Virginia,"Manassas, Virginia",2013-01-01,29070.0
5349,Virginia,"Manassas, Virginia",2014-01-01,29104.0
4749,Virginia,"Manassas, Virginia",2015-01-01,28220.0
4149,Virginia,"Manassas, Virginia",2016-01-01,27597.0
3549,Virginia,"Manassas, Virginia",2017-01-01,28619.0
2949,Virginia,"Manassas, Virginia",2018-01-01,30340.0
2349,Virginia,"Manassas, Virginia",2019-01-01,26234.0
1749,Virginia,"Manassas, Virginia",2020-01-01,15528.0
1149,Virginia,"Manassas, Virginia",2021-01-01,15010.0
549,Virginia,"Manassas, Virginia",2022-01-01,28823.0
10208,Arizona,"Maricopa, Arizona",2005-01-01,3023.0
9608,Arizona,"Maricopa, Arizona",2006-01-01,2453.0
9008,Arizona,"Maricopa, Arizona",2007-01-01,5764.0
8408,Arizona,"Maricopa, Arizona",2008-01-01,6393.0
7808,Arizona,"Maricopa, Arizona",2009-01-01,7662.0
7208,Arizona,"Maricopa, Arizona",2010-01-01,8764.0
6608,Arizona,"Maricopa, Arizona",2011-01-01,9819.0
6008,Arizona,"Maricopa, Arizona",2012-01-01,10804.0
5408,Arizona,"Maricopa, Arizona",2013-01-01,12945.0
4808,Arizona,"Maricopa, Arizona",2014-01-01,12729.0
4208,Arizona,"Maricopa, Arizona",2015-01-01,12162.0
3608,Arizona,"Maricopa, Arizona",2016-01-01,11250.0
3008,Arizona,"Maricopa, Arizona",2017-01-01,11849.0
2408,Arizona,"Maricopa, Arizona",2018-01-01,11744.0
1808,Arizona,"Maricopa, Arizona",2019-01-01,11194.0
1208,Arizona,"Maricopa, Arizona",2020-01-01,7843.0
608,Arizona,"Maricopa, Arizona",2021-01-01,8251.0
8,Arizona,"Maricopa, Arizona",2022-01-01,10520.0
2709,Mississippi,"Marks, Mississippi",2018-01-01,622.0
2108,Mississippi,"Marks, Mississippi",2019-01-01,2542.0
1508,Mississippi,"Marks, Mississippi",2020-01-01,1871.0
908,Mississippi,"Marks, Mississippi",2021-01-01,1804.0
308,Mississippi,"Marks, Mississippi",2022-01-01,2904.0
10710,Texas,"Marshall, Texas",2005-01-01,3147.0
10110,Texas,"Marshall, Texas",2006-01-01,3040.0
9510,Texas,"Marshall, Texas",2007-01-01,5469.0
8910,Texas,"Marshall, Texas",2008-01-01,7406.0
8310,Texas,"Marshall, Texas",2009-01-01,6988.0
7710,Texas,"Marshall, Texas",2010-01-01,8709.0
7110,Texas,"Marshall, Texas",2011-01-01,9021.0
6510,Texas,"Marshall, Texas",2012-01-01,10025.0
5910,Texas,"Marshall, Texas",2013-01-01,10555.0
5310,Texas,"Marshall, Texas",2014-01-01,10184.0
4710,Texas,"Marshall, Texas",2015-01-01,9390.0
4110,Texas,"Marshall, Texas",2016-01-01,8005.0
3510,Texas,"Marshall, Texas",2017-01-01,8404.0
2910,Texas,"Marshall, Texas",2018-01-01,8371.0
2310,Texas,"Marshall, Texas",2019-01-01,6694.0
1710,Texas,"Marshall, Texas",2020-01-01,4305.0
1110,Texas,"Marshall, Texas",2021-01-01,3119.0
510,Texas,"Marshall, Texas",2022-01-01,5279.0
10260,California,"Martinez, California",2005-01-01,150222.0
9660,California,"Martinez, California",2006-01-01,144605.0
9060,California,"Martinez, California",2007-01-01,380477.0
8460,California,"Martinez, California",2008-01-01,398683.0
7860,California,"Martinez, California",2009-01-01,394814.0
7260,California,"Martinez, California",2010-01-01,410968.0
6660,California,"Martinez, California",2011-01-01,446507.0
6060,California,"Martinez, California",2012-01-01,475909.0
5460,California,"Martinez, California",2013-01-01,473836.0
4860,California,"Martinez, California",2014-01-01,359755.0
4260,California,"Martinez, California",2015-01-01,363717.0
3660,California,"Martinez, California",2016-01-01,364372.0
3060,California,"Martinez, California",2017-01-01,347095.0
2460,California,"Martinez, California",2018-01-01,346051.0
1860,California,"Martinez, California",2019-01-01,352068.0
1260,California,"Martinez, California",2020-01-01,197953.0
660,California,"Martinez, California",2021-01-01,124389.0
60,California,"Martinez, California",2022-01-01,176571.0
10786,West Virginia,"Martinsburg, West Virginia",2005-01-01,2659.0
10186,West Virginia,"Martinsburg, West Virginia",2006-01-01,2828.0
9586,West Virginia,"Martinsburg, West Virginia",2007-01-01,5910.0
8986,West Virginia,"Martinsburg, West Virginia",2008-01-01,7068.0
8386,West Virginia,"Martinsburg, West Virginia",2009-01-01,6956.0
7786,West Virginia,"Martinsburg, West Virginia",2010-01-01,6986.0
7186,West Virginia,"Martinsburg, West Virginia",2011-01-01,7734.0
6586,West Virginia,"Martinsburg, West Virginia",2012-01-01,8641.0
5986,West Virginia,"Martinsburg, West Virginia",2013-01-01,9331.0
5386,West Virginia,"Martinsburg, West Virginia",2014-01-01,9824.0
4786,West Virginia,"Martinsburg, West Virginia",2015-01-01,10309.0
4186,West Virginia,"Martinsburg, West Virginia",2016-01-01,11121.0
3586,West Virginia,"Martinsburg, West Virginia",2017-01-01,11267.0
2986,West Virginia,"Martinsburg, West Virginia",2018-01-01,10784.0
2386,West Virginia,"Martinsburg, West Virginia",2019-01-01,10917.0
1786,West Virginia,"Martinsburg, West Virginia",2020-01-01,7347.0
1186,West Virginia,"Martinsburg, West Virginia",2021-01-01,5357.0
586,West Virginia,"Martinsburg, West Virginia",2022-01-01,8148.0
10392,Illinois,"Mattoon, Illinois",2005-01-01,7730.0
9792,Illinois,"Mattoon, Illinois",2006-01-01,8794.0
9192,Illinois,"Mattoon, Illinois",2007-01-01,27336.0
8592,Illinois,"Mattoon, Illinois",2008-01-01,31078.0
7992,Illinois,"Mattoon, Illinois",2009-01-01,29587.0
7392,Illinois,"Mattoon, Illinois",2010-01-01,32818.0
6792,Illinois,"Mattoon, Illinois",2011-01-01,38328.0
6192,Illinois,"Mattoon, Illinois",2012-01-01,42011.0
5592,Illinois,"Mattoon, Illinois",2013-01-01,44598.0
4992,Illinois,"Mattoon, Illinois",2014-01-01,42872.0
4392,Illinois,"Mattoon, Illinois",2015-01-01,41956.0
3792,Illinois,"Mattoon, Illinois",2016-01-01,37536.0
3192,Illinois,"Mattoon, Illinois",2017-01-01,35822.0
2592,Illinois,"Mattoon, Illinois",2018-01-01,34279.0
1992,Illinois,"Mattoon, Illinois",2019-01-01,34023.0
1392,Illinois,"Mattoon, Illinois",2020-01-01,19908.0
792,Illinois,"Mattoon, Illinois",2021-01-01,15735.0
192,Illinois,"Mattoon, Illinois",2022-01-01,22004.0
10432,Kentucky,"Maysville, Kentucky",2005-01-01,892.0
9832,Kentucky,"Maysville, Kentucky",2006-01-01,823.0
9232,Kentucky,"Maysville, Kentucky",2007-01-01,1772.0
8632,Kentucky,"Maysville, Kentucky",2008-01-01,1707.0
8032,Kentucky,"Maysville, Kentucky",2009-01-01,1855.0
7432,Kentucky,"Maysville, Kentucky",2010-01-01,1933.0
6832,Kentucky,"Maysville, Kentucky",2011-01-01,1817.0
6232,Kentucky,"Maysville, Kentucky",2012-01-01,2507.0
5632,Kentucky,"Maysville, Kentucky",2013-01-01,2411.0
5032,Kentucky,"Maysville, Kentucky",2014-01-01,2316.0
4432,Kentucky,"Maysville, Kentucky",2015-01-01,2279.0
3832,Kentucky,"Maysville, Kentucky",2016-01-01,2309.0
3232,Kentucky,"Maysville, Kentucky",2017-01-01,2214.0
2632,Kentucky,"Maysville, Kentucky",2018-01-01,2024.0
2032,Kentucky,"Maysville, Kentucky",2019-01-01,1993.0
1432,Kentucky,"Maysville, Kentucky",2020-01-01,1475.0
832,Kentucky,"Maysville, Kentucky",2021-01-01,1174.0
232,Kentucky,"Maysville, Kentucky",2022-01-01,1527.0
10510,Mississippi,"McComb, Mississippi",2005-01-01,2316.0
9910,Mississippi,"McComb, Mississippi",2006-01-01,3142.0
9310,Mississippi,"McComb, Mississippi",2007-01-01,6634.0
8110,Mississippi,"McComb, Mississippi",2009-01-01,7174.0
7510,Mississippi,"McComb, Mississippi",2010-01-01,7586.0
6910,Mississippi,"McComb, Mississippi",2011-01-01,6979.0
6310,Mississippi,"McComb, Mississippi",2012-01-01,6685.0
5710,Mississippi,"McComb, Mississippi",2013-01-01,6496.0
5110,Mississippi,"McComb, Mississippi",2014-01-01,6464.0
4510,Mississippi,"McComb, Mississippi",2015-01-01,6377.0
3910,Mississippi,"McComb, Mississippi",2016-01-01,5665.0
3310,Mississippi,"McComb, Mississippi",2017-01-01,5033.0
2710,Mississippi,"McComb, Mississippi",2018-01-01,4770.0
2110,Mississippi,"McComb, Mississippi",2019-01-01,3602.0
1510,Mississippi,"McComb, Mississippi",2020-01-01,3178.0
910,Mississippi,"McComb, Mississippi",2021-01-01,1906.0
310,Mississippi,"McComb, Mississippi",2022-01-01,2580.0
10545,Nebraska,"McCook, Nebraska",2005-01-01,1348.0
9945,Nebraska,"McCook, Nebraska",2006-01-01,1528.0
9345,Nebraska,"McCook, Nebraska",2007-01-01,3017.0
8745,Nebraska,"McCook, Nebraska",2008-01-01,2987.0
8145,Nebraska,"McCook, Nebraska",2009-01-01,2899.0
7545,Nebraska,"McCook, Nebraska",2010-01-01,3218.0
6945,Nebraska,"McCook, Nebraska",2011-01-01,2939.0
6345,Nebraska,"McCook, Nebraska",2012-01-01,3540.0
5745,Nebraska,"McCook, Nebraska",2013-01-01,3638.0
5145,Nebraska,"McCook, Nebraska",2014-01-01,3414.0
4545,Nebraska,"McCook, Nebraska",2015-01-01,3342.0
3945,Nebraska,"McCook, Nebraska",2016-01-01,3049.0
3345,Nebraska,"McCook, Nebraska",2017-01-01,2914.0
2145,Nebraska,"McCook, Nebraska",2019-01-01,3345.0
1545,Nebraska,"McCook, Nebraska",2020-01-01,2211.0
945,Nebraska,"McCook, Nebraska",2021-01-01,1314.0
345,Nebraska,"McCook, Nebraska",2022-01-01,1840.0
10711,Texas,"McGregor, Texas",2005-01-01,1136.0
10111,Texas,"McGregor, Texas",2006-01-01,982.0
9511,Texas,"McGregor, Texas",2007-01-01,2382.0
8911,Texas,"McGregor, Texas",2008-01-01,3141.0
8311,Texas,"McGregor, Texas",2009-01-01,4238.0
7711,Texas,"McGregor, Texas",2010-01-01,4240.0
7111,Texas,"McGregor, Texas",2011-01-01,4644.0
6511,Texas,"McGregor, Texas",2012-01-01,4988.0
5911,Texas,"McGregor, Texas",2013-01-01,5209.0
5311,Texas,"McGregor, Texas",2014-01-01,4328.0
4711,Texas,"McGregor, Texas",2015-01-01,4834.0
4111,Texas,"McGregor, Texas",2016-01-01,5194.0
3511,Texas,"McGregor, Texas",2017-01-01,5124.0
2911,Texas,"McGregor, Texas",2018-01-01,5061.0
2311,Texas,"McGregor, Texas",2019-01-01,5365.0
1711,Texas,"McGregor, Texas",2020-01-01,2890.0
1111,Texas,"McGregor, Texas",2021-01-01,2296.0
511,Texas,"McGregor, Texas",2022-01-01,3344.0
10696,Tennessee,"Memphis, Tennessee",2005-01-01,23317.0
10096,Tennessee,"Memphis, Tennessee",2006-01-01,21671.0
9496,Tennessee,"Memphis, Tennessee",2007-01-01,50049.0
8896,Tennessee,"Memphis, Tennessee",2008-01-01,54879.0
8296,Tennessee,"Memphis, Tennessee",2009-01-01,52507.0
7696,Tennessee,"Memphis, Tennessee",2010-01-01,62915.0
7096,Tennessee,"Memphis, Tennessee",2011-01-01,65769.0
6496,Tennessee,"Memphis, Tennessee",2012-01-01,73116.0
5896,Tennessee,"Memphis, Tennessee",2013-01-01,76171.0
5296,Tennessee,"Memphis, Tennessee",2014-01-01,69946.0
4696,Tennessee,"Memphis, Tennessee",2015-01-01,72044.0
4096,Tennessee,"Memphis, Tennessee",2016-01-01,72127.0
3496,Tennessee,"Memphis, Tennessee",2017-01-01,73637.0
2896,Tennessee,"Memphis, Tennessee",2018-01-01,71311.0
2296,Tennessee,"Memphis, Tennessee",2019-01-01,61193.0
1696,Tennessee,"Memphis, Tennessee",2020-01-01,32662.0
1096,Tennessee,"Memphis, Tennessee",2021-01-01,25332.0
496,Tennessee,"Memphis, Tennessee",2022-01-01,38891.0
10393,Illinois,"Mendota, Illinois",2005-01-01,5820.0
9793,Illinois,"Mendota, Illinois",2006-01-01,6214.0
9193,Illinois,"Mendota, Illinois",2007-01-01,15510.0
8593,Illinois,"Mendota, Illinois",2008-01-01,20677.0
7993,Illinois,"Mendota, Illinois",2009-01-01,21108.0
7393,Illinois,"Mendota, Illinois",2010-01-01,21082.0
6793,Illinois,"Mendota, Illinois",2011-01-01,23768.0
6193,Illinois,"Mendota, Illinois",2012-01-01,24250.0
5593,Illinois,"Mendota, Illinois",2013-01-01,25410.0
4993,Illinois,"Mendota, Illinois",2014-01-01,24019.0
4393,Illinois,"Mendota, Illinois",2015-01-01,24073.0
3793,Illinois,"Mendota, Illinois",2016-01-01,23736.0
3193,Illinois,"Mendota, Illinois",2017-01-01,23141.0
2593,Illinois,"Mendota, Illinois",2018-01-01,22276.0
1993,Illinois,"Mendota, Illinois",2019-01-01,22688.0
1393,Illinois,"Mendota, Illinois",2020-01-01,12322.0
793,Illinois,"Mendota, Illinois",2021-01-01,9002.0
193,Illinois,"Mendota, Illinois",2022-01-01,14892.0
10261,California,"Merced, California",2005-01-01,37641.0
9661,California,"Merced, California",2006-01-01,39591.0
9061,California,"Merced, California",2007-01-01,82136.0
8461,California,"Merced, California",2008-01-01,96406.0
7861,California,"Merced, California",2009-01-01,96488.0
7261,California,"Merced, California",2010-01-01,103505.0
6661,California,"Merced, California",2011-01-01,114401.0
6061,California,"Merced, California",2012-01-01,125316.0
5461,California,"Merced, California",2013-01-01,134138.0
4861,California,"Merced, California",2014-01-01,129179.0
4261,California,"Merced, California",2015-01-01,128327.0
3661,California,"Merced, California",2016-01-01,121137.0
3061,California,"Merced, California",2017-01-01,126148.0
2461,California,"Merced, California",2018-01-01,126793.0
1861,California,"Merced, California",2019-01-01,133311.0
1261,California,"Merced, California",2020-01-01,78318.0
661,California,"Merced, California",2021-01-01,48737.0
61,California,"Merced, California",2022-01-01,94304.0
10322,Connecticut,"Meriden, Connecticut",2005-01-01,13131.0
9722,Connecticut,"Meriden, Connecticut",2006-01-01,14290.0
9122,Connecticut,"Meriden, Connecticut",2007-01-01,30114.0
8522,Connecticut,"Meriden, Connecticut",2008-01-01,33137.0
7922,Connecticut,"Meriden, Connecticut",2009-01-01,31571.0
7322,Connecticut,"Meriden, Connecticut",2010-01-01,35904.0
6722,Connecticut,"Meriden, Connecticut",2011-01-01,34582.0
6122,Connecticut,"Meriden, Connecticut",2012-01-01,34483.0
5522,Connecticut,"Meriden, Connecticut",2013-01-01,35475.0
4922,Connecticut,"Meriden, Connecticut",2014-01-01,30466.0
4322,Connecticut,"Meriden, Connecticut",2015-01-01,27602.0
3722,Connecticut,"Meriden, Connecticut",2016-01-01,17735.0
3122,Connecticut,"Meriden, Connecticut",2017-01-01,12703.0
2522,Connecticut,"Meriden, Connecticut",2018-01-01,16495.0
1922,Connecticut,"Meriden, Connecticut",2019-01-01,17676.0
1322,Connecticut,"Meriden, Connecticut",2020-01-01,10244.0
722,Connecticut,"Meriden, Connecticut",2021-01-01,8032.0
122,Connecticut,"Meriden, Connecticut",2022-01-01,16373.0
9284,Michigan,"Meridian, Michigan",2007-01-01,11386.0
10511,Mississippi,"Meridian, Mississippi",2005-01-01,5981.0
9911,Mississippi,"Meridian, Mississippi",2006-01-01,5168.0
8111,Mississippi,"Meridian, Mississippi",2009-01-01,11646.0
7511,Mississippi,"Meridian, Mississippi",2010-01-01,13923.0
6911,Mississippi,"Meridian, Mississippi",2011-01-01,12989.0
6311,Mississippi,"Meridian, Mississippi",2012-01-01,12120.0
5711,Mississippi,"Meridian, Mississippi",2013-01-01,11500.0
5111,Mississippi,"Meridian, Mississippi",2014-01-01,11275.0
4511,Mississippi,"Meridian, Mississippi",2015-01-01,10863.0
3911,Mississippi,"Meridian, Mississippi",2016-01-01,10179.0
3311,Mississippi,"Meridian, Mississippi",2017-01-01,9417.0
2711,Mississippi,"Meridian, Mississippi",2018-01-01,9090.0
2111,Mississippi,"Meridian, Mississippi",2019-01-01,9173.0
1511,Mississippi,"Meridian, Mississippi",2020-01-01,4860.0
911,Mississippi,"Meridian, Mississippi",2021-01-01,3478.0
311,Mississippi,"Meridian, Mississippi",2022-01-01,4674.0
9062,California,"Metrolink Station Orange, California 92866",2007-01-01,0.0
8462,California,"Metrolink Station Orange, California 92866",2008-01-01,1178.0
7862,California,"Metrolink Station Orange, California 92866",2009-01-01,1804.0
7262,California,"Metrolink Station Orange, California 92866",2010-01-01,2439.0
6662,California,"Metrolink Station Orange, California 92866",2011-01-01,3025.0
6062,California,"Metrolink Station Orange, California 92866",2012-01-01,2302.0
5462,California,"Metrolink Station Orange, California 92866",2013-01-01,919.0
10559,New Jersey,"Metropark, New Jersey",2005-01-01,180400.0
9959,New Jersey,"Metropark, New Jersey",2006-01-01,179687.0
9359,New Jersey,"Metropark, New Jersey",2007-01-01,380912.0
8759,New Jersey,"Metropark, New Jersey",2008-01-01,406287.0
8159,New Jersey,"Metropark, New Jersey",2009-01-01,369477.0
7559,New Jersey,"Metropark, New Jersey",2010-01-01,388371.0
6959,New Jersey,"Metropark, New Jersey",2011-01-01,396902.0
6359,New Jersey,"Metropark, New Jersey",2012-01-01,393713.0
5759,New Jersey,"Metropark, New Jersey",2013-01-01,383353.0
5159,New Jersey,"Metropark, New Jersey",2014-01-01,381178.0
4559,New Jersey,"Metropark, New Jersey",2015-01-01,364805.0
3959,New Jersey,"Metropark, New Jersey",2016-01-01,366994.0
3359,New Jersey,"Metropark, New Jersey",2017-01-01,369088.0
2759,New Jersey,"Metropark, New Jersey",2018-01-01,367726.0
2159,New Jersey,"Metropark, New Jersey",2019-01-01,380914.0
1559,New Jersey,"Metropark, New Jersey",2020-01-01,183954.0
959,New Jersey,"Metropark, New Jersey",2021-01-01,109117.0
359,New Jersey,"Metropark, New Jersey",2022-01-01,225661.0
10350,Florida,"Miami, Florida",2005-01-01,33708.0
9750,Florida,"Miami, Florida",2006-01-01,29580.0
9150,Florida,"Miami, Florida",2007-01-01,67629.0
8550,Florida,"Miami, Florida",2008-01-01,80348.0
7950,Florida,"Miami, Florida",2009-01-01,81582.0
7350,Florida,"Miami, Florida",2010-01-01,90561.0
6750,Florida,"Miami, Florida",2011-01-01,94556.0
6150,Florida,"Miami, Florida",2012-01-01,91019.0
5550,Florida,"Miami, Florida",2013-01-01,84293.0
4950,Florida,"Miami, Florida",2014-01-01,78695.0
4350,Florida,"Miami, Florida",2015-01-01,70560.0
3750,Florida,"Miami, Florida",2016-01-01,65975.0
3150,Florida,"Miami, Florida",2017-01-01,66110.0
2550,Florida,"Miami, Florida",2018-01-01,64729.0
1950,Florida,"Miami, Florida",2019-01-01,62497.0
1350,Florida,"Miami, Florida",2020-01-01,39123.0
750,Florida,"Miami, Florida",2021-01-01,37411.0
150,Florida,"Miami, Florida",2022-01-01,50992.0
10411,Indiana,"Michigan City, Indiana",2005-01-01,1217.0
9811,Indiana,"Michigan City, Indiana",2006-01-01,844.0
9211,Indiana,"Michigan City, Indiana",2007-01-01,1941.0
8611,Indiana,"Michigan City, Indiana",2008-01-01,2176.0
8011,Indiana,"Michigan City, Indiana",2009-01-01,2288.0
7411,Indiana,"Michigan City, Indiana",2010-01-01,3395.0
6811,Indiana,"Michigan City, Indiana",2011-01-01,3702.0
6211,Indiana,"Michigan City, Indiana",2012-01-01,3293.0
5611,Indiana,"Michigan City, Indiana",2013-01-01,3883.0
5011,Indiana,"Michigan City, Indiana",2014-01-01,3994.0
4411,Indiana,"Michigan City, Indiana",2015-01-01,3783.0
3811,Indiana,"Michigan City, Indiana",2016-01-01,3573.0
3211,Indiana,"Michigan City, Indiana",2017-01-01,3699.0
2611,Indiana,"Michigan City, Indiana",2018-01-01,2720.0
2011,Indiana,"Michigan City, Indiana",2019-01-01,2662.0
1411,Indiana,"Michigan City, Indiana",2020-01-01,1136.0
811,Indiana,"Michigan City, Indiana",2021-01-01,338.0
211,Indiana,"Michigan City, Indiana",2022-01-01,817.0
530,Vermont,"Middlebury (Amtrak Station), VT",2022-01-01,1656.0
10670,Pennsylvania,"Middletown, Pennsylvania",2005-01-01,13372.0
10070,Pennsylvania,"Middletown, Pennsylvania",2006-01-01,16415.0
9470,Pennsylvania,"Middletown, Pennsylvania",2007-01-01,39319.0
8870,Pennsylvania,"Middletown, Pennsylvania",2008-01-01,51149.0
8270,Pennsylvania,"Middletown, Pennsylvania",2009-01-01,58453.0
7670,Pennsylvania,"Middletown, Pennsylvania",2010-01-01,64354.0
7070,Pennsylvania,"Middletown, Pennsylvania",2011-01-01,66302.0
6470,Pennsylvania,"Middletown, Pennsylvania",2012-01-01,73538.0
5870,Pennsylvania,"Middletown, Pennsylvania",2013-01-01,81030.0
5270,Pennsylvania,"Middletown, Pennsylvania",2014-01-01,67475.0
4670,Pennsylvania,"Middletown, Pennsylvania",2015-01-01,68484.0
4070,Pennsylvania,"Middletown, Pennsylvania",2016-01-01,68005.0
3470,Pennsylvania,"Middletown, Pennsylvania",2017-01-01,68132.0
2870,Pennsylvania,"Middletown, Pennsylvania",2018-01-01,68022.0
2270,Pennsylvania,"Middletown, Pennsylvania",2019-01-01,67722.0
1670,Pennsylvania,"Middletown, Pennsylvania",2020-01-01,33404.0
1070,Pennsylvania,"Middletown, Pennsylvania",2021-01-01,16961.0
470,Pennsylvania,"Middletown, Pennsylvania",2022-01-01,38263.0
10794,Wisconsin,"Milwaukee Airport, Wisconsin",2005-01-01,16062.0
10194,Wisconsin,"Milwaukee Airport, Wisconsin",2006-01-01,40161.0
9594,Wisconsin,"Milwaukee Airport, Wisconsin",2007-01-01,98008.0
8994,Wisconsin,"Milwaukee Airport, Wisconsin",2008-01-01,149824.0
8394,Wisconsin,"Milwaukee Airport, Wisconsin",2009-01-01,147299.0
7794,Wisconsin,"Milwaukee Airport, Wisconsin",2010-01-01,155726.0
7194,Wisconsin,"Milwaukee Airport, Wisconsin",2011-01-01,162825.0
6594,Wisconsin,"Milwaukee Airport, Wisconsin",2012-01-01,163772.0
5994,Wisconsin,"Milwaukee Airport, Wisconsin",2013-01-01,160254.0
5394,Wisconsin,"Milwaukee Airport, Wisconsin",2014-01-01,159869.0
4794,Wisconsin,"Milwaukee Airport, Wisconsin",2015-01-01,157042.0
4194,Wisconsin,"Milwaukee Airport, Wisconsin",2016-01-01,159632.0
3594,Wisconsin,"Milwaukee Airport, Wisconsin",2017-01-01,164054.0
2994,Wisconsin,"Milwaukee Airport, Wisconsin",2018-01-01,180314.0
2394,Wisconsin,"Milwaukee Airport, Wisconsin",2019-01-01,178962.0
1794,Wisconsin,"Milwaukee Airport, Wisconsin",2020-01-01,74162.0
1194,Wisconsin,"Milwaukee Airport, Wisconsin",2021-01-01,37580.0
594,Wisconsin,"Milwaukee Airport, Wisconsin",2022-01-01,84621.0
10795,Wisconsin,"Milwaukee, Wisconsin",2005-01-01,238850.0
10195,Wisconsin,"Milwaukee, Wisconsin",2006-01-01,241523.0
9595,Wisconsin,"Milwaukee, Wisconsin",2007-01-01,471752.0
8995,Wisconsin,"Milwaukee, Wisconsin",2008-01-01,565009.0
8395,Wisconsin,"Milwaukee, Wisconsin",2009-01-01,553475.0
7795,Wisconsin,"Milwaukee, Wisconsin",2010-01-01,588617.0
7195,Wisconsin,"Milwaukee, Wisconsin",2011-01-01,617800.0
6595,Wisconsin,"Milwaukee, Wisconsin",2012-01-01,632078.0
5995,Wisconsin,"Milwaukee, Wisconsin",2013-01-01,617153.0
5395,Wisconsin,"Milwaukee, Wisconsin",2014-01-01,596415.0
4795,Wisconsin,"Milwaukee, Wisconsin",2015-01-01,594076.0
4195,Wisconsin,"Milwaukee, Wisconsin",2016-01-01,597134.0
3595,Wisconsin,"Milwaukee, Wisconsin",2017-01-01,605351.0
2995,Wisconsin,"Milwaukee, Wisconsin",2018-01-01,604631.0
2395,Wisconsin,"Milwaukee, Wisconsin",2019-01-01,639713.0
1795,Wisconsin,"Milwaukee, Wisconsin",2020-01-01,311350.0
1195,Wisconsin,"Milwaukee, Wisconsin",2021-01-01,198389.0
595,Wisconsin,"Milwaukee, Wisconsin",2022-01-01,379535.0
10712,Texas,"Mineola, Texas",2005-01-01,1809.0
10112,Texas,"Mineola, Texas",2006-01-01,1699.0
9512,Texas,"Mineola, Texas",2007-01-01,3888.0
8912,Texas,"Mineola, Texas",2008-01-01,4376.0
8312,Texas,"Mineola, Texas",2009-01-01,4952.0
7712,Texas,"Mineola, Texas",2010-01-01,6568.0
7112,Texas,"Mineola, Texas",2011-01-01,7165.0
6512,Texas,"Mineola, Texas",2012-01-01,6956.0
5912,Texas,"Mineola, Texas",2013-01-01,7213.0
5312,Texas,"Mineola, Texas",2014-01-01,6776.0
4712,Texas,"Mineola, Texas",2015-01-01,6423.0
4112,Texas,"Mineola, Texas",2016-01-01,6110.0
3512,Texas,"Mineola, Texas",2017-01-01,7156.0
2912,Texas,"Mineola, Texas",2018-01-01,6423.0
2312,Texas,"Mineola, Texas",2019-01-01,7438.0
1712,Texas,"Mineola, Texas",2020-01-01,3646.0
1112,Texas,"Mineola, Texas",2021-01-01,2761.0
512,Texas,"Mineola, Texas",2022-01-01,4859.0
10624,North Dakota,"Minot, North Dakota",2005-01-01,16816.0
10024,North Dakota,"Minot, North Dakota",2006-01-01,18169.0
9424,North Dakota,"Minot, North Dakota",2007-01-01,38254.0
8824,North Dakota,"Minot, North Dakota",2008-01-01,42801.0
8224,North Dakota,"Minot, North Dakota",2009-01-01,39136.0
7624,North Dakota,"Minot, North Dakota",2010-01-01,40360.0
7024,North Dakota,"Minot, North Dakota",2011-01-01,29179.0
6424,North Dakota,"Minot, North Dakota",2012-01-01,37169.0
5824,North Dakota,"Minot, North Dakota",2013-01-01,41615.0
5224,North Dakota,"Minot, North Dakota",2014-01-01,35521.0
4624,North Dakota,"Minot, North Dakota",2015-01-01,32108.0
4024,North Dakota,"Minot, North Dakota",2016-01-01,29829.0
3424,North Dakota,"Minot, North Dakota",2017-01-01,30405.0
2824,North Dakota,"Minot, North Dakota",2018-01-01,29854.0
2224,North Dakota,"Minot, North Dakota",2019-01-01,27281.0
1624,North Dakota,"Minot, North Dakota",2020-01-01,16469.0
1024,North Dakota,"Minot, North Dakota",2021-01-01,11591.0
424,North Dakota,"Minot, North Dakota",2022-01-01,16529.0
10203,Alabama,"Mobile, Alabama",2005-01-01,570.0
10263,California,"Modesto, California",2005-01-01,35883.0
9663,California,"Modesto, California",2006-01-01,38394.0
9063,California,"Modesto, California",2007-01-01,78634.0
8463,California,"Modesto, California",2008-01-01,93426.0
7863,California,"Modesto, California",2009-01-01,91565.0
7263,California,"Modesto, California",2010-01-01,96662.0
6663,California,"Modesto, California",2011-01-01,104647.0
6063,California,"Modesto, California",2012-01-01,118226.0
5463,California,"Modesto, California",2013-01-01,127886.0
4863,California,"Modesto, California",2014-01-01,122998.0
4263,California,"Modesto, California",2015-01-01,121389.0
3663,California,"Modesto, California",2016-01-01,117422.0
3063,California,"Modesto, California",2017-01-01,115672.0
2463,California,"Modesto, California",2018-01-01,112292.0
1863,California,"Modesto, California",2019-01-01,116342.0
1263,California,"Modesto, California",2020-01-01,70147.0
663,California,"Modesto, California",2021-01-01,51281.0
63,California,"Modesto, California",2022-01-01,76286.0
10787,West Virginia,"Montgomery, West Virginia",2005-01-01,413.0
10187,West Virginia,"Montgomery, West Virginia",2006-01-01,352.0
9587,West Virginia,"Montgomery, West Virginia",2007-01-01,733.0
8987,West Virginia,"Montgomery, West Virginia",2008-01-01,886.0
8387,West Virginia,"Montgomery, West Virginia",2009-01-01,474.0
7787,West Virginia,"Montgomery, West Virginia",2010-01-01,936.0
7187,West Virginia,"Montgomery, West Virginia",2011-01-01,473.0
6587,West Virginia,"Montgomery, West Virginia",2012-01-01,580.0
5987,West Virginia,"Montgomery, West Virginia",2013-01-01,614.0
5387,West Virginia,"Montgomery, West Virginia",2014-01-01,641.0
4787,West Virginia,"Montgomery, West Virginia",2015-01-01,639.0
4187,West Virginia,"Montgomery, West Virginia",2016-01-01,669.0
3587,West Virginia,"Montgomery, West Virginia",2017-01-01,500.0
2987,West Virginia,"Montgomery, West Virginia",2018-01-01,347.0
2387,West Virginia,"Montgomery, West Virginia",2019-01-01,275.0
1787,West Virginia,"Montgomery, West Virginia",2020-01-01,228.0
1187,West Virginia,"Montgomery, West Virginia",2021-01-01,361.0
587,West Virginia,"Montgomery, West Virginia",2022-01-01,340.0
10731,Vermont,"Montpelier, Vermont",2005-01-01,1938.0
10131,Vermont,"Montpelier, Vermont",2006-01-01,1909.0
9531,Vermont,"Montpelier, Vermont",2007-01-01,4866.0
8931,Vermont,"Montpelier, Vermont",2008-01-01,5830.0
8331,Vermont,"Montpelier, Vermont",2009-01-01,5788.0
7731,Vermont,"Montpelier, Vermont",2010-01-01,7497.0
7131,Vermont,"Montpelier, Vermont",2011-01-01,7031.0
6531,Vermont,"Montpelier, Vermont",2012-01-01,7372.0
5931,Vermont,"Montpelier, Vermont",2013-01-01,8081.0
5331,Vermont,"Montpelier, Vermont",2014-01-01,8600.0
4731,Vermont,"Montpelier, Vermont",2015-01-01,8818.0
4131,Vermont,"Montpelier, Vermont",2016-01-01,7789.0
3531,Vermont,"Montpelier, Vermont",2017-01-01,8186.0
2931,Vermont,"Montpelier, Vermont",2018-01-01,7978.0
2331,Vermont,"Montpelier, Vermont",2019-01-01,7909.0
1731,Vermont,"Montpelier, Vermont",2020-01-01,3791.0
1131,Vermont,"Montpelier, Vermont",2021-01-01,1609.0
531,Vermont,"Montpelier, Vermont",2022-01-01,6292.0
10264,California,"Moorpark, California",2005-01-01,4595.0
9664,California,"Moorpark, California",2006-01-01,5942.0
9064,California,"Moorpark, California",2007-01-01,11287.0
8464,California,"Moorpark, California",2008-01-01,12779.0
7864,California,"Moorpark, California",2009-01-01,13772.0
7264,California,"Moorpark, California",2010-01-01,12293.0
6664,California,"Moorpark, California",2011-01-01,13191.0
6064,California,"Moorpark, California",2012-01-01,14431.0
5464,California,"Moorpark, California",2013-01-01,15212.0
4864,California,"Moorpark, California",2014-01-01,18616.0
4264,California,"Moorpark, California",2015-01-01,20696.0
3664,California,"Moorpark, California",2016-01-01,21726.0
3064,California,"Moorpark, California",2017-01-01,21881.0
2464,California,"Moorpark, California",2018-01-01,18298.0
1864,California,"Moorpark, California",2019-01-01,17539.0
1264,California,"Moorpark, California",2020-01-01,7686.0
664,California,"Moorpark, California",2021-01-01,1050.0
64,California,"Moorpark, California",2022-01-01,16960.0
9665,California,"Moreno Valley, California",2006-01-01,3412.0
9065,California,"Moreno Valley, California",2007-01-01,8121.0
8465,California,"Moreno Valley, California",2008-01-01,9399.0
7865,California,"Moreno Valley, California",2009-01-01,9769.0
7265,California,"Moreno Valley, California",2010-01-01,10806.0
6665,California,"Moreno Valley, California",2011-01-01,11679.0
6065,California,"Moreno Valley, California",2012-01-01,12197.0
5465,California,"Moreno Valley, California",2013-01-01,12431.0
4865,California,"Moreno Valley, California",2014-01-01,12105.0
4266,California,"Moreno Valley, California",2015-01-01,12837.0
3666,California,"Moreno Valley, California",2016-01-01,12287.0
3066,California,"Moreno Valley, California",2017-01-01,12029.0
10671,Pennsylvania,"Mount Joy, Pennsylvania",2005-01-01,13294.0
10071,Pennsylvania,"Mount Joy, Pennsylvania",2006-01-01,18896.0
9471,Pennsylvania,"Mount Joy, Pennsylvania",2007-01-01,46109.0
8871,Pennsylvania,"Mount Joy, Pennsylvania",2008-01-01,53828.0
8271,Pennsylvania,"Mount Joy, Pennsylvania",2009-01-01,56796.0
7671,Pennsylvania,"Mount Joy, Pennsylvania",2010-01-01,59650.0
7071,Pennsylvania,"Mount Joy, Pennsylvania",2011-01-01,62582.0
6471,Pennsylvania,"Mount Joy, Pennsylvania",2012-01-01,69025.0
5871,Pennsylvania,"Mount Joy, Pennsylvania",2013-01-01,69848.0
5271,Pennsylvania,"Mount Joy, Pennsylvania",2014-01-01,46391.0
4671,Pennsylvania,"Mount Joy, Pennsylvania",2015-01-01,50664.0
4071,Pennsylvania,"Mount Joy, Pennsylvania",2016-01-01,50751.0
3471,Pennsylvania,"Mount Joy, Pennsylvania",2017-01-01,46101.0
2871,Pennsylvania,"Mount Joy, Pennsylvania",2018-01-01,45813.0
2271,Pennsylvania,"Mount Joy, Pennsylvania",2019-01-01,47960.0
1671,Pennsylvania,"Mount Joy, Pennsylvania",2020-01-01,26004.0
1071,Pennsylvania,"Mount Joy, Pennsylvania",2021-01-01,9148.0
471,Pennsylvania,"Mount Joy, Pennsylvania",2022-01-01,18187.0
10419,Iowa,"Mount Pleasant, Iowa",2005-01-01,6423.0
2019,Iowa,"Mount Pleasant, Iowa",2019-01-01,10492.0
1419,Iowa,"Mount Pleasant, Iowa",2020-01-01,5929.0
819,Iowa,"Mount Pleasant, Iowa",2021-01-01,4507.0
219,Iowa,"Mount Pleasant, Iowa",2022-01-01,6730.0
10769,Washington,"Mount Vernon, Washington",2005-01-01,9147.0
10169,Washington,"Mount Vernon, Washington",2006-01-01,10231.0
9569,Washington,"Mount Vernon, Washington",2007-01-01,20088.0
8969,Washington,"Mount Vernon, Washington",2008-01-01,21993.0
8369,Washington,"Mount Vernon, Washington",2009-01-01,22079.0
7769,Washington,"Mount Vernon, Washington",2010-01-01,18849.0
7169,Washington,"Mount Vernon, Washington",2011-01-01,18747.0
6569,Washington,"Mount Vernon, Washington",2012-01-01,18561.0
5969,Washington,"Mount Vernon, Washington",2013-01-01,16719.0
5369,Washington,"Mount Vernon, Washington",2014-01-01,18225.0
4769,Washington,"Mount Vernon, Washington",2015-01-01,18193.0
4169,Washington,"Mount Vernon, Washington",2016-01-01,18319.0
3569,Washington,"Mount Vernon, Washington",2017-01-01,17776.0
2969,Washington,"Mount Vernon, Washington",2018-01-01,16815.0
2369,Washington,"Mount Vernon, Washington",2019-01-01,16367.0
1769,Washington,"Mount Vernon, Washington",2020-01-01,6418.0
569,Washington,"Mount Vernon, Washington",2022-01-01,22.0
9820,Iowa,"Mt. Pleasant, Iowa",2006-01-01,6072.0
9220,Iowa,"Mt. Pleasant, Iowa",2007-01-01,13239.0
8620,Iowa,"Mt. Pleasant, Iowa",2008-01-01,14422.0
8020,Iowa,"Mt. Pleasant, Iowa",2009-01-01,15176.0
7420,Iowa,"Mt. Pleasant, Iowa",2010-01-01,16063.0
6820,Iowa,"Mt. Pleasant, Iowa",2011-01-01,13034.0
6220,Iowa,"Mt. Pleasant, Iowa",2012-01-01,13634.0
5620,Iowa,"Mt. Pleasant, Iowa",2013-01-01,12613.0
5020,Iowa,"Mt. Pleasant, Iowa",2014-01-01,12030.0
4420,Iowa,"Mt. Pleasant, Iowa",2015-01-01,11644.0
3820,Iowa,"Mt. Pleasant, Iowa",2016-01-01,13504.0
3220,Iowa,"Mt. Pleasant, Iowa",2017-01-01,13736.0
2620,Iowa,"Mt. Pleasant, Iowa",2018-01-01,12584.0
10323,Connecticut,"Mystic, Connecticut",2005-01-01,7380.0
9723,Connecticut,"Mystic, Connecticut",2006-01-01,7154.0
9123,Connecticut,"Mystic, Connecticut",2007-01-01,17423.0
8523,Connecticut,"Mystic, Connecticut",2008-01-01,19272.0
7923,Connecticut,"Mystic, Connecticut",2009-01-01,19776.0
7323,Connecticut,"Mystic, Connecticut",2010-01-01,20787.0
6723,Connecticut,"Mystic, Connecticut",2011-01-01,23091.0
6123,Connecticut,"Mystic, Connecticut",2012-01-01,25983.0
5523,Connecticut,"Mystic, Connecticut",2013-01-01,23490.0
4923,Connecticut,"Mystic, Connecticut",2014-01-01,23083.0
4323,Connecticut,"Mystic, Connecticut",2015-01-01,23814.0
3723,Connecticut,"Mystic, Connecticut",2016-01-01,25704.0
3123,Connecticut,"Mystic, Connecticut",2017-01-01,25687.0
2523,Connecticut,"Mystic, Connecticut",2018-01-01,28017.0
1923,Connecticut,"Mystic, Connecticut",2019-01-01,28662.0
1323,Connecticut,"Mystic, Connecticut",2020-01-01,14623.0
723,Connecticut,"Mystic, Connecticut",2021-01-01,14284.0
123,Connecticut,"Mystic, Connecticut",2022-01-01,24160.0
667,California,"Napa, California",2021-01-01,6.0
10394,Illinois,"Naperville, Illinois",2005-01-01,17641.0
9794,Illinois,"Naperville, Illinois",2006-01-01,17669.0
9194,Illinois,"Naperville, Illinois",2007-01-01,42986.0
8594,Illinois,"Naperville, Illinois",2008-01-01,49389.0
7994,Illinois,"Naperville, Illinois",2009-01-01,47532.0
7394,Illinois,"Naperville, Illinois",2010-01-01,50733.0
6794,Illinois,"Naperville, Illinois",2011-01-01,53918.0
6194,Illinois,"Naperville, Illinois",2012-01-01,54213.0
5594,Illinois,"Naperville, Illinois",2013-01-01,53135.0
4994,Illinois,"Naperville, Illinois",2014-01-01,49915.0
4394,Illinois,"Naperville, Illinois",2015-01-01,46806.0
3794,Illinois,"Naperville, Illinois",2016-01-01,46856.0
3194,Illinois,"Naperville, Illinois",2017-01-01,45882.0
2594,Illinois,"Naperville, Illinois",2018-01-01,42104.0
1994,Illinois,"Naperville, Illinois",2019-01-01,40902.0
1394,Illinois,"Naperville, Illinois",2020-01-01,22563.0
794,Illinois,"Naperville, Illinois",2021-01-01,16598.0
194,Illinois,"Naperville, Illinois",2022-01-01,26991.0
10412,Indiana,"Nappanee, Indiana",2005-01-01,616.0
10268,California,"Needles, California",2005-01-01,4581.0
9668,California,"Needles, California",2006-01-01,3052.0
9068,California,"Needles, California",2007-01-01,7138.0
8468,California,"Needles, California",2008-01-01,8093.0
7868,California,"Needles, California",2009-01-01,8225.0
7268,California,"Needles, California",2010-01-01,9481.0
6668,California,"Needles, California",2011-01-01,8840.0
6068,California,"Needles, California",2012-01-01,9118.0
5468,California,"Needles, California",2013-01-01,8640.0
4868,California,"Needles, California",2014-01-01,8386.0
4268,California,"Needles, California",2015-01-01,8656.0
3668,California,"Needles, California",2016-01-01,8017.0
3068,California,"Needles, California",2017-01-01,9176.0
2468,California,"Needles, California",2018-01-01,9124.0
1868,California,"Needles, California",2019-01-01,8641.0
1268,California,"Needles, California",2020-01-01,5682.0
668,California,"Needles, California",2021-01-01,3633.0
68,California,"Needles, California",2022-01-01,4667.0
10560,New Jersey,"New Brunswick, New Jersey",2005-01-01,70325.0
9960,New Jersey,"New Brunswick, New Jersey",2006-01-01,3550.0
9360,New Jersey,"New Brunswick, New Jersey",2007-01-01,6820.0
8760,New Jersey,"New Brunswick, New Jersey",2008-01-01,7538.0
8160,New Jersey,"New Brunswick, New Jersey",2009-01-01,7204.0
7560,New Jersey,"New Brunswick, New Jersey",2010-01-01,6609.0
6960,New Jersey,"New Brunswick, New Jersey",2011-01-01,6678.0
6360,New Jersey,"New Brunswick, New Jersey",2012-01-01,8470.0
5760,New Jersey,"New Brunswick, New Jersey",2013-01-01,9052.0
5160,New Jersey,"New Brunswick, New Jersey",2014-01-01,8898.0
4560,New Jersey,"New Brunswick, New Jersey",2015-01-01,8365.0
3960,New Jersey,"New Brunswick, New Jersey",2016-01-01,7857.0
3360,New Jersey,"New Brunswick, New Jersey",2017-01-01,7392.0
2760,New Jersey,"New Brunswick, New Jersey",2018-01-01,6067.0
2160,New Jersey,"New Brunswick, New Jersey",2019-01-01,4466.0
1560,New Jersey,"New Brunswick, New Jersey",2020-01-01,2193.0
960,New Jersey,"New Brunswick, New Jersey",2021-01-01,11289.0
360,New Jersey,"New Brunswick, New Jersey",2022-01-01,21937.0
10485,Michigan,"New Buffalo, Michigan",2005-01-01,708.0
9885,Michigan,"New Buffalo, Michigan",2006-01-01,1050.0
9285,Michigan,"New Buffalo, Michigan",2007-01-01,2476.0
8685,Michigan,"New Buffalo, Michigan",2008-01-01,3297.0
8085,Michigan,"New Buffalo, Michigan",2009-01-01,3952.0
7485,Michigan,"New Buffalo, Michigan",2010-01-01,9967.0
6885,Michigan,"New Buffalo, Michigan",2011-01-01,13118.0
6285,Michigan,"New Buffalo, Michigan",2012-01-01,14817.0
5685,Michigan,"New Buffalo, Michigan",2013-01-01,19902.0
5085,Michigan,"New Buffalo, Michigan",2014-01-01,21751.0
4485,Michigan,"New Buffalo, Michigan",2015-01-01,21911.0
3885,Michigan,"New Buffalo, Michigan",2016-01-01,20780.0
3285,Michigan,"New Buffalo, Michigan",2017-01-01,24868.0
2685,Michigan,"New Buffalo, Michigan",2018-01-01,25934.0
2085,Michigan,"New Buffalo, Michigan",2019-01-01,26087.0
1485,Michigan,"New Buffalo, Michigan",2020-01-01,11328.0
885,Michigan,"New Buffalo, Michigan",2021-01-01,11541.0
285,Michigan,"New Buffalo, Michigan",2022-01-01,19564.0
10451,Maryland,"New Carrollton, Maryland",2005-01-01,111824.0
9851,Maryland,"New Carrollton, Maryland",2006-01-01,106057.0
9251,Maryland,"New Carrollton, Maryland",2007-01-01,204008.0
8651,Maryland,"New Carrollton, Maryland",2008-01-01,203449.0
8051,Maryland,"New Carrollton, Maryland",2009-01-01,179344.0
7451,Maryland,"New Carrollton, Maryland",2010-01-01,170848.0
6851,Maryland,"New Carrollton, Maryland",2011-01-01,171663.0
6251,Maryland,"New Carrollton, Maryland",2012-01-01,174054.0
5651,Maryland,"New Carrollton, Maryland",2013-01-01,168069.0
5051,Maryland,"New Carrollton, Maryland",2014-01-01,168433.0
4451,Maryland,"New Carrollton, Maryland",2015-01-01,165066.0
3851,Maryland,"New Carrollton, Maryland",2016-01-01,173304.0
3251,Maryland,"New Carrollton, Maryland",2017-01-01,176409.0
2651,Maryland,"New Carrollton, Maryland",2018-01-01,175414.0
2051,Maryland,"New Carrollton, Maryland",2019-01-01,185930.0
1451,Maryland,"New Carrollton, Maryland",2020-01-01,100823.0
851,Maryland,"New Carrollton, Maryland",2021-01-01,103558.0
251,Maryland,"New Carrollton, Maryland",2022-01-01,169699.0
2525,Connecticut,"New Haven State Street, Connecticut",2018-01-01,117.0
1924,Connecticut,"New Haven State Street, Connecticut",2019-01-01,2912.0
1324,Connecticut,"New Haven State Street, Connecticut",2020-01-01,2273.0
724,Connecticut,"New Haven State Street, Connecticut",2021-01-01,5972.0
124,Connecticut,"New Haven State Street, Connecticut",2022-01-01,15727.0
10326,Connecticut,"New Haven, Connecticut",2005-01-01,327178.0
9726,Connecticut,"New Haven, Connecticut",2006-01-01,317651.0
9126,Connecticut,"New Haven, Connecticut",2007-01-01,640281.0
8526,Connecticut,"New Haven, Connecticut",2008-01-01,705458.0
7926,Connecticut,"New Haven, Connecticut",2009-01-01,661656.0
7326,Connecticut,"New Haven, Connecticut",2010-01-01,723287.0
6726,Connecticut,"New Haven, Connecticut",2011-01-01,740902.0
6126,Connecticut,"New Haven, Connecticut",2012-01-01,755669.0
5526,Connecticut,"New Haven, Connecticut",2013-01-01,745530.0
4926,Connecticut,"New Haven, Connecticut",2014-01-01,714146.0
4326,Connecticut,"New Haven, Connecticut",2015-01-01,698656.0
3726,Connecticut,"New Haven, Connecticut",2016-01-01,642471.0
3126,Connecticut,"New Haven, Connecticut",2017-01-01,627065.0
2526,Connecticut,"New Haven, Connecticut",2018-01-01,697603.0
1926,Connecticut,"New Haven, Connecticut",2019-01-01,778534.0
1326,Connecticut,"New Haven, Connecticut",2020-01-01,425723.0
726,Connecticut,"New Haven, Connecticut",2021-01-01,347544.0
126,Connecticut,"New Haven, Connecticut",2022-01-01,617119.0
10437,Louisiana,"New Iberia, Louisiana",2005-01-01,301.0
9837,Louisiana,"New Iberia, Louisiana",2006-01-01,298.0
9237,Louisiana,"New Iberia, Louisiana",2007-01-01,775.0
8637,Louisiana,"New Iberia, Louisiana",2008-01-01,1181.0
8037,Louisiana,"New Iberia, Louisiana",2009-01-01,1270.0
7437,Louisiana,"New Iberia, Louisiana",2010-01-01,1250.0
6837,Louisiana,"New Iberia, Louisiana",2011-01-01,1667.0
6237,Louisiana,"New Iberia, Louisiana",2012-01-01,1670.0
5637,Louisiana,"New Iberia, Louisiana",2013-01-01,1920.0
5037,Louisiana,"New Iberia, Louisiana",2014-01-01,1769.0
4437,Louisiana,"New Iberia, Louisiana",2015-01-01,1729.0
3837,Louisiana,"New Iberia, Louisiana",2016-01-01,1850.0
3237,Louisiana,"New Iberia, Louisiana",2017-01-01,1602.0
2637,Louisiana,"New Iberia, Louisiana",2018-01-01,1602.0
2037,Louisiana,"New Iberia, Louisiana",2019-01-01,1604.0
1437,Louisiana,"New Iberia, Louisiana",2020-01-01,926.0
837,Louisiana,"New Iberia, Louisiana",2021-01-01,929.0
237,Louisiana,"New Iberia, Louisiana",2022-01-01,1178.0
10327,Connecticut,"New London, Connecticut",2005-01-01,73731.0
9727,Connecticut,"New London, Connecticut",2006-01-01,75564.0
9127,Connecticut,"New London, Connecticut",2007-01-01,161658.0
8527,Connecticut,"New London, Connecticut",2008-01-01,171022.0
7927,Connecticut,"New London, Connecticut",2009-01-01,159317.0
7327,Connecticut,"New London, Connecticut",2010-01-01,162396.0
6727,Connecticut,"New London, Connecticut",2011-01-01,165819.0
6127,Connecticut,"New London, Connecticut",2012-01-01,173003.0
5527,Connecticut,"New London, Connecticut",2013-01-01,161405.0
4927,Connecticut,"New London, Connecticut",2014-01-01,154532.0
4327,Connecticut,"New London, Connecticut",2015-01-01,154614.0
3727,Connecticut,"New London, Connecticut",2016-01-01,158700.0
3127,Connecticut,"New London, Connecticut",2017-01-01,161916.0
2527,Connecticut,"New London, Connecticut",2018-01-01,161111.0
1927,Connecticut,"New London, Connecticut",2019-01-01,164454.0
1327,Connecticut,"New London, Connecticut",2020-01-01,83353.0
727,Connecticut,"New London, Connecticut",2021-01-01,85366.0
127,Connecticut,"New London, Connecticut",2022-01-01,138728.0
10438,Louisiana,"New Orleans, Louisiana",2005-01-01,73520.0
9838,Louisiana,"New Orleans, Louisiana",2006-01-01,53245.0
9238,Louisiana,"New Orleans, Louisiana",2007-01-01,125978.0
8638,Louisiana,"New Orleans, Louisiana",2008-01-01,154532.0
8038,Louisiana,"New Orleans, Louisiana",2009-01-01,157574.0
7438,Louisiana,"New Orleans, Louisiana",2010-01-01,200249.0
6838,Louisiana,"New Orleans, Louisiana",2011-01-01,210465.0
6238,Louisiana,"New Orleans, Louisiana",2012-01-01,222828.0
5638,Louisiana,"New Orleans, Louisiana",2013-01-01,212426.0
5038,Louisiana,"New Orleans, Louisiana",2014-01-01,201476.0
4438,Louisiana,"New Orleans, Louisiana",2015-01-01,189456.0
3838,Louisiana,"New Orleans, Louisiana",2016-01-01,183018.0
3238,Louisiana,"New Orleans, Louisiana",2017-01-01,189189.0
2638,Louisiana,"New Orleans, Louisiana",2018-01-01,181544.0
2038,Louisiana,"New Orleans, Louisiana",2019-01-01,151977.0
1438,Louisiana,"New Orleans, Louisiana",2020-01-01,84767.0
838,Louisiana,"New Orleans, Louisiana",2021-01-01,70092.0
238,Louisiana,"New Orleans, Louisiana",2022-01-01,99672.0
10581,New York,"New Rochelle, New York",2005-01-01,33737.0
9981,New York,"New Rochelle, New York",2006-01-01,36638.0
9381,New York,"New Rochelle, New York",2007-01-01,79100.0
8781,New York,"New Rochelle, New York",2008-01-01,87463.0
8181,New York,"New Rochelle, New York",2009-01-01,79674.0
7581,New York,"New Rochelle, New York",2010-01-01,78876.0
6981,New York,"New Rochelle, New York",2011-01-01,79264.0
6381,New York,"New Rochelle, New York",2012-01-01,84777.0
5781,New York,"New Rochelle, New York",2013-01-01,81757.0
5181,New York,"New Rochelle, New York",2014-01-01,83707.0
4581,New York,"New Rochelle, New York",2015-01-01,85876.0
3981,New York,"New Rochelle, New York",2016-01-01,87510.0
3381,New York,"New Rochelle, New York",2017-01-01,91058.0
2781,New York,"New Rochelle, New York",2018-01-01,91416.0
2181,New York,"New Rochelle, New York",2019-01-01,96057.0
1581,New York,"New Rochelle, New York",2020-01-01,51730.0
981,New York,"New Rochelle, New York",2021-01-01,52410.0
381,New York,"New Rochelle, New York",2022-01-01,92929.0
3382,New York,"New York (Grand Central), New York",2017-01-01,23838.0
2782,New York,"New York (Grand Central), New York",2018-01-01,376459.0
10583,New York,"New York City (Penn Station), New York",2005-01-01,4264625.0
9983,New York,"New York City (Penn Station), New York",2006-01-01,3774701.0
9383,New York,"New York City (Penn Station), New York",2007-01-01,8027976.0
8783,New York,"New York City (Penn Station), New York",2008-01-01,8739345.0
8183,New York,"New York City (Penn Station), New York",2009-01-01,7832874.0
7583,New York,"New York City (Penn Station), New York",2010-01-01,8377944.0
6983,New York,"New York City (Penn Station), New York",2011-01-01,8995551.0
6383,New York,"New York City (Penn Station), New York",2012-01-01,9493414.0
5783,New York,"New York City (Penn Station), New York",2013-01-01,9556424.0
5183,New York,"New York City (Penn Station), New York",2014-01-01,10024474.0
4583,New York,"New York City (Penn Station), New York",2015-01-01,10189521.0
3983,New York,"New York City (Penn Station), New York",2016-01-01,10436909.0
3383,New York,"New York City (Penn Station), New York",2017-01-01,10397729.0
2783,New York,"New York City (Penn Station), New York",2018-01-01,10132025.0
2183,New York,"New York City (Penn Station), New York",2019-01-01,10811323.0
1583,New York,"New York City (Penn Station), New York",2020-01-01,5432851.0
983,New York,"New York City (Penn Station), New York",2021-01-01,4061379.0
383,New York,"New York City (Penn Station), New York",2022-01-01,8008700.0
10584,New York,"New York State Fair, New York",2005-01-01,420.0
984,New York,"New York State Fair, New York",2021-01-01,967.0
10561,New Jersey,"Newark Airport, New Jersey",2005-01-01,37033.0
9961,New Jersey,"Newark Airport, New Jersey",2006-01-01,42122.0
9361,New Jersey,"Newark Airport, New Jersey",2007-01-01,111078.0
8761,New Jersey,"Newark Airport, New Jersey",2008-01-01,679279.0
8161,New Jersey,"Newark Airport, New Jersey",2009-01-01,109517.0
7561,New Jersey,"Newark Airport, New Jersey",2010-01-01,116526.0
6961,New Jersey,"Newark Airport, New Jersey",2011-01-01,120428.0
6361,New Jersey,"Newark Airport, New Jersey",2012-01-01,126705.0
5761,New Jersey,"Newark Airport, New Jersey",2013-01-01,129565.0
5161,New Jersey,"Newark Airport, New Jersey",2014-01-01,111919.0
4561,New Jersey,"Newark Airport, New Jersey",2015-01-01,641346.0
3961,New Jersey,"Newark Airport, New Jersey",2016-01-01,661344.0
3361,New Jersey,"Newark Airport, New Jersey",2017-01-01,150054.0
2761,New Jersey,"Newark Airport, New Jersey",2018-01-01,168581.0
2161,New Jersey,"Newark Airport, New Jersey",2019-01-01,164470.0
1561,New Jersey,"Newark Airport, New Jersey",2020-01-01,74403.0
961,New Jersey,"Newark Airport, New Jersey",2021-01-01,52945.0
361,New Jersey,"Newark Airport, New Jersey",2022-01-01,124197.0
10334,Delaware,"Newark, Delaware",2005-01-01,2206.0
9734,Delaware,"Newark, Delaware",2006-01-01,2787.0
9134,Delaware,"Newark, Delaware",2007-01-01,7183.0
8534,Delaware,"Newark, Delaware",2008-01-01,7883.0
7934,Delaware,"Newark, Delaware",2009-01-01,9479.0
7334,Delaware,"Newark, Delaware",2010-01-01,9300.0
6734,Delaware,"Newark, Delaware",2011-01-01,10641.0
6134,Delaware,"Newark, Delaware",2012-01-01,14682.0
5534,Delaware,"Newark, Delaware",2013-01-01,12971.0
4934,Delaware,"Newark, Delaware",2014-01-01,12418.0
4334,Delaware,"Newark, Delaware",2015-01-01,12636.0
3734,Delaware,"Newark, Delaware",2016-01-01,12896.0
3134,Delaware,"Newark, Delaware",2017-01-01,13614.0
2534,Delaware,"Newark, Delaware",2018-01-01,13432.0
1934,Delaware,"Newark, Delaware",2019-01-01,12100.0
1334,Delaware,"Newark, Delaware",2020-01-01,7101.0
734,Delaware,"Newark, Delaware",2021-01-01,8888.0
134,Delaware,"Newark, Delaware",2022-01-01,22125.0
10562,New Jersey,"Newark, New Jersey",2005-01-01,605527.0
9962,New Jersey,"Newark, New Jersey",2006-01-01,307042.0
9362,New Jersey,"Newark, New Jersey",2007-01-01,625853.0
8762,New Jersey,"Newark, New Jersey",2008-01-01,116979.0
8162,New Jersey,"Newark, New Jersey",2009-01-01,630939.0
7562,New Jersey,"Newark, New Jersey",2010-01-01,658089.0
6962,New Jersey,"Newark, New Jersey",2011-01-01,683626.0
6362,New Jersey,"Newark, New Jersey",2012-01-01,680803.0
5762,New Jersey,"Newark, New Jersey",2013-01-01,656822.0
5162,New Jersey,"Newark, New Jersey",2014-01-01,677175.0
4562,New Jersey,"Newark, New Jersey",2015-01-01,138724.0
3962,New Jersey,"Newark, New Jersey",2016-01-01,138785.0
3362,New Jersey,"Newark, New Jersey",2017-01-01,682020.0
2762,New Jersey,"Newark, New Jersey",2018-01-01,702182.0
2162,New Jersey,"Newark, New Jersey",2019-01-01,731146.0
1562,New Jersey,"Newark, New Jersey",2020-01-01,367861.0
962,New Jersey,"Newark, New Jersey",2021-01-01,284343.0
362,New Jersey,"Newark, New Jersey",2022-01-01,495422.0
10697,Tennessee,"Newbern-Dyersberg, Tennessee",2005-01-01,1218.0
10097,Tennessee,"Newbern-Dyersberg, Tennessee",2006-01-01,1228.0
9497,Tennessee,"Newbern-Dyersberg, Tennessee",2007-01-01,2826.0
8897,Tennessee,"Newbern-Dyersberg, Tennessee",2008-01-01,3423.0
8297,Tennessee,"Newbern-Dyersberg, Tennessee",2009-01-01,3016.0
7697,Tennessee,"Newbern-Dyersberg, Tennessee",2010-01-01,3504.0
7097,Tennessee,"Newbern-Dyersberg, Tennessee",2011-01-01,3960.0
6497,Tennessee,"Newbern-Dyersberg, Tennessee",2012-01-01,4039.0
5897,Tennessee,"Newbern-Dyersberg, Tennessee",2013-01-01,4192.0
5297,Tennessee,"Newbern-Dyersberg, Tennessee",2014-01-01,3927.0
4697,Tennessee,"Newbern-Dyersberg, Tennessee",2015-01-01,3900.0
4097,Tennessee,"Newbern-Dyersberg, Tennessee",2016-01-01,3690.0
3497,Tennessee,"Newbern-Dyersberg, Tennessee",2017-01-01,3788.0
2897,Tennessee,"Newbern-Dyersberg, Tennessee",2018-01-01,3557.0
2297,Tennessee,"Newbern-Dyersberg, Tennessee",2019-01-01,3208.0
1697,Tennessee,"Newbern-Dyersberg, Tennessee",2020-01-01,2223.0
1097,Tennessee,"Newbern-Dyersberg, Tennessee",2021-01-01,1792.0
497,Tennessee,"Newbern-Dyersberg, Tennessee",2022-01-01,2465.0
10750,Virginia,"Newport News, Virginia",2005-01-01,46397.0
10150,Virginia,"Newport News, Virginia",2006-01-01,45754.0
9550,Virginia,"Newport News, Virginia",2007-01-01,96473.0
8950,Virginia,"Newport News, Virginia",2008-01-01,117154.0
8350,Virginia,"Newport News, Virginia",2009-01-01,110226.0
7750,Virginia,"Newport News, Virginia",2010-01-01,116229.0
7150,Virginia,"Newport News, Virginia",2011-01-01,122438.0
6550,Virginia,"Newport News, Virginia",2012-01-01,136369.0
5950,Virginia,"Newport News, Virginia",2013-01-01,128317.0
5350,Virginia,"Newport News, Virginia",2014-01-01,112661.0
4750,Virginia,"Newport News, Virginia",2015-01-01,115440.0
4150,Virginia,"Newport News, Virginia",2016-01-01,107894.0
3550,Virginia,"Newport News, Virginia",2017-01-01,106692.0
2950,Virginia,"Newport News, Virginia",2018-01-01,99920.0
2350,Virginia,"Newport News, Virginia",2019-01-01,95510.0
1750,Virginia,"Newport News, Virginia",2020-01-01,52175.0
1150,Virginia,"Newport News, Virginia",2021-01-01,71856.0
550,Virginia,"Newport News, Virginia",2022-01-01,70645.0
10427,Kansas,"Newton, Kansas",2005-01-01,6549.0
9827,Kansas,"Newton, Kansas",2006-01-01,6512.0
9227,Kansas,"Newton, Kansas",2007-01-01,14126.0
8627,Kansas,"Newton, Kansas",2008-01-01,14563.0
8027,Kansas,"Newton, Kansas",2009-01-01,12751.0
7427,Kansas,"Newton, Kansas",2010-01-01,13926.0
6827,Kansas,"Newton, Kansas",2011-01-01,13890.0
6227,Kansas,"Newton, Kansas",2012-01-01,14131.0
5627,Kansas,"Newton, Kansas",2013-01-01,14564.0
5027,Kansas,"Newton, Kansas",2014-01-01,12871.0
4427,Kansas,"Newton, Kansas",2015-01-01,13010.0
3827,Kansas,"Newton, Kansas",2016-01-01,13741.0
3227,Kansas,"Newton, Kansas",2017-01-01,15828.0
2627,Kansas,"Newton, Kansas",2018-01-01,15218.0
2027,Kansas,"Newton, Kansas",2019-01-01,13764.0
1427,Kansas,"Newton, Kansas",2020-01-01,8618.0
827,Kansas,"Newton, Kansas",2021-01-01,6949.0
227,Kansas,"Newton, Kansas",2022-01-01,10978.0
10585,New York,"Niagara Falls, New York",2005-01-01,11146.0
9985,New York,"Niagara Falls, New York",2006-01-01,12536.0
9385,New York,"Niagara Falls, New York",2007-01-01,22047.0
8785,New York,"Niagara Falls, New York",2008-01-01,25491.0
8185,New York,"Niagara Falls, New York",2009-01-01,23754.0
7585,New York,"Niagara Falls, New York",2010-01-01,27270.0
6985,New York,"Niagara Falls, New York",2011-01-01,28943.0
6385,New York,"Niagara Falls, New York",2012-01-01,32598.0
5785,New York,"Niagara Falls, New York",2013-01-01,32549.0
5185,New York,"Niagara Falls, New York",2014-01-01,32636.0
4585,New York,"Niagara Falls, New York",2015-01-01,31831.0
3985,New York,"Niagara Falls, New York",2016-01-01,29647.0
3385,New York,"Niagara Falls, New York",2017-01-01,31169.0
2785,New York,"Niagara Falls, New York",2018-01-01,31398.0
2185,New York,"Niagara Falls, New York",2019-01-01,34965.0
1585,New York,"Niagara Falls, New York",2020-01-01,15983.0
985,New York,"Niagara Falls, New York",2021-01-01,20245.0
385,New York,"Niagara Falls, New York",2022-01-01,31689.0
10486,Michigan,"Niles, Michigan",2005-01-01,8366.0
9886,Michigan,"Niles, Michigan",2006-01-01,8755.0
9286,Michigan,"Niles, Michigan",2007-01-01,18061.0
8686,Michigan,"Niles, Michigan",2008-01-01,19286.0
8086,Michigan,"Niles, Michigan",2009-01-01,18329.0
7486,Michigan,"Niles, Michigan",2010-01-01,18488.0
6886,Michigan,"Niles, Michigan",2011-01-01,20246.0
6286,Michigan,"Niles, Michigan",2012-01-01,19915.0
5686,Michigan,"Niles, Michigan",2013-01-01,21306.0
5086,Michigan,"Niles, Michigan",2014-01-01,20413.0
4486,Michigan,"Niles, Michigan",2015-01-01,19095.0
3886,Michigan,"Niles, Michigan",2016-01-01,16556.0
3286,Michigan,"Niles, Michigan",2017-01-01,17526.0
2686,Michigan,"Niles, Michigan",2018-01-01,17440.0
2086,Michigan,"Niles, Michigan",2019-01-01,16586.0
1486,Michigan,"Niles, Michigan",2020-01-01,9047.0
886,Michigan,"Niles, Michigan",2021-01-01,7031.0
286,Michigan,"Niles, Michigan",2022-01-01,13056.0
5951,Virginia,"Norfolk, Virginia",2013-01-01,39181.0
5351,Virginia,"Norfolk, Virginia",2014-01-01,41843.0
4751,Virginia,"Norfolk, Virginia",2015-01-01,44852.0
4151,Virginia,"Norfolk, Virginia",2016-01-01,44316.0
3551,Virginia,"Norfolk, Virginia",2017-01-01,47493.0
2951,Virginia,"Norfolk, Virginia",2018-01-01,47243.0
2351,Virginia,"Norfolk, Virginia",2019-01-01,64505.0
1751,Virginia,"Norfolk, Virginia",2020-01-01,53853.0
1151,Virginia,"Norfolk, Virginia",2021-01-01,63205.0
551,Virginia,"Norfolk, Virginia",2022-01-01,129791.0
10641,Oklahoma,"Norman, Oklahoma",2005-01-01,6054.0
10041,Oklahoma,"Norman, Oklahoma",2006-01-01,5923.0
9441,Oklahoma,"Norman, Oklahoma",2007-01-01,11033.0
8841,Oklahoma,"Norman, Oklahoma",2008-01-01,13414.0
8241,Oklahoma,"Norman, Oklahoma",2009-01-01,12573.0
7641,Oklahoma,"Norman, Oklahoma",2010-01-01,14119.0
7041,Oklahoma,"Norman, Oklahoma",2011-01-01,14364.0
6441,Oklahoma,"Norman, Oklahoma",2012-01-01,15207.0
5841,Oklahoma,"Norman, Oklahoma",2013-01-01,13902.0
5241,Oklahoma,"Norman, Oklahoma",2014-01-01,13978.0
4641,Oklahoma,"Norman, Oklahoma",2015-01-01,11781.0
4041,Oklahoma,"Norman, Oklahoma",2016-01-01,11748.0
3441,Oklahoma,"Norman, Oklahoma",2017-01-01,13039.0
2841,Oklahoma,"Norman, Oklahoma",2018-01-01,12469.0
2241,Oklahoma,"Norman, Oklahoma",2019-01-01,12601.0
1641,Oklahoma,"Norman, Oklahoma",2020-01-01,6951.0
1041,Oklahoma,"Norman, Oklahoma",2021-01-01,6751.0
441,Oklahoma,"Norman, Oklahoma",2022-01-01,10622.0
10614,North Carolina,"North Carolina State Fair, North Carolina",2005-01-01,1710.0
10014,North Carolina,"North Carolina State Fair, North Carolina",2006-01-01,2323.0
472,Pennsylvania,"North Philadelphia, Pennsylvania",2022-01-01,1323.0
4461,Massachusetts,"Northampton, Massachusetts",2015-01-01,11923.0
3861,Massachusetts,"Northampton, Massachusetts",2016-01-01,17332.0
3261,Massachusetts,"Northampton, Massachusetts",2017-01-01,19974.0
2661,Massachusetts,"Northampton, Massachusetts",2018-01-01,21939.0
2061,Massachusetts,"Northampton, Massachusetts",2019-01-01,22284.0
1461,Massachusetts,"Northampton, Massachusetts",2020-01-01,10943.0
861,Massachusetts,"Northampton, Massachusetts",2021-01-01,8202.0
261,Massachusetts,"Northampton, Massachusetts",2022-01-01,27801.0
10269,California,"Oakland Coliseum, California",2005-01-01,809.0
9669,California,"Oakland Coliseum, California",2006-01-01,4630.0
9069,California,"Oakland Coliseum, California",2007-01-01,16749.0
8469,California,"Oakland Coliseum, California",2008-01-01,19736.0
7869,California,"Oakland Coliseum, California",2009-01-01,19440.0
7269,California,"Oakland Coliseum, California",2010-01-01,20785.0
6669,California,"Oakland Coliseum, California",2011-01-01,22113.0
6069,California,"Oakland Coliseum, California",2012-01-01,26272.0
5469,California,"Oakland Coliseum, California",2013-01-01,30133.0
4869,California,"Oakland Coliseum, California",2014-01-01,52260.0
4269,California,"Oakland Coliseum, California",2015-01-01,57491.0
3669,California,"Oakland Coliseum, California",2016-01-01,70520.0
3069,California,"Oakland Coliseum, California",2017-01-01,77057.0
2469,California,"Oakland Coliseum, California",2018-01-01,87842.0
1869,California,"Oakland Coliseum, California",2019-01-01,92730.0
1269,California,"Oakland Coliseum, California",2020-01-01,41310.0
669,California,"Oakland Coliseum, California",2021-01-01,17233.0
69,California,"Oakland Coliseum, California",2022-01-01,23557.0
10270,California,"Oakland, California",2005-01-01,143147.0
9670,California,"Oakland, California",2006-01-01,139186.0
9070,California,"Oakland, California",2007-01-01,348493.0
8470,California,"Oakland, California",2008-01-01,379580.0
7870,California,"Oakland, California",2009-01-01,347538.0
7270,California,"Oakland, California",2010-01-01,355128.0
6670,California,"Oakland, California",2011-01-01,379851.0
6070,California,"Oakland, California",2012-01-01,416800.0
5470,California,"Oakland, California",2013-01-01,405627.0
4870,California,"Oakland, California",2014-01-01,303431.0
4270,California,"Oakland, California",2015-01-01,319336.0
3670,California,"Oakland, California",2016-01-01,344112.0
3070,California,"Oakland, California",2017-01-01,371257.0
2470,California,"Oakland, California",2018-01-01,388533.0
1870,California,"Oakland, California",2019-01-01,396640.0
1270,California,"Oakland, California",2020-01-01,211617.0
670,California,"Oakland, California",2021-01-01,97880.0
70,California,"Oakland, California",2022-01-01,154266.0
10351,Florida,"Ocala, Florida",2005-01-01,344.0
10271,California,"Oceanside, California",2005-01-01,155251.0
9671,California,"Oceanside, California",2006-01-01,158277.0
9071,California,"Oceanside, California",2007-01-01,296053.0
8471,California,"Oceanside, California",2008-01-01,325877.0
7871,California,"Oceanside, California",2009-01-01,303546.0
7271,California,"Oceanside, California",2010-01-01,293012.0
6671,California,"Oceanside, California",2011-01-01,311834.0
6071,California,"Oceanside, California",2012-01-01,344562.0
5471,California,"Oceanside, California",2013-01-01,384786.0
4871,California,"Oceanside, California",2014-01-01,412711.0
4271,California,"Oceanside, California",2015-01-01,385128.0
3671,California,"Oceanside, California",2016-01-01,416021.0
3071,California,"Oceanside, California",2017-01-01,394122.0
2471,California,"Oceanside, California",2018-01-01,432838.0
1871,California,"Oceanside, California",2019-01-01,258266.0
1271,California,"Oceanside, California",2020-01-01,142524.0
671,California,"Oceanside, California",2021-01-01,106892.0
71,California,"Oceanside, California",2022-01-01,185734.0
10120,Utah,"Ogden, Utah",2006-01-01,1025.0
10352,Florida,"Okeechobee, Florida",2005-01-01,1506.0
9752,Florida,"Okeechobee, Florida",2006-01-01,1351.0
9152,Florida,"Okeechobee, Florida",2007-01-01,3067.0
8552,Florida,"Okeechobee, Florida",2008-01-01,3297.0
7952,Florida,"Okeechobee, Florida",2009-01-01,3521.0
7352,Florida,"Okeechobee, Florida",2010-01-01,3536.0
6752,Florida,"Okeechobee, Florida",2011-01-01,3976.0
6152,Florida,"Okeechobee, Florida",2012-01-01,3933.0
5552,Florida,"Okeechobee, Florida",2013-01-01,3851.0
4952,Florida,"Okeechobee, Florida",2014-01-01,4091.0
4352,Florida,"Okeechobee, Florida",2015-01-01,4223.0
3752,Florida,"Okeechobee, Florida",2016-01-01,4193.0
3152,Florida,"Okeechobee, Florida",2017-01-01,3935.0
2552,Florida,"Okeechobee, Florida",2018-01-01,3988.0
1952,Florida,"Okeechobee, Florida",2019-01-01,4109.0
1352,Florida,"Okeechobee, Florida",2020-01-01,2809.0
752,Florida,"Okeechobee, Florida",2021-01-01,2023.0
152,Florida,"Okeechobee, Florida",2022-01-01,4104.0
10642,Oklahoma,"Oklahoma City, Oklahoma",2005-01-01,21572.0
10042,Oklahoma,"Oklahoma City, Oklahoma",2006-01-01,20425.0
9442,Oklahoma,"Oklahoma City, Oklahoma",2007-01-01,43293.0
8842,Oklahoma,"Oklahoma City, Oklahoma",2008-01-01,55015.0
8242,Oklahoma,"Oklahoma City, Oklahoma",2009-01-01,48434.0
7642,Oklahoma,"Oklahoma City, Oklahoma",2010-01-01,55230.0
7042,Oklahoma,"Oklahoma City, Oklahoma",2011-01-01,56368.0
6442,Oklahoma,"Oklahoma City, Oklahoma",2012-01-01,59212.0
5842,Oklahoma,"Oklahoma City, Oklahoma",2013-01-01,54952.0
5242,Oklahoma,"Oklahoma City, Oklahoma",2014-01-01,52099.0
4642,Oklahoma,"Oklahoma City, Oklahoma",2015-01-01,45691.0
4042,Oklahoma,"Oklahoma City, Oklahoma",2016-01-01,44551.0
3442,Oklahoma,"Oklahoma City, Oklahoma",2017-01-01,47644.0
2842,Oklahoma,"Oklahoma City, Oklahoma",2018-01-01,45250.0
2242,Oklahoma,"Oklahoma City, Oklahoma",2019-01-01,45040.0
1642,Oklahoma,"Oklahoma City, Oklahoma",2020-01-01,28761.0
1042,Oklahoma,"Oklahoma City, Oklahoma",2021-01-01,29902.0
442,Oklahoma,"Oklahoma City, Oklahoma",2022-01-01,42793.0
10443,Maine,"Old Orchard Beach, Maine",2005-01-01,3662.0
9843,Maine,"Old Orchard Beach, Maine",2006-01-01,3982.0
9243,Maine,"Old Orchard Beach, Maine",2007-01-01,8873.0
8643,Maine,"Old Orchard Beach, Maine",2008-01-01,12226.0
8043,Maine,"Old Orchard Beach, Maine",2009-01-01,12120.0
7443,Maine,"Old Orchard Beach, Maine",2010-01-01,14182.0
6843,Maine,"Old Orchard Beach, Maine",2011-01-01,14553.0
6243,Maine,"Old Orchard Beach, Maine",2012-01-01,17389.0
5643,Maine,"Old Orchard Beach, Maine",2013-01-01,17764.0
5043,Maine,"Old Orchard Beach, Maine",2014-01-01,16814.0
4443,Maine,"Old Orchard Beach, Maine",2015-01-01,9943.0
3843,Maine,"Old Orchard Beach, Maine",2016-01-01,15684.0
3243,Maine,"Old Orchard Beach, Maine",2017-01-01,15731.0
2643,Maine,"Old Orchard Beach, Maine",2018-01-01,15572.0
2043,Maine,"Old Orchard Beach, Maine",2019-01-01,15603.0
1443,Maine,"Old Orchard Beach, Maine",2020-01-01,2012.0
843,Maine,"Old Orchard Beach, Maine",2021-01-01,12868.0
243,Maine,"Old Orchard Beach, Maine",2022-01-01,18730.0
10328,Connecticut,"Old Saybrook, Connecticut",2005-01-01,28248.0
9728,Connecticut,"Old Saybrook, Connecticut",2006-01-01,28750.0
9128,Connecticut,"Old Saybrook, Connecticut",2007-01-01,62713.0
8528,Connecticut,"Old Saybrook, Connecticut",2008-01-01,66048.0
7928,Connecticut,"Old Saybrook, Connecticut",2009-01-01,61997.0
7328,Connecticut,"Old Saybrook, Connecticut",2010-01-01,63929.0
6728,Connecticut,"Old Saybrook, Connecticut",2011-01-01,65937.0
6128,Connecticut,"Old Saybrook, Connecticut",2012-01-01,65315.0
5528,Connecticut,"Old Saybrook, Connecticut",2013-01-01,60310.0
4928,Connecticut,"Old Saybrook, Connecticut",2014-01-01,60413.0
4328,Connecticut,"Old Saybrook, Connecticut",2015-01-01,60833.0
3728,Connecticut,"Old Saybrook, Connecticut",2016-01-01,62269.0
3128,Connecticut,"Old Saybrook, Connecticut",2017-01-01,64328.0
2528,Connecticut,"Old Saybrook, Connecticut",2018-01-01,67501.0
1928,Connecticut,"Old Saybrook, Connecticut",2019-01-01,70366.0
1328,Connecticut,"Old Saybrook, Connecticut",2020-01-01,33980.0
728,Connecticut,"Old Saybrook, Connecticut",2021-01-01,33194.0
128,Connecticut,"Old Saybrook, Connecticut",2022-01-01,61265.0
10770,Washington,"Olympia/Lacey, Washington",2005-01-01,20990.0
10170,Washington,"Olympia/Lacey, Washington",2006-01-01,21392.0
9570,Washington,"Olympia/Lacey, Washington",2007-01-01,49913.0
8970,Washington,"Olympia/Lacey, Washington",2008-01-01,56481.0
8370,Washington,"Olympia/Lacey, Washington",2009-01-01,60604.0
7770,Washington,"Olympia/Lacey, Washington",2010-01-01,62234.0
7170,Washington,"Olympia/Lacey, Washington",2011-01-01,58094.0
6570,Washington,"Olympia/Lacey, Washington",2012-01-01,61322.0
5970,Washington,"Olympia/Lacey, Washington",2013-01-01,63065.0
5370,Washington,"Olympia/Lacey, Washington",2014-01-01,62828.0
4770,Washington,"Olympia/Lacey, Washington",2015-01-01,61535.0
4170,Washington,"Olympia/Lacey, Washington",2016-01-01,63169.0
3570,Washington,"Olympia/Lacey, Washington",2017-01-01,63426.0
2970,Washington,"Olympia/Lacey, Washington",2018-01-01,66442.0
2370,Washington,"Olympia/Lacey, Washington",2019-01-01,68310.0
1770,Washington,"Olympia/Lacey, Washington",2020-01-01,34995.0
1170,Washington,"Olympia/Lacey, Washington",2021-01-01,23306.0
570,Washington,"Olympia/Lacey, Washington",2022-01-01,40882.0
10546,Nebraska,"Omaha, Nebraska",2005-01-01,12640.0
9946,Nebraska,"Omaha, Nebraska",2006-01-01,12748.0
9346,Nebraska,"Omaha, Nebraska",2007-01-01,25982.0
8746,Nebraska,"Omaha, Nebraska",2008-01-01,25841.0
8146,Nebraska,"Omaha, Nebraska",2009-01-01,22846.0
7546,Nebraska,"Omaha, Nebraska",2010-01-01,23212.0
6946,Nebraska,"Omaha, Nebraska",2011-01-01,20668.0
6346,Nebraska,"Omaha, Nebraska",2012-01-01,22794.0
5746,Nebraska,"Omaha, Nebraska",2013-01-01,24410.0
5146,Nebraska,"Omaha, Nebraska",2014-01-01,24336.0
4546,Nebraska,"Omaha, Nebraska",2015-01-01,26797.0
3946,Nebraska,"Omaha, Nebraska",2016-01-01,30041.0
3346,Nebraska,"Omaha, Nebraska",2017-01-01,29599.0
2746,Nebraska,"Omaha, Nebraska",2018-01-01,27524.0
2146,Nebraska,"Omaha, Nebraska",2019-01-01,24909.0
1546,Nebraska,"Omaha, Nebraska",2020-01-01,14975.0
946,Nebraska,"Omaha, Nebraska",2021-01-01,11957.0
346,Nebraska,"Omaha, Nebraska",2022-01-01,17023.0
10272,California,"Ontario, California",2005-01-01,1416.0
9672,California,"Ontario, California",2006-01-01,1696.0
9072,California,"Ontario, California",2007-01-01,4228.0
8472,California,"Ontario, California",2008-01-01,3590.0
7872,California,"Ontario, California",2009-01-01,4415.0
7272,California,"Ontario, California",2010-01-01,4756.0
6672,California,"Ontario, California",2011-01-01,5422.0
6072,California,"Ontario, California",2012-01-01,5185.0
5472,California,"Ontario, California",2013-01-01,5100.0
4872,California,"Ontario, California",2014-01-01,4687.0
4272,California,"Ontario, California",2015-01-01,4824.0
3672,California,"Ontario, California",2016-01-01,4864.0
3072,California,"Ontario, California",2017-01-01,4575.0
2472,California,"Ontario, California",2018-01-01,4655.0
1872,California,"Ontario, California",2019-01-01,4077.0
1272,California,"Ontario, California",2020-01-01,2662.0
672,California,"Ontario, California",2021-01-01,2926.0
72,California,"Ontario, California",2022-01-01,3374.0
10651,Oregon,"Oregon City, Oregon",2005-01-01,3093.0
10051,Oregon,"Oregon City, Oregon",2006-01-01,3158.0
9451,Oregon,"Oregon City, Oregon",2007-01-01,7156.0
8851,Oregon,"Oregon City, Oregon",2008-01-01,8061.0
8251,Oregon,"Oregon City, Oregon",2009-01-01,7787.0
7651,Oregon,"Oregon City, Oregon",2010-01-01,8978.0
7051,Oregon,"Oregon City, Oregon",2011-01-01,9165.0
6451,Oregon,"Oregon City, Oregon",2012-01-01,10605.0
5851,Oregon,"Oregon City, Oregon",2013-01-01,9937.0
5251,Oregon,"Oregon City, Oregon",2014-01-01,14046.0
4651,Oregon,"Oregon City, Oregon",2015-01-01,13080.0
4051,Oregon,"Oregon City, Oregon",2016-01-01,14858.0
3451,Oregon,"Oregon City, Oregon",2017-01-01,13678.0
2851,Oregon,"Oregon City, Oregon",2018-01-01,11382.0
2251,Oregon,"Oregon City, Oregon",2019-01-01,13456.0
1651,Oregon,"Oregon City, Oregon",2020-01-01,6905.0
1051,Oregon,"Oregon City, Oregon",2021-01-01,5262.0
451,Oregon,"Oregon City, Oregon",2022-01-01,11685.0
10353,Florida,"Orlando, Florida",2005-01-01,70772.0
9753,Florida,"Orlando, Florida",2006-01-01,59340.0
9153,Florida,"Orlando, Florida",2007-01-01,129469.0
8553,Florida,"Orlando, Florida",2008-01-01,147491.0
7953,Florida,"Orlando, Florida",2009-01-01,145775.0
7353,Florida,"Orlando, Florida",2010-01-01,159533.0
6753,Florida,"Orlando, Florida",2011-01-01,179142.0
6153,Florida,"Orlando, Florida",2012-01-01,172502.0
5553,Florida,"Orlando, Florida",2013-01-01,160442.0
4953,Florida,"Orlando, Florida",2014-01-01,155532.0
4353,Florida,"Orlando, Florida",2015-01-01,145839.0
3753,Florida,"Orlando, Florida",2016-01-01,138359.0
3153,Florida,"Orlando, Florida",2017-01-01,133248.0
2553,Florida,"Orlando, Florida",2018-01-01,127326.0
1953,Florida,"Orlando, Florida",2019-01-01,127186.0
1353,Florida,"Orlando, Florida",2020-01-01,72267.0
753,Florida,"Orlando, Florida",2021-01-01,73327.0
153,Florida,"Orlando, Florida",2022-01-01,89933.0
10421,Iowa,"Osceola, Iowa",2005-01-01,7904.0
9821,Iowa,"Osceola, Iowa",2006-01-01,8057.0
9221,Iowa,"Osceola, Iowa",2007-01-01,15976.0
8621,Iowa,"Osceola, Iowa",2008-01-01,17811.0
8021,Iowa,"Osceola, Iowa",2009-01-01,19423.0
7421,Iowa,"Osceola, Iowa",2010-01-01,19095.0
6821,Iowa,"Osceola, Iowa",2011-01-01,14891.0
6221,Iowa,"Osceola, Iowa",2012-01-01,14681.0
5621,Iowa,"Osceola, Iowa",2013-01-01,14799.0
5021,Iowa,"Osceola, Iowa",2014-01-01,13986.0
4421,Iowa,"Osceola, Iowa",2015-01-01,13775.0
3821,Iowa,"Osceola, Iowa",2016-01-01,16019.0
3221,Iowa,"Osceola, Iowa",2017-01-01,15752.0
2621,Iowa,"Osceola, Iowa",2018-01-01,16188.0
2021,Iowa,"Osceola, Iowa",2019-01-01,14026.0
1421,Iowa,"Osceola, Iowa",2020-01-01,8305.0
821,Iowa,"Osceola, Iowa",2021-01-01,7086.0
221,Iowa,"Osceola, Iowa",2022-01-01,9377.0
10422,Iowa,"Ottumwa, Iowa",2005-01-01,5404.0
9822,Iowa,"Ottumwa, Iowa",2006-01-01,5567.0
9222,Iowa,"Ottumwa, Iowa",2007-01-01,10679.0
8622,Iowa,"Ottumwa, Iowa",2008-01-01,10993.0
8022,Iowa,"Ottumwa, Iowa",2009-01-01,11556.0
7422,Iowa,"Ottumwa, Iowa",2010-01-01,12383.0
6822,Iowa,"Ottumwa, Iowa",2011-01-01,10497.0
6222,Iowa,"Ottumwa, Iowa",2012-01-01,11674.0
5622,Iowa,"Ottumwa, Iowa",2013-01-01,11735.0
5022,Iowa,"Ottumwa, Iowa",2014-01-01,11109.0
4422,Iowa,"Ottumwa, Iowa",2015-01-01,11058.0
3822,Iowa,"Ottumwa, Iowa",2016-01-01,12155.0
3222,Iowa,"Ottumwa, Iowa",2017-01-01,12209.0
2622,Iowa,"Ottumwa, Iowa",2018-01-01,11043.0
2022,Iowa,"Ottumwa, Iowa",2019-01-01,10322.0
1422,Iowa,"Ottumwa, Iowa",2020-01-01,6661.0
822,Iowa,"Ottumwa, Iowa",2021-01-01,5001.0
222,Iowa,"Ottumwa, Iowa",2022-01-01,6799.0
10273,California,"Oxnard, California",2005-01-01,34912.0
9673,California,"Oxnard, California",2006-01-01,37627.0
9073,California,"Oxnard, California",2007-01-01,69432.0
8473,California,"Oxnard, California",2008-01-01,77965.0
7873,California,"Oxnard, California",2009-01-01,74256.0
7273,California,"Oxnard, California",2010-01-01,74468.0
6673,California,"Oxnard, California",2011-01-01,78085.0
6073,California,"Oxnard, California",2012-01-01,81231.0
5473,California,"Oxnard, California",2013-01-01,79137.0
4873,California,"Oxnard, California",2014-01-01,90334.0
4273,California,"Oxnard, California",2015-01-01,96662.0
3673,California,"Oxnard, California",2016-01-01,92805.0
3073,California,"Oxnard, California",2017-01-01,94000.0
2473,California,"Oxnard, California",2018-01-01,103074.0
1873,California,"Oxnard, California",2019-01-01,91436.0
1273,California,"Oxnard, California",2020-01-01,49530.0
673,California,"Oxnard, California",2021-01-01,36307.0
73,California,"Oxnard, California",2022-01-01,59653.0
10354,Florida,"Palatka, Florida",2005-01-01,5439.0
9754,Florida,"Palatka, Florida",2006-01-01,4942.0
9154,Florida,"Palatka, Florida",2007-01-01,10791.0
8554,Florida,"Palatka, Florida",2008-01-01,12082.0
7954,Florida,"Palatka, Florida",2009-01-01,12522.0
7354,Florida,"Palatka, Florida",2010-01-01,13323.0
6754,Florida,"Palatka, Florida",2011-01-01,13872.0
6154,Florida,"Palatka, Florida",2012-01-01,12803.0
5554,Florida,"Palatka, Florida",2013-01-01,12749.0
4954,Florida,"Palatka, Florida",2014-01-01,12145.0
4354,Florida,"Palatka, Florida",2015-01-01,12568.0
3754,Florida,"Palatka, Florida",2016-01-01,12341.0
3154,Florida,"Palatka, Florida",2017-01-01,12579.0
2554,Florida,"Palatka, Florida",2018-01-01,11598.0
1954,Florida,"Palatka, Florida",2019-01-01,12313.0
1354,Florida,"Palatka, Florida",2020-01-01,7723.0
754,Florida,"Palatka, Florida",2021-01-01,7171.0
154,Florida,"Palatka, Florida",2022-01-01,8641.0
10274,California,"Palm Springs, California",2005-01-01,810.0
9674,California,"Palm Springs, California",2006-01-01,1130.0
9074,California,"Palm Springs, California",2007-01-01,4012.0
8474,California,"Palm Springs, California",2008-01-01,5237.0
7874,California,"Palm Springs, California",2009-01-01,5916.0
7274,California,"Palm Springs, California",2010-01-01,6061.0
6674,California,"Palm Springs, California",2011-01-01,5897.0
6074,California,"Palm Springs, California",2012-01-01,4945.0
5474,California,"Palm Springs, California",2013-01-01,3113.0
4874,California,"Palm Springs, California",2014-01-01,3068.0
4274,California,"Palm Springs, California",2015-01-01,3130.0
3674,California,"Palm Springs, California",2016-01-01,3042.0
3074,California,"Palm Springs, California",2017-01-01,3142.0
2474,California,"Palm Springs, California",2018-01-01,2925.0
1874,California,"Palm Springs, California",2019-01-01,3045.0
1274,California,"Palm Springs, California",2020-01-01,2217.0
674,California,"Palm Springs, California",2021-01-01,1171.0
74,California,"Palm Springs, California",2022-01-01,2224.0
10673,Pennsylvania,"Paoli, Pennsylvania",2005-01-01,35975.0
10073,Pennsylvania,"Paoli, Pennsylvania",2006-01-01,41802.0
9473,Pennsylvania,"Paoli, Pennsylvania",2007-01-01,102650.0
8873,Pennsylvania,"Paoli, Pennsylvania",2008-01-01,130744.0
8273,Pennsylvania,"Paoli, Pennsylvania",2009-01-01,138817.0
7673,Pennsylvania,"Paoli, Pennsylvania",2010-01-01,153154.0
7073,Pennsylvania,"Paoli, Pennsylvania",2011-01-01,161791.0
6473,Pennsylvania,"Paoli, Pennsylvania",2012-01-01,167561.0
5873,Pennsylvania,"Paoli, Pennsylvania",2013-01-01,175299.0
5273,Pennsylvania,"Paoli, Pennsylvania",2014-01-01,170669.0
4673,Pennsylvania,"Paoli, Pennsylvania",2015-01-01,176474.0
4073,Pennsylvania,"Paoli, Pennsylvania",2016-01-01,201572.0
3473,Pennsylvania,"Paoli, Pennsylvania",2017-01-01,218311.0
2873,Pennsylvania,"Paoli, Pennsylvania",2018-01-01,233816.0
2273,Pennsylvania,"Paoli, Pennsylvania",2019-01-01,258214.0
1673,Pennsylvania,"Paoli, Pennsylvania",2020-01-01,125104.0
1073,Pennsylvania,"Paoli, Pennsylvania",2021-01-01,41486.0
473,Pennsylvania,"Paoli, Pennsylvania",2022-01-01,105375.0
10674,Pennsylvania,"Parkesburg, Pennsylvania",2005-01-01,12221.0
10074,Pennsylvania,"Parkesburg, Pennsylvania",2006-01-01,13354.0
9474,Pennsylvania,"Parkesburg, Pennsylvania",2007-01-01,33158.0
8874,Pennsylvania,"Parkesburg, Pennsylvania",2008-01-01,40650.0
8274,Pennsylvania,"Parkesburg, Pennsylvania",2009-01-01,45233.0
7674,Pennsylvania,"Parkesburg, Pennsylvania",2010-01-01,48784.0
7074,Pennsylvania,"Parkesburg, Pennsylvania",2011-01-01,48951.0
6474,Pennsylvania,"Parkesburg, Pennsylvania",2012-01-01,51296.0
5874,Pennsylvania,"Parkesburg, Pennsylvania",2013-01-01,55290.0
5274,Pennsylvania,"Parkesburg, Pennsylvania",2014-01-01,49642.0
4674,Pennsylvania,"Parkesburg, Pennsylvania",2015-01-01,48563.0
4074,Pennsylvania,"Parkesburg, Pennsylvania",2016-01-01,46950.0
3474,Pennsylvania,"Parkesburg, Pennsylvania",2017-01-01,44568.0
2874,Pennsylvania,"Parkesburg, Pennsylvania",2018-01-01,44445.0
2274,Pennsylvania,"Parkesburg, Pennsylvania",2019-01-01,46652.0
1674,Pennsylvania,"Parkesburg, Pennsylvania",2020-01-01,23244.0
1074,Pennsylvania,"Parkesburg, Pennsylvania",2021-01-01,10179.0
474,Pennsylvania,"Parkesburg, Pennsylvania",2022-01-01,17228.0
10512,Mississippi,"Pascagoula, Mississippi",2005-01-01,137.0
10771,Washington,"Pasco, Washington",2005-01-01,9873.0
10171,Washington,"Pasco, Washington",2006-01-01,12912.0
9571,Washington,"Pasco, Washington",2007-01-01,23445.0
8971,Washington,"Pasco, Washington",2008-01-01,26517.0
8371,Washington,"Pasco, Washington",2009-01-01,25006.0
7771,Washington,"Pasco, Washington",2010-01-01,25891.0
7171,Washington,"Pasco, Washington",2011-01-01,22598.0
6571,Washington,"Pasco, Washington",2012-01-01,25535.0
5971,Washington,"Pasco, Washington",2013-01-01,25423.0
5371,Washington,"Pasco, Washington",2014-01-01,22393.0
4771,Washington,"Pasco, Washington",2015-01-01,22471.0
4171,Washington,"Pasco, Washington",2016-01-01,23198.0
3571,Washington,"Pasco, Washington",2017-01-01,24245.0
2971,Washington,"Pasco, Washington",2018-01-01,23299.0
2371,Washington,"Pasco, Washington",2019-01-01,22322.0
1771,Washington,"Pasco, Washington",2020-01-01,13832.0
1171,Washington,"Pasco, Washington",2021-01-01,9876.0
571,Washington,"Pasco, Washington",2022-01-01,15038.0
10275,California,"Paso Robles, California",2005-01-01,2643.0
9675,California,"Paso Robles, California",2006-01-01,2248.0
9075,California,"Paso Robles, California",2007-01-01,6849.0
8475,California,"Paso Robles, California",2008-01-01,8160.0
7875,California,"Paso Robles, California",2009-01-01,9513.0
7275,California,"Paso Robles, California",2010-01-01,10372.0
6675,California,"Paso Robles, California",2011-01-01,10122.0
6075,California,"Paso Robles, California",2012-01-01,11728.0
5475,California,"Paso Robles, California",2013-01-01,12338.0
4875,California,"Paso Robles, California",2014-01-01,12065.0
4275,California,"Paso Robles, California",2015-01-01,12149.0
3675,California,"Paso Robles, California",2016-01-01,12037.0
3075,California,"Paso Robles, California",2017-01-01,11377.0
2475,California,"Paso Robles, California",2018-01-01,10769.0
1875,California,"Paso Robles, California",2019-01-01,11808.0
1275,California,"Paso Robles, California",2020-01-01,6549.0
675,California,"Paso Robles, California",2021-01-01,3923.0
75,California,"Paso Robles, California",2022-01-01,8197.0
10643,Oklahoma,"Pauls Valley, Oklahoma",2005-01-01,3142.0
10043,Oklahoma,"Pauls Valley, Oklahoma",2006-01-01,2790.0
9443,Oklahoma,"Pauls Valley, Oklahoma",2007-01-01,6357.0
8843,Oklahoma,"Pauls Valley, Oklahoma",2008-01-01,5942.0
8243,Oklahoma,"Pauls Valley, Oklahoma",2009-01-01,5393.0
7643,Oklahoma,"Pauls Valley, Oklahoma",2010-01-01,5777.0
7043,Oklahoma,"Pauls Valley, Oklahoma",2011-01-01,6067.0
6443,Oklahoma,"Pauls Valley, Oklahoma",2012-01-01,5706.0
5843,Oklahoma,"Pauls Valley, Oklahoma",2013-01-01,5360.0
5243,Oklahoma,"Pauls Valley, Oklahoma",2014-01-01,5891.0
4643,Oklahoma,"Pauls Valley, Oklahoma",2015-01-01,4535.0
4043,Oklahoma,"Pauls Valley, Oklahoma",2016-01-01,4321.0
3443,Oklahoma,"Pauls Valley, Oklahoma",2017-01-01,4740.0
2843,Oklahoma,"Pauls Valley, Oklahoma",2018-01-01,4065.0
2243,Oklahoma,"Pauls Valley, Oklahoma",2019-01-01,4282.0
1643,Oklahoma,"Pauls Valley, Oklahoma",2020-01-01,2314.0
1043,Oklahoma,"Pauls Valley, Oklahoma",2021-01-01,1962.0
443,Oklahoma,"Pauls Valley, Oklahoma",2022-01-01,2285.0
10355,Florida,"Pensacola, Florida",2005-01-01,1616.0
10752,Virginia,"Petersburg, Virginia",2005-01-01,8688.0
10152,Virginia,"Petersburg, Virginia",2006-01-01,8906.0
9552,Virginia,"Petersburg, Virginia",2007-01-01,18725.0
8952,Virginia,"Petersburg, Virginia",2008-01-01,20909.0
8352,Virginia,"Petersburg, Virginia",2009-01-01,20558.0
7752,Virginia,"Petersburg, Virginia",2010-01-01,22148.0
7152,Virginia,"Petersburg, Virginia",2011-01-01,22065.0
6552,Virginia,"Petersburg, Virginia",2012-01-01,22387.0
5952,Virginia,"Petersburg, Virginia",2013-01-01,27988.0
5352,Virginia,"Petersburg, Virginia",2014-01-01,29383.0
4752,Virginia,"Petersburg, Virginia",2015-01-01,29892.0
4152,Virginia,"Petersburg, Virginia",2016-01-01,30060.0
3552,Virginia,"Petersburg, Virginia",2017-01-01,30801.0
2952,Virginia,"Petersburg, Virginia",2018-01-01,31563.0
2352,Virginia,"Petersburg, Virginia",2019-01-01,32834.0
1752,Virginia,"Petersburg, Virginia",2020-01-01,22020.0
1152,Virginia,"Petersburg, Virginia",2021-01-01,21476.0
552,Virginia,"Petersburg, Virginia",2022-01-01,33311.0
10675,Pennsylvania,"Philadelphia William H. Gray III 30th Street, Pennsylvania",2005-01-01,1868800.0
10075,Pennsylvania,"Philadelphia William H. Gray III 30th Street, Pennsylvania",2006-01-01,1773626.0
9475,Pennsylvania,"Philadelphia William H. Gray III 30th Street, Pennsylvania",2007-01-01,3674255.0
8875,Pennsylvania,"Philadelphia William H. Gray III 30th Street, Pennsylvania",2008-01-01,3968278.0
8275,Pennsylvania,"Philadelphia William H. Gray III 30th Street, Pennsylvania",2009-01-01,3675761.0
7675,Pennsylvania,"Philadelphia William H. Gray III 30th Street, Pennsylvania",2010-01-01,3787331.0
7075,Pennsylvania,"Philadelphia William H. Gray III 30th Street, Pennsylvania",2011-01-01,3872392.0
6475,Pennsylvania,"Philadelphia William H. Gray III 30th Street, Pennsylvania",2012-01-01,4068540.0
5875,Pennsylvania,"Philadelphia William H. Gray III 30th Street, Pennsylvania",2013-01-01,4125503.0
5275,Pennsylvania,"Philadelphia William H. Gray III 30th Street, Pennsylvania",2014-01-01,4083704.0
4675,Pennsylvania,"Philadelphia William H. Gray III 30th Street, Pennsylvania",2015-01-01,4138777.0
4075,Pennsylvania,"Philadelphia William H. Gray III 30th Street, Pennsylvania",2016-01-01,4328718.0
3475,Pennsylvania,"Philadelphia William H. Gray III 30th Street, Pennsylvania",2017-01-01,4411662.0
2875,Pennsylvania,"Philadelphia William H. Gray III 30th Street, Pennsylvania",2018-01-01,4471992.0
2275,Pennsylvania,"Philadelphia William H. Gray III 30th Street, Pennsylvania",2019-01-01,4503055.0
1675,Pennsylvania,"Philadelphia William H. Gray III 30th Street, Pennsylvania",2020-01-01,2261194.0
1075,Pennsylvania,"Philadelphia William H. Gray III 30th Street, Pennsylvania",2021-01-01,1500043.0
475,Pennsylvania,"Philadelphia William H. Gray III 30th Street, Pennsylvania",2022-01-01,3058329.0
10676,Pennsylvania,"Philadelphia-North, Pennsylvania",2005-01-01,762.0
10076,Pennsylvania,"Philadelphia-North, Pennsylvania",2006-01-01,269.0
9476,Pennsylvania,"Philadelphia-North, Pennsylvania",2007-01-01,257.0
8876,Pennsylvania,"Philadelphia-North, Pennsylvania",2008-01-01,349.0
8276,Pennsylvania,"Philadelphia-North, Pennsylvania",2009-01-01,254.0
7676,Pennsylvania,"Philadelphia-North, Pennsylvania",2010-01-01,345.0
7076,Pennsylvania,"Philadelphia-North, Pennsylvania",2011-01-01,389.0
6476,Pennsylvania,"Philadelphia-North, Pennsylvania",2012-01-01,294.0
5876,Pennsylvania,"Philadelphia-North, Pennsylvania",2013-01-01,590.0
5276,Pennsylvania,"Philadelphia-North, Pennsylvania",2014-01-01,644.0
4676,Pennsylvania,"Philadelphia-North, Pennsylvania",2015-01-01,832.0
4076,Pennsylvania,"Philadelphia-North, Pennsylvania",2016-01-01,1221.0
3476,Pennsylvania,"Philadelphia-North, Pennsylvania",2017-01-01,1037.0
2876,Pennsylvania,"Philadelphia-North, Pennsylvania",2018-01-01,2006.0
2276,Pennsylvania,"Philadelphia-North, Pennsylvania",2019-01-01,1968.0
1676,Pennsylvania,"Philadelphia-North, Pennsylvania",2020-01-01,917.0
10513,Mississippi,"Picayune, Mississippi",2005-01-01,736.0
9913,Mississippi,"Picayune, Mississippi",2006-01-01,1051.0
9313,Mississippi,"Picayune, Mississippi",2007-01-01,2605.0
8113,Mississippi,"Picayune, Mississippi",2009-01-01,2757.0
7513,Mississippi,"Picayune, Mississippi",2010-01-01,2858.0
6913,Mississippi,"Picayune, Mississippi",2011-01-01,3253.0
6313,Mississippi,"Picayune, Mississippi",2012-01-01,2971.0
5713,Mississippi,"Picayune, Mississippi",2013-01-01,2992.0
5113,Mississippi,"Picayune, Mississippi",2014-01-01,2517.0
4513,Mississippi,"Picayune, Mississippi",2015-01-01,2223.0
3913,Mississippi,"Picayune, Mississippi",2016-01-01,2458.0
3313,Mississippi,"Picayune, Mississippi",2017-01-01,2363.0
2713,Mississippi,"Picayune, Mississippi",2018-01-01,2119.0
2113,Mississippi,"Picayune, Mississippi",2019-01-01,1738.0
1513,Mississippi,"Picayune, Mississippi",2020-01-01,1128.0
913,Mississippi,"Picayune, Mississippi",2021-01-01,867.0
313,Mississippi,"Picayune, Mississippi",2022-01-01,1022.0
10677,Pennsylvania,"Pittsburgh, Pennsylvania",2005-01-01,55680.0
10077,Pennsylvania,"Pittsburgh, Pennsylvania",2006-01-01,58979.0
9477,Pennsylvania,"Pittsburgh, Pennsylvania",2007-01-01,120188.0
8877,Pennsylvania,"Pittsburgh, Pennsylvania",2008-01-01,142828.0
8277,Pennsylvania,"Pittsburgh, Pennsylvania",2009-01-01,135642.0
7677,Pennsylvania,"Pittsburgh, Pennsylvania",2010-01-01,136333.0
7077,Pennsylvania,"Pittsburgh, Pennsylvania",2011-01-01,133855.0
6477,Pennsylvania,"Pittsburgh, Pennsylvania",2012-01-01,129372.0
5877,Pennsylvania,"Pittsburgh, Pennsylvania",2013-01-01,135137.0
5277,Pennsylvania,"Pittsburgh, Pennsylvania",2014-01-01,149224.0
4677,Pennsylvania,"Pittsburgh, Pennsylvania",2015-01-01,149587.0
4077,Pennsylvania,"Pittsburgh, Pennsylvania",2016-01-01,145910.0
3477,Pennsylvania,"Pittsburgh, Pennsylvania",2017-01-01,145362.0
2877,Pennsylvania,"Pittsburgh, Pennsylvania",2018-01-01,138686.0
2277,Pennsylvania,"Pittsburgh, Pennsylvania",2019-01-01,129946.0
1677,Pennsylvania,"Pittsburgh, Pennsylvania",2020-01-01,75813.0
1077,Pennsylvania,"Pittsburgh, Pennsylvania",2021-01-01,71015.0
477,Pennsylvania,"Pittsburgh, Pennsylvania",2022-01-01,117966.0
10462,Massachusetts,"Pittsfield, Massachusetts",2005-01-01,1920.0
9862,Massachusetts,"Pittsfield, Massachusetts",2006-01-01,1768.0
9262,Massachusetts,"Pittsfield, Massachusetts",2007-01-01,5311.0
8662,Massachusetts,"Pittsfield, Massachusetts",2008-01-01,6893.0
8062,Massachusetts,"Pittsfield, Massachusetts",2009-01-01,6700.0
7462,Massachusetts,"Pittsfield, Massachusetts",2010-01-01,7979.0
6862,Massachusetts,"Pittsfield, Massachusetts",2011-01-01,6908.0
6262,Massachusetts,"Pittsfield, Massachusetts",2012-01-01,7204.0
5662,Massachusetts,"Pittsfield, Massachusetts",2013-01-01,7656.0
5062,Massachusetts,"Pittsfield, Massachusetts",2014-01-01,7541.0
4462,Massachusetts,"Pittsfield, Massachusetts",2015-01-01,7468.0
3862,Massachusetts,"Pittsfield, Massachusetts",2016-01-01,7827.0
3262,Massachusetts,"Pittsfield, Massachusetts",2017-01-01,8464.0
2662,Massachusetts,"Pittsfield, Massachusetts",2018-01-01,8270.0
2062,Massachusetts,"Pittsfield, Massachusetts",2019-01-01,8928.0
1462,Massachusetts,"Pittsfield, Massachusetts",2020-01-01,6619.0
862,Massachusetts,"Pittsfield, Massachusetts",2021-01-01,6747.0
262,Massachusetts,"Pittsfield, Massachusetts",2022-01-01,10493.0
10395,Illinois,"Plano, Illinois",2005-01-01,1062.0
9795,Illinois,"Plano, Illinois",2006-01-01,1166.0
9195,Illinois,"Plano, Illinois",2007-01-01,3930.0
8595,Illinois,"Plano, Illinois",2008-01-01,4605.0
7995,Illinois,"Plano, Illinois",2009-01-01,5168.0
7395,Illinois,"Plano, Illinois",2010-01-01,5481.0
6795,Illinois,"Plano, Illinois",2011-01-01,6188.0
6195,Illinois,"Plano, Illinois",2012-01-01,6344.0
5595,Illinois,"Plano, Illinois",2013-01-01,6901.0
4995,Illinois,"Plano, Illinois",2014-01-01,7193.0
4395,Illinois,"Plano, Illinois",2015-01-01,6771.0
3795,Illinois,"Plano, Illinois",2016-01-01,6412.0
3195,Illinois,"Plano, Illinois",2017-01-01,6187.0
2595,Illinois,"Plano, Illinois",2018-01-01,6442.0
1995,Illinois,"Plano, Illinois",2019-01-01,6269.0
1395,Illinois,"Plano, Illinois",2020-01-01,3588.0
795,Illinois,"Plano, Illinois",2021-01-01,2679.0
195,Illinois,"Plano, Illinois",2022-01-01,4746.0
10586,New York,"Plattsburgh, New York",2005-01-01,5260.0
9986,New York,"Plattsburgh, New York",2006-01-01,4306.0
9386,New York,"Plattsburgh, New York",2007-01-01,9841.0
8786,New York,"Plattsburgh, New York",2008-01-01,10004.0
8186,New York,"Plattsburgh, New York",2009-01-01,10265.0
7586,New York,"Plattsburgh, New York",2010-01-01,11863.0
6986,New York,"Plattsburgh, New York",2011-01-01,12401.0
6386,New York,"Plattsburgh, New York",2012-01-01,12632.0
5786,New York,"Plattsburgh, New York",2013-01-01,13405.0
5186,New York,"Plattsburgh, New York",2014-01-01,13458.0
4586,New York,"Plattsburgh, New York",2015-01-01,13989.0
3986,New York,"Plattsburgh, New York",2016-01-01,13423.0
3386,New York,"Plattsburgh, New York",2017-01-01,13711.0
2786,New York,"Plattsburgh, New York",2018-01-01,13506.0
2186,New York,"Plattsburgh, New York",2019-01-01,13386.0
1586,New York,"Plattsburgh, New York",2020-01-01,5854.0
10276,California,"Pomona, California",2005-01-01,351.0
9676,California,"Pomona, California",2006-01-01,359.0
9076,California,"Pomona, California",2007-01-01,1063.0
8476,California,"Pomona, California",2008-01-01,1588.0
7876,California,"Pomona, California",2009-01-01,1764.0
7276,California,"Pomona, California",2010-01-01,1523.0
6676,California,"Pomona, California",2011-01-01,1517.0
6076,California,"Pomona, California",2012-01-01,1614.0
5476,California,"Pomona, California",2013-01-01,1461.0
4876,California,"Pomona, California",2014-01-01,1616.0
4276,California,"Pomona, California",2015-01-01,1812.0
3676,California,"Pomona, California",2016-01-01,1716.0
3076,California,"Pomona, California",2017-01-01,1601.0
2476,California,"Pomona, California",2018-01-01,1540.0
1876,California,"Pomona, California",2019-01-01,1607.0
1276,California,"Pomona, California",2020-01-01,1097.0
676,California,"Pomona, California",2021-01-01,1052.0
76,California,"Pomona, California",2022-01-01,1131.0
10396,Illinois,"Pontiac, Illinois",2005-01-01,3911.0
9796,Illinois,"Pontiac, Illinois",2006-01-01,4168.0
9196,Illinois,"Pontiac, Illinois",2007-01-01,11219.0
8596,Illinois,"Pontiac, Illinois",2008-01-01,12642.0
7996,Illinois,"Pontiac, Illinois",2009-01-01,13462.0
7396,Illinois,"Pontiac, Illinois",2010-01-01,15478.0
6796,Illinois,"Pontiac, Illinois",2011-01-01,13824.0
6196,Illinois,"Pontiac, Illinois",2012-01-01,14429.0
5596,Illinois,"Pontiac, Illinois",2013-01-01,17077.0
4996,Illinois,"Pontiac, Illinois",2014-01-01,16474.0
4396,Illinois,"Pontiac, Illinois",2015-01-01,15312.0
3796,Illinois,"Pontiac, Illinois",2016-01-01,15300.0
3196,Illinois,"Pontiac, Illinois",2017-01-01,16717.0
2596,Illinois,"Pontiac, Illinois",2018-01-01,17731.0
1996,Illinois,"Pontiac, Illinois",2019-01-01,16634.0
1396,Illinois,"Pontiac, Illinois",2020-01-01,7366.0
796,Illinois,"Pontiac, Illinois",2021-01-01,5553.0
196,Illinois,"Pontiac, Illinois",2022-01-01,10627.0
10487,Michigan,"Pontiac, Michigan",2005-01-01,7336.0
9887,Michigan,"Pontiac, Michigan",2006-01-01,8900.0
9287,Michigan,"Pontiac, Michigan",2007-01-01,16453.0
8687,Michigan,"Pontiac, Michigan",2008-01-01,16546.0
8087,Michigan,"Pontiac, Michigan",2009-01-01,14512.0
7487,Michigan,"Pontiac, Michigan",2010-01-01,15981.0
6887,Michigan,"Pontiac, Michigan",2011-01-01,16066.0
6287,Michigan,"Pontiac, Michigan",2012-01-01,16307.0
5687,Michigan,"Pontiac, Michigan",2013-01-01,16813.0
5087,Michigan,"Pontiac, Michigan",2014-01-01,16141.0
4487,Michigan,"Pontiac, Michigan",2015-01-01,15876.0
3887,Michigan,"Pontiac, Michigan",2016-01-01,13051.0
3287,Michigan,"Pontiac, Michigan",2017-01-01,13346.0
2687,Michigan,"Pontiac, Michigan",2018-01-01,14135.0
2087,Michigan,"Pontiac, Michigan",2019-01-01,15299.0
1487,Michigan,"Pontiac, Michigan",2020-01-01,8139.0
887,Michigan,"Pontiac, Michigan",2021-01-01,5921.0
287,Michigan,"Pontiac, Michigan",2022-01-01,12013.0
10523,Missouri,"Poplar Bluff, Missouri",2005-01-01,1466.0
9923,Missouri,"Poplar Bluff, Missouri",2006-01-01,1553.0
9323,Missouri,"Poplar Bluff, Missouri",2007-01-01,3842.0
8723,Missouri,"Poplar Bluff, Missouri",2008-01-01,4631.0
8123,Missouri,"Poplar Bluff, Missouri",2009-01-01,4170.0
7523,Missouri,"Poplar Bluff, Missouri",2010-01-01,4688.0
6923,Missouri,"Poplar Bluff, Missouri",2011-01-01,5488.0
6323,Missouri,"Poplar Bluff, Missouri",2012-01-01,5938.0
5723,Missouri,"Poplar Bluff, Missouri",2013-01-01,5829.0
5123,Missouri,"Poplar Bluff, Missouri",2014-01-01,6017.0
4523,Missouri,"Poplar Bluff, Missouri",2015-01-01,5447.0
3923,Missouri,"Poplar Bluff, Missouri",2016-01-01,4764.0
3323,Missouri,"Poplar Bluff, Missouri",2017-01-01,4900.0
2723,Missouri,"Poplar Bluff, Missouri",2018-01-01,4640.0
2123,Missouri,"Poplar Bluff, Missouri",2019-01-01,4266.0
1523,Missouri,"Poplar Bluff, Missouri",2020-01-01,3301.0
923,Missouri,"Poplar Bluff, Missouri",2021-01-01,2240.0
323,Missouri,"Poplar Bluff, Missouri",2022-01-01,2835.0
10587,New York,"Port Henry, New York",2005-01-01,688.0
9987,New York,"Port Henry, New York",2006-01-01,852.0
9387,New York,"Port Henry, New York",2007-01-01,2205.0
8787,New York,"Port Henry, New York",2008-01-01,2647.0
8187,New York,"Port Henry, New York",2009-01-01,2493.0
7587,New York,"Port Henry, New York",2010-01-01,1764.0
6987,New York,"Port Henry, New York",2011-01-01,2160.0
6387,New York,"Port Henry, New York",2012-01-01,2264.0
5787,New York,"Port Henry, New York",2013-01-01,2302.0
5187,New York,"Port Henry, New York",2014-01-01,2163.0
4587,New York,"Port Henry, New York",2015-01-01,2472.0
3987,New York,"Port Henry, New York",2016-01-01,2395.0
3387,New York,"Port Henry, New York",2017-01-01,2488.0
2787,New York,"Port Henry, New York",2018-01-01,2442.0
2187,New York,"Port Henry, New York",2019-01-01,2846.0
1587,New York,"Port Henry, New York",2020-01-01,1291.0
10488,Michigan,"Port Huron, Michigan",2005-01-01,5088.0
9888,Michigan,"Port Huron, Michigan",2006-01-01,5825.0
9288,Michigan,"Port Huron, Michigan",2007-01-01,12544.0
8688,Michigan,"Port Huron, Michigan",2008-01-01,14115.0
8088,Michigan,"Port Huron, Michigan",2009-01-01,13967.0
7488,Michigan,"Port Huron, Michigan",2010-01-01,17580.0
6888,Michigan,"Port Huron, Michigan",2011-01-01,24015.0
6288,Michigan,"Port Huron, Michigan",2012-01-01,26696.0
5688,Michigan,"Port Huron, Michigan",2013-01-01,29461.0
5088,Michigan,"Port Huron, Michigan",2014-01-01,29275.0
4488,Michigan,"Port Huron, Michigan",2015-01-01,23979.0
3888,Michigan,"Port Huron, Michigan",2016-01-01,20504.0
3288,Michigan,"Port Huron, Michigan",2017-01-01,20741.0
2688,Michigan,"Port Huron, Michigan",2018-01-01,19822.0
2088,Michigan,"Port Huron, Michigan",2019-01-01,18482.0
1488,Michigan,"Port Huron, Michigan",2020-01-01,8123.0
888,Michigan,"Port Huron, Michigan",2021-01-01,5148.0
288,Michigan,"Port Huron, Michigan",2022-01-01,10177.0
10588,New York,"Port Kent, New York",2005-01-01,151.0
9988,New York,"Port Kent, New York",2006-01-01,223.0
9388,New York,"Port Kent, New York",2007-01-01,655.0
8788,New York,"Port Kent, New York",2008-01-01,750.0
8188,New York,"Port Kent, New York",2009-01-01,867.0
7588,New York,"Port Kent, New York",2010-01-01,909.0
6988,New York,"Port Kent, New York",2011-01-01,692.0
6388,New York,"Port Kent, New York",2012-01-01,848.0
5788,New York,"Port Kent, New York",2013-01-01,847.0
5188,New York,"Port Kent, New York",2014-01-01,681.0
4588,New York,"Port Kent, New York",2015-01-01,727.0
3988,New York,"Port Kent, New York",2016-01-01,565.0
3388,New York,"Port Kent, New York",2017-01-01,657.0
2788,New York,"Port Kent, New York",2018-01-01,380.0
2188,New York,"Port Kent, New York",2019-01-01,402.0
1588,New York,"Port Kent, New York",2020-01-01,0.0
10796,Wisconsin,"Portage, Wisconsin",2005-01-01,3101.0
10196,Wisconsin,"Portage, Wisconsin",2006-01-01,3322.0
9596,Wisconsin,"Portage, Wisconsin",2007-01-01,6956.0
8996,Wisconsin,"Portage, Wisconsin",2008-01-01,7453.0
8396,Wisconsin,"Portage, Wisconsin",2009-01-01,6965.0
7796,Wisconsin,"Portage, Wisconsin",2010-01-01,7483.0
7196,Wisconsin,"Portage, Wisconsin",2011-01-01,6115.0
6596,Wisconsin,"Portage, Wisconsin",2012-01-01,6747.0
5996,Wisconsin,"Portage, Wisconsin",2013-01-01,7455.0
5396,Wisconsin,"Portage, Wisconsin",2014-01-01,5847.0
4796,Wisconsin,"Portage, Wisconsin",2015-01-01,6116.0
4196,Wisconsin,"Portage, Wisconsin",2016-01-01,7786.0
3596,Wisconsin,"Portage, Wisconsin",2017-01-01,9077.0
2996,Wisconsin,"Portage, Wisconsin",2018-01-01,7266.0
2396,Wisconsin,"Portage, Wisconsin",2019-01-01,7061.0
1796,Wisconsin,"Portage, Wisconsin",2020-01-01,4268.0
1196,Wisconsin,"Portage, Wisconsin",2021-01-01,3440.0
596,Wisconsin,"Portage, Wisconsin",2022-01-01,4810.0
10444,Maine,"Portland, Maine",2005-01-01,58670.0
9844,Maine,"Portland, Maine",2006-01-01,70980.0
9244,Maine,"Portland, Maine",2007-01-01,137720.0
8644,Maine,"Portland, Maine",2008-01-01,170105.0
8044,Maine,"Portland, Maine",2009-01-01,163983.0
7444,Maine,"Portland, Maine",2010-01-01,180465.0
6844,Maine,"Portland, Maine",2011-01-01,208979.0
6244,Maine,"Portland, Maine",2012-01-01,214713.0
5644,Maine,"Portland, Maine",2013-01-01,190353.0
5044,Maine,"Portland, Maine",2014-01-01,178460.0
4444,Maine,"Portland, Maine",2015-01-01,133210.0
3844,Maine,"Portland, Maine",2016-01-01,168027.0
3244,Maine,"Portland, Maine",2017-01-01,171257.0
2644,Maine,"Portland, Maine",2018-01-01,178661.0
2044,Maine,"Portland, Maine",2019-01-01,157542.0
1444,Maine,"Portland, Maine",2020-01-01,73223.0
844,Maine,"Portland, Maine",2021-01-01,68841.0
244,Maine,"Portland, Maine",2022-01-01,145776.0
10652,Oregon,"Portland, Oregon",2005-01-01,240918.0
10052,Oregon,"Portland, Oregon",2006-01-01,242380.0
9452,Oregon,"Portland, Oregon",2007-01-01,532645.0
8852,Oregon,"Portland, Oregon",2008-01-01,598633.0
8252,Oregon,"Portland, Oregon",2009-01-01,618131.0
7652,Oregon,"Portland, Oregon",2010-01-01,672608.0
7052,Oregon,"Portland, Oregon",2011-01-01,665677.0
6452,Oregon,"Portland, Oregon",2012-01-01,668823.0
5852,Oregon,"Portland, Oregon",2013-01-01,652455.0
5252,Oregon,"Portland, Oregon",2014-01-01,585828.0
4652,Oregon,"Portland, Oregon",2015-01-01,561596.0
4052,Oregon,"Portland, Oregon",2016-01-01,590076.0
3452,Oregon,"Portland, Oregon",2017-01-01,597127.0
2852,Oregon,"Portland, Oregon",2018-01-01,576339.0
2252,Oregon,"Portland, Oregon",2019-01-01,585344.0
1652,Oregon,"Portland, Oregon",2020-01-01,280316.0
1052,Oregon,"Portland, Oregon",2021-01-01,187314.0
452,Oregon,"Portland, Oregon",2022-01-01,375071.0
10589,New York,"Poughkeepsie, New York",2005-01-01,26270.0
9989,New York,"Poughkeepsie, New York",2006-01-01,27914.0
9389,New York,"Poughkeepsie, New York",2007-01-01,59987.0
8789,New York,"Poughkeepsie, New York",2008-01-01,65860.0
8189,New York,"Poughkeepsie, New York",2009-01-01,67492.0
7589,New York,"Poughkeepsie, New York",2010-01-01,75775.0
6989,New York,"Poughkeepsie, New York",2011-01-01,84236.0
6389,New York,"Poughkeepsie, New York",2012-01-01,88354.0
5789,New York,"Poughkeepsie, New York",2013-01-01,95083.0
5189,New York,"Poughkeepsie, New York",2014-01-01,98516.0
4589,New York,"Poughkeepsie, New York",2015-01-01,100791.0
3989,New York,"Poughkeepsie, New York",2016-01-01,101536.0
3389,New York,"Poughkeepsie, New York",2017-01-01,102070.0
2789,New York,"Poughkeepsie, New York",2018-01-01,97169.0
2189,New York,"Poughkeepsie, New York",2019-01-01,109877.0
1589,New York,"Poughkeepsie, New York",2020-01-01,65910.0
989,New York,"Poughkeepsie, New York",2021-01-01,66403.0
389,New York,"Poughkeepsie, New York",2022-01-01,111135.0
10788,West Virginia,"Prince, West Virginia",2005-01-01,1647.0
10188,West Virginia,"Prince, West Virginia",2006-01-01,1569.0
9588,West Virginia,"Prince, West Virginia",2007-01-01,3247.0
8988,West Virginia,"Prince, West Virginia",2008-01-01,3495.0
8388,West Virginia,"Prince, West Virginia",2009-01-01,3292.0
7788,West Virginia,"Prince, West Virginia",2010-01-01,3364.0
7188,West Virginia,"Prince, West Virginia",2011-01-01,3197.0
6588,West Virginia,"Prince, West Virginia",2012-01-01,3125.0
5988,West Virginia,"Prince, West Virginia",2013-01-01,3406.0
5388,West Virginia,"Prince, West Virginia",2014-01-01,3136.0
4788,West Virginia,"Prince, West Virginia",2015-01-01,2925.0
4188,West Virginia,"Prince, West Virginia",2016-01-01,2943.0
3588,West Virginia,"Prince, West Virginia",2017-01-01,2988.0
2988,West Virginia,"Prince, West Virginia",2018-01-01,2162.0
2388,West Virginia,"Prince, West Virginia",2019-01-01,2717.0
1788,West Virginia,"Prince, West Virginia",2020-01-01,1353.0
1188,West Virginia,"Prince, West Virginia",2021-01-01,1293.0
588,West Virginia,"Prince, West Virginia",2022-01-01,1555.0
10563,New Jersey,"Princeton Junction, New Jersey",2005-01-01,362846.0
9963,New Jersey,"Princeton Junction, New Jersey",2006-01-01,32086.0
9363,New Jersey,"Princeton Junction, New Jersey",2007-01-01,59681.0
8763,New Jersey,"Princeton Junction, New Jersey",2008-01-01,46816.0
8163,New Jersey,"Princeton Junction, New Jersey",2009-01-01,40623.0
7563,New Jersey,"Princeton Junction, New Jersey",2010-01-01,40692.0
6963,New Jersey,"Princeton Junction, New Jersey",2011-01-01,39573.0
6363,New Jersey,"Princeton Junction, New Jersey",2012-01-01,40947.0
5763,New Jersey,"Princeton Junction, New Jersey",2013-01-01,45685.0
5163,New Jersey,"Princeton Junction, New Jersey",2014-01-01,44007.0
4563,New Jersey,"Princeton Junction, New Jersey",2015-01-01,41610.0
3963,New Jersey,"Princeton Junction, New Jersey",2016-01-01,42226.0
3363,New Jersey,"Princeton Junction, New Jersey",2017-01-01,40550.0
2763,New Jersey,"Princeton Junction, New Jersey",2018-01-01,35418.0
2163,New Jersey,"Princeton Junction, New Jersey",2019-01-01,31809.0
1563,New Jersey,"Princeton Junction, New Jersey",2020-01-01,15118.0
963,New Jersey,"Princeton Junction, New Jersey",2021-01-01,17193.0
363,New Jersey,"Princeton Junction, New Jersey",2022-01-01,51957.0
10397,Illinois,"Princeton, Illinois",2005-01-01,9493.0
9797,Illinois,"Princeton, Illinois",2006-01-01,9617.0
9197,Illinois,"Princeton, Illinois",2007-01-01,23050.0
8597,Illinois,"Princeton, Illinois",2008-01-01,28042.0
7997,Illinois,"Princeton, Illinois",2009-01-01,30787.0
7397,Illinois,"Princeton, Illinois",2010-01-01,31644.0
6797,Illinois,"Princeton, Illinois",2011-01-01,33678.0
6197,Illinois,"Princeton, Illinois",2012-01-01,34713.0
5597,Illinois,"Princeton, Illinois",2013-01-01,36118.0
4997,Illinois,"Princeton, Illinois",2014-01-01,35786.0
4397,Illinois,"Princeton, Illinois",2015-01-01,35788.0
3797,Illinois,"Princeton, Illinois",2016-01-01,37024.0
3197,Illinois,"Princeton, Illinois",2017-01-01,36942.0
2597,Illinois,"Princeton, Illinois",2018-01-01,38244.0
1997,Illinois,"Princeton, Illinois",2019-01-01,37118.0
1397,Illinois,"Princeton, Illinois",2020-01-01,19189.0
797,Illinois,"Princeton, Illinois",2021-01-01,12441.0
197,Illinois,"Princeton, Illinois",2022-01-01,21887.0
10681,Rhode Island,"Providence, Rhode Island",2005-01-01,242088.0
10081,Rhode Island,"Providence, Rhode Island",2006-01-01,254417.0
9481,Rhode Island,"Providence, Rhode Island",2007-01-01,565701.0
8881,Rhode Island,"Providence, Rhode Island",2008-01-01,608417.0
8281,Rhode Island,"Providence, Rhode Island",2009-01-01,582296.0
7681,Rhode Island,"Providence, Rhode Island",2010-01-01,602474.0
7081,Rhode Island,"Providence, Rhode Island",2011-01-01,625995.0
6481,Rhode Island,"Providence, Rhode Island",2012-01-01,669576.0
5881,Rhode Island,"Providence, Rhode Island",2013-01-01,660267.0
5281,Rhode Island,"Providence, Rhode Island",2014-01-01,665670.0
4681,Rhode Island,"Providence, Rhode Island",2015-01-01,690752.0
4081,Rhode Island,"Providence, Rhode Island",2016-01-01,717537.0
3481,Rhode Island,"Providence, Rhode Island",2017-01-01,745703.0
2881,Rhode Island,"Providence, Rhode Island",2018-01-01,766492.0
2281,Rhode Island,"Providence, Rhode Island",2019-01-01,767195.0
1681,Rhode Island,"Providence, Rhode Island",2020-01-01,389627.0
1081,Rhode Island,"Providence, Rhode Island",2021-01-01,303528.0
481,Rhode Island,"Providence, Rhode Island",2022-01-01,569195.0
10721,Utah,"Provo, Utah",2005-01-01,1629.0
10121,Utah,"Provo, Utah",2006-01-01,1246.0
9521,Utah,"Provo, Utah",2007-01-01,3460.0
8921,Utah,"Provo, Utah",2008-01-01,3965.0
8321,Utah,"Provo, Utah",2009-01-01,3561.0
7721,Utah,"Provo, Utah",2010-01-01,5133.0
7121,Utah,"Provo, Utah",2011-01-01,4996.0
6521,Utah,"Provo, Utah",2012-01-01,5675.0
5921,Utah,"Provo, Utah",2013-01-01,6262.0
5321,Utah,"Provo, Utah",2014-01-01,5299.0
4721,Utah,"Provo, Utah",2015-01-01,4403.0
4121,Utah,"Provo, Utah",2016-01-01,5537.0
3521,Utah,"Provo, Utah",2017-01-01,5095.0
2921,Utah,"Provo, Utah",2018-01-01,5120.0
2321,Utah,"Provo, Utah",2019-01-01,5634.0
1721,Utah,"Provo, Utah",2020-01-01,3199.0
1121,Utah,"Provo, Utah",2021-01-01,3416.0
521,Utah,"Provo, Utah",2022-01-01,4185.0
10644,Oklahoma,"Purcell, Oklahoma",2005-01-01,1157.0
10044,Oklahoma,"Purcell, Oklahoma",2006-01-01,1295.0
9444,Oklahoma,"Purcell, Oklahoma",2007-01-01,2801.0
8844,Oklahoma,"Purcell, Oklahoma",2008-01-01,2086.0
8244,Oklahoma,"Purcell, Oklahoma",2009-01-01,2073.0
7644,Oklahoma,"Purcell, Oklahoma",2010-01-01,2263.0
7044,Oklahoma,"Purcell, Oklahoma",2011-01-01,2152.0
6444,Oklahoma,"Purcell, Oklahoma",2012-01-01,2137.0
5844,Oklahoma,"Purcell, Oklahoma",2013-01-01,2431.0
5244,Oklahoma,"Purcell, Oklahoma",2014-01-01,1834.0
4644,Oklahoma,"Purcell, Oklahoma",2015-01-01,1960.0
4044,Oklahoma,"Purcell, Oklahoma",2016-01-01,1693.0
3444,Oklahoma,"Purcell, Oklahoma",2017-01-01,1860.0
2844,Oklahoma,"Purcell, Oklahoma",2018-01-01,1635.0
2244,Oklahoma,"Purcell, Oklahoma",2019-01-01,1885.0
1644,Oklahoma,"Purcell, Oklahoma",2020-01-01,1047.0
1044,Oklahoma,"Purcell, Oklahoma",2021-01-01,908.0
444,Oklahoma,"Purcell, Oklahoma",2022-01-01,1337.0
10753,Virginia,"Quantico, Virginia",2005-01-01,5873.0
10153,Virginia,"Quantico, Virginia",2006-01-01,15387.0
9553,Virginia,"Quantico, Virginia",2007-01-01,28078.0
8953,Virginia,"Quantico, Virginia",2008-01-01,21113.0
8353,Virginia,"Quantico, Virginia",2009-01-01,22114.0
7753,Virginia,"Quantico, Virginia",2010-01-01,23560.0
7153,Virginia,"Quantico, Virginia",2011-01-01,31311.0
6553,Virginia,"Quantico, Virginia",2012-01-01,35970.0
5953,Virginia,"Quantico, Virginia",2013-01-01,38211.0
5353,Virginia,"Quantico, Virginia",2014-01-01,36976.0
4753,Virginia,"Quantico, Virginia",2015-01-01,32754.0
4153,Virginia,"Quantico, Virginia",2016-01-01,25474.0
3553,Virginia,"Quantico, Virginia",2017-01-01,24036.0
2953,Virginia,"Quantico, Virginia",2018-01-01,31078.0
2353,Virginia,"Quantico, Virginia",2019-01-01,20106.0
1753,Virginia,"Quantico, Virginia",2020-01-01,11057.0
1153,Virginia,"Quantico, Virginia",2021-01-01,9546.0
553,Virginia,"Quantico, Virginia",2022-01-01,16174.0
10398,Illinois,"Quincy, Illinois",2005-01-01,14942.0
9798,Illinois,"Quincy, Illinois",2006-01-01,15150.0
9198,Illinois,"Quincy, Illinois",2007-01-01,43315.0
8598,Illinois,"Quincy, Illinois",2008-01-01,50298.0
7998,Illinois,"Quincy, Illinois",2009-01-01,46515.0
7398,Illinois,"Quincy, Illinois",2010-01-01,46279.0
6798,Illinois,"Quincy, Illinois",2011-01-01,50842.0
6198,Illinois,"Quincy, Illinois",2012-01-01,53633.0
5598,Illinois,"Quincy, Illinois",2013-01-01,50378.0
4998,Illinois,"Quincy, Illinois",2014-01-01,47185.0
4398,Illinois,"Quincy, Illinois",2015-01-01,46006.0
3798,Illinois,"Quincy, Illinois",2016-01-01,41769.0
3198,Illinois,"Quincy, Illinois",2017-01-01,41469.0
2598,Illinois,"Quincy, Illinois",2018-01-01,37282.0
1998,Illinois,"Quincy, Illinois",2019-01-01,37527.0
1398,Illinois,"Quincy, Illinois",2020-01-01,19497.0
798,Illinois,"Quincy, Illinois",2021-01-01,14450.0
198,Illinois,"Quincy, Illinois",2022-01-01,25040.0
10615,North Carolina,"Raleigh, North Carolina",2005-01-01,57457.0
10015,North Carolina,"Raleigh, North Carolina",2006-01-01,61867.0
9415,North Carolina,"Raleigh, North Carolina",2007-01-01,119024.0
8815,North Carolina,"Raleigh, North Carolina",2008-01-01,141291.0
8215,North Carolina,"Raleigh, North Carolina",2009-01-01,141234.0
7615,North Carolina,"Raleigh, North Carolina",2010-01-01,164745.0
7015,North Carolina,"Raleigh, North Carolina",2011-01-01,192434.0
6415,North Carolina,"Raleigh, North Carolina",2012-01-01,163698.0
5815,North Carolina,"Raleigh, North Carolina",2013-01-01,159584.0
5215,North Carolina,"Raleigh, North Carolina",2014-01-01,161342.0
4615,North Carolina,"Raleigh, North Carolina",2015-01-01,159784.0
4015,North Carolina,"Raleigh, North Carolina",2016-01-01,155191.0
3415,North Carolina,"Raleigh, North Carolina",2017-01-01,150919.0
2815,North Carolina,"Raleigh, North Carolina",2018-01-01,157153.0
2215,North Carolina,"Raleigh, North Carolina",2019-01-01,172106.0
1615,North Carolina,"Raleigh, North Carolina",2020-01-01,96337.0
1015,North Carolina,"Raleigh, North Carolina",2021-01-01,93417.0
415,North Carolina,"Raleigh, North Carolina",2022-01-01,171091.0
10732,Vermont,"Randolph, Vermont",2005-01-01,570.0
10132,Vermont,"Randolph, Vermont",2006-01-01,534.0
9532,Vermont,"Randolph, Vermont",2007-01-01,1298.0
8932,Vermont,"Randolph, Vermont",2008-01-01,1617.0
8332,Vermont,"Randolph, Vermont",2009-01-01,1668.0
7732,Vermont,"Randolph, Vermont",2010-01-01,1860.0
7132,Vermont,"Randolph, Vermont",2011-01-01,1897.0
6532,Vermont,"Randolph, Vermont",2012-01-01,2004.0
5932,Vermont,"Randolph, Vermont",2013-01-01,2009.0
5332,Vermont,"Randolph, Vermont",2014-01-01,2302.0
4732,Vermont,"Randolph, Vermont",2015-01-01,2073.0
4132,Vermont,"Randolph, Vermont",2016-01-01,1940.0
3532,Vermont,"Randolph, Vermont",2017-01-01,1833.0
2932,Vermont,"Randolph, Vermont",2018-01-01,1842.0
2332,Vermont,"Randolph, Vermont",2019-01-01,2053.0
1732,Vermont,"Randolph, Vermont",2020-01-01,984.0
1132,Vermont,"Randolph, Vermont",2021-01-01,463.0
532,Vermont,"Randolph, Vermont",2022-01-01,2014.0
10399,Illinois,"Rantoul, Illinois",2005-01-01,412.0
9799,Illinois,"Rantoul, Illinois",2006-01-01,491.0
9199,Illinois,"Rantoul, Illinois",2007-01-01,2438.0
8599,Illinois,"Rantoul, Illinois",2008-01-01,2978.0
7999,Illinois,"Rantoul, Illinois",2009-01-01,3177.0
7399,Illinois,"Rantoul, Illinois",2010-01-01,4085.0
6799,Illinois,"Rantoul, Illinois",2011-01-01,4808.0
6199,Illinois,"Rantoul, Illinois",2012-01-01,4909.0
5599,Illinois,"Rantoul, Illinois",2013-01-01,5823.0
4999,Illinois,"Rantoul, Illinois",2014-01-01,5908.0
4399,Illinois,"Rantoul, Illinois",2015-01-01,6371.0
3799,Illinois,"Rantoul, Illinois",2016-01-01,5660.0
3199,Illinois,"Rantoul, Illinois",2017-01-01,4773.0
2599,Illinois,"Rantoul, Illinois",2018-01-01,4999.0
1999,Illinois,"Rantoul, Illinois",2019-01-01,4943.0
1399,Illinois,"Rantoul, Illinois",2020-01-01,3597.0
799,Illinois,"Rantoul, Illinois",2021-01-01,3315.0
199,Illinois,"Rantoul, Illinois",2022-01-01,3526.0
10572,New Mexico,"Raton, New Mexico",2005-01-01,9870.0
9972,New Mexico,"Raton, New Mexico",2006-01-01,8539.0
9372,New Mexico,"Raton, New Mexico",2007-01-01,18245.0
8772,New Mexico,"Raton, New Mexico",2008-01-01,15037.0
8172,New Mexico,"Raton, New Mexico",2009-01-01,15066.0
7572,New Mexico,"Raton, New Mexico",2010-01-01,18025.0
6972,New Mexico,"Raton, New Mexico",2011-01-01,16794.0
6372,New Mexico,"Raton, New Mexico",2012-01-01,16292.0
5772,New Mexico,"Raton, New Mexico",2013-01-01,15733.0
5172,New Mexico,"Raton, New Mexico",2014-01-01,15875.0
4572,New Mexico,"Raton, New Mexico",2015-01-01,17686.0
3972,New Mexico,"Raton, New Mexico",2016-01-01,16502.0
3372,New Mexico,"Raton, New Mexico",2017-01-01,15122.0
2772,New Mexico,"Raton, New Mexico",2018-01-01,7392.0
2172,New Mexico,"Raton, New Mexico",2019-01-01,18062.0
1572,New Mexico,"Raton, New Mexico",2020-01-01,6121.0
972,New Mexico,"Raton, New Mexico",2021-01-01,8472.0
372,New Mexico,"Raton, New Mexico",2022-01-01,6133.0
10494,Minnesota,"Red Wing, Minnesota",2005-01-01,4544.0
9894,Minnesota,"Red Wing, Minnesota",2006-01-01,4455.0
9294,Minnesota,"Red Wing, Minnesota",2007-01-01,10134.0
8694,Minnesota,"Red Wing, Minnesota",2008-01-01,10584.0
8094,Minnesota,"Red Wing, Minnesota",2009-01-01,10642.0
7494,Minnesota,"Red Wing, Minnesota",2010-01-01,10691.0
6894,Minnesota,"Red Wing, Minnesota",2011-01-01,8956.0
6294,Minnesota,"Red Wing, Minnesota",2012-01-01,10289.0
5694,Minnesota,"Red Wing, Minnesota",2013-01-01,9525.0
5094,Minnesota,"Red Wing, Minnesota",2014-01-01,7587.0
4494,Minnesota,"Red Wing, Minnesota",2015-01-01,8004.0
3894,Minnesota,"Red Wing, Minnesota",2016-01-01,8390.0
3294,Minnesota,"Red Wing, Minnesota",2017-01-01,8557.0
2694,Minnesota,"Red Wing, Minnesota",2018-01-01,8263.0
2094,Minnesota,"Red Wing, Minnesota",2019-01-01,7959.0
1494,Minnesota,"Red Wing, Minnesota",2020-01-01,4695.0
894,Minnesota,"Red Wing, Minnesota",2021-01-01,3802.0
294,Minnesota,"Red Wing, Minnesota",2022-01-01,4878.0
10277,California,"Redding, California",2005-01-01,3153.0
9677,California,"Redding, California",2006-01-01,3254.0
9077,California,"Redding, California",2007-01-01,7461.0
8477,California,"Redding, California",2008-01-01,6781.0
7877,California,"Redding, California",2009-01-01,8985.0
7277,California,"Redding, California",2010-01-01,10322.0
6677,California,"Redding, California",2011-01-01,11440.0
6077,California,"Redding, California",2012-01-01,12059.0
5477,California,"Redding, California",2013-01-01,13269.0
4877,California,"Redding, California",2014-01-01,13263.0
4277,California,"Redding, California",2015-01-01,12345.0
3677,California,"Redding, California",2016-01-01,11208.0
3077,California,"Redding, California",2017-01-01,10475.0
2477,California,"Redding, California",2018-01-01,9822.0
1877,California,"Redding, California",2019-01-01,10135.0
1277,California,"Redding, California",2020-01-01,7801.0
677,California,"Redding, California",2021-01-01,4382.0
77,California,"Redding, California",2022-01-01,6625.0
10551,Nevada,"Reno, Nevada",2005-01-01,24148.0
9951,Nevada,"Reno, Nevada",2006-01-01,22068.0
9347,Nebraska,"Reno, Nevada",2007-01-01,62509.0
8747,Nebraska,"Reno, Nevada",2008-01-01,69620.0
8151,Nevada,"Reno, Nevada",2009-01-01,67310.0
7551,Nevada,"Reno, Nevada",2010-01-01,69236.0
6951,Nevada,"Reno, Nevada",2011-01-01,69257.0
6351,Nevada,"Reno, Nevada",2012-01-01,68626.0
5751,Nevada,"Reno, Nevada",2013-01-01,78827.0
5151,Nevada,"Reno, Nevada",2014-01-01,70142.0
4551,Nevada,"Reno, Nevada",2015-01-01,56696.0
3951,Nevada,"Reno, Nevada",2016-01-01,70339.0
3351,Nevada,"Reno, Nevada",2017-01-01,76725.0
2751,Nevada,"Reno, Nevada",2018-01-01,72134.0
2151,Nevada,"Reno, Nevada",2019-01-01,75397.0
1551,Nevada,"Reno, Nevada",2020-01-01,48294.0
951,Nevada,"Reno, Nevada",2021-01-01,30088.0
351,Nevada,"Reno, Nevada",2022-01-01,47136.0
10413,Indiana,"Rensselaer, Indiana",2005-01-01,565.0
2013,Indiana,"Rensselaer, Indiana",2019-01-01,1754.0
1413,Indiana,"Rensselaer, Indiana",2020-01-01,482.0
813,Indiana,"Rensselaer, Indiana",2021-01-01,521.0
213,Indiana,"Rensselaer, Indiana",2022-01-01,479.0
10590,New York,"Rhinecliff, New York",2005-01-01,84492.0
9990,New York,"Rhinecliff, New York",2006-01-01,81695.0
9390,New York,"Rhinecliff, New York",2007-01-01,160929.0
8790,New York,"Rhinecliff, New York",2008-01-01,159541.0
8190,New York,"Rhinecliff, New York",2009-01-01,148764.0
7590,New York,"Rhinecliff, New York",2010-01-01,158534.0
6990,New York,"Rhinecliff, New York",2011-01-01,163205.0
6390,New York,"Rhinecliff, New York",2012-01-01,177375.0
5790,New York,"Rhinecliff, New York",2013-01-01,184452.0
5190,New York,"Rhinecliff, New York",2014-01-01,186273.0
4590,New York,"Rhinecliff, New York",2015-01-01,194477.0
3990,New York,"Rhinecliff, New York",2016-01-01,202406.0
3390,New York,"Rhinecliff, New York",2017-01-01,201667.0
2790,New York,"Rhinecliff, New York",2018-01-01,201316.0
2190,New York,"Rhinecliff, New York",2019-01-01,211139.0
1590,New York,"Rhinecliff, New York",2020-01-01,110703.0
990,New York,"Rhinecliff, New York",2021-01-01,104407.0
390,New York,"Rhinecliff, New York",2022-01-01,171567.0
10754,Virginia,"Richmond - Main Street, Virginia",2005-01-01,5805.0
10154,Virginia,"Richmond - Main Street, Virginia",2006-01-01,5450.0
9554,Virginia,"Richmond - Main Street, Virginia",2007-01-01,12757.0
8954,Virginia,"Richmond - Main Street, Virginia",2008-01-01,19360.0
8354,Virginia,"Richmond - Main Street, Virginia",2009-01-01,23576.0
7754,Virginia,"Richmond - Main Street, Virginia",2010-01-01,27520.0
7154,Virginia,"Richmond - Main Street, Virginia",2011-01-01,32628.0
6554,Virginia,"Richmond - Main Street, Virginia",2012-01-01,35002.0
5954,Virginia,"Richmond - Main Street, Virginia",2013-01-01,38512.0
5354,Virginia,"Richmond - Main Street, Virginia",2014-01-01,40834.0
4754,Virginia,"Richmond - Main Street, Virginia",2015-01-01,45062.0
4154,Virginia,"Richmond - Main Street, Virginia",2016-01-01,42702.0
3554,Virginia,"Richmond - Main Street, Virginia",2017-01-01,46354.0
2954,Virginia,"Richmond - Main Street, Virginia",2018-01-01,48384.0
2354,Virginia,"Richmond - Main Street, Virginia",2019-01-01,50157.0
1754,Virginia,"Richmond - Main Street, Virginia",2020-01-01,30125.0
1154,Virginia,"Richmond - Main Street, Virginia",2021-01-01,41687.0
554,Virginia,"Richmond - Main Street, Virginia",2022-01-01,74794.0
10755,Virginia,"Richmond - Staples Mill, Virginia",2005-01-01,125707.0
10155,Virginia,"Richmond - Staples Mill, Virginia",2006-01-01,115329.0
9555,Virginia,"Richmond - Staples Mill, Virginia",2007-01-01,234670.0
8955,Virginia,"Richmond - Staples Mill, Virginia",2008-01-01,275479.0
8355,Virginia,"Richmond - Staples Mill, Virginia",2009-01-01,256006.0
7755,Virginia,"Richmond - Staples Mill, Virginia",2010-01-01,266343.0
7155,Virginia,"Richmond - Staples Mill, Virginia",2011-01-01,320239.0
6555,Virginia,"Richmond - Staples Mill, Virginia",2012-01-01,345657.0
5955,Virginia,"Richmond - Staples Mill, Virginia",2013-01-01,372592.0
5355,Virginia,"Richmond - Staples Mill, Virginia",2014-01-01,358615.0
4755,Virginia,"Richmond - Staples Mill, Virginia",2015-01-01,361996.0
4155,Virginia,"Richmond - Staples Mill, Virginia",2016-01-01,356189.0
3555,Virginia,"Richmond - Staples Mill, Virginia",2017-01-01,373832.0
2955,Virginia,"Richmond - Staples Mill, Virginia",2018-01-01,346642.0
2355,Virginia,"Richmond - Staples Mill, Virginia",2019-01-01,361191.0
1755,Virginia,"Richmond - Staples Mill, Virginia",2020-01-01,201624.0
1155,Virginia,"Richmond - Staples Mill, Virginia",2021-01-01,152312.0
555,Virginia,"Richmond - Staples Mill, Virginia",2022-01-01,303204.0
10278,California,"Richmond, California",2005-01-01,106821.0
9678,California,"Richmond, California",2006-01-01,114971.0
9078,California,"Richmond, California",2007-01-01,230996.0
8478,California,"Richmond, California",2008-01-01,306657.0
7878,California,"Richmond, California",2009-01-01,282357.0
7278,California,"Richmond, California",2010-01-01,271486.0
6678,California,"Richmond, California",2011-01-01,276114.0
6078,California,"Richmond, California",2012-01-01,281999.0
5478,California,"Richmond, California",2013-01-01,266237.0
4878,California,"Richmond, California",2014-01-01,241962.0
4278,California,"Richmond, California",2015-01-01,251372.0
3678,California,"Richmond, California",2016-01-01,269838.0
3078,California,"Richmond, California",2017-01-01,292453.0
2478,California,"Richmond, California",2018-01-01,289928.0
1878,California,"Richmond, California",2019-01-01,291270.0
1278,California,"Richmond, California",2020-01-01,155109.0
678,California,"Richmond, California",2021-01-01,60116.0
78,California,"Richmond, California",2022-01-01,114929.0
10279,California,"Riverside, California",2005-01-01,3100.0
2479,California,"Riverside, California",2018-01-01,11862.0
1879,California,"Riverside, California",2019-01-01,10973.0
1279,California,"Riverside, California",2020-01-01,6706.0
679,California,"Riverside, California",2021-01-01,4926.0
79,California,"Riverside, California",2022-01-01,6947.0
2957,Virginia,"Roanoke, Virginia",2018-01-01,51698.0
2356,Virginia,"Roanoke, Virginia",2019-01-01,59056.0
1756,Virginia,"Roanoke, Virginia",2020-01-01,35396.0
1156,Virginia,"Roanoke, Virginia",2021-01-01,34110.0
556,Virginia,"Roanoke, Virginia",2022-01-01,66721.0
10591,New York,"Rochester, New York",2005-01-01,37666.0
9991,New York,"Rochester, New York",2006-01-01,38986.0
9391,New York,"Rochester, New York",2007-01-01,76425.0
8791,New York,"Rochester, New York",2008-01-01,96395.0
8191,New York,"Rochester, New York",2009-01-01,105206.0
7591,New York,"Rochester, New York",2010-01-01,128935.0
6991,New York,"Rochester, New York",2011-01-01,140222.0
6391,New York,"Rochester, New York",2012-01-01,144703.0
5791,New York,"Rochester, New York",2013-01-01,141576.0
5191,New York,"Rochester, New York",2014-01-01,139691.0
4591,New York,"Rochester, New York",2015-01-01,136816.0
3991,New York,"Rochester, New York",2016-01-01,124901.0
3391,New York,"Rochester, New York",2017-01-01,127203.0
2791,New York,"Rochester, New York",2018-01-01,130306.0
2191,New York,"Rochester, New York",2019-01-01,132434.0
1591,New York,"Rochester, New York",2020-01-01,83655.0
991,New York,"Rochester, New York",2021-01-01,77964.0
391,New York,"Rochester, New York",2022-01-01,119797.0
10280,California,"Rocklin, California",2005-01-01,15635.0
9680,California,"Rocklin, California",2006-01-01,15293.0
9080,California,"Rocklin, California",2007-01-01,32070.0
8480,California,"Rocklin, California",2008-01-01,47748.0
7880,California,"Rocklin, California",2009-01-01,38758.0
7280,California,"Rocklin, California",2010-01-01,34263.0
6680,California,"Rocklin, California",2011-01-01,36329.0
6080,California,"Rocklin, California",2012-01-01,32993.0
5480,California,"Rocklin, California",2013-01-01,28953.0
4880,California,"Rocklin, California",2014-01-01,15414.0
4280,California,"Rocklin, California",2015-01-01,15074.0
3680,California,"Rocklin, California",2016-01-01,16403.0
3080,California,"Rocklin, California",2017-01-01,15926.0
2480,California,"Rocklin, California",2018-01-01,16918.0
1880,California,"Rocklin, California",2019-01-01,17199.0
1280,California,"Rocklin, California",2020-01-01,8793.0
680,California,"Rocklin, California",2021-01-01,2113.0
80,California,"Rocklin, California",2022-01-01,5031.0
10452,Maryland,"Rockville, Maryland",2005-01-01,1175.0
9852,Maryland,"Rockville, Maryland",2006-01-01,1496.0
9252,Maryland,"Rockville, Maryland",2007-01-01,2905.0
8652,Maryland,"Rockville, Maryland",2008-01-01,3178.0
8052,Maryland,"Rockville, Maryland",2009-01-01,3345.0
7452,Maryland,"Rockville, Maryland",2010-01-01,3798.0
6852,Maryland,"Rockville, Maryland",2011-01-01,4015.0
6252,Maryland,"Rockville, Maryland",2012-01-01,4213.0
5652,Maryland,"Rockville, Maryland",2013-01-01,5024.0
5052,Maryland,"Rockville, Maryland",2014-01-01,5338.0
4452,Maryland,"Rockville, Maryland",2015-01-01,4883.0
3852,Maryland,"Rockville, Maryland",2016-01-01,5561.0
3252,Maryland,"Rockville, Maryland",2017-01-01,5605.0
2652,Maryland,"Rockville, Maryland",2018-01-01,5162.0
2052,Maryland,"Rockville, Maryland",2019-01-01,5421.0
852,Maryland,"Rockville, Maryland",2021-01-01,2325.0
252,Maryland,"Rockville, Maryland",2022-01-01,4058.0
10616,North Carolina,"Rocky Mount, North Carolina",2005-01-01,28325.0
10016,North Carolina,"Rocky Mount, North Carolina",2006-01-01,23657.0
9416,North Carolina,"Rocky Mount, North Carolina",2007-01-01,51195.0
8816,North Carolina,"Rocky Mount, North Carolina",2008-01-01,53169.0
8216,North Carolina,"Rocky Mount, North Carolina",2009-01-01,58487.0
7616,North Carolina,"Rocky Mount, North Carolina",2010-01-01,52959.0
7016,North Carolina,"Rocky Mount, North Carolina",2011-01-01,56400.0
6416,North Carolina,"Rocky Mount, North Carolina",2012-01-01,53779.0
5816,North Carolina,"Rocky Mount, North Carolina",2013-01-01,52631.0
5216,North Carolina,"Rocky Mount, North Carolina",2014-01-01,52848.0
4616,North Carolina,"Rocky Mount, North Carolina",2015-01-01,54331.0
4016,North Carolina,"Rocky Mount, North Carolina",2016-01-01,53934.0
3416,North Carolina,"Rocky Mount, North Carolina",2017-01-01,52343.0
2816,North Carolina,"Rocky Mount, North Carolina",2018-01-01,51341.0
2216,North Carolina,"Rocky Mount, North Carolina",2019-01-01,50861.0
1616,North Carolina,"Rocky Mount, North Carolina",2020-01-01,30139.0
1016,North Carolina,"Rocky Mount, North Carolina",2021-01-01,30529.0
416,North Carolina,"Rocky Mount, North Carolina",2022-01-01,38092.0
10592,New York,"Rome, New York",2005-01-01,3108.0
9992,New York,"Rome, New York",2006-01-01,3284.0
9392,New York,"Rome, New York",2007-01-01,6707.0
8792,New York,"Rome, New York",2008-01-01,7608.0
8192,New York,"Rome, New York",2009-01-01,7733.0
7592,New York,"Rome, New York",2010-01-01,9100.0
6992,New York,"Rome, New York",2011-01-01,9190.0
6392,New York,"Rome, New York",2012-01-01,9315.0
5792,New York,"Rome, New York",2013-01-01,9788.0
5192,New York,"Rome, New York",2014-01-01,9743.0
4592,New York,"Rome, New York",2015-01-01,9972.0
3992,New York,"Rome, New York",2016-01-01,9208.0
3392,New York,"Rome, New York",2017-01-01,8580.0
2793,New York,"Rome, New York",2018-01-01,6146.0
2192,New York,"Rome, New York",2019-01-01,6924.0
1592,New York,"Rome, New York",2020-01-01,5426.0
992,New York,"Rome, New York",2021-01-01,6228.0
392,New York,"Rome, New York",2022-01-01,8496.0
10281,California,"Roseville, California",2005-01-01,29334.0
9681,California,"Roseville, California",2006-01-01,25660.0
9081,California,"Roseville, California",2007-01-01,56433.0
8481,California,"Roseville, California",2008-01-01,81478.0
7881,California,"Roseville, California",2009-01-01,78299.0
7281,California,"Roseville, California",2010-01-01,67796.0
6681,California,"Roseville, California",2011-01-01,67831.0
6081,California,"Roseville, California",2012-01-01,62233.0
5481,California,"Roseville, California",2013-01-01,50338.0
4881,California,"Roseville, California",2014-01-01,32539.0
4281,California,"Roseville, California",2015-01-01,34528.0
3681,California,"Roseville, California",2016-01-01,39409.0
3081,California,"Roseville, California",2017-01-01,38638.0
2481,California,"Roseville, California",2018-01-01,38852.0
1881,California,"Roseville, California",2019-01-01,39289.0
1281,California,"Roseville, California",2020-01-01,21274.0
681,California,"Roseville, California",2021-01-01,7976.0
81,California,"Roseville, California",2022-01-01,21022.0
10594,New York,"Rouses Point, New York",2005-01-01,743.0
9994,New York,"Rouses Point, New York",2006-01-01,466.0
9394,New York,"Rouses Point, New York",2007-01-01,1176.0
8794,New York,"Rouses Point, New York",2008-01-01,964.0
8194,New York,"Rouses Point, New York",2009-01-01,1046.0
7594,New York,"Rouses Point, New York",2010-01-01,1287.0
6994,New York,"Rouses Point, New York",2011-01-01,1498.0
6394,New York,"Rouses Point, New York",2012-01-01,1353.0
5794,New York,"Rouses Point, New York",2013-01-01,1205.0
5194,New York,"Rouses Point, New York",2014-01-01,1257.0
4594,New York,"Rouses Point, New York",2015-01-01,1208.0
3994,New York,"Rouses Point, New York",2016-01-01,1276.0
3394,New York,"Rouses Point, New York",2017-01-01,1253.0
2794,New York,"Rouses Point, New York",2018-01-01,1255.0
2194,New York,"Rouses Point, New York",2019-01-01,1454.0
1594,New York,"Rouses Point, New York",2020-01-01,540.0
10463,Massachusetts,"Route 128 (Boston), Massachusetts",2005-01-01,160640.0
9863,Massachusetts,"Route 128 (Boston), Massachusetts",2006-01-01,162518.0
9263,Massachusetts,"Route 128 (Boston), Massachusetts",2007-01-01,375838.0
8663,Massachusetts,"Route 128 (Boston), Massachusetts",2008-01-01,404908.0
8063,Massachusetts,"Route 128 (Boston), Massachusetts",2009-01-01,366649.0
7463,Massachusetts,"Route 128 (Boston), Massachusetts",2010-01-01,394674.0
6863,Massachusetts,"Route 128 (Boston), Massachusetts",2011-01-01,419822.0
6263,Massachusetts,"Route 128 (Boston), Massachusetts",2012-01-01,444058.0
5663,Massachusetts,"Route 128 (Boston), Massachusetts",2013-01-01,426032.0
5063,Massachusetts,"Route 128 (Boston), Massachusetts",2014-01-01,436359.0
4463,Massachusetts,"Route 128 (Boston), Massachusetts",2015-01-01,444670.0
3863,Massachusetts,"Route 128 (Boston), Massachusetts",2016-01-01,450301.0
3263,Massachusetts,"Route 128 (Boston), Massachusetts",2017-01-01,448784.0
2663,Massachusetts,"Route 128 (Boston), Massachusetts",2018-01-01,446221.0
2063,Massachusetts,"Route 128 (Boston), Massachusetts",2019-01-01,464051.0
1463,Massachusetts,"Route 128 (Boston), Massachusetts",2020-01-01,230024.0
863,Massachusetts,"Route 128 (Boston), Massachusetts",2021-01-01,135163.0
263,Massachusetts,"Route 128 (Boston), Massachusetts",2022-01-01,303652.0
10489,Michigan,"Royal Oak, Michigan",2005-01-01,10677.0
9889,Michigan,"Royal Oak, Michigan",2006-01-01,12607.0
9289,Michigan,"Royal Oak, Michigan",2007-01-01,25556.0
8689,Michigan,"Royal Oak, Michigan",2008-01-01,30362.0
8089,Michigan,"Royal Oak, Michigan",2009-01-01,29382.0
7489,Michigan,"Royal Oak, Michigan",2010-01-01,34306.0
6889,Michigan,"Royal Oak, Michigan",2011-01-01,38184.0
6289,Michigan,"Royal Oak, Michigan",2012-01-01,32814.0
5689,Michigan,"Royal Oak, Michigan",2013-01-01,37158.0
5089,Michigan,"Royal Oak, Michigan",2014-01-01,34868.0
4489,Michigan,"Royal Oak, Michigan",2015-01-01,33694.0
3889,Michigan,"Royal Oak, Michigan",2016-01-01,26509.0
3289,Michigan,"Royal Oak, Michigan",2017-01-01,28747.0
2689,Michigan,"Royal Oak, Michigan",2018-01-01,27724.0
2089,Michigan,"Royal Oak, Michigan",2019-01-01,27615.0
1489,Michigan,"Royal Oak, Michigan",2020-01-01,13169.0
889,Michigan,"Royal Oak, Michigan",2021-01-01,8699.0
289,Michigan,"Royal Oak, Michigan",2022-01-01,20432.0
10625,North Dakota,"Rugby, North Dakota",2005-01-01,3122.0
10025,North Dakota,"Rugby, North Dakota",2006-01-01,2974.0
9425,North Dakota,"Rugby, North Dakota",2007-01-01,6783.0
8825,North Dakota,"Rugby, North Dakota",2008-01-01,7048.0
8225,North Dakota,"Rugby, North Dakota",2009-01-01,5906.0
7625,North Dakota,"Rugby, North Dakota",2010-01-01,6409.0
7025,North Dakota,"Rugby, North Dakota",2011-01-01,6106.0
6425,North Dakota,"Rugby, North Dakota",2012-01-01,7057.0
5825,North Dakota,"Rugby, North Dakota",2013-01-01,5637.0
5225,North Dakota,"Rugby, North Dakota",2014-01-01,4053.0
4625,North Dakota,"Rugby, North Dakota",2015-01-01,4254.0
4025,North Dakota,"Rugby, North Dakota",2016-01-01,4161.0
3425,North Dakota,"Rugby, North Dakota",2017-01-01,4027.0
2825,North Dakota,"Rugby, North Dakota",2018-01-01,4102.0
2225,North Dakota,"Rugby, North Dakota",2019-01-01,3968.0
1625,North Dakota,"Rugby, North Dakota",2020-01-01,2293.0
1025,North Dakota,"Rugby, North Dakota",2021-01-01,1676.0
425,North Dakota,"Rugby, North Dakota",2022-01-01,2114.0
10733,Vermont,"Rutland, Vermont",2005-01-01,6307.0
10133,Vermont,"Rutland, Vermont",2006-01-01,7853.0
9533,Vermont,"Rutland, Vermont",2007-01-01,16680.0
8933,Vermont,"Rutland, Vermont",2008-01-01,16732.0
8333,Vermont,"Rutland, Vermont",2009-01-01,14818.0
7733,Vermont,"Rutland, Vermont",2010-01-01,16235.0
7133,Vermont,"Rutland, Vermont",2011-01-01,15848.0
6533,Vermont,"Rutland, Vermont",2012-01-01,16776.0
5933,Vermont,"Rutland, Vermont",2013-01-01,16815.0
5333,Vermont,"Rutland, Vermont",2014-01-01,16879.0
4733,Vermont,"Rutland, Vermont",2015-01-01,16539.0
4133,Vermont,"Rutland, Vermont",2016-01-01,14336.0
3533,Vermont,"Rutland, Vermont",2017-01-01,14267.0
2933,Vermont,"Rutland, Vermont",2018-01-01,14097.0
2333,Vermont,"Rutland, Vermont",2019-01-01,12566.0
1733,Vermont,"Rutland, Vermont",2020-01-01,6706.0
1133,Vermont,"Rutland, Vermont",2021-01-01,2415.0
533,Vermont,"Rutland, Vermont",2022-01-01,10990.0
10445,Maine,"Saco-Biddeford, Maine",2005-01-01,10745.0
9845,Maine,"Saco-Biddeford, Maine",2006-01-01,11340.0
9245,Maine,"Saco-Biddeford, Maine",2007-01-01,23391.0
8645,Maine,"Saco-Biddeford, Maine",2008-01-01,35346.0
8045,Maine,"Saco-Biddeford, Maine",2009-01-01,38464.0
7445,Maine,"Saco-Biddeford, Maine",2010-01-01,40922.0
6845,Maine,"Saco-Biddeford, Maine",2011-01-01,47920.0
6245,Maine,"Saco-Biddeford, Maine",2012-01-01,50112.0
5645,Maine,"Saco-Biddeford, Maine",2013-01-01,50043.0
5045,Maine,"Saco-Biddeford, Maine",2014-01-01,47817.0
4445,Maine,"Saco-Biddeford, Maine",2015-01-01,37561.0
3845,Maine,"Saco-Biddeford, Maine",2016-01-01,43292.0
3245,Maine,"Saco-Biddeford, Maine",2017-01-01,42082.0
2645,Maine,"Saco-Biddeford, Maine",2018-01-01,48095.0
2045,Maine,"Saco-Biddeford, Maine",2019-01-01,49650.0
1445,Maine,"Saco-Biddeford, Maine",2020-01-01,25879.0
845,Maine,"Saco-Biddeford, Maine",2021-01-01,21797.0
245,Maine,"Saco-Biddeford, Maine",2022-01-01,45887.0
10282,California,"Sacramento, California",2005-01-01,472450.0
9682,California,"Sacramento, California",2006-01-01,467472.0
9082,California,"Sacramento, California",2007-01-01,970939.0
8482,California,"Sacramento, California",2008-01-01,1146308.0
7882,California,"Sacramento, California",2009-01-01,1109351.0
7282,California,"Sacramento, California",2010-01-01,1107220.0
6682,California,"Sacramento, California",2011-01-01,1175046.0
6082,California,"Sacramento, California",2012-01-01,1186958.0
5482,California,"Sacramento, California",2013-01-01,1132750.0
4882,California,"Sacramento, California",2014-01-01,1022322.0
4282,California,"Sacramento, California",2015-01-01,1027013.0
3682,California,"Sacramento, California",2016-01-01,1051001.0
3082,California,"Sacramento, California",2017-01-01,1073584.0
2482,California,"Sacramento, California",2018-01-01,1089223.0
1882,California,"Sacramento, California",2019-01-01,1100550.0
1282,California,"Sacramento, California",2020-01-01,565196.0
682,California,"Sacramento, California",2021-01-01,255183.0
82,California,"Sacramento, California",2022-01-01,456647.0
10653,Oregon,"Salem, Oregon",2005-01-01,24199.0
10053,Oregon,"Salem, Oregon",2006-01-01,23471.0
9453,Oregon,"Salem, Oregon",2007-01-01,51387.0
8853,Oregon,"Salem, Oregon",2008-01-01,56436.0
8253,Oregon,"Salem, Oregon",2009-01-01,61783.0
7653,Oregon,"Salem, Oregon",2010-01-01,61907.0
7053,Oregon,"Salem, Oregon",2011-01-01,66761.0
6453,Oregon,"Salem, Oregon",2012-01-01,66148.0
5853,Oregon,"Salem, Oregon",2013-01-01,71618.0
5253,Oregon,"Salem, Oregon",2014-01-01,60579.0
4653,Oregon,"Salem, Oregon",2015-01-01,57565.0
4053,Oregon,"Salem, Oregon",2016-01-01,61226.0
3453,Oregon,"Salem, Oregon",2017-01-01,63311.0
2853,Oregon,"Salem, Oregon",2018-01-01,55448.0
2253,Oregon,"Salem, Oregon",2019-01-01,56569.0
1653,Oregon,"Salem, Oregon",2020-01-01,33141.0
1053,Oregon,"Salem, Oregon",2021-01-01,22168.0
453,Oregon,"Salem, Oregon",2022-01-01,39701.0
10283,California,"Salinas, California",2005-01-01,6388.0
9683,California,"Salinas, California",2006-01-01,4764.0
9083,California,"Salinas, California",2007-01-01,13257.0
8483,California,"Salinas, California",2008-01-01,15909.0
7883,California,"Salinas, California",2009-01-01,17316.0
7283,California,"Salinas, California",2010-01-01,18935.0
6683,California,"Salinas, California",2011-01-01,18164.0
6083,California,"Salinas, California",2012-01-01,19879.0
5483,California,"Salinas, California",2013-01-01,21942.0
4883,California,"Salinas, California",2014-01-01,22204.0
4283,California,"Salinas, California",2015-01-01,21836.0
3683,California,"Salinas, California",2016-01-01,21498.0
3083,California,"Salinas, California",2017-01-01,20564.0
2483,California,"Salinas, California",2018-01-01,19242.0
1883,California,"Salinas, California",2019-01-01,19965.0
1283,California,"Salinas, California",2020-01-01,11469.0
683,California,"Salinas, California",2021-01-01,7379.0
83,California,"Salinas, California",2022-01-01,16160.0
10617,North Carolina,"Salisbury, North Carolina",2005-01-01,8291.0
10017,North Carolina,"Salisbury, North Carolina",2006-01-01,7617.0
9417,North Carolina,"Salisbury, North Carolina",2007-01-01,17126.0
8817,North Carolina,"Salisbury, North Carolina",2008-01-01,23891.0
8217,North Carolina,"Salisbury, North Carolina",2009-01-01,23201.0
7617,North Carolina,"Salisbury, North Carolina",2010-01-01,27182.0
7017,North Carolina,"Salisbury, North Carolina",2011-01-01,26109.0
6417,North Carolina,"Salisbury, North Carolina",2012-01-01,27606.0
5817,North Carolina,"Salisbury, North Carolina",2013-01-01,31539.0
5217,North Carolina,"Salisbury, North Carolina",2014-01-01,29338.0
4617,North Carolina,"Salisbury, North Carolina",2015-01-01,26061.0
4017,North Carolina,"Salisbury, North Carolina",2016-01-01,21705.0
3417,North Carolina,"Salisbury, North Carolina",2017-01-01,22148.0
2817,North Carolina,"Salisbury, North Carolina",2018-01-01,20693.0
2217,North Carolina,"Salisbury, North Carolina",2019-01-01,21771.0
1617,North Carolina,"Salisbury, North Carolina",2020-01-01,12511.0
1017,North Carolina,"Salisbury, North Carolina",2021-01-01,10189.0
417,North Carolina,"Salisbury, North Carolina",2022-01-01,17903.0
10722,Utah,"Salt Lake City, Utah",2005-01-01,12996.0
10122,Utah,"Salt Lake City, Utah",2006-01-01,12822.0
9522,Utah,"Salt Lake City, Utah",2007-01-01,27292.0
8922,Utah,"Salt Lake City, Utah",2008-01-01,30937.0
8322,Utah,"Salt Lake City, Utah",2009-01-01,31319.0
7722,Utah,"Salt Lake City, Utah",2010-01-01,38773.0
7122,Utah,"Salt Lake City, Utah",2011-01-01,38571.0
6522,Utah,"Salt Lake City, Utah",2012-01-01,42502.0
5922,Utah,"Salt Lake City, Utah",2013-01-01,43903.0
5322,Utah,"Salt Lake City, Utah",2014-01-01,41367.0
4722,Utah,"Salt Lake City, Utah",2015-01-01,37316.0
4122,Utah,"Salt Lake City, Utah",2016-01-01,41108.0
3522,Utah,"Salt Lake City, Utah",2017-01-01,40163.0
2922,Utah,"Salt Lake City, Utah",2018-01-01,45194.0
2322,Utah,"Salt Lake City, Utah",2019-01-01,46408.0
1722,Utah,"Salt Lake City, Utah",2020-01-01,24863.0
1122,Utah,"Salt Lake City, Utah",2021-01-01,21642.0
522,Utah,"Salt Lake City, Utah",2022-01-01,26821.0
10713,Texas,"San Antonio, Texas",2005-01-01,22723.0
10113,Texas,"San Antonio, Texas",2006-01-01,21750.0
9513,Texas,"San Antonio, Texas",2007-01-01,40908.0
8913,Texas,"San Antonio, Texas",2008-01-01,48151.0
8313,Texas,"San Antonio, Texas",2009-01-01,48804.0
7713,Texas,"San Antonio, Texas",2010-01-01,58131.0
7113,Texas,"San Antonio, Texas",2011-01-01,67168.0
6513,Texas,"San Antonio, Texas",2012-01-01,70161.0
5913,Texas,"San Antonio, Texas",2013-01-01,68268.0
5313,Texas,"San Antonio, Texas",2014-01-01,62002.0
4713,Texas,"San Antonio, Texas",2015-01-01,55627.0
4113,Texas,"San Antonio, Texas",2016-01-01,52960.0
3513,Texas,"San Antonio, Texas",2017-01-01,57048.0
2913,Texas,"San Antonio, Texas",2018-01-01,53434.0
2313,Texas,"San Antonio, Texas",2019-01-01,50272.0
1713,Texas,"San Antonio, Texas",2020-01-01,29235.0
1113,Texas,"San Antonio, Texas",2021-01-01,29345.0
513,Texas,"San Antonio, Texas",2022-01-01,45419.0
10284,California,"San Bernardino, California",2005-01-01,4688.0
9684,California,"San Bernardino, California",2006-01-01,4447.0
9084,California,"San Bernardino, California",2007-01-01,8846.0
8484,California,"San Bernardino, California",2008-01-01,8707.0
7884,California,"San Bernardino, California",2009-01-01,9161.0
7284,California,"San Bernardino, California",2010-01-01,10080.0
6684,California,"San Bernardino, California",2011-01-01,10552.0
6084,California,"San Bernardino, California",2012-01-01,11554.0
5484,California,"San Bernardino, California",2013-01-01,11349.0
4884,California,"San Bernardino, California",2014-01-01,12488.0
4284,California,"San Bernardino, California",2015-01-01,12287.0
3684,California,"San Bernardino, California",2016-01-01,11579.0
3084,California,"San Bernardino, California",2017-01-01,12035.0
2484,California,"San Bernardino, California",2018-01-01,10861.0
1884,California,"San Bernardino, California",2019-01-01,10275.0
1284,California,"San Bernardino, California",2020-01-01,6736.0
684,California,"San Bernardino, California",2021-01-01,3883.0
84,California,"San Bernardino, California",2022-01-01,6855.0
10285,California,"San Clemente Pier, California",2005-01-01,2534.0
9685,California,"San Clemente Pier, California",2006-01-01,3130.0
9085,California,"San Clemente Pier, California",2007-01-01,7831.0
8485,California,"San Clemente Pier, California",2008-01-01,10092.0
7885,California,"San Clemente Pier, California",2009-01-01,9963.0
7285,California,"San Clemente Pier, California",2010-01-01,9990.0
6685,California,"San Clemente Pier, California",2011-01-01,9223.0
6085,California,"San Clemente Pier, California",2012-01-01,9912.0
5485,California,"San Clemente Pier, California",2013-01-01,15017.0
4885,California,"San Clemente Pier, California",2014-01-01,13206.0
4285,California,"San Clemente Pier, California",2015-01-01,13559.0
3685,California,"San Clemente Pier, California",2016-01-01,15396.0
3085,California,"San Clemente Pier, California",2017-01-01,14926.0
2485,California,"San Clemente Pier, California",2018-01-01,14592.0
1885,California,"San Clemente Pier, California",2019-01-01,15753.0
1285,California,"San Clemente Pier, California",2020-01-01,6707.0
685,California,"San Clemente Pier, California",2021-01-01,7563.0
85,California,"San Clemente Pier, California",2022-01-01,14107.0
10287,California,"San Diego, California",2005-01-01,432248.0
9687,California,"San Diego, California",2006-01-01,446274.0
9087,California,"San Diego, California",2007-01-01,867456.0
8487,California,"San Diego, California",2008-01-01,912096.0
7887,California,"San Diego, California",2009-01-01,731394.0
7287,California,"San Diego, California",2010-01-01,715043.0
6687,California,"San Diego, California",2011-01-01,753739.0
6087,California,"San Diego, California",2012-01-01,708934.0
5487,California,"San Diego, California",2013-01-01,686953.0
4887,California,"San Diego, California",2014-01-01,700107.0
4287,California,"San Diego, California",2015-01-01,773497.0
3687,California,"San Diego, California",2016-01-01,777352.0
3087,California,"San Diego, California",2017-01-01,777961.0
2487,California,"San Diego, California",2018-01-01,699430.0
1887,California,"San Diego, California",2019-01-01,652818.0
1287,California,"San Diego, California",2020-01-01,319689.0
687,California,"San Diego, California",2021-01-01,235775.0
87,California,"San Diego, California",2022-01-01,443091.0
10286,California,"San Diego-Old Town, California",2005-01-01,7852.0
9686,California,"San Diego-Old Town, California",2006-01-01,7928.0
9086,California,"San Diego-Old Town, California",2007-01-01,22911.0
8486,California,"San Diego-Old Town, California",2008-01-01,22531.0
7886,California,"San Diego-Old Town, California",2009-01-01,18121.0
7286,California,"San Diego-Old Town, California",2010-01-01,21616.0
6686,California,"San Diego-Old Town, California",2011-01-01,22867.0
6086,California,"San Diego-Old Town, California",2012-01-01,61188.0
5486,California,"San Diego-Old Town, California",2013-01-01,135749.0
4886,California,"San Diego-Old Town, California",2014-01-01,196795.0
4286,California,"San Diego-Old Town, California",2015-01-01,238288.0
3686,California,"San Diego-Old Town, California",2016-01-01,267481.0
3086,California,"San Diego-Old Town, California",2017-01-01,300245.0
2486,California,"San Diego-Old Town, California",2018-01-01,350518.0
1886,California,"San Diego-Old Town, California",2019-01-01,362340.0
1286,California,"San Diego-Old Town, California",2020-01-01,174880.0
686,California,"San Diego-Old Town, California",2021-01-01,113163.0
86,California,"San Diego-Old Town, California",2022-01-01,253617.0
10288,California,"San Jose, California",2005-01-01,77307.0
9688,California,"San Jose, California",2006-01-01,76103.0
9088,California,"San Jose, California",2007-01-01,188498.0
8488,California,"San Jose, California",2008-01-01,228564.0
7888,California,"San Jose, California",2009-01-01,206971.0
7288,California,"San Jose, California",2010-01-01,202512.0
6688,California,"San Jose, California",2011-01-01,224756.0
6088,California,"San Jose, California",2012-01-01,234767.0
5488,California,"San Jose, California",2013-01-01,258776.0
4888,California,"San Jose, California",2014-01-01,210297.0
4288,California,"San Jose, California",2015-01-01,215158.0
3688,California,"San Jose, California",2016-01-01,223055.0
3088,California,"San Jose, California",2017-01-01,223028.0
2488,California,"San Jose, California",2018-01-01,230387.0
1888,California,"San Jose, California",2019-01-01,238638.0
1288,California,"San Jose, California",2020-01-01,125113.0
688,California,"San Jose, California",2021-01-01,51848.0
88,California,"San Jose, California",2022-01-01,110949.0
10289,California,"San Juan Capistrano, California",2005-01-01,126214.0
9689,California,"San Juan Capistrano, California",2006-01-01,127355.0
9089,California,"San Juan Capistrano, California",2007-01-01,259876.0
8489,California,"San Juan Capistrano, California",2008-01-01,263945.0
7889,California,"San Juan Capistrano, California",2009-01-01,224924.0
7289,California,"San Juan Capistrano, California",2010-01-01,223580.0
6689,California,"San Juan Capistrano, California",2011-01-01,230481.0
6089,California,"San Juan Capistrano, California",2012-01-01,244992.0
5489,California,"San Juan Capistrano, California",2013-01-01,242722.0
4889,California,"San Juan Capistrano, California",2014-01-01,226515.0
4289,California,"San Juan Capistrano, California",2015-01-01,226596.0
3689,California,"San Juan Capistrano, California",2016-01-01,229408.0
3089,California,"San Juan Capistrano, California",2017-01-01,229153.0
2489,California,"San Juan Capistrano, California",2018-01-01,237776.0
1889,California,"San Juan Capistrano, California",2019-01-01,194555.0
1289,California,"San Juan Capistrano, California",2020-01-01,90699.0
689,California,"San Juan Capistrano, California",2021-01-01,71260.0
89,California,"San Juan Capistrano, California",2022-01-01,117526.0
10290,California,"San Luis Obispo, California",2005-01-01,37498.0
9690,California,"San Luis Obispo, California",2006-01-01,41833.0
9090,California,"San Luis Obispo, California",2007-01-01,90541.0
8490,California,"San Luis Obispo, California",2008-01-01,103914.0
7890,California,"San Luis Obispo, California",2009-01-01,92204.0
7290,California,"San Luis Obispo, California",2010-01-01,99778.0
6690,California,"San Luis Obispo, California",2011-01-01,101659.0
6090,California,"San Luis Obispo, California",2012-01-01,108439.0
5490,California,"San Luis Obispo, California",2013-01-01,115028.0
4890,California,"San Luis Obispo, California",2014-01-01,110415.0
4290,California,"San Luis Obispo, California",2015-01-01,110966.0
3690,California,"San Luis Obispo, California",2016-01-01,107778.0
3090,California,"San Luis Obispo, California",2017-01-01,105156.0
2490,California,"San Luis Obispo, California",2018-01-01,70090.0
1890,California,"San Luis Obispo, California",2019-01-01,72922.0
1290,California,"San Luis Obispo, California",2020-01-01,48229.0
690,California,"San Luis Obispo, California",2021-01-01,30449.0
90,California,"San Luis Obispo, California",2022-01-01,75279.0
10714,Texas,"San Marcos, Texas",2005-01-01,1807.0
10114,Texas,"San Marcos, Texas",2006-01-01,1791.0
9514,Texas,"San Marcos, Texas",2007-01-01,3084.0
8914,Texas,"San Marcos, Texas",2008-01-01,3741.0
8314,Texas,"San Marcos, Texas",2009-01-01,4339.0
7714,Texas,"San Marcos, Texas",2010-01-01,5283.0
7114,Texas,"San Marcos, Texas",2011-01-01,6555.0
6514,Texas,"San Marcos, Texas",2012-01-01,7294.0
5914,Texas,"San Marcos, Texas",2013-01-01,7995.0
5314,Texas,"San Marcos, Texas",2014-01-01,6830.0
4714,Texas,"San Marcos, Texas",2015-01-01,7568.0
4114,Texas,"San Marcos, Texas",2016-01-01,6799.0
3514,Texas,"San Marcos, Texas",2017-01-01,8380.0
2914,Texas,"San Marcos, Texas",2018-01-01,7663.0
2314,Texas,"San Marcos, Texas",2019-01-01,7553.0
1714,Texas,"San Marcos, Texas",2020-01-01,4415.0
1114,Texas,"San Marcos, Texas",2021-01-01,3430.0
514,Texas,"San Marcos, Texas",2022-01-01,6130.0
10715,Texas,"Sanderson, Texas",2005-01-01,69.0
10115,Texas,"Sanderson, Texas",2006-01-01,75.0
9515,Texas,"Sanderson, Texas",2007-01-01,157.0
8915,Texas,"Sanderson, Texas",2008-01-01,153.0
8315,Texas,"Sanderson, Texas",2009-01-01,205.0
7715,Texas,"Sanderson, Texas",2010-01-01,216.0
7115,Texas,"Sanderson, Texas",2011-01-01,344.0
6515,Texas,"Sanderson, Texas",2012-01-01,255.0
5915,Texas,"Sanderson, Texas",2013-01-01,261.0
5315,Texas,"Sanderson, Texas",2014-01-01,238.0
4715,Texas,"Sanderson, Texas",2015-01-01,316.0
4115,Texas,"Sanderson, Texas",2016-01-01,184.0
3515,Texas,"Sanderson, Texas",2017-01-01,193.0
2915,Texas,"Sanderson, Texas",2018-01-01,269.0
2315,Texas,"Sanderson, Texas",2019-01-01,225.0
1715,Texas,"Sanderson, Texas",2020-01-01,151.0
1115,Texas,"Sanderson, Texas",2021-01-01,153.0
515,Texas,"Sanderson, Texas",2022-01-01,198.0
10370,Idaho,"Sandpoint, Idaho",2005-01-01,2721.0
9770,Idaho,"Sandpoint, Idaho",2006-01-01,2815.0
9170,Idaho,"Sandpoint, Idaho",2007-01-01,5908.0
8570,Idaho,"Sandpoint, Idaho",2008-01-01,6181.0
7970,Idaho,"Sandpoint, Idaho",2009-01-01,5675.0
7370,Idaho,"Sandpoint, Idaho",2010-01-01,5606.0
6770,Idaho,"Sandpoint, Idaho",2011-01-01,5296.0
6170,Idaho,"Sandpoint, Idaho",2012-01-01,8815.0
5570,Idaho,"Sandpoint, Idaho",2013-01-01,9196.0
4970,Idaho,"Sandpoint, Idaho",2014-01-01,8489.0
4370,Idaho,"Sandpoint, Idaho",2015-01-01,7867.0
3770,Idaho,"Sandpoint, Idaho",2016-01-01,7510.0
3170,Idaho,"Sandpoint, Idaho",2017-01-01,7366.0
2570,Idaho,"Sandpoint, Idaho",2018-01-01,7166.0
1970,Idaho,"Sandpoint, Idaho",2019-01-01,6726.0
1370,Idaho,"Sandpoint, Idaho",2020-01-01,4186.0
770,Idaho,"Sandpoint, Idaho",2021-01-01,3594.0
170,Idaho,"Sandpoint, Idaho",2022-01-01,4537.0
10636,Ohio,"Sandusky, Ohio",2005-01-01,2340.0
10036,Ohio,"Sandusky, Ohio",2006-01-01,2142.0
9436,Ohio,"Sandusky, Ohio",2007-01-01,5439.0
8836,Ohio,"Sandusky, Ohio",2008-01-01,5832.0
8236,Ohio,"Sandusky, Ohio",2009-01-01,6513.0
7636,Ohio,"Sandusky, Ohio",2010-01-01,7826.0
7036,Ohio,"Sandusky, Ohio",2011-01-01,8881.0
6436,Ohio,"Sandusky, Ohio",2012-01-01,9155.0
5836,Ohio,"Sandusky, Ohio",2013-01-01,9591.0
5236,Ohio,"Sandusky, Ohio",2014-01-01,9840.0
4636,Ohio,"Sandusky, Ohio",2015-01-01,8853.0
4036,Ohio,"Sandusky, Ohio",2016-01-01,9593.0
3436,Ohio,"Sandusky, Ohio",2017-01-01,10009.0
2836,Ohio,"Sandusky, Ohio",2018-01-01,9138.0
2236,Ohio,"Sandusky, Ohio",2019-01-01,8821.0
1636,Ohio,"Sandusky, Ohio",2020-01-01,5360.0
1036,Ohio,"Sandusky, Ohio",2021-01-01,5164.0
436,Ohio,"Sandusky, Ohio",2022-01-01,8400.0
10356,Florida,"Sanford (Auto Train Station), Florida",2005-01-01,100772.0
9756,Florida,"Sanford (Auto Train Station), Florida",2006-01-01,99710.0
9156,Florida,"Sanford (Auto Train Station), Florida",2007-01-01,217822.0
8556,Florida,"Sanford (Auto Train Station), Florida",2008-01-01,234839.0
7956,Florida,"Sanford (Auto Train Station), Florida",2009-01-01,232955.0
7356,Florida,"Sanford (Auto Train Station), Florida",2010-01-01,244252.0
6756,Florida,"Sanford (Auto Train Station), Florida",2011-01-01,259944.0
6156,Florida,"Sanford (Auto Train Station), Florida",2012-01-01,264096.0
5556,Florida,"Sanford (Auto Train Station), Florida",2013-01-01,265274.0
4956,Florida,"Sanford (Auto Train Station), Florida",2014-01-01,274445.0
4356,Florida,"Sanford (Auto Train Station), Florida",2015-01-01,271622.0
3756,Florida,"Sanford (Auto Train Station), Florida",2016-01-01,238448.0
3156,Florida,"Sanford (Auto Train Station), Florida",2017-01-01,228943.0
2556,Florida,"Sanford (Auto Train Station), Florida",2018-01-01,224812.0
1956,Florida,"Sanford (Auto Train Station), Florida",2019-01-01,236035.0
1356,Florida,"Sanford (Auto Train Station), Florida",2020-01-01,163468.0
756,Florida,"Sanford (Auto Train Station), Florida",2021-01-01,197708.0
156,Florida,"Sanford (Auto Train Station), Florida",2022-01-01,269381.0
10291,California,"Santa Ana, California",2005-01-01,85073.0
9691,California,"Santa Ana, California",2006-01-01,84401.0
9091,California,"Santa Ana, California",2007-01-01,165972.0
8491,California,"Santa Ana, California",2008-01-01,174903.0
7891,California,"Santa Ana, California",2009-01-01,153811.0
7291,California,"Santa Ana, California",2010-01-01,152733.0
6691,California,"Santa Ana, California",2011-01-01,170036.0
6091,California,"Santa Ana, California",2012-01-01,201842.0
5491,California,"Santa Ana, California",2013-01-01,202919.0
4891,California,"Santa Ana, California",2014-01-01,185327.0
4291,California,"Santa Ana, California",2015-01-01,182291.0
3691,California,"Santa Ana, California",2016-01-01,191716.0
3091,California,"Santa Ana, California",2017-01-01,194581.0
2491,California,"Santa Ana, California",2018-01-01,191609.0
1891,California,"Santa Ana, California",2019-01-01,143020.0
1291,California,"Santa Ana, California",2020-01-01,72968.0
691,California,"Santa Ana, California",2021-01-01,50733.0
91,California,"Santa Ana, California",2022-01-01,95854.0
10292,California,"Santa Barbara, California",2005-01-01,111339.0
9692,California,"Santa Barbara, California",2006-01-01,133195.0
9092,California,"Santa Barbara, California",2007-01-01,264840.0
8492,California,"Santa Barbara, California",2008-01-01,294968.0
7892,California,"Santa Barbara, California",2009-01-01,262774.0
7292,California,"Santa Barbara, California",2010-01-01,295079.0
6692,California,"Santa Barbara, California",2011-01-01,317617.0
6092,California,"Santa Barbara, California",2012-01-01,304382.0
5492,California,"Santa Barbara, California",2013-01-01,322410.0
4892,California,"Santa Barbara, California",2014-01-01,319245.0
4292,California,"Santa Barbara, California",2015-01-01,333994.0
3692,California,"Santa Barbara, California",2016-01-01,338069.0
3092,California,"Santa Barbara, California",2017-01-01,341899.0
2492,California,"Santa Barbara, California",2018-01-01,365077.0
1892,California,"Santa Barbara, California",2019-01-01,317664.0
1292,California,"Santa Barbara, California",2020-01-01,160074.0
692,California,"Santa Barbara, California",2021-01-01,123317.0
92,California,"Santa Barbara, California",2022-01-01,213697.0
6093,California,"Santa Clara (University), California",2012-01-01,1633.0
5493,California,"Santa Clara (University), California",2013-01-01,8635.0
4893,California,"Santa Clara (University), California",2014-01-01,21732.0
4293,California,"Santa Clara (University), California",2015-01-01,30267.0
3693,California,"Santa Clara (University), California",2016-01-01,42644.0
3093,California,"Santa Clara (University), California",2017-01-01,45135.0
2493,California,"Santa Clara (University), California",2018-01-01,56127.0
1893,California,"Santa Clara (University), California",2019-01-01,67887.0
1293,California,"Santa Clara (University), California",2020-01-01,33870.0
693,California,"Santa Clara (University), California",2021-01-01,6350.0
93,California,"Santa Clara (University), California",2022-01-01,21489.0
10595,New York,"Saratoga Springs, New York",2005-01-01,13586.0
9995,New York,"Saratoga Springs, New York",2006-01-01,13316.0
9395,New York,"Saratoga Springs, New York",2007-01-01,28847.0
8795,New York,"Saratoga Springs, New York",2008-01-01,31137.0
8195,New York,"Saratoga Springs, New York",2009-01-01,29859.0
7595,New York,"Saratoga Springs, New York",2010-01-01,30261.0
6995,New York,"Saratoga Springs, New York",2011-01-01,29742.0
6395,New York,"Saratoga Springs, New York",2012-01-01,32513.0
5795,New York,"Saratoga Springs, New York",2013-01-01,33139.0
5195,New York,"Saratoga Springs, New York",2014-01-01,33814.0
4595,New York,"Saratoga Springs, New York",2015-01-01,36299.0
3995,New York,"Saratoga Springs, New York",2016-01-01,37068.0
3395,New York,"Saratoga Springs, New York",2017-01-01,36835.0
2795,New York,"Saratoga Springs, New York",2018-01-01,38170.0
2195,New York,"Saratoga Springs, New York",2019-01-01,41611.0
1595,New York,"Saratoga Springs, New York",2020-01-01,16543.0
995,New York,"Saratoga Springs, New York",2021-01-01,4753.0
395,New York,"Saratoga Springs, New York",2022-01-01,22710.0
10368,Georgia,"Savannah, Georgia",2005-01-01,19427.0
9768,Georgia,"Savannah, Georgia",2006-01-01,22841.0
9168,Georgia,"Savannah, Georgia",2007-01-01,48556.0
8568,Georgia,"Savannah, Georgia",2008-01-01,54168.0
7968,Georgia,"Savannah, Georgia",2009-01-01,56171.0
7368,Georgia,"Savannah, Georgia",2010-01-01,65656.0
6768,Georgia,"Savannah, Georgia",2011-01-01,69379.0
6168,Georgia,"Savannah, Georgia",2012-01-01,72321.0
5568,Georgia,"Savannah, Georgia",2013-01-01,71658.0
4968,Georgia,"Savannah, Georgia",2014-01-01,63016.0
4368,Georgia,"Savannah, Georgia",2015-01-01,59801.0
3768,Georgia,"Savannah, Georgia",2016-01-01,55654.0
3168,Georgia,"Savannah, Georgia",2017-01-01,57180.0
2568,Georgia,"Savannah, Georgia",2018-01-01,53769.0
1968,Georgia,"Savannah, Georgia",2019-01-01,56220.0
1368,Georgia,"Savannah, Georgia",2020-01-01,33600.0
768,Georgia,"Savannah, Georgia",2021-01-01,32763.0
168,Georgia,"Savannah, Georgia",2022-01-01,48796.0
10596,New York,"Schenectady, New York",2005-01-01,21362.0
9996,New York,"Schenectady, New York",2006-01-01,22175.0
9396,New York,"Schenectady, New York",2007-01-01,45554.0
8796,New York,"Schenectady, New York",2008-01-01,49659.0
8196,New York,"Schenectady, New York",2009-01-01,51882.0
7596,New York,"Schenectady, New York",2010-01-01,56125.0
6996,New York,"Schenectady, New York",2011-01-01,58127.0
6396,New York,"Schenectady, New York",2012-01-01,60811.0
5796,New York,"Schenectady, New York",2013-01-01,61803.0
5196,New York,"Schenectady, New York",2014-01-01,60677.0
4596,New York,"Schenectady, New York",2015-01-01,58551.0
3996,New York,"Schenectady, New York",2016-01-01,56257.0
3396,New York,"Schenectady, New York",2017-01-01,54388.0
2796,New York,"Schenectady, New York",2018-01-01,50950.0
2196,New York,"Schenectady, New York",2019-01-01,62180.0
1596,New York,"Schenectady, New York",2020-01-01,40006.0
996,New York,"Schenectady, New York",2021-01-01,34225.0
396,New York,"Schenectady, New York",2022-01-01,50041.0
10439,Louisiana,"Schriever, Louisiana",2005-01-01,187.0
9839,Louisiana,"Schriever, Louisiana",2006-01-01,266.0
9239,Louisiana,"Schriever, Louisiana",2007-01-01,744.0
8639,Louisiana,"Schriever, Louisiana",2008-01-01,1029.0
8039,Louisiana,"Schriever, Louisiana",2009-01-01,1072.0
7439,Louisiana,"Schriever, Louisiana",2010-01-01,1292.0
6839,Louisiana,"Schriever, Louisiana",2011-01-01,1383.0
6239,Louisiana,"Schriever, Louisiana",2012-01-01,1755.0
5639,Louisiana,"Schriever, Louisiana",2013-01-01,1811.0
5039,Louisiana,"Schriever, Louisiana",2014-01-01,1923.0
4439,Louisiana,"Schriever, Louisiana",2015-01-01,2028.0
3839,Louisiana,"Schriever, Louisiana",2016-01-01,1455.0
3239,Louisiana,"Schriever, Louisiana",2017-01-01,1294.0
2639,Louisiana,"Schriever, Louisiana",2018-01-01,1238.0
2039,Louisiana,"Schriever, Louisiana",2019-01-01,1124.0
1439,Louisiana,"Schriever, Louisiana",2020-01-01,710.0
839,Louisiana,"Schriever, Louisiana",2021-01-01,678.0
239,Louisiana,"Schriever, Louisiana",2022-01-01,933.0
10078,Pennsylvania,"Scranton, Pennsylvania",2006-01-01,200.0
10772,Washington,"Seattle, Washington",2005-01-01,307290.0
10172,Washington,"Seattle, Washington",2006-01-01,295861.0
9572,Washington,"Seattle, Washington",2007-01-01,584753.0
8972,Washington,"Seattle, Washington",2008-01-01,617067.0
8372,Washington,"Seattle, Washington",2009-01-01,615735.0
7772,Washington,"Seattle, Washington",2010-01-01,677953.0
7172,Washington,"Seattle, Washington",2011-01-01,672485.0
6572,Washington,"Seattle, Washington",2012-01-01,672351.0
5972,Washington,"Seattle, Washington",2013-01-01,640054.0
5372,Washington,"Seattle, Washington",2014-01-01,626623.0
4772,Washington,"Seattle, Washington",2015-01-01,604832.0
4172,Washington,"Seattle, Washington",2016-01-01,649491.0
3572,Washington,"Seattle, Washington",2017-01-01,667475.0
2972,Washington,"Seattle, Washington",2018-01-01,686426.0
2372,Washington,"Seattle, Washington",2019-01-01,682132.0
1772,Washington,"Seattle, Washington",2020-01-01,289180.0
1172,Washington,"Seattle, Washington",2021-01-01,193076.0
572,Washington,"Seattle, Washington",2022-01-01,384726.0
10357,Florida,"Sebring, Florida",2005-01-01,7603.0
9757,Florida,"Sebring, Florida",2006-01-01,6963.0
9157,Florida,"Sebring, Florida",2007-01-01,15227.0
8557,Florida,"Sebring, Florida",2008-01-01,17945.0
7957,Florida,"Sebring, Florida",2009-01-01,16982.0
7357,Florida,"Sebring, Florida",2010-01-01,18951.0
6757,Florida,"Sebring, Florida",2011-01-01,19988.0
6157,Florida,"Sebring, Florida",2012-01-01,18202.0
5557,Florida,"Sebring, Florida",2013-01-01,17111.0
4957,Florida,"Sebring, Florida",2014-01-01,17076.0
4357,Florida,"Sebring, Florida",2015-01-01,17397.0
3757,Florida,"Sebring, Florida",2016-01-01,16416.0
3157,Florida,"Sebring, Florida",2017-01-01,15214.0
2557,Florida,"Sebring, Florida",2018-01-01,13847.0
1957,Florida,"Sebring, Florida",2019-01-01,14083.0
1357,Florida,"Sebring, Florida",2020-01-01,9166.0
757,Florida,"Sebring, Florida",2021-01-01,8619.0
157,Florida,"Sebring, Florida",2022-01-01,10301.0
10524,Missouri,"Sedalia, Missouri",2005-01-01,4904.0
9924,Missouri,"Sedalia, Missouri",2006-01-01,3809.0
9324,Missouri,"Sedalia, Missouri",2007-01-01,8010.0
8724,Missouri,"Sedalia, Missouri",2008-01-01,9643.0
8124,Missouri,"Sedalia, Missouri",2009-01-01,9912.0
7524,Missouri,"Sedalia, Missouri",2010-01-01,11136.0
6924,Missouri,"Sedalia, Missouri",2011-01-01,11409.0
6324,Missouri,"Sedalia, Missouri",2012-01-01,12194.0
5724,Missouri,"Sedalia, Missouri",2013-01-01,12322.0
5124,Missouri,"Sedalia, Missouri",2014-01-01,11774.0
4524,Missouri,"Sedalia, Missouri",2015-01-01,10986.0
3924,Missouri,"Sedalia, Missouri",2016-01-01,9900.0
3324,Missouri,"Sedalia, Missouri",2017-01-01,9756.0
2724,Missouri,"Sedalia, Missouri",2018-01-01,9289.0
2124,Missouri,"Sedalia, Missouri",2019-01-01,8128.0
1524,Missouri,"Sedalia, Missouri",2020-01-01,4612.0
924,Missouri,"Sedalia, Missouri",2021-01-01,5341.0
324,Missouri,"Sedalia, Missouri",2022-01-01,6558.0
10618,North Carolina,"Selma-Smithfield, North Carolina",2005-01-01,4024.0
10018,North Carolina,"Selma-Smithfield, North Carolina",2006-01-01,4552.0
9418,North Carolina,"Selma-Smithfield, North Carolina",2007-01-01,10436.0
8818,North Carolina,"Selma-Smithfield, North Carolina",2008-01-01,12498.0
8218,North Carolina,"Selma-Smithfield, North Carolina",2009-01-01,11241.0
7618,North Carolina,"Selma-Smithfield, North Carolina",2010-01-01,12256.0
7018,North Carolina,"Selma-Smithfield, North Carolina",2011-01-01,13248.0
6418,North Carolina,"Selma-Smithfield, North Carolina",2012-01-01,13388.0
5818,North Carolina,"Selma-Smithfield, North Carolina",2013-01-01,13222.0
5218,North Carolina,"Selma-Smithfield, North Carolina",2014-01-01,13401.0
4618,North Carolina,"Selma-Smithfield, North Carolina",2015-01-01,13597.0
4018,North Carolina,"Selma-Smithfield, North Carolina",2016-01-01,13132.0
3418,North Carolina,"Selma-Smithfield, North Carolina",2017-01-01,13724.0
2818,North Carolina,"Selma-Smithfield, North Carolina",2018-01-01,12930.0
2218,North Carolina,"Selma-Smithfield, North Carolina",2019-01-01,11804.0
1618,North Carolina,"Selma-Smithfield, North Carolina",2020-01-01,7567.0
1018,North Carolina,"Selma-Smithfield, North Carolina",2021-01-01,7720.0
418,North Carolina,"Selma-Smithfield, North Carolina",2022-01-01,11403.0
10536,Montana,"Shelby, Montana",2005-01-01,7118.0
9936,Montana,"Shelby, Montana",2006-01-01,8233.0
9336,Montana,"Shelby, Montana",2007-01-01,16463.0
8736,Montana,"Shelby, Montana",2008-01-01,18881.0
8136,Montana,"Shelby, Montana",2009-01-01,15972.0
7536,Montana,"Shelby, Montana",2010-01-01,16534.0
6936,Montana,"Shelby, Montana",2011-01-01,13358.0
6336,Montana,"Shelby, Montana",2012-01-01,15501.0
5736,Montana,"Shelby, Montana",2013-01-01,14459.0
5136,Montana,"Shelby, Montana",2014-01-01,11984.0
4536,Montana,"Shelby, Montana",2015-01-01,11399.0
3936,Montana,"Shelby, Montana",2016-01-01,10823.0
3336,Montana,"Shelby, Montana",2017-01-01,10887.0
2736,Montana,"Shelby, Montana",2018-01-01,10387.0
2136,Montana,"Shelby, Montana",2019-01-01,9130.0
1536,Montana,"Shelby, Montana",2020-01-01,4964.0
936,Montana,"Shelby, Montana",2021-01-01,4027.0
336,Montana,"Shelby, Montana",2022-01-01,5989.0
10294,California,"Simi Valley, California",2005-01-01,14599.0
9694,California,"Simi Valley, California",2006-01-01,16580.0
9094,California,"Simi Valley, California",2007-01-01,37212.0
8494,California,"Simi Valley, California",2008-01-01,40821.0
7894,California,"Simi Valley, California",2009-01-01,36696.0
7294,California,"Simi Valley, California",2010-01-01,38946.0
6694,California,"Simi Valley, California",2011-01-01,41136.0
6094,California,"Simi Valley, California",2012-01-01,40697.0
5494,California,"Simi Valley, California",2013-01-01,40126.0
4894,California,"Simi Valley, California",2014-01-01,46008.0
4294,California,"Simi Valley, California",2015-01-01,49756.0
3694,California,"Simi Valley, California",2016-01-01,51049.0
3094,California,"Simi Valley, California",2017-01-01,52064.0
2494,California,"Simi Valley, California",2018-01-01,43456.0
1894,California,"Simi Valley, California",2019-01-01,46391.0
1294,California,"Simi Valley, California",2020-01-01,23948.0
694,California,"Simi Valley, California",2021-01-01,16690.0
94,California,"Simi Valley, California",2022-01-01,26689.0
10440,Louisiana,"Slidell, Louisiana",2005-01-01,2345.0
9840,Louisiana,"Slidell, Louisiana",2006-01-01,2903.0
9240,Louisiana,"Slidell, Louisiana",2007-01-01,5761.0
8640,Louisiana,"Slidell, Louisiana",2008-01-01,6221.0
8040,Louisiana,"Slidell, Louisiana",2009-01-01,6276.0
7440,Louisiana,"Slidell, Louisiana",2010-01-01,7369.0
6840,Louisiana,"Slidell, Louisiana",2011-01-01,7316.0
6240,Louisiana,"Slidell, Louisiana",2012-01-01,7101.0
5640,Louisiana,"Slidell, Louisiana",2013-01-01,7596.0
5040,Louisiana,"Slidell, Louisiana",2014-01-01,6846.0
4440,Louisiana,"Slidell, Louisiana",2015-01-01,6127.0
3840,Louisiana,"Slidell, Louisiana",2016-01-01,5961.0
3240,Louisiana,"Slidell, Louisiana",2017-01-01,10644.0
2640,Louisiana,"Slidell, Louisiana",2018-01-01,9100.0
2040,Louisiana,"Slidell, Louisiana",2019-01-01,4702.0
1440,Louisiana,"Slidell, Louisiana",2020-01-01,2644.0
840,Louisiana,"Slidell, Louisiana",2021-01-01,1861.0
240,Louisiana,"Slidell, Louisiana",2022-01-01,3219.0
10295,California,"Solana Beach, California",2005-01-01,206230.0
9695,California,"Solana Beach, California",2006-01-01,213866.0
9095,California,"Solana Beach, California",2007-01-01,424789.0
8495,California,"Solana Beach, California",2008-01-01,448081.0
7895,California,"Solana Beach, California",2009-01-01,411687.0
7295,California,"Solana Beach, California",2010-01-01,408060.0
6695,California,"Solana Beach, California",2011-01-01,443386.0
6095,California,"Solana Beach, California",2012-01-01,421614.0
5495,California,"Solana Beach, California",2013-01-01,428841.0
4895,California,"Solana Beach, California",2014-01-01,384547.0
4295,California,"Solana Beach, California",2015-01-01,408248.0
3695,California,"Solana Beach, California",2016-01-01,396157.0
3095,California,"Solana Beach, California",2017-01-01,387956.0
2495,California,"Solana Beach, California",2018-01-01,388823.0
1895,California,"Solana Beach, California",2019-01-01,369414.0
1295,California,"Solana Beach, California",2020-01-01,165202.0
695,California,"Solana Beach, California",2021-01-01,94621.0
95,California,"Solana Beach, California",2022-01-01,176089.0
5496,California,"Sorrento Valley, California",2013-01-01,0.0
4896,California,"Sorrento Valley, California",2014-01-01,9746.0
4296,California,"Sorrento Valley, California",2015-01-01,16523.0
3696,California,"Sorrento Valley, California",2016-01-01,20720.0
3096,California,"Sorrento Valley, California",2017-01-01,27335.0
2496,California,"Sorrento Valley, California",2018-01-01,21413.0
1897,California,"Sorrento Valley, California",2019-01-01,463.0
10414,Indiana,"South Bend, Indiana",2005-01-01,9411.0
9814,Indiana,"South Bend, Indiana",2006-01-01,8621.0
9214,Indiana,"South Bend, Indiana",2007-01-01,15856.0
8614,Indiana,"South Bend, Indiana",2008-01-01,17576.0
8014,Indiana,"South Bend, Indiana",2009-01-01,18436.0
7414,Indiana,"South Bend, Indiana",2010-01-01,21063.0
6814,Indiana,"South Bend, Indiana",2011-01-01,23662.0
6214,Indiana,"South Bend, Indiana",2012-01-01,24799.0
5614,Indiana,"South Bend, Indiana",2013-01-01,25613.0
5014,Indiana,"South Bend, Indiana",2014-01-01,24545.0
4414,Indiana,"South Bend, Indiana",2015-01-01,22867.0
3814,Indiana,"South Bend, Indiana",2016-01-01,21389.0
3214,Indiana,"South Bend, Indiana",2017-01-01,21818.0
2614,Indiana,"South Bend, Indiana",2018-01-01,21260.0
2014,Indiana,"South Bend, Indiana",2019-01-01,19931.0
1414,Indiana,"South Bend, Indiana",2020-01-01,12724.0
814,Indiana,"South Bend, Indiana",2021-01-01,9292.0
214,Indiana,"South Bend, Indiana",2022-01-01,18848.0
10433,Kentucky,"South Shore-South Portsmouth, Kentucky",2005-01-01,394.0
9833,Kentucky,"South Shore-South Portsmouth, Kentucky",2006-01-01,447.0
9233,Kentucky,"South Shore-South Portsmouth, Kentucky",2007-01-01,715.0
8633,Kentucky,"South Shore-South Portsmouth, Kentucky",2008-01-01,811.0
8033,Kentucky,"South Shore-South Portsmouth, Kentucky",2009-01-01,771.0
7433,Kentucky,"South Shore-South Portsmouth, Kentucky",2010-01-01,1019.0
6833,Kentucky,"South Shore-South Portsmouth, Kentucky",2011-01-01,856.0
6233,Kentucky,"South Shore-South Portsmouth, Kentucky",2012-01-01,1037.0
5633,Kentucky,"South Shore-South Portsmouth, Kentucky",2013-01-01,1010.0
5033,Kentucky,"South Shore-South Portsmouth, Kentucky",2014-01-01,995.0
4433,Kentucky,"South Shore-South Portsmouth, Kentucky",2015-01-01,1057.0
3833,Kentucky,"South Shore-South Portsmouth, Kentucky",2016-01-01,1123.0
3233,Kentucky,"South Shore-South Portsmouth, Kentucky",2017-01-01,1095.0
2633,Kentucky,"South Shore-South Portsmouth, Kentucky",2018-01-01,875.0
2033,Kentucky,"South Shore-South Portsmouth, Kentucky",2019-01-01,1052.0
1433,Kentucky,"South Shore-South Portsmouth, Kentucky",2020-01-01,658.0
833,Kentucky,"South Shore-South Portsmouth, Kentucky",2021-01-01,643.0
233,Kentucky,"South Shore-South Portsmouth, Kentucky",2022-01-01,732.0
10619,North Carolina,"Southern Pines, North Carolina",2005-01-01,2090.0
10019,North Carolina,"Southern Pines, North Carolina",2006-01-01,2166.0
9419,North Carolina,"Southern Pines, North Carolina",2007-01-01,4500.0
8819,North Carolina,"Southern Pines, North Carolina",2008-01-01,5389.0
8219,North Carolina,"Southern Pines, North Carolina",2009-01-01,6239.0
7619,North Carolina,"Southern Pines, North Carolina",2010-01-01,6392.0
7019,North Carolina,"Southern Pines, North Carolina",2011-01-01,7234.0
6419,North Carolina,"Southern Pines, North Carolina",2012-01-01,7092.0
5819,North Carolina,"Southern Pines, North Carolina",2013-01-01,7554.0
5219,North Carolina,"Southern Pines, North Carolina",2014-01-01,7210.0
4619,North Carolina,"Southern Pines, North Carolina",2015-01-01,7567.0
4019,North Carolina,"Southern Pines, North Carolina",2016-01-01,7112.0
3419,North Carolina,"Southern Pines, North Carolina",2017-01-01,7065.0
2819,North Carolina,"Southern Pines, North Carolina",2018-01-01,6925.0
2219,North Carolina,"Southern Pines, North Carolina",2019-01-01,7351.0
1619,North Carolina,"Southern Pines, North Carolina",2020-01-01,4088.0
1019,North Carolina,"Southern Pines, North Carolina",2021-01-01,2801.0
419,North Carolina,"Southern Pines, North Carolina",2022-01-01,6267.0
10552,Nevada,"Sparks, Nevada",2005-01-01,10456.0
9953,Nevada,"Sparks, Nevada (Train Stop)",2006-01-01,11778.0
9348,Nebraska,"Sparks, Nevada (Train Stop)",2007-01-01,1686.0
8748,Nebraska,"Sparks, Nevada (Train Stop)",2008-01-01,2095.0
8153,Nevada,"Sparks, Nevada (Train Stop)",2009-01-01,1168.0
7553,Nevada,"Sparks, Nevada (Train Stop)",2010-01-01,0.0
10694,South Carolina,"Spartanburg, South Carolina",2005-01-01,2189.0
10094,South Carolina,"Spartanburg, South Carolina",2006-01-01,2110.0
9494,South Carolina,"Spartanburg, South Carolina",2007-01-01,4245.0
8894,South Carolina,"Spartanburg, South Carolina",2008-01-01,4238.0
8294,South Carolina,"Spartanburg, South Carolina",2009-01-01,4102.0
7694,South Carolina,"Spartanburg, South Carolina",2010-01-01,4955.0
7094,South Carolina,"Spartanburg, South Carolina",2011-01-01,4469.0
6494,South Carolina,"Spartanburg, South Carolina",2012-01-01,4452.0
5894,South Carolina,"Spartanburg, South Carolina",2013-01-01,4545.0
5294,South Carolina,"Spartanburg, South Carolina",2014-01-01,4451.0
4694,South Carolina,"Spartanburg, South Carolina",2015-01-01,4143.0
4094,South Carolina,"Spartanburg, South Carolina",2016-01-01,3777.0
3494,South Carolina,"Spartanburg, South Carolina",2017-01-01,3548.0
2894,South Carolina,"Spartanburg, South Carolina",2018-01-01,3870.0
2294,South Carolina,"Spartanburg, South Carolina",2019-01-01,3711.0
1694,South Carolina,"Spartanburg, South Carolina",2020-01-01,2310.0
1094,South Carolina,"Spartanburg, South Carolina",2021-01-01,1802.0
494,South Carolina,"Spartanburg, South Carolina",2022-01-01,2699.0
10773,Washington,"Spokane, Washington",2005-01-01,20676.0
10173,Washington,"Spokane, Washington",2006-01-01,20904.0
9573,Washington,"Spokane, Washington",2007-01-01,43900.0
8973,Washington,"Spokane, Washington",2008-01-01,53196.0
8373,Washington,"Spokane, Washington",2009-01-01,47891.0
7773,Washington,"Spokane, Washington",2010-01-01,50279.0
7173,Washington,"Spokane, Washington",2011-01-01,46798.0
6573,Washington,"Spokane, Washington",2012-01-01,62773.0
5973,Washington,"Spokane, Washington",2013-01-01,63975.0
5373,Washington,"Spokane, Washington",2014-01-01,53500.0
4773,Washington,"Spokane, Washington",2015-01-01,50365.0
4173,Washington,"Spokane, Washington",2016-01-01,51211.0
3573,Washington,"Spokane, Washington",2017-01-01,50347.0
2973,Washington,"Spokane, Washington",2018-01-01,47562.0
2373,Washington,"Spokane, Washington",2019-01-01,46802.0
1773,Washington,"Spokane, Washington",2020-01-01,29007.0
1173,Washington,"Spokane, Washington",2021-01-01,22544.0
573,Washington,"Spokane, Washington",2022-01-01,34053.0
10400,Illinois,"Springfield, Illinois",2005-01-01,52929.0
9800,Illinois,"Springfield, Illinois",2006-01-01,54349.0
9200,Illinois,"Springfield, Illinois",2007-01-01,141936.0
8600,Illinois,"Springfield, Illinois",2008-01-01,157540.0
8000,Illinois,"Springfield, Illinois",2009-01-01,170550.0
7400,Illinois,"Springfield, Illinois",2010-01-01,190172.0
6800,Illinois,"Springfield, Illinois",2011-01-01,159444.0
6200,Illinois,"Springfield, Illinois",2012-01-01,192216.0
5600,Illinois,"Springfield, Illinois",2013-01-01,202095.0
5000,Illinois,"Springfield, Illinois",2014-01-01,194762.0
4400,Illinois,"Springfield, Illinois",2015-01-01,184420.0
3800,Illinois,"Springfield, Illinois",2016-01-01,165484.0
3200,Illinois,"Springfield, Illinois",2017-01-01,177241.0
2600,Illinois,"Springfield, Illinois",2018-01-01,168969.0
2000,Illinois,"Springfield, Illinois",2019-01-01,161319.0
1400,Illinois,"Springfield, Illinois",2020-01-01,79796.0
800,Illinois,"Springfield, Illinois",2021-01-01,61866.0
200,Illinois,"Springfield, Illinois",2022-01-01,118743.0
10464,Massachusetts,"Springfield, Massachusetts",2005-01-01,54162.0
9864,Massachusetts,"Springfield, Massachusetts",2006-01-01,55538.0
9264,Massachusetts,"Springfield, Massachusetts",2007-01-01,112314.0
8664,Massachusetts,"Springfield, Massachusetts",2008-01-01,113955.0
8064,Massachusetts,"Springfield, Massachusetts",2009-01-01,111215.0
7464,Massachusetts,"Springfield, Massachusetts",2010-01-01,130790.0
6864,Massachusetts,"Springfield, Massachusetts",2011-01-01,157724.0
6264,Massachusetts,"Springfield, Massachusetts",2012-01-01,143605.0
5664,Massachusetts,"Springfield, Massachusetts",2013-01-01,141947.0
5064,Massachusetts,"Springfield, Massachusetts",2014-01-01,135243.0
4464,Massachusetts,"Springfield, Massachusetts",2015-01-01,124580.0
3864,Massachusetts,"Springfield, Massachusetts",2016-01-01,93650.0
3264,Massachusetts,"Springfield, Massachusetts",2017-01-01,89629.0
2664,Massachusetts,"Springfield, Massachusetts",2018-01-01,101394.0
2064,Massachusetts,"Springfield, Massachusetts",2019-01-01,125433.0
1464,Massachusetts,"Springfield, Massachusetts",2020-01-01,72024.0
864,Massachusetts,"Springfield, Massachusetts",2021-01-01,62879.0
264,Massachusetts,"Springfield, Massachusetts",2022-01-01,112712.0
10734,Vermont,"St. Albans, Vermont",2005-01-01,1960.0
10134,Vermont,"St. Albans, Vermont",2006-01-01,1455.0
9534,Vermont,"St. Albans, Vermont",2007-01-01,2374.0
8934,Vermont,"St. Albans, Vermont",2008-01-01,2564.0
8334,Vermont,"St. Albans, Vermont",2009-01-01,2737.0
7734,Vermont,"St. Albans, Vermont",2010-01-01,3481.0
7134,Vermont,"St. Albans, Vermont",2011-01-01,3023.0
6534,Vermont,"St. Albans, Vermont",2012-01-01,3345.0
5934,Vermont,"St. Albans, Vermont",2013-01-01,3592.0
5334,Vermont,"St. Albans, Vermont",2014-01-01,4401.0
4734,Vermont,"St. Albans, Vermont",2015-01-01,4096.0
4134,Vermont,"St. Albans, Vermont",2016-01-01,3382.0
3534,Vermont,"St. Albans, Vermont",2017-01-01,3742.0
2934,Vermont,"St. Albans, Vermont",2018-01-01,3726.0
2334,Vermont,"St. Albans, Vermont",2019-01-01,3733.0
1734,Vermont,"St. Albans, Vermont",2020-01-01,1735.0
1134,Vermont,"St. Albans, Vermont",2021-01-01,1081.0
534,Vermont,"St. Albans, Vermont",2022-01-01,3621.0
10495,Minnesota,"St. Cloud, Minnesota",2005-01-01,5764.0
9895,Minnesota,"St. Cloud, Minnesota",2006-01-01,6051.0
9295,Minnesota,"St. Cloud, Minnesota",2007-01-01,12641.0
8695,Minnesota,"St. Cloud, Minnesota",2008-01-01,14206.0
8095,Minnesota,"St. Cloud, Minnesota",2009-01-01,11952.0
7495,Minnesota,"St. Cloud, Minnesota",2010-01-01,12459.0
6895,Minnesota,"St. Cloud, Minnesota",2011-01-01,10614.0
6295,Minnesota,"St. Cloud, Minnesota",2012-01-01,13740.0
5695,Minnesota,"St. Cloud, Minnesota",2013-01-01,13537.0
5095,Minnesota,"St. Cloud, Minnesota",2014-01-01,10431.0
4495,Minnesota,"St. Cloud, Minnesota",2015-01-01,9950.0
3895,Minnesota,"St. Cloud, Minnesota",2016-01-01,11457.0
3295,Minnesota,"St. Cloud, Minnesota",2017-01-01,10325.0
2695,Minnesota,"St. Cloud, Minnesota",2018-01-01,9566.0
2095,Minnesota,"St. Cloud, Minnesota",2019-01-01,9143.0
1495,Minnesota,"St. Cloud, Minnesota",2020-01-01,5953.0
895,Minnesota,"St. Cloud, Minnesota",2021-01-01,5422.0
295,Minnesota,"St. Cloud, Minnesota",2022-01-01,6156.0
10490,Michigan,"St. Joseph/Benton Harbor, Michigan",2005-01-01,3697.0
9890,Michigan,"St. Joseph/Benton Harbor, Michigan",2006-01-01,3974.0
9290,Michigan,"St. Joseph/Benton Harbor, Michigan",2007-01-01,8445.0
8690,Michigan,"St. Joseph/Benton Harbor, Michigan",2008-01-01,8521.0
8090,Michigan,"St. Joseph/Benton Harbor, Michigan",2009-01-01,8470.0
7490,Michigan,"St. Joseph/Benton Harbor, Michigan",2010-01-01,9999.0
6890,Michigan,"St. Joseph/Benton Harbor, Michigan",2011-01-01,10680.0
6290,Michigan,"St. Joseph/Benton Harbor, Michigan",2012-01-01,10981.0
5690,Michigan,"St. Joseph/Benton Harbor, Michigan",2013-01-01,11366.0
5090,Michigan,"St. Joseph/Benton Harbor, Michigan",2014-01-01,12426.0
4490,Michigan,"St. Joseph/Benton Harbor, Michigan",2015-01-01,11976.0
3890,Michigan,"St. Joseph/Benton Harbor, Michigan",2016-01-01,12651.0
3290,Michigan,"St. Joseph/Benton Harbor, Michigan",2017-01-01,14006.0
2690,Michigan,"St. Joseph/Benton Harbor, Michigan",2018-01-01,14824.0
2090,Michigan,"St. Joseph/Benton Harbor, Michigan",2019-01-01,14668.0
1490,Michigan,"St. Joseph/Benton Harbor, Michigan",2020-01-01,6717.0
890,Michigan,"St. Joseph/Benton Harbor, Michigan",2021-01-01,7931.0
290,Michigan,"St. Joseph/Benton Harbor, Michigan",2022-01-01,11741.0
10525,Missouri,"St. Louis, Missouri",2005-01-01,88189.0
9925,Missouri,"St. Louis, Missouri",2006-01-01,84202.0
9325,Missouri,"St. Louis, Missouri",2007-01-01,219593.0
8725,Missouri,"St. Louis, Missouri",2008-01-01,271997.0
8125,Missouri,"St. Louis, Missouri",2009-01-01,278778.0
7525,Missouri,"St. Louis, Missouri",2010-01-01,321629.0
6925,Missouri,"St. Louis, Missouri",2011-01-01,310859.0
6325,Missouri,"St. Louis, Missouri",2012-01-01,353696.0
5725,Missouri,"St. Louis, Missouri",2013-01-01,378146.0
5125,Missouri,"St. Louis, Missouri",2014-01-01,350866.0
4525,Missouri,"St. Louis, Missouri",2015-01-01,323150.0
3925,Missouri,"St. Louis, Missouri",2016-01-01,333266.0
3325,Missouri,"St. Louis, Missouri",2017-01-01,365030.0
2725,Missouri,"St. Louis, Missouri",2018-01-01,362172.0
2125,Missouri,"St. Louis, Missouri",2019-01-01,354304.0
1525,Missouri,"St. Louis, Missouri",2020-01-01,174773.0
925,Missouri,"St. Louis, Missouri",2021-01-01,145840.0
325,Missouri,"St. Louis, Missouri",2022-01-01,293338.0
10496,Minnesota,"St. Paul-Minneapolis, Minnesota",2005-01-01,67507.0
9896,Minnesota,"St. Paul-Minneapolis, Minnesota",2006-01-01,71571.0
9296,Minnesota,"St. Paul-Minneapolis, Minnesota",2007-01-01,133100.0
8696,Minnesota,"St. Paul-Minneapolis, Minnesota",2008-01-01,147791.0
8096,Minnesota,"St. Paul-Minneapolis, Minnesota",2009-01-01,133674.0
7496,Minnesota,"St. Paul-Minneapolis, Minnesota",2010-01-01,128658.0
6896,Minnesota,"St. Paul-Minneapolis, Minnesota",2011-01-01,116785.0
6296,Minnesota,"St. Paul-Minneapolis, Minnesota",2012-01-01,120515.0
5696,Minnesota,"St. Paul-Minneapolis, Minnesota",2013-01-01,116991.0
5096,Minnesota,"St. Paul-Minneapolis, Minnesota",2014-01-01,94077.0
4496,Minnesota,"St. Paul-Minneapolis, Minnesota",2015-01-01,92090.0
3896,Minnesota,"St. Paul-Minneapolis, Minnesota",2016-01-01,96539.0
3296,Minnesota,"St. Paul-Minneapolis, Minnesota",2017-01-01,92271.0
2696,Minnesota,"St. Paul-Minneapolis, Minnesota",2018-01-01,85627.0
2096,Minnesota,"St. Paul-Minneapolis, Minnesota",2019-01-01,90961.0
1496,Minnesota,"St. Paul-Minneapolis, Minnesota",2020-01-01,48359.0
896,Minnesota,"St. Paul-Minneapolis, Minnesota",2021-01-01,42662.0
296,Minnesota,"St. Paul-Minneapolis, Minnesota",2022-01-01,59815.0
10329,Connecticut,"Stamford, Connecticut",2005-01-01,141723.0
9729,Connecticut,"Stamford, Connecticut",2006-01-01,149298.0
9129,Connecticut,"Stamford, Connecticut",2007-01-01,339932.0
8529,Connecticut,"Stamford, Connecticut",2008-01-01,368918.0
7929,Connecticut,"Stamford, Connecticut",2009-01-01,337674.0
7329,Connecticut,"Stamford, Connecticut",2010-01-01,355232.0
6729,Connecticut,"Stamford, Connecticut",2011-01-01,385069.0
6129,Connecticut,"Stamford, Connecticut",2012-01-01,393703.0
5529,Connecticut,"Stamford, Connecticut",2013-01-01,388733.0
4929,Connecticut,"Stamford, Connecticut",2014-01-01,401414.0
4329,Connecticut,"Stamford, Connecticut",2015-01-01,394824.0
3729,Connecticut,"Stamford, Connecticut",2016-01-01,401548.0
3129,Connecticut,"Stamford, Connecticut",2017-01-01,410593.0
2529,Connecticut,"Stamford, Connecticut",2018-01-01,416315.0
1929,Connecticut,"Stamford, Connecticut",2019-01-01,429103.0
1329,Connecticut,"Stamford, Connecticut",2020-01-01,210417.0
729,Connecticut,"Stamford, Connecticut",2021-01-01,133681.0
129,Connecticut,"Stamford, Connecticut",2022-01-01,269195.0
10626,North Dakota,"Stanley, North Dakota",2005-01-01,1273.0
10026,North Dakota,"Stanley, North Dakota",2006-01-01,1339.0
9426,North Dakota,"Stanley, North Dakota",2007-01-01,3190.0
8826,North Dakota,"Stanley, North Dakota",2008-01-01,3694.0
8226,North Dakota,"Stanley, North Dakota",2009-01-01,3921.0
7626,North Dakota,"Stanley, North Dakota",2010-01-01,4549.0
7026,North Dakota,"Stanley, North Dakota",2011-01-01,6146.0
6426,North Dakota,"Stanley, North Dakota",2012-01-01,10234.0
5826,North Dakota,"Stanley, North Dakota",2013-01-01,9411.0
5226,North Dakota,"Stanley, North Dakota",2014-01-01,7036.0
4626,North Dakota,"Stanley, North Dakota",2015-01-01,6514.0
4026,North Dakota,"Stanley, North Dakota",2016-01-01,5133.0
3426,North Dakota,"Stanley, North Dakota",2017-01-01,4594.0
2826,North Dakota,"Stanley, North Dakota",2018-01-01,4297.0
2226,North Dakota,"Stanley, North Dakota",2019-01-01,4463.0
1626,North Dakota,"Stanley, North Dakota",2020-01-01,2960.0
1026,North Dakota,"Stanley, North Dakota",2021-01-01,1739.0
426,North Dakota,"Stanley, North Dakota",2022-01-01,2080.0
7774,Washington,"Stanwood, Washington",2010-01-01,4396.0
7174,Washington,"Stanwood, Washington",2011-01-01,4134.0
6574,Washington,"Stanwood, Washington",2012-01-01,4237.0
5974,Washington,"Stanwood, Washington",2013-01-01,4255.0
5374,Washington,"Stanwood, Washington",2014-01-01,4674.0
4774,Washington,"Stanwood, Washington",2015-01-01,4499.0
4174,Washington,"Stanwood, Washington",2016-01-01,4975.0
3574,Washington,"Stanwood, Washington",2017-01-01,5172.0
2974,Washington,"Stanwood, Washington",2018-01-01,5078.0
2374,Washington,"Stanwood, Washington",2019-01-01,5856.0
1774,Washington,"Stanwood, Washington",2020-01-01,2134.0
574,Washington,"Stanwood, Washington",2022-01-01,10.0
10497,Minnesota,"Staples, Minnesota",2005-01-01,2613.0
9897,Minnesota,"Staples, Minnesota",2006-01-01,2843.0
9297,Minnesota,"Staples, Minnesota",2007-01-01,5943.0
8697,Minnesota,"Staples, Minnesota",2008-01-01,8606.0
8097,Minnesota,"Staples, Minnesota",2009-01-01,6269.0
7497,Minnesota,"Staples, Minnesota",2010-01-01,5157.0
6897,Minnesota,"Staples, Minnesota",2011-01-01,5961.0
6297,Minnesota,"Staples, Minnesota",2012-01-01,7931.0
5697,Minnesota,"Staples, Minnesota",2013-01-01,6359.0
5097,Minnesota,"Staples, Minnesota",2014-01-01,5624.0
4497,Minnesota,"Staples, Minnesota",2015-01-01,5238.0
3897,Minnesota,"Staples, Minnesota",2016-01-01,6120.0
3297,Minnesota,"Staples, Minnesota",2017-01-01,5676.0
2697,Minnesota,"Staples, Minnesota",2018-01-01,5723.0
2097,Minnesota,"Staples, Minnesota",2019-01-01,6014.0
1497,Minnesota,"Staples, Minnesota",2020-01-01,4050.0
897,Minnesota,"Staples, Minnesota",2021-01-01,4339.0
297,Minnesota,"Staples, Minnesota",2022-01-01,5363.0
10758,Virginia,"Staunton, Virginia",2005-01-01,2387.0
10158,Virginia,"Staunton, Virginia",2006-01-01,2970.0
9558,Virginia,"Staunton, Virginia",2007-01-01,6345.0
8958,Virginia,"Staunton, Virginia",2008-01-01,6265.0
8358,Virginia,"Staunton, Virginia",2009-01-01,6105.0
7758,Virginia,"Staunton, Virginia",2010-01-01,5860.0
7158,Virginia,"Staunton, Virginia",2011-01-01,6217.0
6558,Virginia,"Staunton, Virginia",2012-01-01,6930.0
5958,Virginia,"Staunton, Virginia",2013-01-01,7733.0
5358,Virginia,"Staunton, Virginia",2014-01-01,6823.0
4758,Virginia,"Staunton, Virginia",2015-01-01,6735.0
4158,Virginia,"Staunton, Virginia",2016-01-01,6250.0
3558,Virginia,"Staunton, Virginia",2017-01-01,6487.0
2958,Virginia,"Staunton, Virginia",2018-01-01,5160.0
2358,Virginia,"Staunton, Virginia",2019-01-01,5405.0
1758,Virginia,"Staunton, Virginia",2020-01-01,3565.0
1158,Virginia,"Staunton, Virginia",2021-01-01,3610.0
558,Virginia,"Staunton, Virginia",2022-01-01,4748.0
10298,California,"Stockton (Downtown), California",2005-01-01,6740.0
9698,California,"Stockton (Downtown), California",2006-01-01,8721.0
9098,California,"Stockton (Downtown), California",2007-01-01,20991.0
8498,California,"Stockton (Downtown), California",2008-01-01,29498.0
7898,California,"Stockton (Downtown), California",2009-01-01,32952.0
7298,California,"Stockton (Downtown), California",2010-01-01,34188.0
6698,California,"Stockton (Downtown), California",2011-01-01,38401.0
6098,California,"Stockton (Downtown), California",2012-01-01,40056.0
5498,California,"Stockton (Downtown), California",2013-01-01,43230.0
4898,California,"Stockton (Downtown), California",2014-01-01,41488.0
4298,California,"Stockton (Downtown), California",2015-01-01,40428.0
3698,California,"Stockton (Downtown), California",2016-01-01,37916.0
3098,California,"Stockton (Downtown), California",2017-01-01,32266.0
2499,California,"Stockton (Downtown), California",2018-01-01,24602.0
1898,California,"Stockton (Downtown), California",2019-01-01,16517.0
1298,California,"Stockton (Downtown), California",2020-01-01,8818.0
698,California,"Stockton (Downtown), California",2021-01-01,1.0
98,California,"Stockton (Downtown), California",2022-01-01,2824.0
10300,California,"Stockton (San Joaquin St.), California",2005-01-01,83236.0
9700,California,"Stockton (San Joaquin St.), California",2006-01-01,93842.0
9100,California,"Stockton (San Joaquin St.), California",2007-01-01,192193.0
8500,California,"Stockton (San Joaquin St.), California",2008-01-01,226311.0
7900,California,"Stockton (San Joaquin St.), California",2009-01-01,223268.0
7300,California,"Stockton (San Joaquin St.), California",2010-01-01,238868.0
6700,California,"Stockton (San Joaquin St.), California",2011-01-01,260115.0
6100,California,"Stockton (San Joaquin St.), California",2012-01-01,277926.0
5500,California,"Stockton (San Joaquin St.), California",2013-01-01,295344.0
4900,California,"Stockton (San Joaquin St.), California",2014-01-01,292818.0
4300,California,"Stockton (San Joaquin St.), California",2015-01-01,293861.0
3700,California,"Stockton (San Joaquin St.), California",2016-01-01,283213.0
3100,California,"Stockton (San Joaquin St.), California",2017-01-01,297699.0
2501,California,"Stockton (San Joaquin St.), California",2018-01-01,289116.0
1900,California,"Stockton (San Joaquin St.), California",2019-01-01,276886.0
1300,California,"Stockton (San Joaquin St.), California",2020-01-01,183931.0
700,California,"Stockton (San Joaquin St.), California",2021-01-01,156622.0
100,California,"Stockton (San Joaquin St.), California",2022-01-01,212527.0
10797,Wisconsin,"Sturtevant, Wisconsin",2005-01-01,25616.0
10197,Wisconsin,"Sturtevant, Wisconsin",2006-01-01,29136.0
9597,Wisconsin,"Sturtevant, Wisconsin",2007-01-01,61672.0
8997,Wisconsin,"Sturtevant, Wisconsin",2008-01-01,74176.0
8397,Wisconsin,"Sturtevant, Wisconsin",2009-01-01,71369.0
7797,Wisconsin,"Sturtevant, Wisconsin",2010-01-01,70737.0
7197,Wisconsin,"Sturtevant, Wisconsin",2011-01-01,69166.0
6597,Wisconsin,"Sturtevant, Wisconsin",2012-01-01,75052.0
5997,Wisconsin,"Sturtevant, Wisconsin",2013-01-01,74031.0
5397,Wisconsin,"Sturtevant, Wisconsin",2014-01-01,70341.0
4797,Wisconsin,"Sturtevant, Wisconsin",2015-01-01,74472.0
4197,Wisconsin,"Sturtevant, Wisconsin",2016-01-01,76987.0
3597,Wisconsin,"Sturtevant, Wisconsin",2017-01-01,83902.0
2997,Wisconsin,"Sturtevant, Wisconsin",2018-01-01,92813.0
2397,Wisconsin,"Sturtevant, Wisconsin",2019-01-01,81846.0
1797,Wisconsin,"Sturtevant, Wisconsin",2020-01-01,36178.0
1197,Wisconsin,"Sturtevant, Wisconsin",2021-01-01,17977.0
597,Wisconsin,"Sturtevant, Wisconsin",2022-01-01,36289.0
10302,California,"Suisun-Fairfield, California",2005-01-01,56060.0
9702,California,"Suisun-Fairfield, California",2006-01-01,55838.0
9102,California,"Suisun-Fairfield, California",2007-01-01,125092.0
8502,California,"Suisun-Fairfield, California",2008-01-01,152984.0
7902,California,"Suisun-Fairfield, California",2009-01-01,165283.0
7302,California,"Suisun-Fairfield, California",2010-01-01,171381.0
6702,California,"Suisun-Fairfield, California",2011-01-01,192471.0
6102,California,"Suisun-Fairfield, California",2012-01-01,200402.0
5502,California,"Suisun-Fairfield, California",2013-01-01,196038.0
4902,California,"Suisun-Fairfield, California",2014-01-01,162062.0
4302,California,"Suisun-Fairfield, California",2015-01-01,164288.0
3702,California,"Suisun-Fairfield, California",2016-01-01,167994.0
3102,California,"Suisun-Fairfield, California",2017-01-01,164709.0
2502,California,"Suisun-Fairfield, California",2018-01-01,140394.0
1902,California,"Suisun-Fairfield, California",2019-01-01,128369.0
1302,California,"Suisun-Fairfield, California",2020-01-01,70243.0
702,California,"Suisun-Fairfield, California",2021-01-01,30771.0
102,California,"Suisun-Fairfield, California",2022-01-01,38530.0
10401,Illinois,"Summit, Illinois",2005-01-01,1660.0
9801,Illinois,"Summit, Illinois",2006-01-01,1746.0
9201,Illinois,"Summit, Illinois",2007-01-01,5095.0
8601,Illinois,"Summit, Illinois",2008-01-01,5661.0
8001,Illinois,"Summit, Illinois",2009-01-01,6634.0
7401,Illinois,"Summit, Illinois",2010-01-01,7912.0
6801,Illinois,"Summit, Illinois",2011-01-01,7914.0
6201,Illinois,"Summit, Illinois",2012-01-01,9072.0
5601,Illinois,"Summit, Illinois",2013-01-01,11084.0
5001,Illinois,"Summit, Illinois",2014-01-01,12528.0
4401,Illinois,"Summit, Illinois",2015-01-01,12196.0
3801,Illinois,"Summit, Illinois",2016-01-01,11056.0
3201,Illinois,"Summit, Illinois",2017-01-01,12614.0
2601,Illinois,"Summit, Illinois",2018-01-01,15816.0
2001,Illinois,"Summit, Illinois",2019-01-01,14516.0
1401,Illinois,"Summit, Illinois",2020-01-01,9607.0
801,Illinois,"Summit, Illinois",2021-01-01,8310.0
201,Illinois,"Summit, Illinois",2022-01-01,15111.0
10597,New York,"Syracuse, New York",2005-01-01,47693.0
9997,New York,"Syracuse, New York",2006-01-01,51521.0
9397,New York,"Syracuse, New York",2007-01-01,98267.0
8797,New York,"Syracuse, New York",2008-01-01,124980.0
8197,New York,"Syracuse, New York",2009-01-01,128254.0
7597,New York,"Syracuse, New York",2010-01-01,139175.0
6997,New York,"Syracuse, New York",2011-01-01,155683.0
6397,New York,"Syracuse, New York",2012-01-01,152957.0
5797,New York,"Syracuse, New York",2013-01-01,154903.0
5197,New York,"Syracuse, New York",2014-01-01,152222.0
4597,New York,"Syracuse, New York",2015-01-01,141396.0
3997,New York,"Syracuse, New York",2016-01-01,128476.0
3397,New York,"Syracuse, New York",2017-01-01,131881.0
2797,New York,"Syracuse, New York",2018-01-01,131487.0
2197,New York,"Syracuse, New York",2019-01-01,131515.0
1597,New York,"Syracuse, New York",2020-01-01,82067.0
997,New York,"Syracuse, New York",2021-01-01,78673.0
397,New York,"Syracuse, New York",2022-01-01,124000.0
10775,Washington,"Tacoma, Washington",2005-01-01,53390.0
10175,Washington,"Tacoma, Washington",2006-01-01,51281.0
9575,Washington,"Tacoma, Washington",2007-01-01,111038.0
8975,Washington,"Tacoma, Washington",2008-01-01,122118.0
8375,Washington,"Tacoma, Washington",2009-01-01,124291.0
7775,Washington,"Tacoma, Washington",2010-01-01,128674.0
7175,Washington,"Tacoma, Washington",2011-01-01,124252.0
6575,Washington,"Tacoma, Washington",2012-01-01,123063.0
5975,Washington,"Tacoma, Washington",2013-01-01,126027.0
5375,Washington,"Tacoma, Washington",2014-01-01,125984.0
4775,Washington,"Tacoma, Washington",2015-01-01,118223.0
4175,Washington,"Tacoma, Washington",2016-01-01,118832.0
3575,Washington,"Tacoma, Washington",2017-01-01,115530.0
2975,Washington,"Tacoma, Washington",2018-01-01,112421.0
2375,Washington,"Tacoma, Washington",2019-01-01,111243.0
1775,Washington,"Tacoma, Washington",2020-01-01,59143.0
1175,Washington,"Tacoma, Washington",2021-01-01,40060.0
575,Washington,"Tacoma, Washington",2022-01-01,66689.0
10358,Florida,"Tallahassee, Florida",2005-01-01,1216.0
10359,Florida,"Tampa, Florida",2005-01-01,26387.0
9759,Florida,"Tampa, Florida",2006-01-01,30096.0
9159,Florida,"Tampa, Florida",2007-01-01,74984.0
8559,Florida,"Tampa, Florida",2008-01-01,100119.0
7959,Florida,"Tampa, Florida",2009-01-01,110857.0
7359,Florida,"Tampa, Florida",2010-01-01,131054.0
6759,Florida,"Tampa, Florida",2011-01-01,140785.0
6159,Florida,"Tampa, Florida",2012-01-01,150844.0
5559,Florida,"Tampa, Florida",2013-01-01,139412.0
4959,Florida,"Tampa, Florida",2014-01-01,131322.0
4359,Florida,"Tampa, Florida",2015-01-01,120565.0
3759,Florida,"Tampa, Florida",2016-01-01,109456.0
3159,Florida,"Tampa, Florida",2017-01-01,110577.0
2559,Florida,"Tampa, Florida",2018-01-01,108783.0
1959,Florida,"Tampa, Florida",2019-01-01,110309.0
1359,Florida,"Tampa, Florida",2020-01-01,65718.0
759,Florida,"Tampa, Florida",2021-01-01,52376.0
159,Florida,"Tampa, Florida",2022-01-01,110901.0
10716,Texas,"Taylor, Texas",2005-01-01,1880.0
10116,Texas,"Taylor, Texas",2006-01-01,2478.0
9516,Texas,"Taylor, Texas",2007-01-01,3464.0
8916,Texas,"Taylor, Texas",2008-01-01,3981.0
8316,Texas,"Taylor, Texas",2009-01-01,3908.0
7716,Texas,"Taylor, Texas",2010-01-01,4551.0
7116,Texas,"Taylor, Texas",2011-01-01,4752.0
6516,Texas,"Taylor, Texas",2012-01-01,4979.0
5916,Texas,"Taylor, Texas",2013-01-01,5425.0
5316,Texas,"Taylor, Texas",2014-01-01,4797.0
4716,Texas,"Taylor, Texas",2015-01-01,4798.0
4116,Texas,"Taylor, Texas",2016-01-01,5437.0
3516,Texas,"Taylor, Texas",2017-01-01,5484.0
2916,Texas,"Taylor, Texas",2018-01-01,5453.0
2316,Texas,"Taylor, Texas",2019-01-01,4978.0
1716,Texas,"Taylor, Texas",2020-01-01,2988.0
1116,Texas,"Taylor, Texas",2021-01-01,2173.0
516,Texas,"Taylor, Texas",2022-01-01,3570.0
10717,Texas,"Temple, Texas",2005-01-01,5158.0
10117,Texas,"Temple, Texas",2006-01-01,5461.0
9517,Texas,"Temple, Texas",2007-01-01,10349.0
8917,Texas,"Temple, Texas",2008-01-01,12914.0
8317,Texas,"Temple, Texas",2009-01-01,15163.0
7717,Texas,"Temple, Texas",2010-01-01,15426.0
7117,Texas,"Temple, Texas",2011-01-01,16471.0
6517,Texas,"Temple, Texas",2012-01-01,17856.0
5917,Texas,"Temple, Texas",2013-01-01,17690.0
5317,Texas,"Temple, Texas",2014-01-01,15390.0
4717,Texas,"Temple, Texas",2015-01-01,16023.0
4117,Texas,"Temple, Texas",2016-01-01,15535.0
3517,Texas,"Temple, Texas",2017-01-01,16461.0
2917,Texas,"Temple, Texas",2018-01-01,15330.0
2317,Texas,"Temple, Texas",2019-01-01,15371.0
1717,Texas,"Temple, Texas",2020-01-01,8931.0
1117,Texas,"Temple, Texas",2021-01-01,6533.0
517,Texas,"Temple, Texas",2022-01-01,10116.0
10218,Arkansas,"Texarkana, Arkansas",2005-01-01,2983.0
9618,Arkansas,"Texarkana, Arkansas",2006-01-01,3012.0
9018,Arkansas,"Texarkana, Arkansas",2007-01-01,5760.0
8418,Arkansas,"Texarkana, Arkansas",2008-01-01,6972.0
7818,Arkansas,"Texarkana, Arkansas",2009-01-01,6681.0
7218,Arkansas,"Texarkana, Arkansas",2010-01-01,7867.0
6618,Arkansas,"Texarkana, Arkansas",2011-01-01,8646.0
6018,Arkansas,"Texarkana, Arkansas",2012-01-01,8849.0
5418,Arkansas,"Texarkana, Arkansas",2013-01-01,8903.0
4818,Arkansas,"Texarkana, Arkansas",2014-01-01,7853.0
4218,Arkansas,"Texarkana, Arkansas",2015-01-01,6894.0
3618,Arkansas,"Texarkana, Arkansas",2016-01-01,6207.0
3018,Arkansas,"Texarkana, Arkansas",2017-01-01,6231.0
2418,Arkansas,"Texarkana, Arkansas",2018-01-01,6133.0
1818,Arkansas,"Texarkana, Arkansas",2019-01-01,5214.0
1218,Arkansas,"Texarkana, Arkansas",2020-01-01,3420.0
618,Arkansas,"Texarkana, Arkansas",2021-01-01,3135.0
18,Arkansas,"Texarkana, Arkansas",2022-01-01,4814.0
10789,West Virginia,"Thurmond, West Virginia",2005-01-01,60.0
10189,West Virginia,"Thurmond, West Virginia",2006-01-01,85.0
9589,West Virginia,"Thurmond, West Virginia",2007-01-01,372.0
8989,West Virginia,"Thurmond, West Virginia",2008-01-01,405.0
8389,West Virginia,"Thurmond, West Virginia",2009-01-01,277.0
7789,West Virginia,"Thurmond, West Virginia",2010-01-01,230.0
7189,West Virginia,"Thurmond, West Virginia",2011-01-01,254.0
6589,West Virginia,"Thurmond, West Virginia",2012-01-01,264.0
5989,West Virginia,"Thurmond, West Virginia",2013-01-01,563.0
5389,West Virginia,"Thurmond, West Virginia",2014-01-01,390.0
4789,West Virginia,"Thurmond, West Virginia",2015-01-01,295.0
4189,West Virginia,"Thurmond, West Virginia",2016-01-01,293.0
3589,West Virginia,"Thurmond, West Virginia",2017-01-01,345.0
2989,West Virginia,"Thurmond, West Virginia",2018-01-01,285.0
2389,West Virginia,"Thurmond, West Virginia",2019-01-01,364.0
1789,West Virginia,"Thurmond, West Virginia",2020-01-01,220.0
1189,West Virginia,"Thurmond, West Virginia",2021-01-01,364.0
589,West Virginia,"Thurmond, West Virginia",2022-01-01,382.0
9998,New York,"Ticonderoga, New York",2006-01-01,683.0
9398,New York,"Ticonderoga, New York",2007-01-01,1550.0
8798,New York,"Ticonderoga, New York",2008-01-01,1693.0
8198,New York,"Ticonderoga, New York",2009-01-01,1560.0
7598,New York,"Ticonderoga, New York",2010-01-01,1703.0
6998,New York,"Ticonderoga, New York",2011-01-01,1627.0
6398,New York,"Ticonderoga, New York",2012-01-01,1996.0
5798,New York,"Ticonderoga, New York",2013-01-01,2227.0
5198,New York,"Ticonderoga, New York",2014-01-01,2075.0
4598,New York,"Ticonderoga, New York",2015-01-01,2324.0
3998,New York,"Ticonderoga, New York",2016-01-01,2262.0
3398,New York,"Ticonderoga, New York",2017-01-01,1770.0
10369,Georgia,"Toccoa, Georgia",2005-01-01,1586.0
9769,Georgia,"Toccoa, Georgia",2006-01-01,1470.0
9169,Georgia,"Toccoa, Georgia",2007-01-01,2899.0
8569,Georgia,"Toccoa, Georgia",2008-01-01,3278.0
7969,Georgia,"Toccoa, Georgia",2009-01-01,3204.0
7369,Georgia,"Toccoa, Georgia",2010-01-01,3497.0
6769,Georgia,"Toccoa, Georgia",2011-01-01,3826.0
6169,Georgia,"Toccoa, Georgia",2012-01-01,4434.0
5569,Georgia,"Toccoa, Georgia",2013-01-01,4266.0
4969,Georgia,"Toccoa, Georgia",2014-01-01,3021.0
4369,Georgia,"Toccoa, Georgia",2015-01-01,2640.0
3769,Georgia,"Toccoa, Georgia",2016-01-01,2516.0
3169,Georgia,"Toccoa, Georgia",2017-01-01,3407.0
2569,Georgia,"Toccoa, Georgia",2018-01-01,2324.0
1969,Georgia,"Toccoa, Georgia",2019-01-01,2381.0
1369,Georgia,"Toccoa, Georgia",2020-01-01,1375.0
769,Georgia,"Toccoa, Georgia",2021-01-01,875.0
169,Georgia,"Toccoa, Georgia",2022-01-01,1304.0
10637,Ohio,"Toledo, Ohio",2005-01-01,28153.0
10037,Ohio,"Toledo, Ohio",2006-01-01,27925.0
9437,Ohio,"Toledo, Ohio",2007-01-01,49215.0
8837,Ohio,"Toledo, Ohio",2008-01-01,50490.0
8237,Ohio,"Toledo, Ohio",2009-01-01,54488.0
7637,Ohio,"Toledo, Ohio",2010-01-01,65667.0
7037,Ohio,"Toledo, Ohio",2011-01-01,66413.0
6437,Ohio,"Toledo, Ohio",2012-01-01,69275.0
5837,Ohio,"Toledo, Ohio",2013-01-01,68463.0
5237,Ohio,"Toledo, Ohio",2014-01-01,63272.0
4637,Ohio,"Toledo, Ohio",2015-01-01,58592.0
4037,Ohio,"Toledo, Ohio",2016-01-01,55536.0
3437,Ohio,"Toledo, Ohio",2017-01-01,56275.0
2837,Ohio,"Toledo, Ohio",2018-01-01,51400.0
2237,Ohio,"Toledo, Ohio",2019-01-01,50192.0
1637,Ohio,"Toledo, Ohio",2020-01-01,31735.0
1037,Ohio,"Toledo, Ohio",2021-01-01,28045.0
437,Ohio,"Toledo, Ohio",2022-01-01,45212.0
10798,Wisconsin,"Tomah, Wisconsin",2005-01-01,3844.0
10198,Wisconsin,"Tomah, Wisconsin",2006-01-01,4100.0
9598,Wisconsin,"Tomah, Wisconsin",2007-01-01,9477.0
8998,Wisconsin,"Tomah, Wisconsin",2008-01-01,10147.0
8398,Wisconsin,"Tomah, Wisconsin",2009-01-01,10225.0
7798,Wisconsin,"Tomah, Wisconsin",2010-01-01,10892.0
7198,Wisconsin,"Tomah, Wisconsin",2011-01-01,9715.0
6598,Wisconsin,"Tomah, Wisconsin",2012-01-01,10775.0
5998,Wisconsin,"Tomah, Wisconsin",2013-01-01,10805.0
5398,Wisconsin,"Tomah, Wisconsin",2014-01-01,9426.0
4798,Wisconsin,"Tomah, Wisconsin",2015-01-01,10300.0
4198,Wisconsin,"Tomah, Wisconsin",2016-01-01,13083.0
3598,Wisconsin,"Tomah, Wisconsin",2017-01-01,13792.0
2998,Wisconsin,"Tomah, Wisconsin",2018-01-01,12278.0
2398,Wisconsin,"Tomah, Wisconsin",2019-01-01,11394.0
1798,Wisconsin,"Tomah, Wisconsin",2020-01-01,8151.0
1198,Wisconsin,"Tomah, Wisconsin",2021-01-01,6091.0
598,Wisconsin,"Tomah, Wisconsin",2022-01-01,8351.0
10428,Kansas,"Topeka, Kansas",2005-01-01,3080.0
9828,Kansas,"Topeka, Kansas",2006-01-01,3236.0
9228,Kansas,"Topeka, Kansas",2007-01-01,6937.0
8628,Kansas,"Topeka, Kansas",2008-01-01,7554.0
8028,Kansas,"Topeka, Kansas",2009-01-01,7513.0
7428,Kansas,"Topeka, Kansas",2010-01-01,8618.0
6828,Kansas,"Topeka, Kansas",2011-01-01,9760.0
6228,Kansas,"Topeka, Kansas",2012-01-01,10459.0
5628,Kansas,"Topeka, Kansas",2013-01-01,10571.0
5028,Kansas,"Topeka, Kansas",2014-01-01,10048.0
4428,Kansas,"Topeka, Kansas",2015-01-01,10399.0
3828,Kansas,"Topeka, Kansas",2016-01-01,10214.0
3228,Kansas,"Topeka, Kansas",2017-01-01,10084.0
2628,Kansas,"Topeka, Kansas",2018-01-01,9136.0
2028,Kansas,"Topeka, Kansas",2019-01-01,8129.0
1428,Kansas,"Topeka, Kansas",2020-01-01,5380.0
828,Kansas,"Topeka, Kansas",2021-01-01,3435.0
228,Kansas,"Topeka, Kansas",2022-01-01,5576.0
10564,New Jersey,"Trenton, New Jersey",2005-01-01,439730.0
9964,New Jersey,"Trenton, New Jersey",2006-01-01,217747.0
9364,New Jersey,"Trenton, New Jersey",2007-01-01,418112.0
8764,New Jersey,"Trenton, New Jersey",2008-01-01,451090.0
8164,New Jersey,"Trenton, New Jersey",2009-01-01,411869.0
7564,New Jersey,"Trenton, New Jersey",2010-01-01,420533.0
6964,New Jersey,"Trenton, New Jersey",2011-01-01,424068.0
6364,New Jersey,"Trenton, New Jersey",2012-01-01,419446.0
5764,New Jersey,"Trenton, New Jersey",2013-01-01,425075.0
5164,New Jersey,"Trenton, New Jersey",2014-01-01,419477.0
4564,New Jersey,"Trenton, New Jersey",2015-01-01,412267.0
3964,New Jersey,"Trenton, New Jersey",2016-01-01,433918.0
3364,New Jersey,"Trenton, New Jersey",2017-01-01,435900.0
2764,New Jersey,"Trenton, New Jersey",2018-01-01,434489.0
2164,New Jersey,"Trenton, New Jersey",2019-01-01,439564.0
1564,New Jersey,"Trenton, New Jersey",2020-01-01,211156.0
964,New Jersey,"Trenton, New Jersey",2021-01-01,121909.0
364,New Jersey,"Trenton, New Jersey",2022-01-01,254694.0
10316,Colorado,"Trinidad, Colorado",2005-01-01,2197.0
9716,Colorado,"Trinidad, Colorado",2006-01-01,2294.0
9116,Colorado,"Trinidad, Colorado",2007-01-01,3956.0
8516,Colorado,"Trinidad, Colorado",2008-01-01,4628.0
7916,Colorado,"Trinidad, Colorado",2009-01-01,3923.0
7316,Colorado,"Trinidad, Colorado",2010-01-01,4102.0
6716,Colorado,"Trinidad, Colorado",2011-01-01,4535.0
6116,Colorado,"Trinidad, Colorado",2012-01-01,4770.0
5516,Colorado,"Trinidad, Colorado",2013-01-01,4765.0
4916,Colorado,"Trinidad, Colorado",2014-01-01,4592.0
4316,Colorado,"Trinidad, Colorado",2015-01-01,5158.0
3716,Colorado,"Trinidad, Colorado",2016-01-01,5747.0
3116,Colorado,"Trinidad, Colorado",2017-01-01,5415.0
2516,Colorado,"Trinidad, Colorado",2018-01-01,5635.0
1916,Colorado,"Trinidad, Colorado",2019-01-01,6060.0
1316,Colorado,"Trinidad, Colorado",2020-01-01,3859.0
716,Colorado,"Trinidad, Colorado",2021-01-01,3733.0
116,Colorado,"Trinidad, Colorado",2022-01-01,4896.0
4491,Michigan,"Troy, Michigan",2015-01-01,22384.0
3891,Michigan,"Troy, Michigan",2016-01-01,23714.0
3291,Michigan,"Troy, Michigan",2017-01-01,29070.0
2691,Michigan,"Troy, Michigan",2018-01-01,32550.0
2091,Michigan,"Troy, Michigan",2019-01-01,36450.0
1491,Michigan,"Troy, Michigan",2020-01-01,17928.0
891,Michigan,"Troy, Michigan",2021-01-01,10313.0
291,Michigan,"Troy, Michigan",2022-01-01,25769.0
10303,California,"Truckee, California",2005-01-01,2949.0
9703,California,"Truckee, California",2006-01-01,2663.0
9103,California,"Truckee, California",2007-01-01,5815.0
8503,California,"Truckee, California",2008-01-01,7801.0
7903,California,"Truckee, California",2009-01-01,8446.0
7303,California,"Truckee, California",2010-01-01,9139.0
6703,California,"Truckee, California",2011-01-01,8399.0
6103,California,"Truckee, California",2012-01-01,9450.0
5503,California,"Truckee, California",2013-01-01,9855.0
4903,California,"Truckee, California",2014-01-01,10509.0
4303,California,"Truckee, California",2015-01-01,10846.0
3703,California,"Truckee, California",2016-01-01,14675.0
3103,California,"Truckee, California",2017-01-01,14879.0
2503,California,"Truckee, California",2018-01-01,15251.0
1903,California,"Truckee, California",2019-01-01,15104.0
1303,California,"Truckee, California",2020-01-01,9138.0
703,California,"Truckee, California",2021-01-01,5747.0
103,California,"Truckee, California",2022-01-01,9997.0
10209,Arizona,"Tucson, Arizona",2005-01-01,6880.0
9609,Arizona,"Tucson, Arizona",2006-01-01,5807.0
9009,Arizona,"Tucson, Arizona",2007-01-01,13067.0
8409,Arizona,"Tucson, Arizona",2008-01-01,14780.0
7809,Arizona,"Tucson, Arizona",2009-01-01,18031.0
7209,Arizona,"Tucson, Arizona",2010-01-01,21095.0
6609,Arizona,"Tucson, Arizona",2011-01-01,23340.0
6009,Arizona,"Tucson, Arizona",2012-01-01,23896.0
5409,Arizona,"Tucson, Arizona",2013-01-01,25921.0
4809,Arizona,"Tucson, Arizona",2014-01-01,27917.0
4209,Arizona,"Tucson, Arizona",2015-01-01,28682.0
3609,Arizona,"Tucson, Arizona",2016-01-01,27301.0
3009,Arizona,"Tucson, Arizona",2017-01-01,29146.0
2409,Arizona,"Tucson, Arizona",2018-01-01,28183.0
1809,Arizona,"Tucson, Arizona",2019-01-01,25695.0
1209,Arizona,"Tucson, Arizona",2020-01-01,15715.0
609,Arizona,"Tucson, Arizona",2021-01-01,14567.0
9,Arizona,"Tucson, Arizona",2022-01-01,19115.0
10776,Washington,"Tukwila, Washington",2005-01-01,6305.0
10176,Washington,"Tukwila, Washington",2006-01-01,7276.0
9576,Washington,"Tukwila, Washington",2007-01-01,18900.0
8976,Washington,"Tukwila, Washington",2008-01-01,21900.0
8376,Washington,"Tukwila, Washington",2009-01-01,22075.0
7776,Washington,"Tukwila, Washington",2010-01-01,24567.0
7176,Washington,"Tukwila, Washington",2011-01-01,26549.0
6576,Washington,"Tukwila, Washington",2012-01-01,26759.0
5976,Washington,"Tukwila, Washington",2013-01-01,29434.0
5376,Washington,"Tukwila, Washington",2014-01-01,28636.0
4776,Washington,"Tukwila, Washington",2015-01-01,28503.0
4176,Washington,"Tukwila, Washington",2016-01-01,30148.0
3576,Washington,"Tukwila, Washington",2017-01-01,31380.0
2976,Washington,"Tukwila, Washington",2018-01-01,33288.0
2376,Washington,"Tukwila, Washington",2019-01-01,35117.0
1776,Washington,"Tukwila, Washington",2020-01-01,17302.0
1176,Washington,"Tukwila, Washington",2021-01-01,1193.0
576,Washington,"Tukwila, Washington",2022-01-01,23337.0
10304,California,"Turlock-Denair, California",2005-01-01,6579.0
9704,California,"Turlock-Denair, California",2006-01-01,6946.0
9104,California,"Turlock-Denair, California",2007-01-01,15992.0
8504,California,"Turlock-Denair, California",2008-01-01,19434.0
7904,California,"Turlock-Denair, California",2009-01-01,18726.0
7304,California,"Turlock-Denair, California",2010-01-01,21668.0
6704,California,"Turlock-Denair, California",2011-01-01,23454.0
6104,California,"Turlock-Denair, California",2012-01-01,25308.0
5504,California,"Turlock-Denair, California",2013-01-01,28221.0
4904,California,"Turlock-Denair, California",2014-01-01,29197.0
4304,California,"Turlock-Denair, California",2015-01-01,29791.0
3704,California,"Turlock-Denair, California",2016-01-01,29197.0
3104,California,"Turlock-Denair, California",2017-01-01,29924.0
2504,California,"Turlock-Denair, California",2018-01-01,30492.0
1904,California,"Turlock-Denair, California",2019-01-01,32633.0
1304,California,"Turlock-Denair, California",2020-01-01,18729.0
704,California,"Turlock-Denair, California",2021-01-01,12378.0
104,California,"Turlock-Denair, California",2022-01-01,21437.0
10204,Alabama,"Tuscaloosa, Alabama",2005-01-01,4904.0
9604,Alabama,"Tuscaloosa, Alabama",2006-01-01,3603.0
9004,Alabama,"Tuscaloosa, Alabama",2007-01-01,8091.0
8404,Alabama,"Tuscaloosa, Alabama",2008-01-01,10030.0
7804,Alabama,"Tuscaloosa, Alabama",2009-01-01,9635.0
7204,Alabama,"Tuscaloosa, Alabama",2010-01-01,12533.0
6604,Alabama,"Tuscaloosa, Alabama",2011-01-01,12032.0
6004,Alabama,"Tuscaloosa, Alabama",2012-01-01,12290.0
5404,Alabama,"Tuscaloosa, Alabama",2013-01-01,11598.0
4804,Alabama,"Tuscaloosa, Alabama",2014-01-01,11360.0
4204,Alabama,"Tuscaloosa, Alabama",2015-01-01,10922.0
3604,Alabama,"Tuscaloosa, Alabama",2016-01-01,10594.0
3004,Alabama,"Tuscaloosa, Alabama",2017-01-01,10571.0
2404,Alabama,"Tuscaloosa, Alabama",2018-01-01,10228.0
1804,Alabama,"Tuscaloosa, Alabama",2019-01-01,9323.0
1204,Alabama,"Tuscaloosa, Alabama",2020-01-01,4871.0
604,Alabama,"Tuscaloosa, Alabama",2021-01-01,3720.0
4,Alabama,"Tuscaloosa, Alabama",2022-01-01,5389.0
10679,Pennsylvania,"Tyrone, Pennsylvania",2005-01-01,717.0
10079,Pennsylvania,"Tyrone, Pennsylvania",2006-01-01,930.0
9479,Pennsylvania,"Tyrone, Pennsylvania",2007-01-01,2369.0
8879,Pennsylvania,"Tyrone, Pennsylvania",2008-01-01,2985.0
8279,Pennsylvania,"Tyrone, Pennsylvania",2009-01-01,3573.0
7679,Pennsylvania,"Tyrone, Pennsylvania",2010-01-01,3322.0
7079,Pennsylvania,"Tyrone, Pennsylvania",2011-01-01,2923.0
6479,Pennsylvania,"Tyrone, Pennsylvania",2012-01-01,3108.0
5879,Pennsylvania,"Tyrone, Pennsylvania",2013-01-01,3215.0
5279,Pennsylvania,"Tyrone, Pennsylvania",2014-01-01,3346.0
4679,Pennsylvania,"Tyrone, Pennsylvania",2015-01-01,3324.0
4079,Pennsylvania,"Tyrone, Pennsylvania",2016-01-01,3068.0
3479,Pennsylvania,"Tyrone, Pennsylvania",2017-01-01,3050.0
2879,Pennsylvania,"Tyrone, Pennsylvania",2018-01-01,2826.0
2279,Pennsylvania,"Tyrone, Pennsylvania",2019-01-01,2588.0
1679,Pennsylvania,"Tyrone, Pennsylvania",2020-01-01,1500.0
1079,Pennsylvania,"Tyrone, Pennsylvania",2021-01-01,1595.0
479,Pennsylvania,"Tyrone, Pennsylvania",2022-01-01,2371.0
10599,New York,"Utica, New York",2005-01-01,21830.0
9999,New York,"Utica, New York",2006-01-01,22904.0
9399,New York,"Utica, New York",2007-01-01,47767.0
8799,New York,"Utica, New York",2008-01-01,54145.0
8199,New York,"Utica, New York",2009-01-01,56247.0
7599,New York,"Utica, New York",2010-01-01,61108.0
6999,New York,"Utica, New York",2011-01-01,63673.0
6399,New York,"Utica, New York",2012-01-01,65916.0
5799,New York,"Utica, New York",2013-01-01,67213.0
5199,New York,"Utica, New York",2014-01-01,65022.0
4599,New York,"Utica, New York",2015-01-01,61145.0
3999,New York,"Utica, New York",2016-01-01,59170.0
3399,New York,"Utica, New York",2017-01-01,59868.0
2799,New York,"Utica, New York",2018-01-01,60330.0
2199,New York,"Utica, New York",2019-01-01,63968.0
1599,New York,"Utica, New York",2020-01-01,42319.0
999,New York,"Utica, New York",2021-01-01,39834.0
399,New York,"Utica, New York",2022-01-01,61180.0
10305,California,"Van Nuys, California",2005-01-01,30402.0
9705,California,"Van Nuys, California",2006-01-01,36710.0
9105,California,"Van Nuys, California",2007-01-01,70812.0
8505,California,"Van Nuys, California",2008-01-01,73353.0
7905,California,"Van Nuys, California",2009-01-01,67822.0
7305,California,"Van Nuys, California",2010-01-01,70551.0
6705,California,"Van Nuys, California",2011-01-01,74163.0
6105,California,"Van Nuys, California",2012-01-01,73665.0
5505,California,"Van Nuys, California",2013-01-01,75762.0
4905,California,"Van Nuys, California",2014-01-01,79294.0
4305,California,"Van Nuys, California",2015-01-01,80957.0
3705,California,"Van Nuys, California",2016-01-01,80405.0
3105,California,"Van Nuys, California",2017-01-01,82417.0
2505,California,"Van Nuys, California",2018-01-01,74209.0
1905,California,"Van Nuys, California",2019-01-01,67522.0
1305,California,"Van Nuys, California",2020-01-01,34754.0
705,California,"Van Nuys, California",2021-01-01,22171.0
105,California,"Van Nuys, California",2022-01-01,44026.0
10777,Washington,"Vancouver, Washington",2005-01-01,37253.0
10177,Washington,"Vancouver, Washington",2006-01-01,36706.0
9577,Washington,"Vancouver, Washington",2007-01-01,84245.0
8977,Washington,"Vancouver, Washington",2008-01-01,97026.0
8377,Washington,"Vancouver, Washington",2009-01-01,99086.0
7777,Washington,"Vancouver, Washington",2010-01-01,100979.0
7177,Washington,"Vancouver, Washington",2011-01-01,99001.0
6577,Washington,"Vancouver, Washington",2012-01-01,99363.0
5977,Washington,"Vancouver, Washington",2013-01-01,98473.0
5377,Washington,"Vancouver, Washington",2014-01-01,96330.0
4777,Washington,"Vancouver, Washington",2015-01-01,93433.0
4177,Washington,"Vancouver, Washington",2016-01-01,96927.0
3577,Washington,"Vancouver, Washington",2017-01-01,97627.0
2977,Washington,"Vancouver, Washington",2018-01-01,119818.0
2377,Washington,"Vancouver, Washington",2019-01-01,103065.0
1777,Washington,"Vancouver, Washington",2020-01-01,53467.0
1177,Washington,"Vancouver, Washington",2021-01-01,38702.0
577,Washington,"Vancouver, Washington",2022-01-01,73546.0
10306,California,"Ventura, California",2005-01-01,16024.0
9706,California,"Ventura, California",2006-01-01,19070.0
9106,California,"Ventura, California",2007-01-01,42697.0
8506,California,"Ventura, California",2008-01-01,47732.0
7906,California,"Ventura, California",2009-01-01,42618.0
7306,California,"Ventura, California",2010-01-01,45385.0
6706,California,"Ventura, California",2011-01-01,47457.0
6106,California,"Ventura, California",2012-01-01,47482.0
5506,California,"Ventura, California",2013-01-01,55434.0
4906,California,"Ventura, California",2014-01-01,58938.0
4306,California,"Ventura, California",2015-01-01,61812.0
3706,California,"Ventura, California",2016-01-01,65328.0
3106,California,"Ventura, California",2017-01-01,67522.0
2506,California,"Ventura, California",2018-01-01,91741.0
1906,California,"Ventura, California",2019-01-01,83095.0
1306,California,"Ventura, California",2020-01-01,41907.0
706,California,"Ventura, California",2021-01-01,23357.0
106,California,"Ventura, California",2022-01-01,43659.0
10307,California,"Victorville, California",2005-01-01,1848.0
9707,California,"Victorville, California",2006-01-01,2101.0
9107,California,"Victorville, California",2007-01-01,4821.0
8507,California,"Victorville, California",2008-01-01,4904.0
7907,California,"Victorville, California",2009-01-01,5078.0
7307,California,"Victorville, California",2010-01-01,5558.0
6707,California,"Victorville, California",2011-01-01,6488.0
6107,California,"Victorville, California",2012-01-01,6764.0
5507,California,"Victorville, California",2013-01-01,7290.0
4907,California,"Victorville, California",2014-01-01,6692.0
4307,California,"Victorville, California",2015-01-01,7266.0
3707,California,"Victorville, California",2016-01-01,6664.0
3107,California,"Victorville, California",2017-01-01,6292.0
2507,California,"Victorville, California",2018-01-01,5911.0
1907,California,"Victorville, California",2019-01-01,5501.0
1307,California,"Victorville, California",2020-01-01,3680.0
707,California,"Victorville, California",2021-01-01,2584.0
107,California,"Victorville, California",2022-01-01,4554.0
10360,Florida,"Waldo, Florida",2005-01-01,159.0
10330,Connecticut,"Wallingford, Connecticut",2005-01-01,5284.0
9730,Connecticut,"Wallingford, Connecticut",2006-01-01,5228.0
9130,Connecticut,"Wallingford, Connecticut",2007-01-01,13187.0
8530,Connecticut,"Wallingford, Connecticut",2008-01-01,14232.0
7930,Connecticut,"Wallingford, Connecticut",2009-01-01,14867.0
7330,Connecticut,"Wallingford, Connecticut",2010-01-01,15190.0
6730,Connecticut,"Wallingford, Connecticut",2011-01-01,15583.0
6130,Connecticut,"Wallingford, Connecticut",2012-01-01,18148.0
5530,Connecticut,"Wallingford, Connecticut",2013-01-01,17061.0
4930,Connecticut,"Wallingford, Connecticut",2014-01-01,14331.0
4330,Connecticut,"Wallingford, Connecticut",2015-01-01,13245.0
3730,Connecticut,"Wallingford, Connecticut",2016-01-01,9377.0
3130,Connecticut,"Wallingford, Connecticut",2017-01-01,8258.0
2530,Connecticut,"Wallingford, Connecticut",2018-01-01,9555.0
1930,Connecticut,"Wallingford, Connecticut",2019-01-01,9305.0
1330,Connecticut,"Wallingford, Connecticut",2020-01-01,5164.0
730,Connecticut,"Wallingford, Connecticut",2021-01-01,3317.0
130,Connecticut,"Wallingford, Connecticut",2022-01-01,7141.0
10219,Arkansas,"Walnut Ridge, Arkansas",2005-01-01,1343.0
9619,Arkansas,"Walnut Ridge, Arkansas",2006-01-01,1444.0
9019,Arkansas,"Walnut Ridge, Arkansas",2007-01-01,3552.0
8419,Arkansas,"Walnut Ridge, Arkansas",2008-01-01,4057.0
7819,Arkansas,"Walnut Ridge, Arkansas",2009-01-01,3785.0
7219,Arkansas,"Walnut Ridge, Arkansas",2010-01-01,4565.0
6619,Arkansas,"Walnut Ridge, Arkansas",2011-01-01,4311.0
6019,Arkansas,"Walnut Ridge, Arkansas",2012-01-01,4766.0
5419,Arkansas,"Walnut Ridge, Arkansas",2013-01-01,4731.0
4819,Arkansas,"Walnut Ridge, Arkansas",2014-01-01,4046.0
4219,Arkansas,"Walnut Ridge, Arkansas",2015-01-01,3738.0
3619,Arkansas,"Walnut Ridge, Arkansas",2016-01-01,3345.0
3019,Arkansas,"Walnut Ridge, Arkansas",2017-01-01,3486.0
2419,Arkansas,"Walnut Ridge, Arkansas",2018-01-01,3421.0
1819,Arkansas,"Walnut Ridge, Arkansas",2019-01-01,2878.0
1219,Arkansas,"Walnut Ridge, Arkansas",2020-01-01,1975.0
619,Arkansas,"Walnut Ridge, Arkansas",2021-01-01,1565.0
19,Arkansas,"Walnut Ridge, Arkansas",2022-01-01,2340.0
10526,Missouri,"Warrensburg, Missouri",2005-01-01,5026.0
9926,Missouri,"Warrensburg, Missouri",2006-01-01,5008.0
9326,Missouri,"Warrensburg, Missouri",2007-01-01,10112.0
8726,Missouri,"Warrensburg, Missouri",2008-01-01,12314.0
8126,Missouri,"Warrensburg, Missouri",2009-01-01,11695.0
7526,Missouri,"Warrensburg, Missouri",2010-01-01,13402.0
6926,Missouri,"Warrensburg, Missouri",2011-01-01,14352.0
6326,Missouri,"Warrensburg, Missouri",2012-01-01,16074.0
5726,Missouri,"Warrensburg, Missouri",2013-01-01,17189.0
5126,Missouri,"Warrensburg, Missouri",2014-01-01,18450.0
4526,Missouri,"Warrensburg, Missouri",2015-01-01,15656.0
3926,Missouri,"Warrensburg, Missouri",2016-01-01,13812.0
3326,Missouri,"Warrensburg, Missouri",2017-01-01,13144.0
2726,Missouri,"Warrensburg, Missouri",2018-01-01,12046.0
2126,Missouri,"Warrensburg, Missouri",2019-01-01,10703.0
1526,Missouri,"Warrensburg, Missouri",2020-01-01,6135.0
926,Missouri,"Warrensburg, Missouri",2021-01-01,4836.0
326,Missouri,"Warrensburg, Missouri",2022-01-01,6103.0
10308,California,"Wasco, California",2005-01-01,5340.0
9708,California,"Wasco, California",2006-01-01,5507.0
9108,California,"Wasco, California",2007-01-01,14729.0
8508,California,"Wasco, California",2008-01-01,18635.0
7908,California,"Wasco, California",2009-01-01,17291.0
7308,California,"Wasco, California",2010-01-01,18044.0
6708,California,"Wasco, California",2011-01-01,18209.0
6108,California,"Wasco, California",2012-01-01,21117.0
5508,California,"Wasco, California",2013-01-01,49245.0
4908,California,"Wasco, California",2014-01-01,42159.0
4308,California,"Wasco, California",2015-01-01,39678.0
3708,California,"Wasco, California",2016-01-01,41424.0
3108,California,"Wasco, California",2017-01-01,41828.0
2508,California,"Wasco, California",2018-01-01,36559.0
1908,California,"Wasco, California",2019-01-01,39232.0
1308,California,"Wasco, California",2020-01-01,26997.0
708,California,"Wasco, California",2021-01-01,13916.0
108,California,"Wasco, California",2022-01-01,22781.0
10336,District of Columbia,"Washington Union Station, District of Columbia",2005-01-01,1880852.0
9736,District of Columbia,"Washington Union Station, District of Columbia",2006-01-01,1943778.0
9136,District of Columbia,"Washington Union Station, District of Columbia",2007-01-01,4108569.0
8536,District of Columbia,"Washington Union Station, District of Columbia",2008-01-01,4489955.0
7936,District of Columbia,"Washington Union Station, District of Columbia",2009-01-01,4278930.0
7336,District of Columbia,"Washington Union Station, District of Columbia",2010-01-01,4572878.0
6736,District of Columbia,"Washington Union Station, District of Columbia",2011-01-01,4850685.0
6136,District of Columbia,"Washington Union Station, District of Columbia",2012-01-01,5013991.0
5536,District of Columbia,"Washington Union Station, District of Columbia",2013-01-01,5033392.0
4936,District of Columbia,"Washington Union Station, District of Columbia",2014-01-01,5028928.0
4336,District of Columbia,"Washington Union Station, District of Columbia",2015-01-01,4971128.0
3736,District of Columbia,"Washington Union Station, District of Columbia",2016-01-01,5098562.0
3136,District of Columbia,"Washington Union Station, District of Columbia",2017-01-01,5225460.0
2536,District of Columbia,"Washington Union Station, District of Columbia",2018-01-01,5197237.0
1936,District of Columbia,"Washington Union Station, District of Columbia",2019-01-01,5207223.0
1336,District of Columbia,"Washington Union Station, District of Columbia",2020-01-01,2606059.0
736,District of Columbia,"Washington Union Station, District of Columbia",2021-01-01,1758409.0
136,District of Columbia,"Washington Union Station, District of Columbia",2022-01-01,3631677.0
10527,Missouri,"Washington, Missouri",2005-01-01,5096.0
9927,Missouri,"Washington, Missouri",2006-01-01,4081.0
9327,Missouri,"Washington, Missouri",2007-01-01,8536.0
8727,Missouri,"Washington, Missouri",2008-01-01,12071.0
8127,Missouri,"Washington, Missouri",2009-01-01,12694.0
7527,Missouri,"Washington, Missouri",2010-01-01,13211.0
6927,Missouri,"Washington, Missouri",2011-01-01,13775.0
6327,Missouri,"Washington, Missouri",2012-01-01,14289.0
5727,Missouri,"Washington, Missouri",2013-01-01,15898.0
5127,Missouri,"Washington, Missouri",2014-01-01,15604.0
4527,Missouri,"Washington, Missouri",2015-01-01,15875.0
3927,Missouri,"Washington, Missouri",2016-01-01,15753.0
3327,Missouri,"Washington, Missouri",2017-01-01,16112.0
2727,Missouri,"Washington, Missouri",2018-01-01,15890.0
2127,Missouri,"Washington, Missouri",2019-01-01,12917.0
1527,Missouri,"Washington, Missouri",2020-01-01,7191.0
927,Missouri,"Washington, Missouri",2021-01-01,5722.0
327,Missouri,"Washington, Missouri",2022-01-01,9210.0
10735,Vermont,"Waterbury, Vermont",2005-01-01,1291.0
10135,Vermont,"Waterbury, Vermont",2006-01-01,1316.0
9535,Vermont,"Waterbury, Vermont",2007-01-01,3427.0
8935,Vermont,"Waterbury, Vermont",2008-01-01,4421.0
8335,Vermont,"Waterbury, Vermont",2009-01-01,4275.0
7735,Vermont,"Waterbury, Vermont",2010-01-01,5129.0
7135,Vermont,"Waterbury, Vermont",2011-01-01,4818.0
6535,Vermont,"Waterbury, Vermont",2012-01-01,5005.0
5935,Vermont,"Waterbury, Vermont",2013-01-01,5501.0
5335,Vermont,"Waterbury, Vermont",2014-01-01,6617.0
4735,Vermont,"Waterbury, Vermont",2015-01-01,5891.0
4135,Vermont,"Waterbury, Vermont",2016-01-01,5397.0
3535,Vermont,"Waterbury, Vermont",2017-01-01,5830.0
2935,Vermont,"Waterbury, Vermont",2018-01-01,5179.0
2335,Vermont,"Waterbury, Vermont",2019-01-01,5377.0
1735,Vermont,"Waterbury, Vermont",2020-01-01,2775.0
1135,Vermont,"Waterbury, Vermont",2021-01-01,1005.0
535,Vermont,"Waterbury, Vermont",2022-01-01,4423.0
10415,Indiana,"Waterloo, Indiana",2005-01-01,9380.0
9815,Indiana,"Waterloo, Indiana",2006-01-01,8365.0
9215,Indiana,"Waterloo, Indiana",2007-01-01,16217.0
8615,Indiana,"Waterloo, Indiana",2008-01-01,17881.0
8015,Indiana,"Waterloo, Indiana",2009-01-01,19074.0
7415,Indiana,"Waterloo, Indiana",2010-01-01,21372.0
6815,Indiana,"Waterloo, Indiana",2011-01-01,22662.0
6215,Indiana,"Waterloo, Indiana",2012-01-01,24064.0
5615,Indiana,"Waterloo, Indiana",2013-01-01,24299.0
5015,Indiana,"Waterloo, Indiana",2014-01-01,22814.0
4415,Indiana,"Waterloo, Indiana",2015-01-01,20030.0
3815,Indiana,"Waterloo, Indiana",2016-01-01,20515.0
3215,Indiana,"Waterloo, Indiana",2017-01-01,23137.0
2615,Indiana,"Waterloo, Indiana",2018-01-01,21866.0
2015,Indiana,"Waterloo, Indiana",2019-01-01,20995.0
1415,Indiana,"Waterloo, Indiana",2020-01-01,11559.0
815,Indiana,"Waterloo, Indiana",2021-01-01,9287.0
215,Indiana,"Waterloo, Indiana",2022-01-01,16945.0
10446,Maine,"Wells, Maine",2005-01-01,14375.0
9846,Maine,"Wells, Maine",2006-01-01,16154.0
9246,Maine,"Wells, Maine",2007-01-01,34522.0
8646,Maine,"Wells, Maine",2008-01-01,48452.0
8046,Maine,"Wells, Maine",2009-01-01,46177.0
7446,Maine,"Wells, Maine",2010-01-01,48473.0
6846,Maine,"Wells, Maine",2011-01-01,52728.0
6246,Maine,"Wells, Maine",2012-01-01,55503.0
5646,Maine,"Wells, Maine",2013-01-01,52448.0
5046,Maine,"Wells, Maine",2014-01-01,50510.0
4446,Maine,"Wells, Maine",2015-01-01,48674.0
3846,Maine,"Wells, Maine",2016-01-01,48790.0
3246,Maine,"Wells, Maine",2017-01-01,68752.0
2646,Maine,"Wells, Maine",2018-01-01,56898.0
2046,Maine,"Wells, Maine",2019-01-01,57636.0
1446,Maine,"Wells, Maine",2020-01-01,24680.0
846,Maine,"Wells, Maine",2021-01-01,21919.0
246,Maine,"Wells, Maine",2022-01-01,42513.0
10778,Washington,"Wenatchee, Washington",2005-01-01,7005.0
10178,Washington,"Wenatchee, Washington",2006-01-01,7883.0
9578,Washington,"Wenatchee, Washington",2007-01-01,16553.0
8978,Washington,"Wenatchee, Washington",2008-01-01,19275.0
8378,Washington,"Wenatchee, Washington",2009-01-01,17519.0
7778,Washington,"Wenatchee, Washington",2010-01-01,16912.0
7178,Washington,"Wenatchee, Washington",2011-01-01,13664.0
6578,Washington,"Wenatchee, Washington",2012-01-01,15895.0
5978,Washington,"Wenatchee, Washington",2013-01-01,14420.0
5378,Washington,"Wenatchee, Washington",2014-01-01,13480.0
4778,Washington,"Wenatchee, Washington",2015-01-01,12696.0
4178,Washington,"Wenatchee, Washington",2016-01-01,15337.0
3578,Washington,"Wenatchee, Washington",2017-01-01,15099.0
2978,Washington,"Wenatchee, Washington",2018-01-01,17301.0
2378,Washington,"Wenatchee, Washington",2019-01-01,13623.0
1778,Washington,"Wenatchee, Washington",2020-01-01,9356.0
1178,Washington,"Wenatchee, Washington",2021-01-01,6581.0
578,Washington,"Wenatchee, Washington",2022-01-01,9002.0
10537,Montana,"West Glacier, Montana",2005-01-01,2416.0
9937,Montana,"West Glacier, Montana",2006-01-01,2812.0
9337,Montana,"West Glacier, Montana",2007-01-01,6416.0
8737,Montana,"West Glacier, Montana",2008-01-01,7396.0
8137,Montana,"West Glacier, Montana",2009-01-01,6644.0
7537,Montana,"West Glacier, Montana",2010-01-01,7895.0
6937,Montana,"West Glacier, Montana",2011-01-01,5018.0
6337,Montana,"West Glacier, Montana",2012-01-01,6175.0
5737,Montana,"West Glacier, Montana",2013-01-01,6434.0
5137,Montana,"West Glacier, Montana",2014-01-01,5013.0
4537,Montana,"West Glacier, Montana",2015-01-01,5761.0
3937,Montana,"West Glacier, Montana",2016-01-01,6261.0
3337,Montana,"West Glacier, Montana",2017-01-01,5495.0
2737,Montana,"West Glacier, Montana",2018-01-01,4891.0
2137,Montana,"West Glacier, Montana",2019-01-01,5888.0
1537,Montana,"West Glacier, Montana",2020-01-01,2196.0
937,Montana,"West Glacier, Montana",2021-01-01,3909.0
337,Montana,"West Glacier, Montana",2022-01-01,4413.0
10361,Florida,"West Palm Beach, Florida",2005-01-01,24345.0
9761,Florida,"West Palm Beach, Florida",2006-01-01,20676.0
9161,Florida,"West Palm Beach, Florida",2007-01-01,43643.0
8561,Florida,"West Palm Beach, Florida",2008-01-01,52249.0
7961,Florida,"West Palm Beach, Florida",2009-01-01,54119.0
7361,Florida,"West Palm Beach, Florida",2010-01-01,62233.0
6761,Florida,"West Palm Beach, Florida",2011-01-01,66303.0
6161,Florida,"West Palm Beach, Florida",2012-01-01,67992.0
5561,Florida,"West Palm Beach, Florida",2013-01-01,64994.0
4961,Florida,"West Palm Beach, Florida",2014-01-01,62990.0
4361,Florida,"West Palm Beach, Florida",2015-01-01,59071.0
3761,Florida,"West Palm Beach, Florida",2016-01-01,57038.0
3161,Florida,"West Palm Beach, Florida",2017-01-01,54828.0
2561,Florida,"West Palm Beach, Florida",2018-01-01,53974.0
1961,Florida,"West Palm Beach, Florida",2019-01-01,53716.0
1361,Florida,"West Palm Beach, Florida",2020-01-01,32819.0
761,Florida,"West Palm Beach, Florida",2021-01-01,28756.0
161,Florida,"West Palm Beach, Florida",2022-01-01,39440.0
10682,Rhode Island,"Westerly, Rhode Island",2005-01-01,13567.0
10082,Rhode Island,"Westerly, Rhode Island",2006-01-01,15482.0
9482,Rhode Island,"Westerly, Rhode Island",2007-01-01,34483.0
8882,Rhode Island,"Westerly, Rhode Island",2008-01-01,36430.0
8282,Rhode Island,"Westerly, Rhode Island",2009-01-01,38792.0
7682,Rhode Island,"Westerly, Rhode Island",2010-01-01,38589.0
7082,Rhode Island,"Westerly, Rhode Island",2011-01-01,41335.0
6482,Rhode Island,"Westerly, Rhode Island",2012-01-01,42023.0
5882,Rhode Island,"Westerly, Rhode Island",2013-01-01,39186.0
5282,Rhode Island,"Westerly, Rhode Island",2014-01-01,39299.0
4682,Rhode Island,"Westerly, Rhode Island",2015-01-01,40916.0
4082,Rhode Island,"Westerly, Rhode Island",2016-01-01,42560.0
3482,Rhode Island,"Westerly, Rhode Island",2017-01-01,43670.0
2882,Rhode Island,"Westerly, Rhode Island",2018-01-01,44398.0
2282,Rhode Island,"Westerly, Rhode Island",2019-01-01,45379.0
1682,Rhode Island,"Westerly, Rhode Island",2020-01-01,19113.0
1082,Rhode Island,"Westerly, Rhode Island",2021-01-01,26722.0
482,Rhode Island,"Westerly, Rhode Island",2022-01-01,41293.0
10600,New York,"Westport, New York",2005-01-01,2118.0
10000,New York,"Westport, New York",2006-01-01,2403.0
9400,New York,"Westport, New York",2007-01-01,5424.0
8800,New York,"Westport, New York",2008-01-01,5431.0
8200,New York,"Westport, New York",2009-01-01,4639.0
7600,New York,"Westport, New York",2010-01-01,5230.0
7000,New York,"Westport, New York",2011-01-01,4520.0
6400,New York,"Westport, New York",2012-01-01,4751.0
5800,New York,"Westport, New York",2013-01-01,5072.0
5200,New York,"Westport, New York",2014-01-01,4977.0
4600,New York,"Westport, New York",2015-01-01,5097.0
4000,New York,"Westport, New York",2016-01-01,5693.0
3400,New York,"Westport, New York",2017-01-01,5699.0
2800,New York,"Westport, New York",2018-01-01,2626.0
2200,New York,"Westport, New York",2019-01-01,4733.0
1600,New York,"Westport, New York",2020-01-01,1467.0
10736,Vermont,"White River Junction, Vermont",2005-01-01,5647.0
10136,Vermont,"White River Junction, Vermont",2006-01-01,6083.0
9536,Vermont,"White River Junction, Vermont",2007-01-01,14317.0
8936,Vermont,"White River Junction, Vermont",2008-01-01,16033.0
8336,Vermont,"White River Junction, Vermont",2009-01-01,15686.0
7736,Vermont,"White River Junction, Vermont",2010-01-01,16352.0
7136,Vermont,"White River Junction, Vermont",2011-01-01,14109.0
6536,Vermont,"White River Junction, Vermont",2012-01-01,15125.0
5936,Vermont,"White River Junction, Vermont",2013-01-01,15480.0
5336,Vermont,"White River Junction, Vermont",2014-01-01,16257.0
4736,Vermont,"White River Junction, Vermont",2015-01-01,14810.0
4136,Vermont,"White River Junction, Vermont",2016-01-01,13988.0
3536,Vermont,"White River Junction, Vermont",2017-01-01,13554.0
2936,Vermont,"White River Junction, Vermont",2018-01-01,13864.0
2336,Vermont,"White River Junction, Vermont",2019-01-01,13513.0
1736,Vermont,"White River Junction, Vermont",2020-01-01,5934.0
1136,Vermont,"White River Junction, Vermont",2021-01-01,3132.0
536,Vermont,"White River Junction, Vermont",2022-01-01,12310.0
10790,West Virginia,"White Sulphur Springs, West Virginia",2005-01-01,1966.0
10190,West Virginia,"White Sulphur Springs, West Virginia",2006-01-01,1665.0
9590,West Virginia,"White Sulphur Springs, West Virginia",2007-01-01,3762.0
8990,West Virginia,"White Sulphur Springs, West Virginia",2008-01-01,4896.0
8390,West Virginia,"White Sulphur Springs, West Virginia",2009-01-01,4438.0
7790,West Virginia,"White Sulphur Springs, West Virginia",2010-01-01,4654.0
7190,West Virginia,"White Sulphur Springs, West Virginia",2011-01-01,6056.0
6590,West Virginia,"White Sulphur Springs, West Virginia",2012-01-01,5985.0
5990,West Virginia,"White Sulphur Springs, West Virginia",2013-01-01,5204.0
5390,West Virginia,"White Sulphur Springs, West Virginia",2014-01-01,5165.0
4790,West Virginia,"White Sulphur Springs, West Virginia",2015-01-01,5107.0
4190,West Virginia,"White Sulphur Springs, West Virginia",2016-01-01,5219.0
3590,West Virginia,"White Sulphur Springs, West Virginia",2017-01-01,5878.0
2990,West Virginia,"White Sulphur Springs, West Virginia",2018-01-01,5230.0
2390,West Virginia,"White Sulphur Springs, West Virginia",2019-01-01,5191.0
1790,West Virginia,"White Sulphur Springs, West Virginia",2020-01-01,4038.0
1190,West Virginia,"White Sulphur Springs, West Virginia",2021-01-01,2818.0
590,West Virginia,"White Sulphur Springs, West Virginia",2022-01-01,4293.0
10538,Montana,"Whitefish, Montana",2005-01-01,31038.0
9938,Montana,"Whitefish, Montana",2006-01-01,34526.0
9338,Montana,"Whitefish, Montana",2007-01-01,66922.0
8738,Montana,"Whitefish, Montana",2008-01-01,72207.0
8138,Montana,"Whitefish, Montana",2009-01-01,62492.0
7538,Montana,"Whitefish, Montana",2010-01-01,66813.0
6938,Montana,"Whitefish, Montana",2011-01-01,57823.0
6338,Montana,"Whitefish, Montana",2012-01-01,66614.0
5738,Montana,"Whitefish, Montana",2013-01-01,66840.0
5138,Montana,"Whitefish, Montana",2014-01-01,52012.0
4538,Montana,"Whitefish, Montana",2015-01-01,47548.0
3938,Montana,"Whitefish, Montana",2016-01-01,54842.0
3338,Montana,"Whitefish, Montana",2017-01-01,57093.0
2738,Montana,"Whitefish, Montana",2018-01-01,55473.0
2138,Montana,"Whitefish, Montana",2019-01-01,55642.0
1538,Montana,"Whitefish, Montana",2020-01-01,34919.0
938,Montana,"Whitefish, Montana",2021-01-01,30060.0
338,Montana,"Whitefish, Montana",2022-01-01,37597.0
10601,New York,"Whitehall, New York",2005-01-01,739.0
10001,New York,"Whitehall, New York",2006-01-01,770.0
9401,New York,"Whitehall, New York",2007-01-01,1605.0
8801,New York,"Whitehall, New York",2008-01-01,1477.0
8201,New York,"Whitehall, New York",2009-01-01,1362.0
7601,New York,"Whitehall, New York",2010-01-01,1739.0
7001,New York,"Whitehall, New York",2011-01-01,1655.0
6401,New York,"Whitehall, New York",2012-01-01,1537.0
5801,New York,"Whitehall, New York",2013-01-01,1329.0
5201,New York,"Whitehall, New York",2014-01-01,1595.0
4601,New York,"Whitehall, New York",2015-01-01,1866.0
4001,New York,"Whitehall, New York",2016-01-01,1776.0
3401,New York,"Whitehall, New York",2017-01-01,1638.0
2801,New York,"Whitehall, New York",2018-01-01,1653.0
2201,New York,"Whitehall, New York",2019-01-01,1893.0
1601,New York,"Whitehall, New York",2020-01-01,648.0
10362,Florida,"Wildwood, Florida",2005-01-01,98.0
10210,Arizona,"Williams Junction, Arizona",2005-01-01,2889.0
9610,Arizona,"Williams Junction, Arizona",2006-01-01,3319.0
9010,Arizona,"Williams Junction, Arizona",2007-01-01,7193.0
8410,Arizona,"Williams Junction, Arizona",2008-01-01,8199.0
7810,Arizona,"Williams Junction, Arizona",2009-01-01,6341.0
7210,Arizona,"Williams Junction, Arizona",2010-01-01,7642.0
6610,Arizona,"Williams Junction, Arizona",2011-01-01,7646.0
6010,Arizona,"Williams Junction, Arizona",2012-01-01,7487.0
5410,Arizona,"Williams Junction, Arizona",2013-01-01,6944.0
4810,Arizona,"Williams Junction, Arizona",2014-01-01,6025.0
4210,Arizona,"Williams Junction, Arizona",2015-01-01,6738.0
3610,Arizona,"Williams Junction, Arizona",2016-01-01,8051.0
3010,Arizona,"Williams Junction, Arizona",2017-01-01,9672.0
2411,Arizona,"Williams Junction, Arizona",2018-01-01,2032.0
10759,Virginia,"Williamsburg, Virginia",2005-01-01,19179.0
10159,Virginia,"Williamsburg, Virginia",2006-01-01,19374.0
9559,Virginia,"Williamsburg, Virginia",2007-01-01,41941.0
8959,Virginia,"Williamsburg, Virginia",2008-01-01,49685.0
8359,Virginia,"Williamsburg, Virginia",2009-01-01,48688.0
7759,Virginia,"Williamsburg, Virginia",2010-01-01,47176.0
7159,Virginia,"Williamsburg, Virginia",2011-01-01,53056.0
6559,Virginia,"Williamsburg, Virginia",2012-01-01,58894.0
5959,Virginia,"Williamsburg, Virginia",2013-01-01,62026.0
5359,Virginia,"Williamsburg, Virginia",2014-01-01,61074.0
4759,Virginia,"Williamsburg, Virginia",2015-01-01,61625.0
4159,Virginia,"Williamsburg, Virginia",2016-01-01,59677.0
3559,Virginia,"Williamsburg, Virginia",2017-01-01,60316.0
2959,Virginia,"Williamsburg, Virginia",2018-01-01,57212.0
2359,Virginia,"Williamsburg, Virginia",2019-01-01,54553.0
1759,Virginia,"Williamsburg, Virginia",2020-01-01,28872.0
1159,Virginia,"Williamsburg, Virginia",2021-01-01,28397.0
559,Virginia,"Williamsburg, Virginia",2022-01-01,48083.0
10627,North Dakota,"Williston, North Dakota",2005-01-01,9810.0
10027,North Dakota,"Williston, North Dakota",2006-01-01,10731.0
9427,North Dakota,"Williston, North Dakota",2007-01-01,22648.0
8827,North Dakota,"Williston, North Dakota",2008-01-01,23619.0
8227,North Dakota,"Williston, North Dakota",2009-01-01,21793.0
7627,North Dakota,"Williston, North Dakota",2010-01-01,24586.0
7027,North Dakota,"Williston, North Dakota",2011-01-01,29920.0
6427,North Dakota,"Williston, North Dakota",2012-01-01,54324.0
5827,North Dakota,"Williston, North Dakota",2013-01-01,51076.0
5227,North Dakota,"Williston, North Dakota",2014-01-01,44013.0
4627,North Dakota,"Williston, North Dakota",2015-01-01,38621.0
4027,North Dakota,"Williston, North Dakota",2016-01-01,28062.0
3427,North Dakota,"Williston, North Dakota",2017-01-01,26195.0
2827,North Dakota,"Williston, North Dakota",2018-01-01,29013.0
2227,North Dakota,"Williston, North Dakota",2019-01-01,29916.0
1627,North Dakota,"Williston, North Dakota",2020-01-01,17889.0
1027,North Dakota,"Williston, North Dakota",2021-01-01,11529.0
427,North Dakota,"Williston, North Dakota",2022-01-01,14279.0
10335,Delaware,"Wilmington, Delaware",2005-01-01,387328.0
9735,Delaware,"Wilmington, Delaware",2006-01-01,355373.0
9135,Delaware,"Wilmington, Delaware",2007-01-01,704387.0
8535,Delaware,"Wilmington, Delaware",2008-01-01,731539.0
7935,Delaware,"Wilmington, Delaware",2009-01-01,664429.0
7335,Delaware,"Wilmington, Delaware",2010-01-01,696979.0
6735,Delaware,"Wilmington, Delaware",2011-01-01,717772.0
6135,Delaware,"Wilmington, Delaware",2012-01-01,737846.0
5535,Delaware,"Wilmington, Delaware",2013-01-01,738313.0
4935,Delaware,"Wilmington, Delaware",2014-01-01,704523.0
4335,Delaware,"Wilmington, Delaware",2015-01-01,700341.0
3735,Delaware,"Wilmington, Delaware",2016-01-01,691694.0
3135,Delaware,"Wilmington, Delaware",2017-01-01,688432.0
2535,Delaware,"Wilmington, Delaware",2018-01-01,702150.0
1935,Delaware,"Wilmington, Delaware",2019-01-01,705259.0
1335,Delaware,"Wilmington, Delaware",2020-01-01,348457.0
735,Delaware,"Wilmington, Delaware",2021-01-01,227919.0
135,Delaware,"Wilmington, Delaware",2022-01-01,433876.0
10620,North Carolina,"Wilson, North Carolina",2005-01-01,14939.0
10020,North Carolina,"Wilson, North Carolina",2006-01-01,16940.0
9420,North Carolina,"Wilson, North Carolina",2007-01-01,38054.0
8820,North Carolina,"Wilson, North Carolina",2008-01-01,40846.0
8220,North Carolina,"Wilson, North Carolina",2009-01-01,40091.0
7620,North Carolina,"Wilson, North Carolina",2010-01-01,44054.0
7020,North Carolina,"Wilson, North Carolina",2011-01-01,43845.0
6420,North Carolina,"Wilson, North Carolina",2012-01-01,44158.0
5820,North Carolina,"Wilson, North Carolina",2013-01-01,52692.0
5220,North Carolina,"Wilson, North Carolina",2014-01-01,57969.0
4620,North Carolina,"Wilson, North Carolina",2015-01-01,62404.0
4020,North Carolina,"Wilson, North Carolina",2016-01-01,57787.0
3420,North Carolina,"Wilson, North Carolina",2017-01-01,55579.0
2820,North Carolina,"Wilson, North Carolina",2018-01-01,54110.0
2220,North Carolina,"Wilson, North Carolina",2019-01-01,50523.0
1620,North Carolina,"Wilson, North Carolina",2020-01-01,32449.0
1020,North Carolina,"Wilson, North Carolina",2021-01-01,33805.0
420,North Carolina,"Wilson, North Carolina",2022-01-01,46436.0
10331,Connecticut,"Windsor Locks, Connecticut",2005-01-01,5437.0
9731,Connecticut,"Windsor Locks, Connecticut",2006-01-01,5173.0
9131,Connecticut,"Windsor Locks, Connecticut",2007-01-01,12957.0
8531,Connecticut,"Windsor Locks, Connecticut",2008-01-01,15607.0
7931,Connecticut,"Windsor Locks, Connecticut",2009-01-01,14527.0
7331,Connecticut,"Windsor Locks, Connecticut",2010-01-01,15812.0
6731,Connecticut,"Windsor Locks, Connecticut",2011-01-01,15503.0
6131,Connecticut,"Windsor Locks, Connecticut",2012-01-01,18491.0
5531,Connecticut,"Windsor Locks, Connecticut",2013-01-01,18711.0
4931,Connecticut,"Windsor Locks, Connecticut",2014-01-01,13677.0
4331,Connecticut,"Windsor Locks, Connecticut",2015-01-01,21082.0
3731,Connecticut,"Windsor Locks, Connecticut",2016-01-01,17053.0
3131,Connecticut,"Windsor Locks, Connecticut",2017-01-01,15155.0
2531,Connecticut,"Windsor Locks, Connecticut",2018-01-01,18333.0
1931,Connecticut,"Windsor Locks, Connecticut",2019-01-01,25408.0
1331,Connecticut,"Windsor Locks, Connecticut",2020-01-01,12768.0
731,Connecticut,"Windsor Locks, Connecticut",2021-01-01,8907.0
131,Connecticut,"Windsor Locks, Connecticut",2022-01-01,19733.0
10332,Connecticut,"Windsor, Connecticut",2005-01-01,4103.0
9732,Connecticut,"Windsor, Connecticut",2006-01-01,4322.0
9132,Connecticut,"Windsor, Connecticut",2007-01-01,8984.0
8532,Connecticut,"Windsor, Connecticut",2008-01-01,11102.0
7932,Connecticut,"Windsor, Connecticut",2009-01-01,9793.0
7332,Connecticut,"Windsor, Connecticut",2010-01-01,10219.0
6732,Connecticut,"Windsor, Connecticut",2011-01-01,10269.0
6132,Connecticut,"Windsor, Connecticut",2012-01-01,11713.0
5532,Connecticut,"Windsor, Connecticut",2013-01-01,13235.0
4932,Connecticut,"Windsor, Connecticut",2014-01-01,19957.0
4332,Connecticut,"Windsor, Connecticut",2015-01-01,12857.0
3732,Connecticut,"Windsor, Connecticut",2016-01-01,9167.0
3132,Connecticut,"Windsor, Connecticut",2017-01-01,8638.0
2532,Connecticut,"Windsor, Connecticut",2018-01-01,11091.0
1932,Connecticut,"Windsor, Connecticut",2019-01-01,16717.0
1332,Connecticut,"Windsor, Connecticut",2020-01-01,8532.0
732,Connecticut,"Windsor, Connecticut",2021-01-01,6586.0
132,Connecticut,"Windsor, Connecticut",2022-01-01,12987.0
10737,Vermont,"Windsor, Vermont",2005-01-01,266.0
10137,Vermont,"Windsor, Vermont",2006-01-01,329.0
9537,Vermont,"Windsor, Vermont",2007-01-01,823.0
8937,Vermont,"Windsor, Vermont",2008-01-01,1020.0
8337,Vermont,"Windsor, Vermont",2009-01-01,1051.0
7737,Vermont,"Windsor, Vermont",2010-01-01,1154.0
7137,Vermont,"Windsor, Vermont",2011-01-01,687.0
6537,Vermont,"Windsor, Vermont",2012-01-01,962.0
5937,Vermont,"Windsor, Vermont",2013-01-01,1126.0
5337,Vermont,"Windsor, Vermont",2014-01-01,1197.0
4737,Vermont,"Windsor, Vermont",2015-01-01,1208.0
4137,Vermont,"Windsor, Vermont",2016-01-01,1165.0
3537,Vermont,"Windsor, Vermont",2017-01-01,1200.0
2937,Vermont,"Windsor, Vermont",2018-01-01,1272.0
2337,Vermont,"Windsor, Vermont",2019-01-01,1198.0
1737,Vermont,"Windsor, Vermont",2020-01-01,566.0
1137,Vermont,"Windsor, Vermont",2021-01-01,358.0
537,Vermont,"Windsor, Vermont",2022-01-01,1195.0
10554,Nevada,"Winnemucca, Nevada",2005-01-01,928.0
9954,Nevada,"Winnemucca, Nevada",2006-01-01,1081.0
9349,Nebraska,"Winnemucca, Nevada",2007-01-01,2197.0
8749,Nebraska,"Winnemucca, Nevada",2008-01-01,2730.0
8154,Nevada,"Winnemucca, Nevada",2009-01-01,2750.0
7554,Nevada,"Winnemucca, Nevada",2010-01-01,3558.0
6954,Nevada,"Winnemucca, Nevada",2011-01-01,3441.0
6354,Nevada,"Winnemucca, Nevada",2012-01-01,4238.0
5754,Nevada,"Winnemucca, Nevada",2013-01-01,4481.0
5154,Nevada,"Winnemucca, Nevada",2014-01-01,5060.0
4554,Nevada,"Winnemucca, Nevada",2015-01-01,3617.0
3954,Nevada,"Winnemucca, Nevada",2016-01-01,4050.0
3354,Nevada,"Winnemucca, Nevada",2017-01-01,4146.0
2754,Nevada,"Winnemucca, Nevada",2018-01-01,4525.0
2154,Nevada,"Winnemucca, Nevada",2019-01-01,5203.0
1554,Nevada,"Winnemucca, Nevada",2020-01-01,3409.0
954,Nevada,"Winnemucca, Nevada",2021-01-01,2400.0
354,Nevada,"Winnemucca, Nevada",2022-01-01,3007.0
10498,Minnesota,"Winona, Minnesota",2005-01-01,10590.0
9898,Minnesota,"Winona, Minnesota",2006-01-01,10571.0
9298,Minnesota,"Winona, Minnesota",2007-01-01,23171.0
8698,Minnesota,"Winona, Minnesota",2008-01-01,26351.0
8098,Minnesota,"Winona, Minnesota",2009-01-01,24886.0
7498,Minnesota,"Winona, Minnesota",2010-01-01,27124.0
6898,Minnesota,"Winona, Minnesota",2011-01-01,23928.0
6298,Minnesota,"Winona, Minnesota",2012-01-01,24458.0
5698,Minnesota,"Winona, Minnesota",2013-01-01,23507.0
5098,Minnesota,"Winona, Minnesota",2014-01-01,20318.0
4498,Minnesota,"Winona, Minnesota",2015-01-01,18966.0
3898,Minnesota,"Winona, Minnesota",2016-01-01,18893.0
3298,Minnesota,"Winona, Minnesota",2017-01-01,17595.0
2698,Minnesota,"Winona, Minnesota",2018-01-01,14711.0
2098,Minnesota,"Winona, Minnesota",2019-01-01,13199.0
1498,Minnesota,"Winona, Minnesota",2020-01-01,8378.0
898,Minnesota,"Winona, Minnesota",2021-01-01,7192.0
298,Minnesota,"Winona, Minnesota",2022-01-01,9282.0
10212,Arizona,"Winslow, Arizona",2005-01-01,1378.0
9612,Arizona,"Winslow, Arizona",2006-01-01,1569.0
9012,Arizona,"Winslow, Arizona",2007-01-01,3970.0
8412,Arizona,"Winslow, Arizona",2008-01-01,4767.0
7812,Arizona,"Winslow, Arizona",2009-01-01,4834.0
7212,Arizona,"Winslow, Arizona",2010-01-01,5274.0
6612,Arizona,"Winslow, Arizona",2011-01-01,5399.0
6012,Arizona,"Winslow, Arizona",2012-01-01,5034.0
5412,Arizona,"Winslow, Arizona",2013-01-01,4625.0
4812,Arizona,"Winslow, Arizona",2014-01-01,4428.0
4212,Arizona,"Winslow, Arizona",2015-01-01,5074.0
3612,Arizona,"Winslow, Arizona",2016-01-01,4481.0
3012,Arizona,"Winslow, Arizona",2017-01-01,4187.0
2412,Arizona,"Winslow, Arizona",2018-01-01,4345.0
1812,Arizona,"Winslow, Arizona",2019-01-01,4371.0
1212,Arizona,"Winslow, Arizona",2020-01-01,2437.0
612,Arizona,"Winslow, Arizona",2021-01-01,1773.0
12,Arizona,"Winslow, Arizona",2022-01-01,2652.0
10363,Florida,"Winter Haven, Florida",2005-01-01,11353.0
9763,Florida,"Winter Haven, Florida",2006-01-01,8939.0
9163,Florida,"Winter Haven, Florida",2007-01-01,17923.0
8563,Florida,"Winter Haven, Florida",2008-01-01,21079.0
7963,Florida,"Winter Haven, Florida",2009-01-01,22881.0
7363,Florida,"Winter Haven, Florida",2010-01-01,22992.0
6763,Florida,"Winter Haven, Florida",2011-01-01,26188.0
6163,Florida,"Winter Haven, Florida",2012-01-01,24565.0
5563,Florida,"Winter Haven, Florida",2013-01-01,22025.0
4963,Florida,"Winter Haven, Florida",2014-01-01,22273.0
4363,Florida,"Winter Haven, Florida",2015-01-01,21965.0
3763,Florida,"Winter Haven, Florida",2016-01-01,21684.0
3163,Florida,"Winter Haven, Florida",2017-01-01,20598.0
2563,Florida,"Winter Haven, Florida",2018-01-01,20503.0
1963,Florida,"Winter Haven, Florida",2019-01-01,19757.0
1363,Florida,"Winter Haven, Florida",2020-01-01,13321.0
763,Florida,"Winter Haven, Florida",2021-01-01,15227.0
163,Florida,"Winter Haven, Florida",2022-01-01,17397.0
3117,Colorado,"Winter Park Resort (seasonal), Colorado",2017-01-01,16568.0
2517,Colorado,"Winter Park Resort (seasonal), Colorado",2018-01-01,13033.0
1917,Colorado,"Winter Park Resort (seasonal), Colorado",2019-01-01,18996.0
1317,Colorado,"Winter Park Resort (seasonal), Colorado",2020-01-01,17114.0
117,Colorado,"Winter Park Resort (seasonal), Colorado",2022-01-01,16958.0
10364,Florida,"Winter Park, Florida",2005-01-01,11738.0
9764,Florida,"Winter Park, Florida",2006-01-01,11204.0
9164,Florida,"Winter Park, Florida",2007-01-01,26491.0
8564,Florida,"Winter Park, Florida",2008-01-01,29514.0
7964,Florida,"Winter Park, Florida",2009-01-01,30948.0
7364,Florida,"Winter Park, Florida",2010-01-01,31962.0
6764,Florida,"Winter Park, Florida",2011-01-01,34858.0
6164,Florida,"Winter Park, Florida",2012-01-01,33455.0
5564,Florida,"Winter Park, Florida",2013-01-01,30142.0
4964,Florida,"Winter Park, Florida",2014-01-01,29013.0
4364,Florida,"Winter Park, Florida",2015-01-01,28310.0
3764,Florida,"Winter Park, Florida",2016-01-01,28205.0
3164,Florida,"Winter Park, Florida",2017-01-01,27253.0
2564,Florida,"Winter Park, Florida",2018-01-01,25844.0
1964,Florida,"Winter Park, Florida",2019-01-01,27047.0
1364,Florida,"Winter Park, Florida",2020-01-01,14828.0
764,Florida,"Winter Park, Florida",2021-01-01,12993.0
164,Florida,"Winter Park, Florida",2022-01-01,16388.0
10318,Colorado,"Winter Park-Fraser, Colorado",2005-01-01,4976.0
9718,Colorado,"Winter Park-Fraser, Colorado",2006-01-01,4169.0
9118,Colorado,"Winter Park-Fraser, Colorado",2007-01-01,8844.0
8518,Colorado,"Winter Park-Fraser, Colorado",2008-01-01,9400.0
7918,Colorado,"Winter Park-Fraser, Colorado",2009-01-01,8390.0
7318,Colorado,"Winter Park-Fraser, Colorado",2010-01-01,7913.0
6718,Colorado,"Winter Park-Fraser, Colorado",2011-01-01,8252.0
6118,Colorado,"Winter Park-Fraser, Colorado",2012-01-01,7162.0
5518,Colorado,"Winter Park-Fraser, Colorado",2013-01-01,7250.0
4918,Colorado,"Winter Park-Fraser, Colorado",2014-01-01,6911.0
4318,Colorado,"Winter Park-Fraser, Colorado",2015-01-01,8445.0
3718,Colorado,"Winter Park-Fraser, Colorado",2016-01-01,9017.0
3118,Colorado,"Winter Park-Fraser, Colorado",2017-01-01,8845.0
2518,Colorado,"Winter Park-Fraser, Colorado",2018-01-01,10006.0
1918,Colorado,"Winter Park-Fraser, Colorado",2019-01-01,10152.0
1318,Colorado,"Winter Park-Fraser, Colorado",2020-01-01,8042.0
718,Colorado,"Winter Park-Fraser, Colorado",2021-01-01,3500.0
118,Colorado,"Winter Park-Fraser, Colorado",2022-01-01,6466.0
10799,Wisconsin,"Wisconsin Dells, Wisconsin",2005-01-01,5383.0
10199,Wisconsin,"Wisconsin Dells, Wisconsin",2006-01-01,5654.0
9599,Wisconsin,"Wisconsin Dells, Wisconsin",2007-01-01,12562.0
8999,Wisconsin,"Wisconsin Dells, Wisconsin",2008-01-01,13288.0
8399,Wisconsin,"Wisconsin Dells, Wisconsin",2009-01-01,13549.0
7799,Wisconsin,"Wisconsin Dells, Wisconsin",2010-01-01,13609.0
7199,Wisconsin,"Wisconsin Dells, Wisconsin",2011-01-01,14265.0
6599,Wisconsin,"Wisconsin Dells, Wisconsin",2012-01-01,13543.0
5999,Wisconsin,"Wisconsin Dells, Wisconsin",2013-01-01,13768.0
5399,Wisconsin,"Wisconsin Dells, Wisconsin",2014-01-01,12742.0
4799,Wisconsin,"Wisconsin Dells, Wisconsin",2015-01-01,13240.0
4199,Wisconsin,"Wisconsin Dells, Wisconsin",2016-01-01,14419.0
3599,Wisconsin,"Wisconsin Dells, Wisconsin",2017-01-01,14606.0
2999,Wisconsin,"Wisconsin Dells, Wisconsin",2018-01-01,13631.0
2399,Wisconsin,"Wisconsin Dells, Wisconsin",2019-01-01,14722.0
1799,Wisconsin,"Wisconsin Dells, Wisconsin",2020-01-01,8559.0
1199,Wisconsin,"Wisconsin Dells, Wisconsin",2021-01-01,8304.0
599,Wisconsin,"Wisconsin Dells, Wisconsin",2022-01-01,10505.0
10779,Washington,"Wishram, Washington",2005-01-01,1157.0
10179,Washington,"Wishram, Washington",2006-01-01,692.0
9579,Washington,"Wishram, Washington",2007-01-01,1596.0
8979,Washington,"Wishram, Washington",2008-01-01,1865.0
8379,Washington,"Wishram, Washington",2009-01-01,1400.0
7779,Washington,"Wishram, Washington",2010-01-01,1580.0
7179,Washington,"Wishram, Washington",2011-01-01,2128.0
6579,Washington,"Wishram, Washington",2012-01-01,1567.0
5979,Washington,"Wishram, Washington",2013-01-01,1570.0
5379,Washington,"Wishram, Washington",2014-01-01,1512.0
4779,Washington,"Wishram, Washington",2015-01-01,1300.0
4179,Washington,"Wishram, Washington",2016-01-01,1330.0
3579,Washington,"Wishram, Washington",2017-01-01,1577.0
2979,Washington,"Wishram, Washington",2018-01-01,1339.0
2379,Washington,"Wishram, Washington",2019-01-01,1259.0
1779,Washington,"Wishram, Washington",2020-01-01,826.0
1179,Washington,"Wishram, Washington",2021-01-01,712.0
579,Washington,"Wishram, Washington",2022-01-01,872.0
10465,Massachusetts,"Woburn, Massachusetts",2005-01-01,4529.0
9865,Massachusetts,"Woburn, Massachusetts",2006-01-01,5500.0
9265,Massachusetts,"Woburn, Massachusetts",2007-01-01,10413.0
8665,Massachusetts,"Woburn, Massachusetts",2008-01-01,14406.0
8065,Massachusetts,"Woburn, Massachusetts",2009-01-01,14620.0
7465,Massachusetts,"Woburn, Massachusetts",2010-01-01,15290.0
6865,Massachusetts,"Woburn, Massachusetts",2011-01-01,16762.0
6265,Massachusetts,"Woburn, Massachusetts",2012-01-01,18860.0
5665,Massachusetts,"Woburn, Massachusetts",2013-01-01,19573.0
5065,Massachusetts,"Woburn, Massachusetts",2014-01-01,22754.0
4465,Massachusetts,"Woburn, Massachusetts",2015-01-01,16901.0
3865,Massachusetts,"Woburn, Massachusetts",2016-01-01,21485.0
3265,Massachusetts,"Woburn, Massachusetts",2017-01-01,18953.0
2665,Massachusetts,"Woburn, Massachusetts",2018-01-01,16846.0
2065,Massachusetts,"Woburn, Massachusetts",2019-01-01,13702.0
1465,Massachusetts,"Woburn, Massachusetts",2020-01-01,6306.0
865,Massachusetts,"Woburn, Massachusetts",2021-01-01,5897.0
265,Massachusetts,"Woburn, Massachusetts",2022-01-01,13626.0
10539,Montana,"Wolf Point, Montana",2005-01-01,3893.0
9939,Montana,"Wolf Point, Montana",2006-01-01,3896.0
9339,Montana,"Wolf Point, Montana",2007-01-01,7947.0
8739,Montana,"Wolf Point, Montana",2008-01-01,8280.0
8139,Montana,"Wolf Point, Montana",2009-01-01,7457.0
7539,Montana,"Wolf Point, Montana",2010-01-01,6970.0
6939,Montana,"Wolf Point, Montana",2011-01-01,6059.0
6339,Montana,"Wolf Point, Montana",2012-01-01,8023.0
5739,Montana,"Wolf Point, Montana",2013-01-01,8019.0
5139,Montana,"Wolf Point, Montana",2014-01-01,6301.0
4539,Montana,"Wolf Point, Montana",2015-01-01,6057.0
3939,Montana,"Wolf Point, Montana",2016-01-01,5662.0
3339,Montana,"Wolf Point, Montana",2017-01-01,5097.0
2739,Montana,"Wolf Point, Montana",2018-01-01,4447.0
2139,Montana,"Wolf Point, Montana",2019-01-01,4603.0
1539,Montana,"Wolf Point, Montana",2020-01-01,3030.0
939,Montana,"Wolf Point, Montana",2021-01-01,2434.0
339,Montana,"Wolf Point, Montana",2022-01-01,2911.0
10760,Virginia,"Woodbridge, Virginia",2005-01-01,2975.0
10160,Virginia,"Woodbridge, Virginia",2006-01-01,8765.0
9560,Virginia,"Woodbridge, Virginia",2007-01-01,15361.0
8960,Virginia,"Woodbridge, Virginia",2008-01-01,10426.0
8360,Virginia,"Woodbridge, Virginia",2009-01-01,10848.0
7760,Virginia,"Woodbridge, Virginia",2010-01-01,11250.0
7160,Virginia,"Woodbridge, Virginia",2011-01-01,17612.0
6560,Virginia,"Woodbridge, Virginia",2012-01-01,21794.0
5960,Virginia,"Woodbridge, Virginia",2013-01-01,28311.0
5360,Virginia,"Woodbridge, Virginia",2014-01-01,29418.0
4760,Virginia,"Woodbridge, Virginia",2015-01-01,24212.0
4160,Virginia,"Woodbridge, Virginia",2016-01-01,17456.0
3560,Virginia,"Woodbridge, Virginia",2017-01-01,16712.0
2960,Virginia,"Woodbridge, Virginia",2018-01-01,21799.0
2360,Virginia,"Woodbridge, Virginia",2019-01-01,11738.0
1760,Virginia,"Woodbridge, Virginia",2020-01-01,7453.0
1160,Virginia,"Woodbridge, Virginia",2021-01-01,7324.0
560,Virginia,"Woodbridge, Virginia",2022-01-01,18994.0
10466,Massachusetts,"Worcester, Massachusetts",2005-01-01,3179.0
9866,Massachusetts,"Worcester, Massachusetts",2006-01-01,2889.0
9266,Massachusetts,"Worcester, Massachusetts",2007-01-01,5406.0
8666,Massachusetts,"Worcester, Massachusetts",2008-01-01,6183.0
8066,Massachusetts,"Worcester, Massachusetts",2009-01-01,6701.0
7466,Massachusetts,"Worcester, Massachusetts",2010-01-01,7398.0
6866,Massachusetts,"Worcester, Massachusetts",2011-01-01,8402.0
6266,Massachusetts,"Worcester, Massachusetts",2012-01-01,8900.0
5666,Massachusetts,"Worcester, Massachusetts",2013-01-01,9552.0
5066,Massachusetts,"Worcester, Massachusetts",2014-01-01,8439.0
4466,Massachusetts,"Worcester, Massachusetts",2015-01-01,7237.0
3866,Massachusetts,"Worcester, Massachusetts",2016-01-01,6152.0
3266,Massachusetts,"Worcester, Massachusetts",2017-01-01,6665.0
2666,Massachusetts,"Worcester, Massachusetts",2018-01-01,6157.0
2066,Massachusetts,"Worcester, Massachusetts",2019-01-01,6508.0
1466,Massachusetts,"Worcester, Massachusetts",2020-01-01,4564.0
866,Massachusetts,"Worcester, Massachusetts",2021-01-01,4196.0
266,Massachusetts,"Worcester, Massachusetts",2022-01-01,5068.0
10514,Mississippi,"Yazoo City, Mississippi",2005-01-01,1300.0
9914,Mississippi,"Yazoo City, Mississippi",2006-01-01,1405.0
9314,Mississippi,"Yazoo City, Mississippi",2007-01-01,3200.0
8114,Mississippi,"Yazoo City, Mississippi",2009-01-01,3945.0
7514,Mississippi,"Yazoo City, Mississippi",2010-01-01,3869.0
6914,Mississippi,"Yazoo City, Mississippi",2011-01-01,3626.0
6314,Mississippi,"Yazoo City, Mississippi",2012-01-01,3323.0
5714,Mississippi,"Yazoo City, Mississippi",2013-01-01,3772.0
5114,Mississippi,"Yazoo City, Mississippi",2014-01-01,3764.0
4514,Mississippi,"Yazoo City, Mississippi",2015-01-01,3784.0
3914,Mississippi,"Yazoo City, Mississippi",2016-01-01,3811.0
3314,Mississippi,"Yazoo City, Mississippi",2017-01-01,3587.0
2714,Mississippi,"Yazoo City, Mississippi",2018-01-01,3185.0
2114,Mississippi,"Yazoo City, Mississippi",2019-01-01,3158.0
1514,Mississippi,"Yazoo City, Mississippi",2020-01-01,2130.0
914,Mississippi,"Yazoo City, Mississippi",2021-01-01,1835.0
314,Mississippi,"Yazoo City, Mississippi",2022-01-01,2290.0
10695,South Carolina,"Yemassee, South Carolina",2005-01-01,4571.0
10095,South Carolina,"Yemassee, South Carolina",2006-01-01,5442.0
9495,South Carolina,"Yemassee, South Carolina",2007-01-01,11762.0
8895,South Carolina,"Yemassee, South Carolina",2008-01-01,12064.0
8295,South Carolina,"Yemassee, South Carolina",2009-01-01,12346.0
7695,South Carolina,"Yemassee, South Carolina",2010-01-01,13516.0
7095,South Carolina,"Yemassee, South Carolina",2011-01-01,13748.0
6495,South Carolina,"Yemassee, South Carolina",2012-01-01,14624.0
5895,South Carolina,"Yemassee, South Carolina",2013-01-01,14915.0
5295,South Carolina,"Yemassee, South Carolina",2014-01-01,12437.0
4695,South Carolina,"Yemassee, South Carolina",2015-01-01,12340.0
4095,South Carolina,"Yemassee, South Carolina",2016-01-01,10789.0
3495,South Carolina,"Yemassee, South Carolina",2017-01-01,10451.0
2895,South Carolina,"Yemassee, South Carolina",2018-01-01,9740.0
2295,South Carolina,"Yemassee, South Carolina",2019-01-01,9428.0
1695,South Carolina,"Yemassee, South Carolina",2020-01-01,5710.0
1095,South Carolina,"Yemassee, South Carolina",2021-01-01,5085.0
495,South Carolina,"Yemassee, South Carolina",2022-01-01,5006.0
10602,New York,"Yonkers, New York",2005-01-01,7681.0
10002,New York,"Yonkers, New York",2006-01-01,7520.0
9402,New York,"Yonkers, New York",2007-01-01,17096.0
8802,New York,"Yonkers, New York",2008-01-01,18720.0
8202,New York,"Yonkers, New York",2009-01-01,18850.0
7602,New York,"Yonkers, New York",2010-01-01,20433.0
7002,New York,"Yonkers, New York",2011-01-01,20987.0
6402,New York,"Yonkers, New York",2012-01-01,22187.0
5802,New York,"Yonkers, New York",2013-01-01,24227.0
5202,New York,"Yonkers, New York",2014-01-01,24760.0
4602,New York,"Yonkers, New York",2015-01-01,26127.0
4002,New York,"Yonkers, New York",2016-01-01,25322.0
3402,New York,"Yonkers, New York",2017-01-01,27009.0
2802,New York,"Yonkers, New York",2018-01-01,28223.0
2202,New York,"Yonkers, New York",2019-01-01,32109.0
1602,New York,"Yonkers, New York",2020-01-01,21390.0
1002,New York,"Yonkers, New York",2021-01-01,23839.0
402,New York,"Yonkers, New York",2022-01-01,34717.0
10638,Ohio,"Youngstown, Ohio",2005-01-01,829.0
10213,Arizona,"Yuma, Arizona",2005-01-01,877.0
9613,Arizona,"Yuma, Arizona",2006-01-01,1105.0
9013,Arizona,"Yuma, Arizona",2007-01-01,2409.0
8413,Arizona,"Yuma, Arizona",2008-01-01,3057.0
7813,Arizona,"Yuma, Arizona",2009-01-01,3689.0
7213,Arizona,"Yuma, Arizona",2010-01-01,3676.0
6613,Arizona,"Yuma, Arizona",2011-01-01,3386.0
6013,Arizona,"Yuma, Arizona",2012-01-01,4011.0
5413,Arizona,"Yuma, Arizona",2013-01-01,3891.0
4813,Arizona,"Yuma, Arizona",2014-01-01,3772.0
4213,Arizona,"Yuma, Arizona",2015-01-01,4296.0
3613,Arizona,"Yuma, Arizona",2016-01-01,4576.0
3013,Arizona,"Yuma, Arizona",2017-01-01,4605.0
2413,Arizona,"Yuma, Arizona",2018-01-01,4525.0
1813,Arizona,"Yuma, Arizona",2019-01-01,4285.0
1213,Arizona,"Yuma, Arizona",2020-01-01,3366.0
13,Arizona,"Yuma, Arizona",2022-01-01,4403.0
