date,value,weather_temp_mean,weather_precip_sum,weather_wind_mean,holiday_count,is_weekend,weather_temp_mean_lag1,weather_temp_mean_lag7,weather_precip_sum_lag1,weather_precip_sum_lag7,weather_wind_mean_lag1,weather_wind_mean_lag7,holiday_count_lag1,holiday_count_lag7,is_weekend_lag1,is_weekend_lag7,dow_sin,dow_cos,doy_sin,doy_cos,value_lag1,value_lag7,value_lag14,value_roll_mean_7,value_roll_mean_14,Days,target,predictor,var1,var2,Industrial_Production,Consumer_Price_Index,Oil,API_WELLNO,ReportDate
2022-09-14,98.54100370386747,22.1,0.0,10.6,0,0,0.0,0.0,0.0,0.0,0.0,0.0,0.0,0.0,0.0,0.0,0.9749279121818236,-0.22252093395631434,-0.9578523554276669,-0.28726097055059635,0.0,0.0,0.0,0.0,0.0,0,98.54100370386747,0.0,98.54100370386747,0.0,98.54100370386747,0.0,98.54100370386747,entity_001,2022-09-14
2022-09-15,81.06572586242379,21.7,0.0,8.8,0,0,22.1,0.0,0.0,0.0,10.6,0.0,0.0,0.0,0.0,0.0,0.43388373911755823,-0.900968867902419,-0.9626519747161487,-0.2707418984477642,98.54100370386747,0.0,0.0,0.0,0.0,1,81.06572586242379,98.54100370386747,81.06572586242379,98.54100370386747,81.06572586242379,98.54100370386747,81.06572586242379,entity_001,2022-09-15
2022-09-16,82.37826049176054,22.0,0.4,10.0,0,0,21.7,0.0,0.0,0.0,8.8,0.0,0.0,0.0,0.0,0.0,-0.433883739117558,-0.9009688679024191,-0.9671667297977312,-0.2541427094613622,81.06572586242379,0.0,0.0,0.0,0.0,2,82.37826049176054,81.06572586242379,82.37826049176054,81.06572586242379,82.37826049176054,81.06572586242379,82.37826049176054,entity_001,2022-09-16
2022-09-17,70.46119536085665,21.9,0.0,8.8,0,1,22.0,0.0,0.4,0.0,10.0,0.0,0.0,0.0,0.0,0.0,-0.9749279121818236,-0.2225209339563146,-0.97139528468375,-0.23746831555846842,82.37826049176054,0.0,0.0,0.0,0.0,3,70.46119536085665,82.37826049176054,70.46119536085665,82.37826049176054,70.46119536085665,82.37826049176054,70.46119536085665,entity_001,2022-09-17
2022-09-18,74.16938575895345,21.9,0.1,7.0,0,1,21.9,0.0,0.0,0.0,8.8,0.0,0.0,0.0,1.0,0.0,-0.7818314824680299,0.6234898018587334,-0.9753363880767837,-0.2207236509605022,70.46119536085665,0.0,0.0,0.0,0.0,4,74.16938575895345,70.46119536085665,74.16938575895345,70.46119536085665,74.16938575895345,70.46119536085665,74.16938575895345,entity_001,2022-09-18
2022-09-19,74.73514968987149,22.3,0.0,8.9,0,0,21.9,0.0,0.1,0.0,7.0,0.0,0.0,0.0,1.0,0.0,0.0,1.0,-0.9789888737409319,-0.20391367068311472,74.16938575895345,0.0,0.0,0.0,0.0,5,74.73514968987149,74.16938575895345,74.73514968987149,74.16938575895345,74.73514968987149,74.16938575895345,74.73514968987149,entity_001,2022-09-19
2022-09-20,85.21967190303018,23.0,0.1,7.9,0,0,22.3,0.0,0.0,0.0,8.9,0.0,0.0,0.0,0.0,0.0,0.7818314824680298,0.6234898018587336,-0.9823516608469237,-0.18704334906991657,74.73514968987149,0.0,0.0,80.9386275386805,0.0,6,85.21967190303018,74.73514968987149,85.21967190303018,74.73514968987149,85.21967190303018,74.73514968987149,85.21967190303018,entity_001,2022-09-20
2022-09-21,78.3293700441226,22.7,1.6,9.0,0,0,23.0,22.1,0.1,0.0,7.9,10.6,0.0,0.0,0.0,0.0,0.9749279121818236,-0.22252093395631434,-0.9854237542919524,-0.17011767832049052,85.21967190303018,98.54100370386747,0.0,78.0512513015741,0.0,7,78.3293700441226,85.21967190303018,78.3293700441226,85.21967190303018,78.3293700441226,85.21967190303018,78.3293700441226,entity_001,2022-09-21
2022-09-22,87.63659875851043,22.5,0.5,9.5,0,0,22.7,21.7,1.6,0.0,9.0,8.8,0.0,0.0,0.0,0.0,0.43388373911755823,-0.900968867902419,-0.9882042449941422,-0.15314166701312007,78.3293700441226,81.06572586242379,0.0,78.98994742958646,0.0,8,87.63659875851043,78.3293700441226,87.63659875851043,78.3293700441226,87.63659875851043,78.3293700441226,87.63659875851043,entity_001,2022-09-22
2022-09-23,73.03627201962124,22.4,0.0,7.9,0,0,22.5,22.0,0.5,0.4,9.5,10.0,0.0,0.0,0.0,0.0,-0.433883739117558,-0.9009688679024191,-0.9906923101615609,-0.13612033862266704,87.63659875851043,82.37826049176054,0.0,77.65537764785229,0.0,9,73.03627201962124,87.63659875851043,73.03627201962124,87.63659875851043,73.03627201962124,87.63659875851043,73.03627201962124,entity_001,2022-09-23
2022-09-24,64.38281321515203,22.9,0.0,7.4,0,1,22.4,21.9,0.0,0.0,7.9,8.8,0.0,0.0,0.0,1.0,-0.9749279121818236,-0.2225209339563146,-0.9928872135356962,-0.11905873003404988,73.03627201962124,70.46119536085665,0.0,76.78703734132306,0.0,10,64.38281321515203,73.03627201962124,64.38281321515203,73.03627201962124,64.38281321515203,73.03627201962124,64.38281321515203,entity_001,2022-09-24
2022-09-25,65.68280751042442,21.5,0.2,11.2,0,1,22.9,21.9,0.0,0.1,7.4,7.0,0.0,0.0,1.0,1.0,-0.7818314824680299,0.6234898018587334,-0.994788305609327,-0.10196189005174576,64.38281321515203,74.16938575895345,0.0,75.57466902010462,0.0,11,65.68280751042442,64.38281321515203,65.68280751042442,64.38281321515203,65.68280751042442,64.38281321515203,65.68280751042442,entity_001,2022-09-25
2022-09-26,50.16943844229814,20.9,0.4,8.7,0,0,21.5,22.3,0.2,0.0,11.2,8.9,0.0,0.0,1.0,0.0,0.0,1.0,-0.9963950238187231,-0.08483487790576538,65.68280751042442,74.73514968987149,0.0,72.06528169902272,0.0,12,50.16943844229814,65.68280751042442,50.16943844229814,65.68280751042442,50.16943844229814,65.68280751042442,50.16943844229814,entity_001,2022-09-26
2022-09-27,64.95211746623892,20.0,0.0,9.4,0,0,20.9,23.0,0.4,0.1,8.7,7.9,0.0,0.0,0.0,0.0,0.7818314824680298,0.6234898018587336,-0.9977068927101168,-0.06768276175455162,50.16943844229814,85.21967190303018,0.0,69.16991677948111,75.05427215908081,13,64.95211746623892,50.16943844229814,64.95211746623892,50.16943844229814,64.95211746623892,50.16943844229814,64.95211746623892,entity_001,2022-09-27
2022-09-28,69.81423312398086,20.4,0.0,9.0,0,0,20.0,22.7,0.0,1.6,9.4,9.0,0.0,0.0,0.0,0.0,0.9749279121818236,-0.22252093395631434,-0.9987235240803972,-0.050510617185222886,64.95211746623892,78.3293700441226,98.54100370386747,67.95346864803228,73.0023599748032,14,69.81423312398086,64.95211746623892,69.81423312398086,64.95211746623892,69.81423312398086,64.95211746623892,69.81423312398086,entity_001,2022-09-28
2022-09-29,66.10012198138728,20.8,0.4,10.0,0,0,20.4,22.5,0.0,0.5,9.0,9.5,0.0,0.0,0.0,0.0,0.43388373911755823,-0.900968867902419,-0.9994446170919858,-0.033323525711631344,69.81423312398086,87.63659875851043,81.06572586242379,64.87682910844326,71.93338826901487,15,66.10012198138728,69.81423312398086,66.10012198138728,69.81423312398086,66.10012198138728,69.81423312398086,66.10012198138728,entity_001,2022-09-29
2022-09-30,61.19613202829825,19.9,3.1,12.4,0,0,20.8,22.4,0.4,0.0,10.0,7.9,0.0,0.0,0.0,0.0,-0.433883739117558,-0.9009688679024191,-0.9998699583618592,-0.016126573270657762,66.10012198138728,73.03627201962124,82.37826049176054,63.18538053825427,70.42037909305328,16,61.19613202829825,66.10012198138728,61.19613202829825,66.10012198138728,61.19613202829825,66.10012198138728,61.19613202829825,entity_001,2022-09-30
2022-10-01,60.394035183265295,20.1,0.0,13.9,0,1,19.9,22.9,3.1,0.0,12.4,7.4,0.0,0.0,0.0,1.0,-0.9749279121818236,-0.2225209339563146,-0.9999994220246925,0.001075151282798226,61.19613202829825,64.38281321515203,70.46119536085665,62.61555510512759,69.70129622322533,17,60.394035183265295,61.19613202829825,60.394035183265295,61.19613202829825,60.394035183265295,61.19613202829825,60.394035183265295,entity_001,2022-10-01
2022-10-02,64.38094713877177,22.7,0.0,7.6,0,1,20.1,21.5,0.0,0.2,13.9,11.2,0.0,0.0,1.0,1.0,-0.7818314824680299,0.6234898018587334,-0.999832969770105,0.018276557681691223,60.394035183265295,65.68280751042442,74.16938575895345,62.42957505203435,69.0021220360695,18,64.38094713877177,60.394035183265295,64.38094713877177,60.394035183265295,64.38094713877177,60.394035183265295,64.38094713877177,entity_001,2022-10-02
2022-10-03,50.64222873525691,22.5,0.0,7.7,0,0,22.7,20.9,0.0,0.4,7.6,8.7,0.0,0.0,1.0,0.0,0.0,1.0,-0.9993706508539969,0.03547255575312556,64.38094713877177,50.16943844229814,74.73514968987149,62.497116522457034,67.28119911073988,19,50.64222873525691,64.38094713877177,50.64222873525691,64.38094713877177,50.64222873525691,64.38094713877177,50.64222873525691,entity_001,2022-10-03
2022-10-04,62.86701205172446,21.5,0.0,9.2,0,0,22.5,20.0,0.0,0.0,7.7,9.4,0.0,0.0,0.0,0.0,0.7818314824680298,0.6234898018587336,-0.9986126020839734,0.052658056924614005,50.64222873525691,64.95211746623892,85.21967190303018,62.19924432038355,65.68458054993233,20,62.86701205172446,50.64222873525691,62.86701205172446,50.64222873525691,62.86701205172446,50.64222873525691,62.86701205172446,entity_001,2022-10-04
2022-10-05,55.432242034666494,20.9,0.0,6.9,0,0,21.5,20.4,0.0,0.0,9.2,9.0,0.0,0.0,0.0,0.0,0.9749279121818236,-0.22252093395631434,-0.9975590477788613,0.06982797572987089,62.86701205172446,69.81423312398086,78.3293700441226,60.1446741647672,64.04907140639975,21,55.432242034666494,62.86701205172446,55.432242034666494,62.86701205172446,55.432242034666494,62.86701205172446,55.432242034666494,entity_001,2022-10-05
2022-10-06,60.98563931583115,21.5,0.0,7.4,0,0,20.9,20.8,0.0,0.4,6.9,10.0,0.0,0.0,0.0,0.0,0.43388373911755823,-0.900968867902419,-0.9962102997023297,0.0869772313136861,55.432242034666494,66.10012198138728,87.63659875851043,59.41403378397348,62.14543144620837,22,60.98563931583115,55.432242034666494,60.98563931583115,55.432242034666494,60.98563931583115,55.432242034666494,60.98563931583115,entity_001,2022-10-06
2022-10-07,58.7717986615162,21.2,0.0,7.1,0,0,21.5,19.9,0.0,3.1,7.4,12.4,0.0,0.0,0.0,0.0,-0.433883739117558,-0.9009688679024191,-0.9945667569706337,0.1041007489354256,60.98563931583115,61.19613202829825,73.03627201962124,59.06770044586175,61.12654049205802,23,58.7717986615162,60.98563931583115,58.7717986615162,60.98563931583115,58.7717986615162,60.98563931583115,58.7717986615162,entity_001,2022-10-07
2022-10-08,57.38242823110084,21.5,0.0,7.4,1,1,21.2,20.1,0.0,0.0,7.1,13.9,0.0,0.0,0.0,1.0,-0.9749279121818236,-0.2225209339563146,-0.9926289059345095,0.12119346147073601,58.7717986615162,60.394035183265295,64.38281321515203,58.637470881266836,60.62651299319721,24,57.38242823110084,58.7717986615162,57.38242823110084,58.7717986615162,57.38242823110084,58.7717986615162,57.38242823110084,entity_001,2022-10-08
2022-10-09,39.46195181444243,21.3,0.2,8.5,1,1,21.5,22.7,0.0,0.0,7.4,7.6,1.0,0.0,1.0,1.0,-0.7818314824680299,0.6234898018587334,-0.9903973200352558,0.13825031091098192,57.38242823110084,64.38094713877177,65.68280751042442,55.077614406362635,58.7535947291985,25,39.46195181444243,57.38242823110084,39.46195181444243,57.38242823110084,39.46195181444243,57.38242823110084,39.46195181444243,entity_001,2022-10-09
2022-10-10,47.12249209043286,20.6,0.0,6.8,0,0,21.3,22.5,0.2,0.0,8.5,7.7,1.0,0.0,1.0,0.0,0.0,1.0,-0.9878726596350429,0.15526624985999563,39.46195181444243,50.64222873525691,50.16943844229814,54.57479488567349,58.53595570406526,26,47.12249209043286,39.46195181444243,47.12249209043286,39.46195181444243,47.12249209043286,39.46195181444243,47.12249209043286,entity_001,2022-10-10
2022-10-11,44.93397464966996,19.6,2.6,8.3,0,0,20.6,21.5,0.0,0.0,6.8,9.2,0.0,0.0,0.0,0.0,0.7818314824680298,0.6234898018587336,-0.9850556718215013,0.172236243027682,47.12249209043286,62.86701205172446,64.95211746623892,52.0129323996657,57.10608836002463,27,44.93397464966996,47.12249209043286,44.93397464966996,47.12249209043286,44.93397464966996,47.12249209043286,44.93397464966996,entity_001,2022-10-11
2022-10-12,62.64031416739314,19.0,3.0,6.7,0,0,19.6,20.9,2.6,0.0,8.3,6.9,0.0,0.0,0.0,0.0,0.9749279121818236,-0.22252093395631434,-0.981947190186646,0.18915526872004093,44.93397464966996,55.432242034666494,69.81423312398086,53.04265699005523,56.593665577411215,28,62.64031416739314,44.93397464966996,62.64031416739314,44.93397464966996,62.64031416739314,44.93397464966996,62.64031416739314,entity_001,2022-10-12
2022-10-13,70.09169304182308,20.0,0.3,10.1,0,0,19.0,21.5,3.0,0.0,6.7,7.4,0.0,0.0,0.0,0.0,0.43388373911755823,-0.900968867902419,-0.9785481345802031,0.20601832032517084,62.64031416739314,60.98563931583115,66.10012198138728,54.34352180805407,56.87877779601377,29,70.09169304182308,62.64031416739314,70.09169304182308,62.64031416739314,70.09169304182308,62.64031416739314,70.09169304182308,entity_001,2022-10-13
2022-10-14,63.7071049288422,20.4,0.0,6.0,0,0,20.0,21.2,0.3,0.0,10.1,7.1,0.0,0.0,0.0,0.0,-0.433883739117558,-0.9009688679024191,-0.9748595108374125,0.22282040779479959,70.09169304182308,58.7717986615162,61.19613202829825,55.04856556052921,57.058133003195486,30,63.7071049288422,70.09169304182308,63.7071049288422,70.09169304182308,63.7071049288422,70.09169304182308,63.7071049288422,entity_001,2022-10-14
2022-10-15,73.4028298190125,20.4,0.0,6.3,0,1,20.4,21.5,0.0,0.0,6.0,7.4,0.0,1.0,0.0,1.0,-0.9749279121818236,-0.2225209339563146,-0.9708824104813836,0.2395565591209271,63.7071049288422,57.38242823110084,60.394035183265295,57.33719435880231,57.98733262003457,31,73.4028298190125,63.7071049288422,73.4028298190125,63.7071049288422,73.4028298190125,63.7071049288422,73.4028298190125,entity_001,2022-10-15
2022-10-16,61.405902644519465,22.9,0.1,9.5,0,1,20.4,21.3,0.0,0.2,6.3,8.5,0.0,1.0,1.0,1.0,-0.7818314824680299,0.6234898018587334,-0.9666180104000972,0.2562218218071163,73.4028298190125,39.46195181444243,64.38094713877177,60.472044477384735,57.77482944187369,32,61.405902644519465,73.4028298190125,61.405902644519465,73.4028298190125,61.405902644519465,73.4028298190125,61.405902644519465,entity_001,2022-10-16
2022-10-17,58.32640758183584,23.6,0.0,8.6,0,0,22.9,20.6,0.1,0.0,9.5,6.8,0.0,0.0,1.0,0.0,0.0,1.0,-0.9620675724981452,0.27281126433401914,61.405902644519465,47.12249209043286,50.64222873525691,62.07260383329945,58.32369935948647,33,58.32640758183584,61.405902644519465,58.32640758183584,61.405902644519465,58.32640758183584,61.405902644519465,58.32640758183584,entity_001,2022-10-17
2022-10-18,67.52350728882054,22.4,0.0,6.1,0,0,23.6,19.6,0.0,2.6,8.6,8.3,0.0,0.0,0.0,0.0,0.7818314824680298,0.6234898018587336,-0.957232443323312,0.2893199776186952,58.32640758183584,44.93397464966996,62.86701205172446,65.29967992460668,58.6563061621362,34,67.52350728882054,58.32640758183584,67.52350728882054,58.32640758183584,67.52350728882054,58.32640758183584,67.52350728882054,entity_001,2022-10-18
2022-10-19,65.50474727289871,21.2,0.0,8.5,0,0,22.4,19.0,0.0,3.0,6.1,6.7,0.0,0.0,0.0,0.0,0.9749279121818236,-0.22252093395631434,-0.9521140536681102,0.3057430764672831,67.52350728882054,62.64031416739314,55.432242034666494,65.70888465396462,59.375770822009926,35,65.50474727289871,67.52350728882054,65.50474727289871,67.52350728882054,65.50474727289871,67.52350728882054,65.50474727289871,entity_001,2022-10-19
2022-10-20,65.3099405924217,20.3,0.0,7.5,0,0,21.2,20.0,0.0,0.3,8.5,10.1,0.0,0.0,0.0,0.0,0.43388373911755823,-0.900968867902419,-0.9467139181463862,0.3220757010206104,65.50474727289871,70.09169304182308,60.98563931583115,65.02577716119299,59.684649484623534,36,65.3099405924217,65.50474727289871,65.3099405924217,65.50474727289871,65.3099405924217,65.50474727289871,65.3099405924217,entity_001,2022-10-20
2022-10-21,61.25013991135817,19.6,0.0,6.3,0,0,20.3,20.4,0.0,0.0,7.5,6.0,0.0,0.0,0.0,0.0,-0.433883739117558,-0.9009688679024191,-0.9410336347451197,0.3383130181923075,65.3099405924217,63.7071049288422,58.7717986615162,64.67478215869527,59.861673859612246,37,61.25013991135817,65.3099405924217,61.25013991135817,65.3099405924217,61.25013991135817,65.3099405924217,61.25013991135817,entity_001,2022-10-21
2022-10-22,66.7095639127432,21.3,0.0,10.0,0,1,19.6,20.4,0.0,0.0,6.3,6.3,0.0,0.0,0.0,1.0,-0.9749279121818236,-0.2225209339563146,-0.9350748843515574,0.3544502230989869,61.25013991135817,73.4028298190125,57.38242823110084,63.71860131494251,60.52789783687241,38,66.7095639127432,61.25013991135817,66.7095639127432,61.25013991135817,66.7095639127432,61.25013991135817,66.7095639127432,entity_001,2022-10-22
2022-10-23,52.98531150710615,20.1,0.0,7.0,0,1,21.3,22.9,0.0,0.1,10.0,9.5,0.0,0.0,1.0,1.0,-0.7818314824680299,0.6234898018587334,-0.9288394302558068,0.3704825404820963,66.7095639127432,61.405902644519465,39.46195181444243,62.51565972388347,61.49385210063411,39,52.98531150710615,66.7095639127432,52.98531150710615,66.7095639127432,52.98531150710615,66.7095639127432,52.98531150710615,entity_001,2022-10-23
2022-10-24,69.28902153990495,21.0,0.0,6.9,0,0,20.1,23.6,0.0,0.0,7.0,8.6,0.0,0.0,1.0,0.0,0.0,1.0,-0.9223291176290545,0.3864052261209853,52.98531150710615,58.32640758183584,47.12249209043286,64.08174743217906,63.07717563273926,40,69.28902153990495,52.98531150710615,69.28902153990495,52.98531150710615,69.28902153990495,52.98531150710615,69.28902153990495,entity_001,2022-10-24
2022-10-25,60.59783539307039,22.0,0.0,7.6,0,0,21.0,22.4,0.0,0.0,6.9,6.1,0.0,0.0,0.0,0.0,0.7818314824680298,0.6234898018587336,-0.9155458729775467,0.40221356823680365,69.28902153990495,67.52350728882054,44.93397464966996,63.09236573278618,64.19602282869643,41,60.59783539307039,69.28902153990495,60.59783539307039,69.28902153990495,60.59783539307039,69.28902153990495,60.59783539307039,entity_001,2022-10-25
2022-10-26,72.61855108186609,24.9,0.0,8.8,0,0,22.0,21.2,0.0,0.0,7.6,8.5,0.0,0.0,0.0,0.0,0.9749279121818236,-0.22252093395631434,-0.9084917035725082,0.41790288888678667,60.59783539307039,65.50474727289871,62.64031416739314,64.10862341978152,64.90875403687308,42,72.61855108186609,60.59783539307039,72.61855108186609,60.59783539307039,72.61855108186609,60.59783539307039,72.61855108186609,entity_001,2022-10-26
2022-10-27,56.68207597912108,24.2,0.0,8.1,0,0,24.9,20.3,0.0,0.0,8.8,7.5,0.0,0.0,0.0,0.0,0.43388373911755823,-0.900968867902419,-0.9011686968561569,0.4334685453485363,72.61855108186609,65.3099405924217,70.09169304182308,62.87607133216714,63.950924246680074,43,56.68207597912108,72.61855108186609,56.68207597912108,72.61855108186609,56.68207597912108,72.61855108186609,56.68207597912108,entity_001,2022-10-27
2022-10-28,71.47763126079717,23.1,0.0,8.1,0,0,24.2,19.6,0.0,0.0,8.1,6.3,0.0,0.0,0.0,0.0,-0.433883739117558,-0.9009688679024191,-0.8935790198239952,0.4489059314938798,56.68207597912108,61.25013991135817,63.7071049288422,64.33714152494414,64.50596184181971,44,71.47763126079717,56.68207597912108,71.47763126079717,56.68207597912108,71.47763126079717,56.68207597912108,71.47763126079717,entity_001,2022-10-28
2022-10-29,55.42469450465963,23.5,0.0,7.5,0,1,23.1,21.3,0.0,0.0,8.1,10.0,0.0,0.0,0.0,1.0,-0.9749279121818236,-0.2225209339563146,-0.8857249183835637,0.4642104791518923,71.47763126079717,66.7095639127432,73.4028298190125,62.725017323789345,63.22180931936594,45,55.42469450465963,71.47763126079717,55.42469450465963,71.47763126079717,55.42469450465963,71.47763126079717,55.42469450465963,entity_001,2022-10-29
2022-10-30,58.27551246243215,22.2,0.0,8.1,0,1,23.5,20.1,0.0,0.0,7.5,7.0,0.0,0.0,1.0,1.0,-0.7818314824680299,0.6234898018587334,-0.8776087166898392,0.4793776594606945,55.42469450465963,52.98531150710615,61.405902644519465,63.48076031740735,62.9982100206454,46,58.27551246243215,55.42469450465963,58.27551246243215,55.42469450465963,58.27551246243215,55.42469450465963,58.27551246243215,entity_001,2022-10-30
2022-10-31,48.94632704240056,21.9,0.0,9.9,0,0,22.2,21.0,0.0,0.0,8.1,6.9,0.0,0.0,1.0,0.0,0.0,1.0,-0.8692328164574792,0.4944029842076182,58.27551246243215,69.28902153990495,58.32640758183584,60.57466110347815,62.3282042678286,47,48.94632704240056,58.27551246243215,48.94632704240056,58.27551246243215,48.94632704240056,58.27551246243215,48.94632704240056,entity_001,2022-10-31
2022-11-01,73.34018481145279,20.4,0.0,5.7,0,0,21.9,22.0,0.0,0.0,9.9,7.6,0.0,0.0,0.0,0.0,0.7818314824680298,0.6234898018587336,-0.8605996962501181,0.5092820071573356,48.94632704240056,60.59783539307039,67.52350728882054,62.39499673467564,62.74368123373091,48,73.34018481145279,48.94632704240056,73.34018481145279,48.94632704240056,73.34018481145279,48.94632704240056,73.34018481145279,entity_001,2022-11-01
2022-11-02,59.938046773052506,19.7,0.0,8.6,0,0,20.4,24.9,0.0,0.0,5.7,8.8,0.0,0.0,0.0,0.0,0.9749279121818236,-0.22252093395631434,-0.8517119107469189,0.5240103253675756,73.34018481145279,72.61855108186609,65.50474727289871,60.583496119130835,62.34605976945618,49,59.938046773052506,73.34018481145279,59.938046773052506,73.34018481145279,59.938046773052506,73.34018481145279,59.938046773052506,entity_001,2022-11-02
2022-11-03,52.170936823176696,18.5,0.2,8.0,0,0,19.7,24.2,0.0,0.0,8.6,8.1,0.0,0.0,0.0,0.0,0.43388373911755823,-0.900968867902419,-0.8425720899866032,0.5385835804920232,59.938046773052506,56.68207597912108,65.3099405924217,59.939047668281646,61.4075595002244,50,52.170936823176696,59.938046773052506,52.170936823176696,59.938046773052506,52.170936823176696,59.938046773052506,52.170936823176696,entity_001,2022-11-03
2022-11-04,62.04753556187541,18.5,0.0,9.8,0,0,18.5,23.1,0.2,0.0,8.0,8.1,0.0,0.0,0.0,0.0,-0.433883739117558,-0.9009688679024191,-0.8331829385891785,0.5529974600700271,52.170936823176696,71.47763126079717,61.25013991135817,58.591891139864245,61.464516332404195,51,62.04753556187541,52.170936823176696,62.04753556187541,52.170936823176696,62.04753556187541,52.170936823176696,62.04753556187541,entity_001,2022-11-04
2022-11-05,43.56868794351912,19.2,0.0,11.3,0,1,18.5,23.5,0.0,0.0,9.8,7.5,0.0,0.0,0.0,1.0,-0.9749279121818236,-0.2225209339563146,-0.8235472349556007,0.5672476988027229,62.04753556187541,55.42469450465963,66.7095639127432,56.89817591684418,59.81159662031676,52,43.56868794351912,62.04753556187541,43.56868794351912,62.04753556187541,43.56868794351912,62.04753556187541,43.56868794351912,entity_001,2022-11-05
2022-11-06,50.38448463713034,19.4,0.0,8.1,1,1,19.2,22.2,0.0,0.0,11.3,8.1,0.0,0.0,1.0,1.0,-0.7818314824680299,0.6234898018587334,-0.8136678304455991,0.5813300798152042,43.56868794351912,58.27551246243215,52.98531150710615,55.77088622751535,59.625823272461346,53,50.38448463713034,43.56868794351912,50.38448463713034,43.56868794351912,50.38448463713034,43.56868794351912,50.38448463713034,entity_001,2022-11-06
2022-11-07,66.13031900631107,18.0,0.0,5.4,0,0,19.4,21.9,0.0,0.0,8.1,9.9,1.0,0.0,1.0,0.0,0.0,1.0,-0.8035476485339116,0.5952404359043674,50.38448463713034,48.94632704240056,69.28902153990495,58.22574222235971,59.400201662918924,54,66.13031900631107,50.38448463713034,66.13031900631107,50.38448463713034,66.13031900631107,50.38448463713034,66.13031900631107,entity_001,2022-11-07
2022-11-08,65.97642543814419,17.0,0.0,5.4,0,0,18.0,20.4,0.0,0.0,5.4,5.7,0.0,0.0,0.0,0.0,0.7818314824680298,0.6234898018587336,-0.7931896839451843,0.6089746507720486,66.13031900631107,73.34018481145279,60.59783539307039,57.17377659760133,59.78438666613848,55,65.97642543814419,66.13031900631107,65.97642543814419,66.13031900631107,65.97642543814419,66.13031900631107,65.97642543814419,entity_001,2022-11-08
2022-11-09,71.15742431259133,17.7,0.0,6.1,0,0,17.0,19.7,0.0,0.0,5.4,8.6,0.0,0.0,0.0,0.0,0.9749279121818236,-0.22252093395631434,-0.7825970017677834,0.6225286602431057,65.97642543814419,59.938046773052506,72.61855108186609,58.77654481753546,59.68002046833315,56,71.15742431259133,65.97642543814419,71.15742431259133,65.97642543814419,71.15742431259133,65.97642543814419,71.15742431259133,entity_001,2022-11-09
2022-11-10,62.351156668702856,18.3,0.0,11.0,0,0,17.7,18.5,0.0,0.2,6.1,8.0,0.0,0.0,0.0,0.0,0.43388373911755823,-0.900968867902419,-0.7717727365467837,0.6358984534680745,71.15742431259133,52.170936823176696,56.68207597912108,60.23086193832491,60.08495480330327,57,62.351156668702856,71.15742431259133,62.351156668702856,71.15742431259133,62.351156668702856,71.15742431259133,62.351156668702856,entity_001,2022-11-10
2022-11-11,61.365621559139655,17.5,0.0,6.2,0,0,18.3,18.5,0.0,0.0,11.0,9.8,0.0,0.0,0.0,0.0,-0.433883739117558,-0.9009688679024191,-0.7607200913564104,0.6490800741100398,62.351156668702856,62.04753556187541,71.47763126079717,60.1334456522198,59.36266839604202,58,61.365621559139655,62.351156668702856,61.365621559139655,62.351156668702856,61.365621559139655,62.351156668702856,61.365621559139655,entity_001,2022-11-11
2022-11-12,58.378956198848606,17.9,0.0,7.1,0,1,17.5,19.2,0.0,0.0,6.2,11.3,0.0,0.0,0.0,1.0,-0.9749279121818236,-0.2225209339563146,-0.7494423368521953,0.6620696215153815,61.365621559139655,43.56868794351912,55.42469450465963,62.249198260124004,59.573687088484085,59,58.378956198848606,61.365621559139655,58.378956198848606,61.365621559139655,58.378956198848606,61.365621559139655,58.378956198848606,entity_001,2022-11-12
2022-11-13,59.369085059601225,20.2,0.0,9.1,0,1,17.9,19.4,0.0,0.0,7.1,8.1,0.0,1.0,1.0,1.0,-0.7818314824680299,0.6234898018587334,-0.7379428103031386,0.6748632518680403,58.378956198848606,50.38448463713034,58.27551246243215,63.532712606191275,59.651799416853315,60,59.369085059601225,58.378956198848606,59.369085059601225,58.378956198848606,59.369085059601225,58.378956198848606,59.369085059601225,entity_001,2022-11-13
2022-11-14,66.48369955789182,20.9,0.0,9.6,0,0,20.2,18.0,0.0,0.0,9.1,5.4,0.0,0.0,1.0,0.0,0.0,1.0,-0.7262249146041543,0.6874571793269664,59.369085059601225,66.13031900631107,48.94632704240056,63.58319554213138,60.904468882245546,61,66.48369955789182,59.369085059601225,66.48369955789182,59.369085059601225,66.48369955789182,59.369085059601225,66.48369955789182,entity_001,2022-11-14
2022-11-15,66.27114158481551,18.9,0.0,7.6,0,0,20.9,17.0,0.0,0.0,9.6,5.4,0.0,0.0,0.0,0.0,0.7818314824680298,0.6234898018587336,-0.7142921172691032,0.699847677146407,66.48369955789182,65.97642543814419,73.34018481145279,63.62529784879871,60.39953722320002,62,66.27114158481551,66.48369955789182,66.27114158481551,66.48369955789182,66.27114158481551,66.48369955789182,66.27114158481551,entity_001,2022-11-15
2022-11-16,70.58158740722166,19.0,0.0,12.0,0,0,18.9,17.7,0.0,0.0,7.6,6.1,0.0,0.0,0.0,0.0,0.9749279121818236,-0.22252093395631434,-0.7021479494046978,0.712031078778713,66.27114158481551,71.15742431259133,59.938046773052506,63.54303543374591,61.159790125640676,63,70.58158740722166,66.27114158481551,70.58158740722166,66.27114158481551,70.58158740722166,66.27114158481551,70.58158740722166,entity_001,2022-11-16
2022-11-17,53.91604898392662,19.1,0.9,11.7,0,0,19.0,18.3,0.0,0.0,12.0,11.0,0.0,0.0,0.0,0.0,0.43388373911755823,-0.900968867902419,-0.6897960046655887,0.7240037789593305,70.58158740722166,62.351156668702856,52.170936823176696,62.338020050206445,61.284440994265665,64,53.91604898392662,70.58158740722166,53.91604898392662,70.58158740722166,53.91604898392662,70.58158740722166,53.91604898392662,entity_001,2022-11-17
2022-11-18,60.05697319893788,17.4,11.9,13.8,1,0,19.1,17.5,0.9,0.0,11.7,6.2,0.0,0.0,0.0,0.0,-0.433883739117558,-0.9009688679024191,-0.6772399381909491,0.7357622347736525,53.91604898392662,61.365621559139655,62.04753556187541,62.15107028446333,61.14225796834156,65,60.05697319893788,53.91604898392662,60.05697319893788,53.91604898392662,60.05697319893788,53.91604898392662,60.05697319893788,entity_001,2022-11-18
2022-11-19,68.77914665160873,15.5,0.1,10.1,0,1,17.4,17.9,11.9,0.0,13.8,7.1,1.0,0.0,0.0,1.0,-0.9749279121818236,-0.2225209339563146,-0.6644834655228552,0.7473029667054297,60.05697319893788,58.378956198848606,43.56868794351912,63.63681177771478,62.94300501891939,66,68.77914665160873,60.05697319893788,68.77914665160873,60.05697319893788,68.77914665160873,60.05697319893788,68.77914665160873,entity_001,2022-11-19
2022-11-20,53.24495097074656,15.7,0.0,12.3,0,1,15.5,20.2,0.1,0.0,10.1,9.1,0.0,0.0,1.0,1.0,-0.7818314824680299,0.6234898018587334,-0.6515303615068021,0.75862255966641,68.77914665160873,59.369085059601225,50.38448463713034,62.76193547930698,63.147324042749126,67,53.24495097074656,68.77914665160873,53.24495097074656,68.77914665160873,53.24495097074656,68.77914665160873,53.24495097074656,entity_001,2022-11-20
2022-11-21,57.878396271172605,15.9,0.0,7.5,0,0,15.7,20.9,0.0,0.0,12.3,9.6,0.0,0.0,1.0,0.0,0.0,1.0,-0.6383844591746642,0.769717664006921,53.24495097074656,66.48369955789182,66.13031900631107,61.53260643834709,62.55790099023924,68,57.878396271172605,53.24495097074656,57.878396271172605,53.24495097074656,57.878396271172605,53.24495097074656,57.878396271172605,entity_001,2022-11-21
2022-11-22,64.05142654039203,17.5,0.0,8.3,0,0,15.9,18.9,0.0,0.0,7.5,7.6,0.0,0.0,0.0,0.0,0.7818314824680298,0.6234898018587336,-0.6250496486104377,0.7805849965070866,57.878396271172605,66.27114158481551,65.97642543814419,61.21550428914373,62.420401068971216,69,64.05142654039203,57.878396271172605,64.05142654039203,57.878396271172605,64.05142654039203,57.878396271172605,64.05142654039203,entity_001,2022-11-22
2022-11-23,68.32488876057006,17.0,0.0,6.8,0,0,17.5,19.0,0.0,0.0,8.3,12.0,0.0,0.0,0.0,0.0,0.9749279121818236,-0.22252093395631434,-0.6115298757991053,0.7912213413483807,64.05142654039203,70.58158740722166,71.15742431259133,60.8931187681935,62.21807710096971,70,68.32488876057006,64.05142654039203,68.32488876057006,64.05142654039203,68.32488876057006,64.05142654039203,68.32488876057006,entity_001,2022-11-23
2022-11-24,53.50643665614249,16.9,0.0,6.3,0,0,17.0,19.1,0.0,0.9,6.8,11.7,0.0,0.0,0.0,0.0,0.43388373911755823,-0.900968867902419,-0.5978291414589552,0.801623551065242,68.32488876057006,53.91604898392662,62.351156668702856,60.8346027213672,61.58631138578682,71,53.50643665614249,68.32488876057006,53.50643665614249,68.32488876057006,53.50643665614249,68.32488876057006,53.50643665614249,entity_001,2022-11-24
2022-11-25,53.66626796900213,17.3,0.0,11.4,0,0,16.9,17.4,0.0,11.9,6.3,13.8,0.0,1.0,0.0,0.0,-0.433883739117558,-0.9009688679024191,-0.5839514998576998,0.8117885474764613,53.50643665614249,60.05697319893788,61.365621559139655,59.921644831376376,61.03635755791986,72,53.66626796900213,53.50643665614249,53.66626796900213,53.50643665614249,53.66626796900213,53.50643665614249,53.66626796900213,entity_001,2022-11-25
2022-11-26,63.09752430300513,16.2,0.0,8.0,0,1,17.3,15.5,0.0,0.1,11.4,10.1,0.0,0.0,0.0,1.0,-0.9749279121818236,-0.2225209339563146,-0.5699010576127624,0.821713322596059,53.66626796900213,68.77914665160873,58.378956198848606,59.10998449586157,61.373398136788175,73,63.09752430300513,53.66626796900213,63.09752430300513,53.66626796900213,63.09752430300513,53.66626796900213,63.09752430300513,entity_001,2022-11-26
2022-11-27,68.8223622167912,16.3,0.0,8.4,0,1,16.2,15.7,0.0,0.0,8.0,12.3,0.0,0.0,1.0,1.0,-0.7818314824680299,0.6234898018587334,-0.5556819724760489,0.8313949395234058,63.09752430300513,53.24495097074656,59.369085059601225,61.335328959582235,62.0486322194446,74,68.8223622167912,63.09752430300513,68.8223622167912,63.09752430300513,68.8223622167912,63.09752430300513,68.8223622167912,entity_001,2022-11-27
2022-11-28,78.05892191200273,16.4,0.1,13.4,0,0,16.3,15.9,0.0,0.0,8.4,7.5,0.0,0.0,1.0,0.0,0.0,1.0,-0.5412984521036173,0.8408305333122887,68.8223622167912,57.878396271172605,66.48369955789182,64.21826119398654,62.87543381616681,75,78.05892191200273,68.8223622167912,78.05892191200273,68.8223622167912,78.05892191200273,68.8223622167912,78.05892191200273,entity_001,2022-11-28
2022-11-29,50.026075727531406,13.6,0.0,10.6,0,0,16.4,17.5,0.1,0.0,13.4,8.3,0.0,0.0,0.0,0.0,0.7818314824680298,0.6234898018587336,-0.5267547528105542,0.8500173118187018,78.05892191200273,64.05142654039203,66.27114158481551,62.21463964929217,61.715071969217945,76,50.026075727531406,78.05892191200273,50.026075727531406,78.05892191200273,50.026075727531406,78.05892191200273,50.026075727531406,entity_001,2022-11-29
2022-11-30,72.60034675488808,13.1,0.0,5.9,0,0,13.6,17.0,0.0,0.0,10.6,6.8,0.0,0.0,0.0,0.0,0.9749279121818236,-0.22252093395631434,-0.5120551783114646,0.8589525565270845,50.026075727531406,68.32488876057006,70.58158740722166,62.82541936276617,61.85926906547983,77,72.60034675488808,50.026075727531406,72.60034675488808,50.026075727531406,72.60034675488808,50.026075727531406,72.60034675488808,entity_001,2022-11-30
2022-12-01,52.4636519014333,14.2,21.9,15.4,0,0,13.1,16.9,0.0,0.0,5.9,6.3,0.0,0.0,0.0,0.0,0.43388373911755823,-0.900968867902419,-0.4972040784469378,0.8676336233547726,72.60034675488808,53.50643665614249,53.91604898392662,62.67645011209343,61.75552641673031,78,52.4636519014333,72.60034675488808,52.4636519014333,72.60034675488808,52.4636519014333,72.60034675488808,52.4636519014333,entity_001,2022-12-01
2022-12-02,66.18258021289385,15.0,3.9,7.9,0,0,14.2,17.3,21.9,0.0,15.4,11.4,0.0,0.0,0.0,0.0,-0.433883739117558,-0.9009688679024191,-0.4822058478963526,0.8760579434344281,52.4636519014333,53.66626796900213,60.05697319893788,64.46449471836367,62.19306977487002,79,66.18258021289385,52.4636519014333,66.18258021289385,52.4636519014333,66.18258021289385,52.4636519014333,66.18258021289385,entity_001,2022-12-02
2022-12-03,59.53108694652555,15.0,0.5,12.1,0,1,15.0,16.2,3.9,0.0,7.9,8.0,0.0,0.0,0.0,1.0,-0.9749279121818236,-0.2225209339563146,-0.46706492487743034,0.8842230238742036,66.18258021289385,63.09752430300513,68.77914665160873,63.95500366743802,61.532494081649794,80,59.53108694652555,66.18258021289385,59.53108694652555,66.18258021289385,59.53108694652555,66.18258021289385,59.53108694652555,entity_001,2022-12-03
2022-12-04,59.36445176604956,17.3,1.0,10.5,0,1,15.0,16.3,0.5,0.0,12.1,8.4,0.0,0.0,1.0,1.0,-0.7818314824680299,0.6234898018587334,-0.451785789832884,0.8921264484954345,59.53108694652555,68.8223622167912,53.24495097074656,62.60387360304635,61.96960128131429,81,59.36445176604956,59.53108694652555,59.36445176604956,59.53108694652555,59.36445176604956,59.53108694652555,59.36445176604956,entity_001,2022-12-04
2022-12-05,50.97002568649125,16.3,4.0,19.9,0,0,17.3,16.4,1.0,0.1,10.5,13.4,0.0,0.0,1.0,0.0,0.0,1.0,-0.4363729641045924,0.8997658785476209,59.36445176604956,78.05892191200273,57.878396271172605,58.73403128511614,61.47614623955134,82,50.97002568649125,59.36445176604956,50.97002568649125,59.36445176604956,50.97002568649125,59.36445176604956,50.97002568649125,entity_001,2022-12-05
2022-12-06,67.2873994680694,16.1,0.8,9.3,0,0,16.3,13.6,4.0,0.0,19.9,10.6,0.0,0.0,0.0,0.0,0.7818314824680298,0.6234898018587336,-0.42083100859565564,0.9071390534005044,50.97002568649125,50.026075727531406,64.05142654039203,61.19993467662157,61.70728716295687,83,67.2873994680694,50.97002568649125,67.2873994680694,50.97002568649125,67.2873994680694,50.97002568649125,67.2873994680694,entity_001,2022-12-06
2022-12-07,57.07882881022964,17.4,0.2,10.8,0,0,16.1,13.1,0.8,0.0,9.3,5.9,0.0,0.0,0.0,0.0,0.9749279121818236,-0.22252093395631434,-0.4051645224207563,0.9142437912130223,67.2873994680694,72.60034675488808,68.32488876057006,58.98257497024179,60.90399716650398,84,57.07882881022964,67.2873994680694,57.07882881022964,67.2873994680694,57.07882881022964,67.2873994680694,57.07882881022964,entity_001,2022-12-07
2022-12-08,60.49339075856176,18.5,2.8,20.6,0,0,17.4,14.2,0.2,21.9,10.8,15.4,0.0,0.0,0.0,0.0,0.43388373911755823,-0.900968867902419,-0.3893781415452015,0.9210779895789526,57.07882881022964,52.4636519014333,53.50643665614249,60.12968052126014,61.40306531667678,85,60.49339075856176,57.07882881022964,60.49339075856176,57.07882881022964,60.49339075856176,57.07882881022964,60.49339075856176,entity_001,2022-12-08
2022-12-09,63.89843492942258,17.9,3.2,27.7,0,0,18.5,15.0,2.8,3.9,20.6,7.9,0.0,0.0,0.0,0.0,-0.433883739117558,-0.9009688679024191,-0.37347653741307074,0.9276396261490467,60.49339075856176,66.18258021289385,53.66626796900213,59.80337405219283,62.133934385278245,86,63.89843492942258,60.49339075856176,63.89843492942258,60.49339075856176,63.89843492942258,60.49339075856176,63.89843492942258,entity_001,2022-12-09
2022-12-10,54.16091205747943,17.4,3.0,16.8,0,1,17.9,15.0,3.2,0.5,27.7,12.1,0.0,0.0,0.0,1.0,-0.9749279121818236,-0.2225209339563146,-0.3574644155648614,0.9339267592294762,63.89843492942258,59.53108694652555,63.09752430300513,59.03620621090051,61.49560493916927,87,54.16091205747943,63.89843492942258,54.16091205747943,63.89843492942258,54.16091205747943,63.89843492942258,54.16091205747943,entity_001,2022-12-10
2022-12-11,57.76774683387954,18.9,4.7,19.9,0,1,17.4,17.3,3.0,1.0,16.8,10.5,0.0,0.0,1.0,1.0,-0.7818314824680299,0.6234898018587334,-0.34134651424503615,0.9399375283564133,54.16091205747943,59.36445176604956,68.8223622167912,58.8081055063048,60.705989554675575,88,57.76774683387954,54.16091205747943,57.76774683387954,54.16091205747943,57.76774683387954,54.16091205747943,57.76774683387954,entity_001,2022-12-11
2022-12-12,61.42175798246361,19.8,0.4,17.4,0,0,18.9,16.3,4.7,4.0,19.9,19.9,0.0,0.0,1.0,0.0,0.0,1.0,-0.3251276029999093,0.9456701548465688,57.76774683387954,50.97002568649125,78.05892191200273,60.301210120015135,59.51762070256564,89,61.42175798246361,57.76774683387954,61.42175798246361,57.76774683387954,61.42175798246361,57.76774683387954,61.42175798246361,entity_001,2022-12-12
2022-12-13,64.56318688970808,20.6,1.5,19.6,0,0,19.8,16.1,0.4,0.8,17.4,9.3,0.0,0.0,0.0,0.0,0.7818314824680298,0.6234898018587336,-0.30881248126625377,0.9511229423235357,61.42175798246361,67.2873994680694,50.026075727531406,59.91203689453495,60.555985785578265,90,64.56318688970808,61.42175798246361,64.56318688970808,61.42175798246361,64.56318688970808,61.42175798246361,64.56318688970808,entity_001,2022-12-13
2022-12-14,70.26374741148476,18.8,10.3,23.5,0,0,20.6,17.4,1.5,0.2,19.6,10.8,0.0,0.0,0.0,0.0,0.9749279121818236,-0.22252093395631434,-0.29240597695107734,0.9562942772197719,64.56318688970808,57.07882881022964,72.60034675488808,61.79559669471424,60.38908583247802,91,70.26374741148476,64.56318688970808,70.26374741148476,64.56318688970808,70.26374741148476,64.56318688970808,70.26374741148476,entity_001,2022-12-14
2022-12-15,53.82497859646985,14.6,8.5,25.4,0,0,18.8,18.5,10.3,2.8,23.5,20.6,0.0,0.0,0.0,0.0,0.43388373911755823,-0.900968867902419,-0.27591294500296043,0.9611826292540837,70.26374741148476,60.49339075856176,52.4636519014333,60.84296638584397,60.48632345355207,92,53.82497859646985,70.26374741148476,53.82497859646985,70.26374741148476,53.82497859646985,70.26374741148476,53.82497859646985,entity_001,2022-12-15
2022-12-16,59.47573939470611,15.2,3.6,17.8,0,0,14.6,17.9,8.5,3.2,25.4,27.7,0.0,0.0,0.0,0.0,-0.433883739117558,-0.9009688679024191,-0.2593382659754056,0.9657865518844574,53.82497859646985,63.89843492942258,66.18258021289385,60.211152738027344,60.00726339511008,93,59.47573939470611,53.82497859646985,59.47573939470611,53.82497859646985,59.47573939470611,53.82497859646985,59.47573939470611,entity_001,2022-12-16
2022-12-17,55.05133526378469,15.1,1.0,9.3,0,1,15.2,17.4,3.6,3.0,17.8,16.8,0.0,0.0,0.0,1.0,-0.9749279121818236,-0.2225209339563146,-0.2426868445825954,0.9701046827361175,59.47573939470611,54.16091205747943,59.53108694652555,60.338356053213815,59.68728113205716,94,55.05133526378469,59.47573939470611,55.05133526378469,59.47573939470611,55.05133526378469,59.47573939470611,55.05133526378469,entity_001,2022-12-17
2022-12-18,50.98293993940455,14.4,0.0,6.2,0,1,15.1,18.9,1.0,4.7,9.3,19.9,0.0,0.0,1.0,1.0,-0.7818314824680299,0.6234898018587334,-0.22596360824801906,0.974135744004672,55.05133526378469,57.76774683387954,59.36445176604956,59.36909792543166,59.08860171586823,95,50.98293993940455,55.05133526378469,50.98293993940455,55.05133526378469,50.98293993940455,55.05133526378469,50.98293993940455,entity_001,2022-12-18
2022-12-19,48.10764060816511,16.7,0.0,8.2,0,0,14.4,19.8,0.0,0.4,6.2,17.4,0.0,0.0,1.0,0.0,0.0,1.0,-0.20917350564635637,0.9778785428342386,50.98293993940455,61.42175798246361,50.97002568649125,57.467081157674734,58.884145638844934,96,48.10764060816511,50.98293993940455,48.10764060816511,50.98293993940455,48.10764060816511,50.98293993940455,48.10764060816511,entity_001,2022-12-19
2022-12-20,48.84193850298272,16.4,0.0,9.4,0,0,16.7,20.6,0.0,1.5,8.2,19.6,0.0,0.0,0.0,0.0,0.7818314824680298,0.6234898018587336,-0.19232150523909483,0.9813319716704275,48.10764060816511,64.56318688970808,67.2873994680694,55.22118853099969,57.566612712767316,97,48.84193850298272,48.10764060816511,48.84193850298272,48.10764060816511,48.84193850298272,48.10764060816511,48.84193850298272,entity_001,2022-12-20
2022-12-21,59.35533064538632,15.4,0.0,8.0,0,0,16.4,18.8,0.0,10.3,9.4,23.5,0.0,0.0,0.0,0.0,0.9749279121818236,-0.22252093395631434,-0.17541259380427843,0.9844950085880858,48.84193850298272,70.26374741148476,57.07882881022964,53.66284327869992,57.72921998670707,98,59.35533064538632,48.84193850298272,59.35533064538632,48.84193850298272,59.35533064538632,48.84193850298272,59.35533064538632,entity_001,2022-12-21
2022-12-22,58.24643872118291,16.1,0.0,9.3,0,0,15.4,14.6,0.0,8.5,8.0,25.4,0.0,0.0,0.0,0.0,0.43388373911755823,-0.900968867902419,-0.15845177496083632,0.9873667175937016,59.35533064538632,53.82497859646985,60.49339075856176,54.29448043937321,57.568723412608584,99,58.24643872118291,59.35533064538632,58.24643872118291,59.35533064538632,58.24643872118291,59.35533064538632,58.24643872118291,entity_001,2022-12-22
2022-12-23,61.48195154597468,15.0,0.0,6.8,0,0,16.1,15.2,0.0,3.6,9.3,17.8,0.0,0.0,0.0,0.0,-0.433883739117558,-0.9009688679024191,-0.14144406768794202,0.9899462489023779,58.24643872118291,59.47573939470611,63.89843492942258,54.58108217526871,57.39611745664802,100,61.48195154597468,58.24643872118291,61.48195154597468,58.24643872118291,61.48195154597468,58.24643872118291,61.48195154597468,entity_001,2022-12-23
2022-12-24,60.2232973207134,16.3,0.0,6.7,0,1,15.0,15.1,0.0,1.0,6.8,9.3,0.0,0.0,0.0,1.0,-0.9749279121818236,-0.2225209339563146,-0.12439450483979998,0.9922328391893008,61.48195154597468,55.05133526378469,54.16091205747943,55.3199338976871,57.82914497545045,101,60.2232973207134,61.48195154597468,60.2232973207134,61.48195154597468,60.2232973207134,61.48195154597468,60.2232973207134,entity_001,2022-12-24
2022-12-25,55.42615854598896,17.0,0.0,11.2,0,1,16.3,14.4,0.0,0.0,6.7,6.2,0.0,0.0,1.0,1.0,-0.7818314824680299,0.6234898018587334,-0.10730813165636247,0.9942258118156161,60.2232973207134,50.98293993940455,57.76774683387954,55.95467941291344,57.66188866917255,102,55.42615854598896,60.2232973207134,55.42615854598896,60.2232973207134,55.42615854598896,60.2232973207134,55.42615854598896,entity_001,2022-12-25
2022-12-26,57.35598477073765,16.1,0.0,9.3,0,0,17.0,16.7,0.0,0.0,11.2,8.2,0.0,0.0,1.0,0.0,0.0,1.0,-0.09019000427034513,0.9959245770286599,55.42615854598896,48.10764060816511,61.42175798246361,57.2758714361381,57.37147629690641,103,57.35598477073765,55.42615854598896,57.35598477073765,55.42615854598896,57.35598477073765,55.42615854598896,57.35598477073765,entity_001,2022-12-26
2022-12-27,61.61284536472826,13.7,0.0,6.4,0,0,16.1,16.4,0.0,0.0,9.3,9.4,0.0,0.0,0.0,0.0,0.7818314824680298,0.6234898018587336,-0.07304518821104743,0.9973286321364752,57.35598477073765,48.84193850298272,64.56318688970808,59.10028670210174,57.16073761655071,104,61.61284536472826,57.35598477073765,61.61284536472826,57.35598477073765,61.61284536472826,57.35598477073765,61.61284536472826,entity_001,2022-12-27
2022-12-28,58.47564030967234,13.7,0.0,9.2,0,0,13.7,15.4,0.0,0.0,6.4,8.0,0.0,0.0,0.0,0.0,0.9749279121818236,-0.22252093395631434,-0.05587875690537313,0.9984375616565666,61.61284536472826,59.35533064538632,70.26374741148476,58.9746166541426,56.31872996642125,105,58.47564030967234,61.61284536472826,58.47564030967234,61.61284536472826,58.47564030967234,61.61284536472826,58.47564030967234,entity_001,2022-12-28
2022-12-29,61.72010888890455,13.7,0.0,8.8,0,0,13.7,16.1,0.0,0.0,9.2,9.3,0.0,0.0,0.0,0.0,0.43388373911755823,-0.900968867902419,-0.03869579017652689,0.9992510374388481,58.47564030967234,58.24643872118291,53.82497859646985,59.4708552495314,56.88266784445231,106,61.72010888890455,58.47564030967234,61.72010888890455,58.47564030967234,61.72010888890455,58.47564030967234,61.72010888890455,entity_001,2022-12-29
2022-12-30,56.88611499103183,13.2,0.0,8.0,0,0,13.7,15.0,0.0,0.0,8.8,6.8,0.0,0.0,0.0,0.0,-0.433883739117558,-0.9009688679024191,-0.021501372740813793,0.999768818762748,61.72010888890455,61.48195154597468,59.47573939470611,58.814307170253855,56.69769467276128,107,56.88611499103183,61.72010888890455,56.88611499103183,61.72010888890455,56.88611499103183,61.72010888890455,56.88611499103183,entity_001,2022-12-30
2022-12-31,60.67785573098652,15.2,0.0,7.3,0,1,13.2,16.3,0.0,0.0,8.0,6.7,0.0,0.0,0.0,1.0,-0.9749279121818236,-0.2225209339563146,-0.004300592702981974,0.9999907524084426,56.88611499103183,60.2232973207134,55.05133526378469,58.879244086007155,57.099588991847135,108,60.67785573098652,56.88611499103183,60.67785573098652,56.88611499103183,60.67785573098652,56.88611499103183,60.67785573098652,entity_001,2022-12-31
2023-01-01,60.65939873746611,15.6,0.0,6.4,1,1,15.2,17.0,0.0,0.0,7.3,11.2,0.0,0.0,1.0,1.0,-0.7818314824680299,0.6234898018587334,0.017201575418260506,0.9998520419557735,60.67785573098652,55.42615854598896,50.98293993940455,59.62684982764676,57.79076462028009,109,60.65939873746611,60.67785573098652,60.65939873746611,60.67785573098652,60.65939873746611,60.67785573098652,60.65939873746611,entity_001,2023-01-01
2023-01-02,57.31954408721968,14.6,0.1,8.8,0,0,15.6,16.1,0.0,0.0,6.4,9.3,1.0,0.0,1.0,0.0,0.0,1.0,0.03439806061360801,0.9994082116062598,60.65939873746611,57.35598477073765,48.10764060816511,59.62164401571561,58.448757725926846,110,57.31954408721968,60.65939873746611,57.31954408721968,60.65939873746611,57.31954408721968,60.65939873746611,57.31954408721968,entity_001,2023-01-02
2023-01-03,65.1342037775304,15.2,0.5,11.8,0,0,14.6,13.7,0.1,0.0,8.8,6.4,0.0,0.0,0.0,0.0,0.7818314824680298,0.6234898018587336,0.051584366869408364,0.9986686402879997,57.31954408721968,61.61284536472826,48.84193850298272,60.1246952175445,59.61249095982311,111,65.1342037775304,57.31954408721968,65.1342037775304,57.31954408721968,65.1342037775304,57.31954408721968,65.1342037775304,entity_001,2023-01-03
2023-01-04,66.92919830545927,13.9,0.0,7.3,0,0,15.2,13.7,0.5,0.0,11.8,9.2,0.0,0.0,0.0,0.0,0.9749279121818236,-0.22252093395631434,0.06875540848113941,0.9976335468520451,65.1342037775304,58.47564030967234,59.35533064538632,61.332346359799764,60.15348150697118,112,66.92919830545927,65.1342037775304,66.92919830545927,65.1342037775304,66.92919830545927,65.1342037775304,66.92919830545927,entity_001,2023-01-04
2023-01-05,70.8999068886042,14.0,0.0,8.1,0,0,13.9,13.7,0.0,0.0,7.3,8.8,0.0,0.0,0.0,0.0,0.43388373911755823,-0.900968867902419,0.08590610426133272,0.9963032375991965,66.92919830545927,61.72010888890455,58.24643872118291,62.643746074042575,61.05730066178699,113,70.8999068886042,66.92919830545927,70.8999068886042,66.92919830545927,70.8999068886042,66.92919830545927,70.8999068886042,entity_001,2023-01-05
2023-01-06,65.01370597766179,14.7,0.0,7.7,0,0,14.0,13.2,0.0,0.0,8.1,8.0,0.0,0.0,0.0,0.0,-0.433883739117558,-0.9009688679024191,0.10303137904317879,0.9946781061893646,70.8999068886042,56.88611499103183,61.48195154597468,63.804830500704,61.309568835478935,114,65.01370597766179,70.8999068886042,65.01370597766179,70.8999068886042,65.01370597766179,70.8999068886042,65.01370597766179,entity_001,2023-01-06
2023-01-07,61.21189130208039,14.3,0.0,7.1,0,1,14.7,15.2,0.0,0.0,7.7,7.3,0.0,0.0,0.0,1.0,-0.9749279121818236,-0.2225209339563146,0.1201261651823505,0.9927586335250793,65.01370597766179,60.67785573098652,60.2232973207134,63.881121296574555,61.38018269129086,115,61.21189130208039,65.01370597766179,61.21189130208039,65.01370597766179,61.21189130208039,65.01370597766179,61.21189130208039,entity_001,2023-01-07
2023-01-08,63.88087428713532,14.9,0.0,13.0,0,1,14.3,15.6,0.0,0.0,7.1,6.4,0.0,1.0,1.0,1.0,-0.7818314824680299,0.6234898018587334,0.13718540405660057,0.9905453876091833,61.21189130208039,60.65939873746611,55.42615854598896,64.34133208938444,61.984090958515594,116,63.88087428713532,61.21189130208039,63.88087428713532,61.21189130208039,63.88087428713532,61.21189130208039,63.88087428713532,entity_001,2023-01-08
2023-01-09,51.04169049060657,15.8,1.8,9.1,0,0,14.9,14.6,0.0,0.1,13.0,8.8,0.0,0.0,1.0,0.0,0.0,1.0,0.1542040475626894,0.988039023376751,63.88087428713532,57.31954408721968,57.35598477073765,63.44449586129685,61.53306993850623,117,51.04169049060657,63.88087428713532,51.04169049060657,63.88087428713532,51.04169049060657,63.88087428713532,51.04169049060657,entity_001,2023-01-09
2023-01-10,68.12790580622095,14.8,0.0,10.5,0,0,15.8,15.2,1.8,0.5,9.1,11.8,0.0,0.0,0.0,0.0,0.7818314824680298,0.6234898018587336,0.17117705961019986,0.985240282501282,51.04169049060657,65.1342037775304,61.61284536472826,63.87216757968121,61.99843139861285,118,68.12790580622095,51.04169049060657,68.12790580622095,51.04169049060657,68.12790580622095,51.04169049060657,68.12790580622095,entity_001,2023-01-10
2023-01-11,62.05702586394986,15.6,0.0,9.1,1,0,14.8,13.9,0.0,0.0,10.5,7.3,0.0,0.0,0.0,0.0,0.9749279121818236,-0.22252093395631434,0.18809941761179758,0.9821499931752291,68.12790580622095,66.92919830545927,58.47564030967234,63.176142945179876,62.254244652489824,119,62.05702586394986,68.12790580622095,62.05702586394986,68.12790580622095,62.05702586394986,68.12790580622095,62.05702586394986,entity_001,2023-01-11
2023-01-12,52.06985546706834,14.2,0.3,8.7,0,0,15.6,14.0,0.0,0.0,9.1,8.1,1.0,0.0,0.0,0.0,0.43388373911755823,-0.900968867902419,0.20496611396949532,0.9787690698649216,62.05702586394986,70.8999068886042,61.72010888890455,60.48613559924617,61.564940836644375,120,52.06985546706834,62.05702586394986,52.06985546706834,62.05702586394986,52.06985546706834,62.05702586394986,52.06985546706834,entity_001,2023-01-12
2023-01-13,56.73789823130163,13.9,0.1,8.8,0,0,14.2,14.7,0.3,0.0,8.7,7.7,0.0,0.0,0.0,0.0,-0.433883739117558,-0.9009688679024191,0.22177215755648186,0.975098513039961,52.06985546706834,65.01370597766179,56.88611499103183,59.30387734976615,61.55435392523508,121,56.73789823130163,52.06985546706834,56.73789823130163,52.06985546706834,56.73789823130163,52.06985546706834,56.73789823130163,entity_001,2023-01-13
2023-01-14,59.974988676889296,13.5,0.0,8.9,0,1,13.9,14.3,0.1,0.0,8.8,7.1,0.0,0.0,0.0,1.0,-0.9749279121818236,-0.2225209339563146,0.23851257519407648,0.9711394088771653,56.73789823130163,61.21189130208039,60.67785573098652,59.12717697473886,61.5041491356567,122,59.974988676889296,56.73789823130163,59.974988676889296,56.73789823130163,59.974988676889296,56.73789823130163,59.974988676889296,entity_001,2023-01-14
2023-01-15,50.56774021105699,12.9,0.0,7.1,0,1,13.5,14.9,0.0,0.0,8.9,13.0,0.0,0.0,1.0,1.0,-0.7818314824680299,0.6234898018587334,0.2551824131233728,0.9668929289391521,59.974988676889296,63.88087428713532,60.65939873746611,57.22530067815624,60.78331638377034,123,50.56774021105699,59.974988676889296,50.56774021105699,59.974988676889296,50.56774021105699,59.974988676889296,50.56774021105699,entity_001,2023-01-15
2023-01-16,42.17072362701563,13.0,0.4,7.8,0,0,12.9,15.8,0.0,1.8,7.1,9.1,0.0,0.0,1.0,0.0,0.0,1.0,0.2717767384711357,0.9623603298276545,50.56774021105699,51.04169049060657,57.31954408721968,55.958019697643245,59.70125777947005,124,42.17072362701563,50.56774021105699,42.17072362701563,50.56774021105699,42.17072362701563,50.56774021105699,42.17072362701563,entity_001,2023-01-16
2023-01-17,59.23859522204545,13.4,3.1,14.8,0,0,13.0,14.8,0.4,0.0,7.8,10.5,0.0,0.0,0.0,0.0,0.7818314824680298,0.6234898018587336,0.2882906407095177,0.9575429528116719,42.17072362701563,68.12790580622095,65.1342037775304,54.68811818561817,59.28014288264969,125,59.23859522204545,42.17072362701563,59.23859522204545,42.17072362701563,59.23859522204545,42.17072362701563,59.23859522204545,entity_001,2023-01-17
2023-01-18,59.53291147594368,13.5,6.5,13.1,0,0,13.4,15.6,3.1,0.0,14.8,9.1,0.0,1.0,0.0,0.0,0.9749279121818236,-0.22252093395631434,0.3047192331091634,0.9524422234305676,59.23859522204545,62.05702586394986,66.92919830545927,54.32753041590299,58.75183668054144,126,59.53291147594368,59.23859522204545,59.53291147594368,59.23859522204545,59.53291147594368,59.23859522204545,59.53291147594368,entity_001,2023-01-18
2023-01-19,52.797194685785,11.7,0.1,11.3,0,0,13.5,14.2,6.5,0.3,13.1,8.7,0.0,0.0,0.0,0.0,0.43388373911755823,-0.900968867902419,0.321057654185271,0.9470596510722283,59.53291147594368,52.06985546706834,70.8999068886042,54.43143601857681,57.45878580891149,127,52.797194685785,59.53291147594368,52.797194685785,59.53291147594368,52.797194685785,59.53291147594368,52.797194685785,entity_001,2023-01-19
2023-01-20,59.67892431672473,11.6,0.0,9.1,0,0,11.7,13.9,0.1,0.1,11.3,8.8,0.0,0.0,0.0,0.0,-0.433883739117558,-0.9009688679024191,0.3373010691361842,0.9413968285264122,52.797194685785,56.73789823130163,65.01370597766179,54.85158260220868,57.07772997598742,128,59.67892431672473,52.797194685785,59.67892431672473,52.797194685785,59.67892431672473,52.797194685785,59.67892431672473,entity_001,2023-01-20
2023-01-21,64.21229552147884,13.0,0.6,8.0,0,1,11.6,13.5,0.0,0.0,9.1,8.9,0.0,0.0,0.0,1.0,-0.9749279121818236,-0.2225209339563146,0.3534446712740877,0.9354554315134164,59.67892431672473,59.974988676889296,61.21189130208039,55.45691215143576,57.2920445630873,129,64.21229552147884,59.67892431672473,64.21229552147884,59.67892431672473,64.21229552147884,59.67892431672473,64.21229552147884,entity_001,2023-01-21
2023-01-22,40.40155288561705,13.4,0.4,9.8,0,1,13.0,12.9,0.6,0.0,8.0,7.1,0.0,0.0,1.0,1.0,-0.7818314824680299,0.6234898018587334,0.3694836834473831,0.9292372181882051,64.21229552147884,50.56774021105699,63.88087428713532,54.00459967637291,55.614950177264575,130,40.40155288561705,64.21229552147884,40.40155288561705,64.21229552147884,40.40155288561705,64.21229552147884,40.40155288561705,entity_001,2023-01-22
2023-01-23,54.01171193222284,12.5,0.0,11.3,0,0,13.4,13.0,0.4,0.4,9.8,7.8,0.0,0.0,1.0,0.0,0.0,1.0,0.38541335945432564,0.9227440286201427,40.40155288561705,42.17072362701563,51.04169049060657,55.69616943425966,55.82709456595145,131,54.01171193222284,40.40155288561705,54.01171193222284,40.40155288561705,54.01171193222284,40.40155288561705,54.01171193222284,entity_001,2023-01-23
2023-01-24,58.17687819384879,10.7,0.0,10.6,0,0,12.5,13.4,0.0,3.1,11.3,14.8,0.0,0.0,0.0,0.0,0.7818314824680298,0.6234898018587336,0.4012289854475009,0.9159777842484877,54.01171193222284,59.23859522204545,68.12790580622095,55.5444955730887,55.11630687935344,132,58.17687819384879,54.01171193222284,58.17687819384879,54.01171193222284,58.17687819384879,54.01171193222284,58.17687819384879,entity_001,2023-01-24
2023-01-25,52.59523408546565,10.4,3.0,9.3,0,0,10.7,13.5,0.0,6.5,10.6,13.1,0.0,0.0,0.0,0.0,0.9749279121818236,-0.22252093395631434,0.4169258813287287,0.908940487313808,58.17687819384879,59.53291147594368,62.05702586394986,54.553398803020414,54.440464609461706,133,52.59523408546565,58.17687819384879,52.59523408546565,58.17687819384879,52.59523408546565,58.17687819384879,52.59523408546565,entity_001,2023-01-25
2023-01-26,57.619569047576846,10.4,3.9,10.6,0,0,10.4,11.7,3.0,0.1,9.3,11.3,0.0,0.0,0.0,0.0,0.43388373911755823,-0.900968867902419,0.4324994021339788,0.901634220265486,52.59523408546565,52.797194685785,52.06985546706834,55.24230942613354,54.83687272235517,134,57.619569047576846,52.59523408546565,57.619569047576846,52.59523408546565,57.619569047576846,52.59523408546565,57.619569047576846,entity_001,2023-01-26
2023-01-27,56.52597984694409,11.5,12.2,11.0,0,0,10.4,11.6,3.9,0.0,10.6,9.1,0.0,0.0,0.0,0.0,-0.433883739117558,-0.9009688679024191,0.44794493940789115,0.8940611451454876,57.619569047576846,59.67892431672473,56.73789823130163,54.79188878759345,54.821735694901065,135,56.52597984694409,57.619569047576846,56.52597984694409,57.619569047576846,56.52597984694409,57.619569047576846,56.52597984694409,entity_001,2023-01-27
2023-01-28,53.43852685518585,10.2,1.0,10.9,0,1,11.5,13.0,12.2,0.6,11.0,8.0,0.0,0.0,0.0,1.0,-0.9749279121818236,-0.2225209339563146,0.4632579225674917,0.88622350294858,56.52597984694409,64.21229552147884,59.974988676889296,53.25277897812301,54.35484556477939,136,53.43852685518585,56.52597984694409,53.43852685518585,56.52597984694409,53.43852685518585,56.52597984694409,53.43852685518585,entity_001,2023-01-28
2023-01-29,27.350887533887448,9.0,0.0,8.9,0,1,10.2,13.4,1.0,0.4,10.9,9.8,0.0,0.0,1.0,1.0,-0.7818314824680299,0.6234898018587334,0.4784338202547012,0.8781236129591848,53.43852685518585,40.40155288561705,50.56774021105699,51.388398213590214,52.69649894498156,137,27.350887533887448,53.43852685518585,27.350887533887448,53.43852685518585,27.350887533887448,53.43852685518585,27.350887533887448,entity_001,2023-01-29
2023-01-30,54.22746099170078,8.9,0.1,5.7,0,0,9.0,12.5,0.0,0.0,8.9,11.3,0.0,0.0,1.0,0.0,0.0,1.0,0.49346814167723735,0.8697638720650646,27.350887533887448,54.01171193222284,42.17072362701563,51.41921950780136,53.5576944710305,138,54.22746099170078,27.350887533887448,54.22746099170078,27.350887533887448,54.22746099170078,27.350887533887448,54.22746099170078,entity_001,2023-01-30
2023-01-31,54.17253649036935,10.7,0.0,7.6,0,0,8.9,10.7,0.1,0.0,5.7,10.6,0.0,0.0,0.0,0.0,0.7818314824680298,0.6234898018587336,0.5083564379375122,0.8611467540480452,54.22746099170078,58.17687819384879,59.23859522204545,50.847170693018576,53.19583313305363,139,54.17253649036935,54.22746099170078,54.17253649036935,54.22746099170078,54.17253649036935,54.22746099170078,54.17253649036935,entity_001,2023-01-31
2023-02-01,68.70227123058987,11.4,0.0,6.4,0,0,10.7,10.4,0.0,3.0,7.6,9.3,0.0,0.0,0.0,0.0,0.9749279121818236,-0.22252093395631434,0.5230943033491326,0.8522748088519838,54.17253649036935,52.59523408546565,59.53291147594368,53.1481759994649,53.85078740124265,140,68.70227123058987,54.17253649036935,68.70227123058987,54.17253649036935,68.70227123058987,54.17253649036935,68.70227123058987,entity_001,2023-02-01
2023-02-02,65.84354091307955,10.1,0.0,9.7,0,0,11.4,10.4,0.0,3.9,6.4,10.6,0.0,0.0,0.0,0.0,0.43388373911755823,-0.900968867902419,0.5376773767406141,0.8431506618282,68.70227123058987,57.619569047576846,52.797194685785,54.323029123108135,54.78266927462084,141,65.84354091307955,68.70227123058987,65.84354091307955,68.70227123058987,65.84354091307955,68.70227123058987,65.84354091307955,entity_001,2023-02-02
2023-02-03,59.83208008358567,9.6,0.0,8.2,0,0,10.1,11.5,0.0,12.2,9.7,11.0,0.0,0.0,0.0,0.0,-0.433883739117558,-0.9009688679024191,0.5521013427459208,0.8337770129585915,65.84354091307955,56.52597984694409,59.67892431672473,54.79532915691407,54.793608972253764,142,59.83208008358567,65.84354091307955,59.83208008358567,65.84354091307955,59.83208008358567,65.84354091307955,59.83208008358567,entity_001,2023-02-03
2023-02-04,62.32553625690134,10.4,0.0,7.2,0,1,9.6,10.2,0.0,1.0,8.2,10.9,0.0,0.0,0.0,1.0,-0.9749279121818236,-0.2225209339563146,0.5663619330814524,0.8241566360566663,59.83208008358567,53.43852685518585,64.21229552147884,56.06490192858771,54.65884045335537,143,62.32553625690134,59.83208008358567,62.32553625690134,59.83208008358567,62.32553625690134,59.83208008358567,62.32553625690134,entity_001,2023-02-04
2023-02-05,44.34929565406774,10.7,0.0,7.1,0,1,10.4,9.0,0.0,0.0,7.2,8.9,0.0,0.0,1.0,1.0,-0.7818314824680299,0.6234898018587334,0.580454927809098,0.8142923779467267,62.32553625690134,27.350887533887448,40.40155288561705,58.49324594575633,54.940822079673275,144,44.34929565406774,62.32553625690134,44.34929565406774,62.32553625690134,44.34929565406774,62.32553625690134,44.34929565406774,entity_001,2023-02-05
2023-02-06,63.195934141613,11.7,0.0,7.6,0,0,10.7,8.9,0.0,0.1,7.1,5.7,0.0,0.0,1.0,0.0,0.0,1.0,0.5943761565849831,0.804187157621448,44.34929565406774,54.22746099170078,54.01171193222284,59.7744563957438,55.596837951772564,145,63.195934141613,44.34929565406774,63.195934141613,44.34929565406774,63.195934141613,44.34929565406774,63.195934141613,entity_001,2023-02-06
2023-02-07,60.7227108264949,11.4,0.2,9.8,0,0,11.7,10.7,0.0,0.0,7.6,7.6,0.0,0.0,0.0,0.0,0.7818314824680298,0.6234898018587336,0.6081214998935418,0.7938439653781019,63.195934141613,54.17253649036935,58.17687819384879,60.710195586618866,55.77868313981872,146,60.7227108264949,63.195934141613,60.7227108264949,63.195934141613,60.7227108264949,63.195934141613,60.7227108264949,entity_001,2023-02-07
2023-02-08,68.09273552457489,12.4,6.3,13.4,0,0,11.4,11.4,0.2,0.0,9.8,6.4,0.0,0.0,0.0,0.0,0.9749279121818236,-0.22252093395631434,0.6216868902665479,0.7832658619336791,60.7227108264949,68.70227123058987,52.59523408546565,60.623119057188156,56.885647528326515,147,68.09273552457489,60.7227108264949,68.09273552457489,60.7227108264949,68.09273552457489,60.7227108264949,68.09273552457489,entity_001,2023-02-08
2023-02-09,46.17882334923667,13.1,0.0,9.4,0,0,12.4,10.1,6.3,0.0,13.4,9.7,0.0,0.0,0.0,0.0,0.43388373911755823,-0.900968867902419,0.6350683134867438,0.7724559775191742,68.09273552457489,65.84354091307955,57.619569047576846,57.813873690924886,56.06845140701652,148,46.17882334923667,68.09273552457489,46.17882334923667,68.09273552457489,46.17882334923667,68.09273552457489,46.17882334923667,entity_001,2023-02-09
2023-02-10,48.860186537842665,13.3,0.3,6.7,0,0,13.1,9.6,0.0,0.0,9.4,8.2,0.0,0.0,0.0,0.0,-0.433883739117558,-0.9009688679024191,0.6482618097757122,0.7614175109532997,46.17882334923667,59.83208008358567,56.52597984694409,56.24646032724731,55.5208947420807,149,48.860186537842665,46.17882334923667,48.860186537842665,46.17882334923667,48.860186537842665,46.17882334923667,48.860186537842665,entity_001,2023-02-10
2023-02-11,69.6384012632703,15.0,1.3,10.5,0,1,13.3,10.4,0.3,0.0,6.7,7.2,0.0,0.0,0.0,1.0,-0.9749279121818236,-0.2225209339563146,0.6612634749656386,0.7501537286959042,48.860186537842665,62.32553625690134,53.43852685518585,57.29115532815717,56.678028628372445,150,69.6384012632703,48.860186537842665,69.6384012632703,48.860186537842665,69.6384012632703,48.860186537842665,69.6384012632703,entity_001,2023-02-11
2023-02-12,55.17928148277993,15.7,0.1,11.2,0,1,15.0,10.7,1.3,0.0,10.5,7.1,0.0,0.0,1.0,1.0,-0.7818314824680299,0.6234898018587334,0.6740694616546162,0.7386679638813748,69.6384012632703,44.34929565406774,27.350887533887448,58.83829616083033,58.66577105329333,151,55.17928148277993,69.6384012632703,55.17928148277993,69.6384012632703,55.17928148277993,69.6384012632703,55.17928148277993,entity_001,2023-02-12
2023-02-13,54.942254917342815,14.3,0.1,5.6,0,0,15.7,11.7,0.1,0.0,11.2,7.6,0.0,0.0,1.0,0.0,0.0,1.0,0.6866759803451553,0.726963615332308,55.17928148277993,63.195934141613,54.22746099170078,57.659199128791734,58.71682776226776,152,54.942254917342815,55.17928148277993,54.942254917342815,55.17928148277993,54.942254917342815,55.17928148277993,54.942254917342815,entity_001,2023-02-13
2023-02-14,60.807020994819446,15.8,3.0,11.1,0,0,14.3,11.4,0.1,0.2,5.6,9.8,0.0,0.0,0.0,0.0,0.7818314824680298,0.6234898018587336,0.6990793005655562,0.7150441465537444,54.942254917342815,60.7227108264949,54.17253649036935,57.67124343855238,59.19071951258563,153,60.807020994819446,54.942254917342815,60.807020994819446,54.942254917342815,60.807020994819446,54.942254917342815,60.807020994819446,entity_001,2023-02-14
2023-02-15,46.48023626591993,13.5,17.7,9.2,0,0,15.8,12.4,3.0,6.3,11.1,13.4,0.0,0.0,0.0,0.0,0.9749279121818236,-0.22252093395631434,0.7112757519738152,0.7029130847082615,60.807020994819446,68.09273552457489,68.70227123058987,54.58374354445882,57.603431300823495,154,46.48023626591993,60.807020994819446,46.48023626591993,60.807020994819446,46.48023626591993,60.807020994819446,46.48023626591993,entity_001,2023-02-15
2023-02-16,48.75587592382325,13.4,6.7,9.7,0,0,13.5,13.1,17.7,0.0,9.2,9.4,0.0,0.0,0.0,0.0,0.43388373911755823,-0.900968867902419,0.7232617254437388,0.6905740195722293,46.48023626591993,46.17882334923667,65.84354091307955,54.9518939122569,56.38288380159089,155,48.75587592382325,46.48023626591993,48.75587592382325,46.48023626591993,48.75587592382325,46.48023626591993,48.75587592382325,entity_001,2023-02-16
2023-02-17,67.17914506430043,15.5,0.6,9.9,0,0,13.4,13.3,6.7,0.3,9.7,6.7,0.0,0.0,0.0,0.0,-0.433883739117558,-0.9009688679024191,0.7350336741329412,0.6780306024735382,48.75587592382325,48.860186537842665,59.83208008358567,57.568887987465146,56.907674157356226,156,67.17914506430043,48.75587592382325,67.17914506430043,48.75587592382325,67.17914506430043,48.75587592382325,67.17914506430043,entity_001,2023-02-17
2023-02-18,62.90927707002993,15.0,0.0,9.4,0,1,15.5,15.0,0.6,1.3,9.9,10.5,0.0,0.0,0.0,1.0,-0.9749279121818236,-0.2225209339563146,0.746588114532413,0.6652865452111116,67.17914506430043,69.6384012632703,62.32553625690134,56.60758453128796,56.94936992972256,157,62.90927707002993,67.17914506430043,62.90927707002993,67.17914506430043,62.90927707002993,67.17914506430043,62.90927707002993,entity_001,2023-02-18
2023-02-19,61.73633441720317,15.4,0.0,8.1,0,1,15.0,15.7,0.0,0.1,9.4,11.2,0.0,0.0,1.0,1.0,-0.7818314824680299,0.6234898018587334,0.7579216274973472,0.6523456189565257,62.90927707002993,55.17928148277993,44.34929565406774,57.54430637906271,58.19130126994652,158,61.73633441720317,62.90927707002993,61.73633441720317,62.90927707002993,61.73633441720317,62.90927707002993,61.73633441720317,entity_001,2023-02-19
2023-02-20,47.5038006048717,15.6,0.9,7.4,0,0,15.4,14.3,0.0,0.1,8.1,5.6,0.0,0.0,1.0,0.0,0.0,1.0,0.7690308592589181,0.6392116531380588,61.73633441720317,54.942254917342815,63.195934141613,56.48167004870969,57.07043458875072,159,47.5038006048717,61.73633441720317,47.5038006048717,61.73633441720317,47.5038006048717,61.73633441720317,47.5038006048717,entity_001,2023-02-20
2023-02-21,69.05083277037323,14.4,0.0,8.4,0,0,15.6,15.8,0.9,3.0,7.4,11.1,0.0,0.0,0.0,0.0,0.7818314824680298,0.6234898018587336,0.7799125224167177,0.6258885343075018,47.5038006048717,60.807020994819446,60.7227108264949,57.659357445217374,57.66530044188488,160,69.05083277037323,47.5038006048717,69.05083277037323,47.5038006048717,69.05083277037323,47.5038006048717,69.05083277037323,entity_001,2023-02-21
2023-02-22,51.618140862911815,15.2,0.0,9.4,0,0,14.4,13.5,0.0,17.7,8.4,9.2,0.0,0.0,0.0,0.0,0.9749279121818236,-0.22252093395631434,0.7905633969115482,0.612380204990065,69.05083277037323,46.48023626591993,68.09273552457489,58.393343816216216,56.48854368033752,161,51.618140862911815,69.05083277037323,51.618140862911815,69.05083277037323,51.618140862911815,69.05083277037323,51.618140862911815,entity_001,2023-02-22
2023-02-23,57.569218988566845,14.4,0.9,12.6,0,0,15.2,13.4,0.0,6.7,9.4,9.7,0.0,0.0,0.0,0.0,0.43388373911755823,-0.900968867902419,0.8009803309782905,0.5986906625177214,51.618140862911815,48.75587592382325,46.17882334923667,59.6523928254653,57.3021433688611,162,57.569218988566845,51.618140862911815,57.569218988566845,51.618140862911815,57.569218988566845,51.618140862911815,57.569218988566845,entity_001,2023-02-23
2023-02-24,49.42471302440944,12.5,3.6,9.7,0,0,14.4,15.5,0.9,0.6,12.6,9.9,0.0,0.0,0.0,0.0,-0.433883739117558,-0.9009688679024191,0.8111602420785621,0.5848239578463322,57.569218988566845,67.17914506430043,48.860186537842665,57.11604539119516,57.34246668933015,163,49.42471302440944,57.569218988566845,49.42471302440944,57.569218988566845,49.42471302440944,57.569218988566845,49.42471302440944,entity_001,2023-02-24
2023-02-25,58.15047292010555,11.9,4.5,16.4,0,1,12.5,15.0,3.6,0.0,9.7,9.4,0.0,0.0,0.0,1.0,-0.9749279121818236,-0.2225209339563146,0.8211001178128892,0.5707841943569036,49.42471302440944,62.90927707002993,69.6384012632703,56.436216226920244,56.5219003791041,164,58.15047292010555,49.42471302440944,58.15047292010555,49.42471302440944,58.15047292010555,49.42471302440944,58.15047292010555,entity_001,2023-02-25
2023-02-26,63.95511935656256,13.3,25.0,17.1,0,1,11.9,15.4,4.5,0.0,16.4,8.1,0.0,0.0,1.0,1.0,-0.7818314824680299,0.6234898018587334,0.8307970168121247,0.5565755266413303,58.15047292010555,61.73633441720317,55.17928148277993,56.7531855039716,57.148745941517156,165,63.95511935656256,58.15047292010555,63.95511935656256,58.15047292010555,63.95511935656256,58.15047292010555,63.95511935656256,entity_001,2023-02-26
2023-02-27,64.43405193702453,13.7,1.3,12.0,0,0,13.3,15.6,25.0,0.9,17.1,7.4,0.0,0.0,1.0,0.0,0.0,1.0,0.8402480696078469,0.5422021592729844,63.95511935656256,47.5038006048717,54.942254917342815,59.17179283713627,57.82673144292299,166,64.43405193702453,63.95511935656256,64.43405193702453,63.95511935656256,64.43405193702453,63.95511935656256,64.43405193702453,entity_001,2023-02-27
2023-02-28,58.86647591055021,13.4,7.5,13.9,0,0,13.7,14.4,1.3,0.0,12.0,8.4,0.0,0.0,0.0,0.0,0.7818314824680298,0.6234898018587336,0.8494504794814806,0.527668345562516,64.43405193702453,69.05083277037323,60.807020994819446,57.71688471430442,57.6881210797609,167,58.86647591055021,64.43405193702453,58.86647591055021,64.43405193702453,58.86647591055021,64.43405193702453,58.86647591055021,entity_001,2023-02-28
2023-03-01,60.97942652050996,13.6,0.7,9.7,0,0,13.4,15.2,7.5,0.0,13.9,9.4,0.0,0.0,0.0,0.0,0.9749279121818236,-0.22252093395631434,0.8584015232918917,0.512978386299228,58.86647591055021,51.618140862911815,46.48023626591993,59.054211236818446,58.723777526517324,168,60.97942652050996,58.86647591055021,60.97942652050996,58.86647591055021,60.97942652050996,58.86647591055021,60.97942652050996,entity_001,2023-03-01
2023-03-02,68.3574935541603,14.2,0.5,8.1,0,0,13.6,14.4,0.7,0.9,9.7,12.6,0.0,0.0,0.0,0.0,0.43388373911755823,-0.900968867902419,0.8670985522812081,0.4981366284784055,60.97942652050996,57.569218988566845,48.75587592382325,60.59539331761751,60.12389307154141,169,68.3574935541603,60.97942652050996,68.3574935541603,60.97942652050996,68.3574935541603,60.97942652050996,68.3574935541603,entity_001,2023-03-02
2023-03-03,65.10948694343797,13.9,1.1,8.5,0,0,14.2,12.5,0.5,3.6,8.1,9.7,0.0,0.0,0.0,0.0,-0.433883739117558,-0.9009688679024191,0.8755389928586302,0.4831474640149687,68.3574935541603,49.42471302440944,67.17914506430043,62.83607530605015,59.97606034862266,170,65.10948694343797,68.3574935541603,65.10948694343797,68.3574935541603,65.10948694343797,68.3574935541603,65.10948694343797,entity_001,2023-03-03
2023-03-04,73.97077168548168,12.9,0.0,8.0,0,1,13.9,11.9,1.1,4.5,8.5,16.4,0.0,0.0,0.0,1.0,-0.9749279121818236,-0.2225209339563146,0.8837203473619977,0.4680153284438345,65.10948694343797,58.15047292010555,62.90927707002993,65.09611798681817,60.76616710686921,171,73.97077168548168,65.10948694343797,73.97077168548168,65.10948694343797,73.97077168548168,65.10948694343797,73.97077168548168,entity_001,2023-03-04
2023-03-05,56.98934766488927,12.8,0.0,6.0,0,1,12.9,13.3,0.0,25.0,8.0,17.1,0.0,0.0,1.0,1.0,-0.7818314824680299,0.6234898018587334,0.8916401947968874,0.45274469960737107,73.97077168548168,63.95511935656256,61.73633441720317,64.10100774515055,60.42709662456108,172,56.98934766488927,73.97077168548168,56.98934766488927,73.97077168548168,56.98934766488927,73.97077168548168,56.98934766488927,entity_001,2023-03-05
2023-03-06,50.24886005190933,15.0,0.0,11.0,0,0,12.8,13.7,0.0,1.3,6.0,12.0,0.0,0.0,1.0,0.0,0.0,1.0,0.8992961915530253,0.4373400963303323,56.98934766488927,64.43405193702453,47.5038006048717,62.07455176156267,60.623172299349484,173,50.24886005190933,56.98934766488927,50.24886005190933,56.98934766488927,50.24886005190933,56.98934766488927,50.24886005190933,entity_001,2023-03-06
2023-03-07,57.29598238261443,16.0,0.0,9.2,0,0,15.0,13.4,0.0,7.5,11.0,13.9,0.0,0.0,0.0,0.0,0.7818314824680298,0.6234898018587336,0.9066860720977985,0.4218060770826634,50.24886005190933,58.86647591055021,69.05083277037323,61.850195543286134,59.78354012879528,174,57.29598238261443,50.24886005190933,57.29598238261443,50.24886005190933,57.29598238261443,50.24886005190933,57.29598238261443,entity_001,2023-03-07
2023-03-08,52.01923918777711,16.1,0.0,5.9,0,0,16.0,13.6,0.0,0.7,9.2,9.7,0.0,0.0,0.0,0.0,0.9749279121818236,-0.22252093395631434,0.9138076496466615,0.4061472386305789,57.29598238261443,60.97942652050996,51.618140862911815,60.57016878146715,59.8121900091428,175,52.01923918777711,57.29598238261443,52.01923918777711,57.29598238261443,52.01923918777711,57.29598238261443,52.01923918777711,entity_001,2023-03-08
2023-03-09,62.684700995495824,16.0,0.2,6.3,0,0,16.1,14.2,0.0,0.5,5.9,8.1,0.0,0.0,0.0,0.0,0.43388373911755823,-0.900968867902419,0.9206588168102428,0.3903682146763026,52.01923918777711,68.3574935541603,57.569218988566845,59.7597698445151,60.1775815810663,176,62.684700995495824,52.01923918777711,62.684700995495824,52.01923918777711,62.684700995495824,52.01923918777711,62.684700995495824,entity_001,2023-03-09
2023-03-10,58.38831907013852,16.4,0.0,12.8,0,0,16.0,13.9,0.2,1.1,6.3,8.5,0.0,0.0,0.0,0.0,-0.433883739117558,-0.9009688679024191,0.9272375462179537,0.374473674486883,62.684700995495824,65.10948694343797,49.42471302440944,58.79960300547231,60.817839155761234,177,58.38831907013852,62.684700995495824,58.38831907013852,62.684700995495824,58.38831907013852,62.684700995495824,58.38831907013852,entity_001,2023-03-10
2023-03-11,69.968350022062,15.7,0.0,13.6,0,1,16.4,12.9,0.0,0.0,12.8,8.0,0.0,0.0,0.0,1.0,-0.9749279121818236,-0.2225209339563146,0.9335418911179212,0.35846832151248087,58.38831907013852,73.97077168548168,58.15047292010555,58.22782848212664,61.661973234472406,178,69.968350022062,58.38831907013852,69.968350022062,58.38831907013852,69.968350022062,58.38831907013852,69.968350022062,entity_001,2023-03-11
2023-03-12,45.93651061257626,16.2,0.0,10.2,0,1,15.7,12.8,0.0,0.0,13.6,6.0,0.0,0.0,1.0,1.0,-0.7818314824680299,0.6234898018587334,0.9395699859530622,0.342356891994542,69.968350022062,56.98934766488927,63.95511935656256,56.648851760367634,60.3749297527591,179,45.93651061257626,69.968350022062,45.93651061257626,69.968350022062,45.93651061257626,69.968350022062,45.93651061257626,entity_001,2023-03-12
2023-03-13,49.68157879085105,15.8,0.0,7.2,0,0,16.2,15.0,0.0,0.0,10.2,11.0,0.0,0.0,1.0,0.0,0.0,1.0,0.945320046913132,0.3261441535642696,45.93651061257626,50.24886005190933,64.43405193702453,56.56781158021646,59.32118167088957,180,49.68157879085105,45.93651061257626,49.68157879085105,45.93651061257626,49.68157879085105,45.93651061257626,49.68157879085105,entity_001,2023-03-13
2023-03-14,57.88693492959132,15.7,0.0,16.3,0,0,15.8,16.0,0.0,0.0,7.2,9.2,0.0,0.0,0.0,0.0,0.7818314824680298,0.6234898018587336,0.9507903724625832,0.3098349038318025,49.68157879085105,57.29598238261443,58.86647591055021,56.652233372641724,59.25121445796393,181,57.88693492959132,49.68157879085105,57.88693492959132,49.68157879085105,57.88693492959132,49.68157879085105,57.88693492959132,entity_001,2023-03-14
2023-03-15,67.12077801624044,14.5,0.0,7.4,0,0,15.7,16.1,0.0,0.0,16.3,5.9,0.0,0.0,0.0,0.0,0.9749279121818236,-0.22252093395631434,0.9559793438440766,0.2934339689665273,57.88693492959132,52.01923918777711,60.97942652050996,58.8095960624222,59.68988242194468,182,67.12077801624044,57.88693492959132,67.12077801624044,57.88693492959132,67.12077801624044,57.88693492959132,67.12077801624044,entity_001,2023-03-15
2023-03-16,55.804008964284776,14.7,0.0,9.1,0,0,14.5,16.0,0.0,0.2,7.4,6.3,0.0,0.0,0.0,0.0,0.43388373911755823,-0.900968867902419,0.9608854255574977,0.27694620226893646,67.12077801624044,62.684700995495824,68.3574935541603,57.82664005796347,58.79320495123928,183,55.804008964284776,67.12077801624044,55.804008964284776,67.12077801624044,55.804008964284776,67.12077801624044,55.804008964284776,entity_001,2023-03-16
2023-03-17,54.87328464711627,16.2,0.0,9.4,0,0,14.7,16.4,0.0,0.0,9.1,12.8,0.0,0.0,0.0,0.0,-0.433883739117558,-0.9009688679024191,0.9655071658143364,0.2603764827344581,55.804008964284776,58.38831907013852,65.10948694343797,57.324492283246016,58.06204764435916,184,54.87328464711627,55.804008964284776,54.87328464711627,55.804008964284776,54.87328464711627,55.804008964284776,54.87328464711627,entity_001,2023-03-17
2023-03-18,60.93431316341495,15.6,0.4,10.0,0,1,16.2,15.7,0.0,0.0,9.4,13.6,0.0,0.0,0.0,1.0,-0.9749279121818236,-0.2225209339563146,0.969843196967294,0.24372971360968387,54.87328464711627,69.968350022062,73.97077168548168,56.03391558915358,57.13087203564011,185,60.93431316341495,54.87328464711627,60.93431316341495,54.87328464711627,60.93431316341495,54.87328464711627,60.93431316341495,entity_001,2023-03-18
2023-03-19,58.455147509918206,14.9,0.0,11.3,0,1,15.6,16.2,0.4,0.0,10.0,10.2,0.0,0.0,1.0,1.0,-0.7818314824680299,0.6234898018587334,0.9738922359149924,0.22701082094141847,60.93431316341495,45.93651061257626,56.98934766488927,57.82229228877385,57.23557202457074,186,58.455147509918206,60.93431316341495,58.455147509918206,60.93431316341495,58.455147509918206,60.93431316341495,58.455147509918206,entity_001,2023-03-19
2023-03-20,51.94313164467392,15.5,0.0,12.8,0,0,14.9,15.8,0.0,0.0,11.3,7.2,0.0,0.0,1.0,0.0,0.0,1.0,0.9776530844816641,0.2102247521189836,58.455147509918206,49.68157879085105,50.24886005190933,58.14537126789141,57.35659142405393,187,51.94313164467392,58.455147509918206,51.94313164467392,58.455147509918206,51.94313164467392,58.455147509918206,51.94313164467392,entity_001,2023-03-20
2023-03-21,62.05964196292504,15.0,0.0,7.2,0,0,15.5,15.7,0.0,0.0,12.8,16.3,0.0,0.0,0.0,0.0,0.7818314824680298,0.6234898018587336,0.981124629771712,0.19337647441020586,51.94313164467392,57.88693492959132,57.29598238261443,58.74147227265337,57.69685282264755,188,62.05964196292504,51.94313164467392,62.05964196292504,51.94313164467392,62.05964196292504,51.94313164467392,62.05964196292504,entity_001,2023-03-21
2023-03-22,50.04982394471156,15.7,0.0,5.3,0,0,15.0,14.5,0.0,0.0,7.2,7.4,0.0,0.0,0.0,0.0,0.9749279121818236,-0.22252093395631434,0.984305844499033,0.17647097349152166,62.05964196292504,67.12077801624044,52.01923918777711,56.30276454814925,57.55618030528573,189,50.04982394471156,62.05964196292504,50.04982394471156,62.05964196292504,50.04982394471156,62.05964196292504,50.04982394471156,entity_001,2023-03-22
2023-03-23,50.3666754432002,15.9,0.0,6.2,0,0,15.7,14.7,0.0,0.0,5.3,9.1,0.0,0.0,0.0,0.0,0.43388373911755823,-0.900968867902419,0.9871957872910085,0.15951325197263655,50.04982394471156,55.804008964284776,62.684700995495824,55.526002616565734,56.6763213372646,190,50.3666754432002,50.04982394471156,50.3666754432002,50.04982394471156,50.3666754432002,50.04982394471156,50.3666754432002,entity_001,2023-03-23
2023-03-24,58.87166833666307,15.6,0.0,10.9,0,0,15.9,16.2,0.0,0.0,6.2,9.4,0.0,0.0,0.0,0.0,-0.433883739117558,-0.9009688679024191,0.9897936029670716,0.14250832791617088,50.3666754432002,54.87328464711627,58.38831907013852,56.09720028650099,56.710846284873504,191,58.87166833666307,50.3666754432002,58.87166833666307,50.3666754432002,58.87166833666307,50.3666754432002,58.87166833666307,entity_001,2023-03-24
2023-03-25,57.76420096990478,16.0,0.0,11.8,0,1,15.6,15.6,0.0,0.4,10.9,10.0,0.0,0.0,0.0,1.0,-0.9749279121818236,-0.2225209339563146,0.992098522791769,0.12546123335273648,58.87166833666307,60.93431316341495,69.968350022062,55.644327115999545,55.83912135257656,192,57.76420096990478,58.87166833666307,57.76420096990478,58.87166833666307,57.76420096990478,58.87166833666307,57.76420096990478,entity_001,2023-03-25
2023-03-26,52.04503116019178,16.7,0.0,11.9,0,1,16.0,14.9,0.0,0.0,11.8,11.3,0.0,0.0,1.0,1.0,-0.7818314824680299,0.6234898018587334,0.9941098647022418,0.10837701279187609,57.76420096990478,58.455147509918206,45.93651061257626,54.72859620889576,56.27544424883481,193,52.04503116019178,57.76420096990478,52.04503116019178,57.76420096990478,52.04503116019178,57.76420096990478,52.04503116019178,entity_001,2023-03-26
2023-03-27,52.98469436423145,16.5,0.0,9.3,0,0,16.7,15.5,0.0,0.0,11.9,12.8,0.0,0.0,1.0,0.0,0.0,1.0,0.9958270335100595,0.09126072172931188,52.04503116019178,51.94313164467392,49.68157879085105,54.87739088311827,56.511381075504836,194,52.98469436423145,52.04503116019178,52.98469436423145,52.04503116019178,52.98469436423145,52.04503116019178,52.98469436423145,entity_001,2023-03-27
2023-03-28,51.15582341058254,17.0,0.0,6.7,0,0,16.5,15.0,0.0,0.0,9.3,7.2,0.0,0.0,0.0,0.0,0.7818314824680298,0.6234898018587336,0.9972495210773451,0.07411742515094437,52.98469436423145,62.05964196292504,57.88693492959132,53.31970251849792,56.030587395575644,195,51.15582341058254,52.98469436423145,51.15582341058254,52.98469436423145,51.15582341058254,52.98469436423145,51.15582341058254,entity_001,2023-03-28
2023-03-29,50.23815684185993,18.3,0.0,6.1,0,0,17.0,15.7,0.0,0.0,6.7,5.3,0.0,0.0,0.0,0.0,0.9749279121818236,-0.22252093395631434,0.998376906467142,0.056952196034039754,51.15582341058254,50.04982394471156,67.12077801624044,53.34660721809053,54.82468588311989,196,50.23815684185993,51.15582341058254,50.23815684185993,51.15582341058254,50.23815684185993,51.15582341058254,50.23815684185993,entity_001,2023-03-29
2023-03-30,60.964137083416695,18.2,0.0,9.5,0,0,18.3,15.9,0.0,0.0,6.1,6.2,0.0,0.0,0.0,0.0,0.43388373911755823,-0.900968867902419,0.9992088560679753,0.03977011384605572,50.23815684185993,50.3666754432002,55.804008964284776,54.860530309550036,55.19326646305789,197,60.964137083416695,50.23815684185993,60.964137083416695,50.23815684185993,60.964137083416695,50.23815684185993,60.964137083416695,entity_001,2023-03-30
2023-03-31,57.47398654450179,17.3,0.0,11.9,0,0,18.2,15.6,0.0,0.0,9.5,10.9,0.0,0.0,0.0,0.0,-0.433883739117558,-0.9009688679024191,0.9997451236925734,0.022576263041545485,60.964137083416695,58.87166833666307,54.87328464711627,54.660861482098426,55.37903088429971,198,57.47398654450179,60.964137083416695,57.47398654450179,60.964137083416695,57.47398654450179,60.964137083416695,57.47398654450179,entity_001,2023-03-31
2023-04-01,53.90848906874009,17.3,0.0,14.1,0,1,17.3,16.0,0.0,0.0,11.9,11.8,0.0,0.0,0.0,1.0,-0.9749279121818236,-0.2225209339563146,0.9999855506507186,0.005375731557583884,57.47398654450179,57.76420096990478,60.93431316341495,54.11004549621775,54.87718630610865,199,53.90848906874009,57.47398654450179,53.90848906874009,57.47398654450179,53.90848906874009,57.47398654450179,53.90848906874009,entity_001,2023-04-01
2023-04-02,59.56726971629041,17.0,0.0,13.7,0,1,17.3,16.7,0.0,0.0,14.1,11.9,0.0,0.0,1.0,1.0,-0.7818314824680299,0.6234898018587334,0.9999300657962057,-0.011826390691832589,53.90848906874009,52.04503116019178,58.455147509918206,55.184651004231846,54.95662360656381,200,59.56726971629041,53.90848906874009,59.56726971629041,53.90848906874009,59.56726971629041,53.90848906874009,59.56726971629041,entity_001,2023-04-02
2023-04-03,47.05268618362823,16.5,0.0,8.4,0,0,17.0,16.5,0.0,0.0,13.7,9.3,0.0,0.0,1.0,0.0,0.0,1.0,0.9995786855478958,-0.029025013321975237,59.56726971629041,52.98469436423145,51.94313164467392,54.33722126414567,54.60730607363197,201,47.05268618362823,59.56726971629041,47.05268618362823,59.56726971629041,47.05268618362823,59.56726971629041,47.05268618362823,entity_001,2023-04-03
2023-04-04,58.41529380732748,14.8,13.6,9.1,0,0,16.5,17.0,0.0,0.0,8.4,6.7,0.0,0.0,0.0,0.0,0.7818314824680298,0.6234898018587336,0.9989315138848577,-0.046215046983708354,47.05268618362823,51.15582341058254,62.05964196292504,55.37428846368066,54.34699549108928,202,58.41529380732748,47.05268618362823,58.41529380732748,47.05268618362823,58.41529380732748,47.05268618362823,58.41529380732748,entity_001,2023-04-04
2023-04-05,52.09000638251044,17.5,3.9,21.3,0,0,14.8,18.3,13.6,0.0,9.1,6.1,0.0,0.0,0.0,0.0,0.9749279121818236,-0.22252093395631434,0.9979887423155984,-0.06339140486951038,58.41529380732748,50.23815684185993,50.04982394471156,55.638838398059306,54.492722808074916,203,52.09000638251044,58.41529380732748,52.09000638251044,58.41529380732748,52.09000638251044,58.41529380732748,52.09000638251044,entity_001,2023-04-05
2023-04-06,57.6854459580197,16.7,0.0,8.8,0,0,17.5,18.2,3.9,0.0,21.3,9.5,0.0,0.0,0.0,0.0,0.43388373911755823,-0.900968867902419,0.9967506498213929,-0.08054900421874167,52.09000638251044,60.964137083416695,50.3666754432002,55.17045395157402,55.01549213056203,204,57.6854459580197,52.09000638251044,57.6854459580197,52.09000638251044,57.6854459580197,52.09000638251044,57.6854459580197,entity_001,2023-04-06
2023-04-07,57.967519137196696,17.0,0.0,8.1,0,0,16.7,17.3,0.0,0.0,8.8,11.9,0.0,0.0,0.0,0.0,-0.433883739117558,-0.9009688679024191,0.9952176027737294,-0.09768276782171598,57.6854459580197,57.47398654450179,58.87166833666307,55.24095860767329,54.95091004488586,205,57.967519137196696,57.6854459580197,57.967519137196696,57.6854459580197,57.967519137196696,57.6854459580197,57.967519137196696,entity_001,2023-04-07
2023-04-08,55.83906817823484,18.6,1.1,7.2,0,1,17.0,17.3,0.0,0.0,8.1,14.1,0.0,0.0,0.0,1.0,-0.9749279121818236,-0.2225209339563146,0.9933900548258936,-0.11478762552212701,57.967519137196696,53.90848906874009,57.76420096990478,55.516755623315404,54.81340055976658,206,55.83906817823484,57.967519137196696,55.83906817823484,57.967519137196696,55.83906817823484,57.967519137196696,55.83906817823484,entity_001,2023-04-08
2023-04-09,58.23467634169644,18.9,0.0,10.4,0,1,18.6,17.0,1.1,0.0,7.2,13.7,0.0,0.0,1.0,1.0,-0.7818314824680299,0.6234898018587334,0.9912685467787256,-0.13185851571739118,55.83906817823484,59.56726971629041,52.04503116019178,55.32638514123055,55.25551807273119,207,58.23467634169644,55.83906817823484,58.23467634169644,55.83906817823484,58.23467634169644,55.83906817823484,58.23467634169644,entity_001,2023-04-09
2023-04-10,57.60640203961053,17.5,0.0,8.0,0,0,18.9,16.5,0.0,0.0,10.4,8.4,0.0,0.0,1.0,0.0,0.0,1.0,0.9888537064205885,-0.1488903868564548,58.23467634169644,47.05268618362823,52.98469436423145,56.83405883494231,55.58564004954398,208,57.60640203961053,58.23467634169644,57.60640203961053,58.23467634169644,57.60640203961053,58.23467634169644,57.60640203961053,entity_001,2023-04-10
2023-04-11,52.384208226295954,17.2,0.0,7.4,0,0,17.5,14.8,0.0,13.6,8.0,9.1,0.0,0.0,0.0,0.0,0.7818314824680298,0.6234898018587336,0.986146248341595,-0.16587819893463143,57.60640203961053,58.41529380732748,51.15582341058254,55.97247518050923,55.673381822094946,209,52.384208226295954,57.60640203961053,52.384208226295954,57.60640203961053,52.384208226295954,57.60640203961053,52.384208226295954,entity_001,2023-04-11
2023-04-12,53.06364173122539,17.2,0.0,9.7,0,0,17.2,17.5,0.0,3.9,7.4,21.3,0.0,0.0,0.0,0.0,0.9749279121818236,-0.22252093395631434,0.9831469737221499,-0.1828169249850199,52.384208226295954,52.09000638251044,50.23815684185993,56.111565944611364,55.87520217133534,210,53.06364173122539,52.384208226295954,53.06364173122539,52.384208226295954,53.06364173122539,52.384208226295954,53.06364173122539,entity_001,2023-04-12
2023-04-13,49.99666733153551,16.1,0.3,12.5,0,0,17.2,16.7,0.0,0.0,9.7,8.8,0.0,0.0,0.0,0.0,0.43388373911755823,-0.900968867902419,0.9798567700958665,-0.1997015525660636,53.06364173122539,57.6854459580197,60.964137083416695,55.013168997970766,55.09181147477239,211,49.99666733153551,53.06364173122539,49.99666733153551,53.06364173122539,49.99666733153551,53.06364173122539,49.99666733153551,entity_001,2023-04-13
2023-04-14,53.4318763888327,15.4,0.0,13.5,0,0,16.1,17.0,0.3,0.0,12.5,8.1,0.0,0.0,0.0,0.0,-0.433883739117558,-0.9009688679024191,0.9762766110869321,-0.21652708524481437,49.99666733153551,57.967519137196696,57.47398654450179,54.36522003391877,54.803089320796026,212,53.4318763888327,49.99666733153551,53.4318763888327,49.99666733153551,53.4318763888327,49.99666733153551,53.4318763888327,entity_001,2023-04-14
2023-04-15,57.20924384301244,16.7,0.0,12.9,0,1,15.4,18.6,0.0,1.1,13.5,7.2,0.0,0.0,0.0,1.0,-0.9749279121818236,-0.2225209339563146,0.9724075561219968,-0.23328854407545518,53.4318763888327,55.83906817823484,53.90848906874009,54.56095941460128,55.03885751895833,213,57.20924384301244,53.4318763888327,57.20924384301244,53.4318763888327,57.20924384301244,53.4318763888327,57.20924384301244,entity_001,2023-04-15
2023-04-16,51.22290012618076,17.6,0.0,9.0,0,1,16.7,18.9,0.0,0.0,12.9,10.4,0.0,0.0,1.0,1.0,-0.7818314824680299,0.6234898018587334,0.9682507501166718,-0.2499809690726521,57.20924384301244,58.23467634169644,59.56726971629041,53.55927709809904,54.44283111966479,214,51.22290012618076,57.20924384301244,51.22290012618076,57.20924384301244,51.22290012618076,57.20924384301244,51.22290012618076,entity_001,2023-04-16
2023-04-17,46.53171041362451,18.1,0.0,6.9,0,0,17.6,17.5,0.0,0.0,9.0,8.0,0.0,0.0,1.0,0.0,0.0,1.0,0.9638074231367307,-0.26659942067929354,51.22290012618076,57.60640203961053,47.05268618362823,51.977178294386746,54.40561856466452,215,46.53171041362451,51.22290012618076,46.53171041362451,51.22290012618076,46.53171041362451,51.22290012618076,46.53171041362451,entity_001,2023-04-17
2023-04-18,51.13957172744215,18.0,0.0,8.2,0,0,18.1,17.2,0.0,0.0,6.9,7.4,0.0,0.0,0.0,0.0,0.7818314824680298,0.6234898018587336,0.9590788900341131,-0.28313898122818354,46.53171041362451,52.384208226295954,58.41529380732748,51.79937308026478,53.88592413038701,216,51.13957172744215,46.53171041362451,51.13957172744215,46.53171041362451,51.13957172744215,46.53171041362451,51.13957172744215,entity_001,2023-04-18
2023-04-19,54.21911602998076,18.9,0.0,15.6,0,0,18.0,17.2,0.0,0.0,8.2,9.7,0.0,0.0,0.0,0.0,0.9749279121818236,-0.22252093395631434,0.9540665500578387,-0.2995947563972602,51.13957172744215,53.06364173122539,52.09000638251044,51.96444083722984,54.0380033909206,217,54.21911602998076,51.13957172744215,54.21911602998076,51.13957172744215,54.21911602998076,51.13957172744215,54.21911602998076,entity_001,2023-04-19
2023-04-20,47.12553956570262,18.2,0.0,14.4,0,0,18.9,16.1,0.0,0.3,15.6,12.5,0.0,0.0,0.0,0.0,0.43388373911755823,-0.900968867902419,0.9487718864399473,-0.31596187665790293,54.21911602998076,49.99666733153551,57.6854459580197,51.55427972782513,53.28372436289795,218,47.12553956570262,54.21911602998076,47.12553956570262,54.21911602998076,47.12553956570262,54.21911602998076,47.12553956570262,entity_001,2023-04-20
2023-04-21,42.36839460251101,17.4,0.0,8.0,1,0,18.2,15.4,0.0,0.0,14.4,13.5,0.0,0.0,0.0,0.0,-0.433883739117558,-0.9009688679024191,0.9431964659565866,-0.33223549871590435,47.12553956570262,53.4318763888327,57.967519137196696,49.973782329779176,52.169501181848965,219,42.36839460251101,47.12553956570262,42.36839460251101,47.12553956570262,42.36839460251101,47.12553956570262,42.36839460251101,entity_001,2023-04-21
2023-04-22,41.21973558093228,17.6,0.0,10.8,1,1,17.4,16.7,0.0,0.0,8.0,12.9,1.0,0.0,0.0,1.0,-0.9749279121818236,-0.2225209339563146,0.9373419384643772,-0.3484108069446808,42.36839460251101,57.20924384301244,55.83906817823484,47.68956686376772,51.125263139184504,220,41.21973558093228,42.36839460251101,41.21973558093228,42.36839460251101,41.21973558093228,42.36839460251101,41.21973558093228,entity_001,2023-04-22
2023-04-23,40.442624047589845,18.2,0.0,14.0,0,1,17.6,17.6,0.0,0.0,10.8,9.0,1.0,0.0,1.0,1.0,-0.7818314824680299,0.6234898018587334,0.9312100364121947,-0.3644830148102912,41.21973558093228,51.22290012618076,58.23467634169644,46.14952742396902,49.85440226103403,221,40.442624047589845,41.21973558093228,40.442624047589845,41.21973558093228,40.442624047589845,41.21973558093228,40.442624047589845,entity_001,2023-04-23
2023-04-24,41.43034821329829,18.4,0.0,9.6,0,0,18.2,18.1,0.0,0.0,14.0,6.9,0.0,0.0,1.0,0.0,0.0,1.0,0.9248025743285089,-0.38044736628785164,40.442624047589845,46.53171041362451,57.60640203961053,45.420761395351,48.69896984486888,222,41.43034821329829,40.442624047589845,41.43034821329829,40.442624047589845,41.43034821329829,40.442624047589845,41.43034821329829,entity_001,2023-04-24
2023-04-25,40.95864549087479,20.1,0.0,9.3,0,0,18.4,18.0,0.0,0.0,9.6,8.2,0.0,0.0,0.0,0.0,0.7818314824680298,0.6234898018587336,0.9181214482844365,-0.39629913726891813,41.43034821329829,51.13957172744215,52.384208226295954,43.96634336155565,47.88285822091022,223,40.95864549087479,41.43034821329829,40.95864549087479,41.43034821329829,40.95864549087479,41.43034821329829,40.95864549087479,entity_001,2023-04-25
2023-04-26,45.4270294612779,22.1,0.0,9.8,0,0,20.1,18.9,0.0,0.0,9.3,15.6,0.0,0.0,0.0,0.0,0.9749279121818236,-0.22252093395631434,0.9111686353326631,-0.41203363695942635,40.95864549087479,54.21911602998076,53.06364173122539,42.7103309945981,47.33738591591396,224,45.4270294612779,40.95864549087479,45.4270294612779,40.95864549087479,45.4270294612779,40.95864549087479,45.4270294612779,entity_001,2023-04-26
2023-04-27,64.19924354436664,22.8,0.0,6.9,0,0,22.1,18.2,0.0,0.0,9.8,14.4,0.0,0.0,0.0,0.0,0.43388373911755823,-0.900968867902419,0.9039461929224011,-0.42764620926777464,45.4270294612779,47.12553956570262,49.99666733153551,45.14943156297868,48.351855645401905,225,64.19924354436664,45.4270294612779,64.19924354436664,45.4270294612779,64.19924354436664,45.4270294612779,64.19924354436664,entity_001,2023-04-27
2023-04-28,74.8602614900618,21.8,0.0,10.2,0,0,22.8,17.4,0.0,0.0,6.9,8.0,0.0,1.0,0.0,0.0,-0.433883739117558,-0.9009688679024191,0.8964562582905575,-0.44313223418263453,64.19924354436664,42.36839460251101,53.4318763888327,49.79112683262879,49.88245458120399,226,74.8602614900618,64.19924354436664,74.8602614900618,64.19924354436664,74.8602614900618,64.19924354436664,74.8602614900618,entity_001,2023-04-28
2023-04-29,67.68137486102037,20.4,0.0,11.1,0,1,21.8,17.6,0.0,0.0,10.2,10.8,0.0,1.0,0.0,1.0,-0.9749279121818236,-0.2225209339563146,0.8887010478292915,-0.45848712914008766,74.8602614900618,41.21973558093228,57.20924384301244,53.57136101549851,50.630463939633124,227,67.68137486102037,74.8602614900618,67.68137486102037,74.8602614900618,67.68137486102037,74.8602614900618,67.68137486102037,entity_001,2023-04-29
2023-04-30,52.02533012211358,19.4,0.0,10.7,0,1,20.4,18.2,0.0,0.0,11.1,14.0,0.0,0.0,1.0,1.0,-0.7818314824680299,0.6234898018587334,0.8806828564301475,-0.47370635037968,67.68137486102037,40.442624047589845,51.22290012618076,55.22603331185905,50.687780367914044,228,52.02533012211358,67.68137486102037,52.02533012211358,67.68137486102037,52.02533012211358,67.68137486102037,52.02533012211358,entity_001,2023-04-30
2023-05-01,56.1865893478573,19.1,0.0,9.6,1,0,19.4,18.4,0.0,0.0,10.7,9.6,0.0,0.0,1.0,0.0,0.0,1.0,0.8724040568049612,-0.48878539428899265,52.02533012211358,41.43034821329829,46.53171041362451,57.334067759653195,51.3774145775021,229,56.1865893478573,52.02533012211358,56.1865893478573,52.02533012211358,56.1865893478573,52.02533012211358,56.1865893478573,entity_001,2023-05-01
2023-05-02,52.84168582335084,20.9,0.0,6.1,0,0,19.1,20.1,0.0,0.0,9.6,9.3,1.0,0.0,0.0,0.0,0.7818314824680298,0.6234898018587336,0.8638670987837349,-0.503719798736334,56.1865893478573,40.95864549087479,51.13957172744215,59.03164495000692,51.49899415578128,230,52.84168582335084,56.1865893478573,52.84168582335084,56.1865893478573,52.84168582335084,56.1865893478573,52.84168582335084,entity_001,2023-05-02
2023-05-03,64.66880606509007,20.8,0.0,10.4,0,0,20.9,22.1,0.0,0.0,6.1,9.8,0.0,0.0,0.0,0.0,0.9749279121818236,-0.22252093395631434,0.8550745085896932,-0.518505144391157,52.84168582335084,45.4270294612779,54.21911602998076,61.78047017912295,52.24540058686053,231,64.66880606509007,52.84168582335084,64.66880606509007,52.84168582335084,64.66880606509007,52.84168582335084,64.66880606509007,entity_001,2023-05-03
2023-05-04,74.95988214215824,19.9,0.1,12.6,0,0,20.8,22.8,0.0,0.0,10.4,6.9,0.0,0.0,0.0,0.0,0.43388373911755823,-0.900968867902419,0.8460288880917339,-0.533137056031809,64.66880606509007,64.19924354436664,47.12553956570262,63.317704264521744,54.233567913750214,232,74.95988214215824,64.66880606509007,74.95988214215824,64.66880606509007,74.95988214215824,64.66880606509007,74.95988214215824,entity_001,2023-05-04
2023-05-05,49.10742429821025,19.4,0.0,12.4,0,0,19.9,21.8,0.1,0.0,12.6,10.2,0.0,0.0,0.0,0.0,-0.433883739117558,-0.9009688679024191,0.8367329140344921,-0.5476112038402312,74.95988214215824,74.8602614900618,42.36839460251101,59.63872752282867,54.71492717772873,233,49.10742429821025,74.95988214215824,49.10742429821025,74.95988214215824,49.10742429821025,74.95988214215824,49.10742429821025,entity_001,2023-05-05
2023-05-06,54.86575662110588,19.6,0.2,11.5,0,1,19.4,20.4,0.0,0.0,12.4,11.1,0.0,0.0,0.0,1.0,-0.9749279121818236,-0.2225209339563146,0.8271893372462497,-0.5619233046832195,49.10742429821025,67.68137486102037,41.21973558093228,57.80792491712659,55.68964296631255,234,54.86575662110588,49.10742429821025,54.86575662110588,49.10742429821025,54.86575662110588,49.10742429821025,54.86575662110588,entity_001,2023-05-06
2023-05-07,62.25771953621224,19.7,1.8,15.9,0,1,19.6,19.4,0.2,0.0,11.5,10.7,0.0,0.0,1.0,1.0,-0.7818314824680299,0.6234898018587334,0.8174009818249189,-0.5760691233798758,54.86575662110588,52.02533012211358,40.442624047589845,59.269694833426406,57.24786407264272,235,62.25771953621224,54.86575662110588,62.25771953621224,54.86575662110588,62.25771953621224,54.86575662110588,62.25771953621224,entity_001,2023-05-07
2023-05-08,52.97952520468112,19.9,0.0,10.2,0,0,19.7,19.1,1.8,0.0,15.9,9.6,0.0,1.0,1.0,0.0,0.0,1.0,0.8073707443023492,-0.5900444739548627,62.25771953621224,56.1865893478573,41.43034821329829,58.81154281297266,58.07280528631293,236,52.97952520468112,62.25771953621224,52.97952520468112,62.25771953621224,52.97952520468112,62.25771953621224,52.97952520468112,entity_001,2023-05-08
2023-05-09,63.52070502779624,20.4,0.0,10.5,0,0,19.9,20.9,0.0,0.0,10.2,6.1,0.0,0.0,0.0,0.0,0.7818314824680298,0.6234898018587336,0.7971015927871943,-0.6038452208771035,52.97952520468112,52.84168582335084,40.95864549087479,60.33711698503629,59.6843809675216,237,63.52070502779624,52.97952520468112,63.52070502779624,52.97952520468112,63.52070502779624,52.97952520468112,63.52070502779624,entity_001,2023-05-09
2023-05-10,52.111397029786495,20.3,0.0,10.0,0,0,20.4,20.8,0.0,0.0,10.5,10.4,0.0,0.0,0.0,0.0,0.9749279121818236,-0.22252093395631434,0.7865965660866021,-0.6174672802835514,63.52070502779624,64.66880606509007,45.4270294612779,58.54320140856435,60.16183579384365,238,52.111397029786495,63.52070502779624,52.111397029786495,63.52070502779624,52.111397029786495,63.52070502779624,52.111397029786495,entity_001,2023-05-10
2023-05-11,49.38356604739833,19.1,0.0,9.5,0,0,20.3,19.9,0.0,0.1,10.0,12.6,0.0,0.0,0.0,0.0,0.43388373911755823,-0.900968867902419,0.7758587728069828,-0.6309066211876704,52.111397029786495,74.95988214215824,64.19924354436664,54.8894419664558,59.103573115488764,239,49.38356604739833,52.111397029786495,49.38356604739833,52.111397029786495,49.38356604739833,52.111397029786495,49.38356604739833,entity_001,2023-05-11
2023-05-12,60.83805631420689,19.3,0.0,10.7,0,0,19.1,19.4,0.0,0.0,9.5,12.4,0.0,0.0,0.0,0.0,-0.433883739117558,-0.9009688679024191,0.7648913904341226,-0.6441592666722685,49.38356604739833,49.10742429821025,74.8602614900618,56.5652465401696,58.10198703149913,240,60.83805631420689,49.38356604739833,60.83805631420689,49.38356604739833,60.83805631420689,49.38356604739833,60.83805631420689,entity_001,2023-05-12
2023-05-13,69.92309626392901,19.2,0.0,12.8,0,1,19.3,19.6,0.0,0.2,10.7,11.5,0.0,0.0,0.0,1.0,-0.9749279121818236,-0.2225209339563146,0.753697664392914,-0.6572212950663319,60.83805631420689,54.86575662110588,67.68137486102037,58.71629506057291,58.26210998884975,241,69.92309626392901,60.83805631420689,69.92309626392901,60.83805631420689,69.92309626392901,60.83805631420689,69.92309626392901,entity_001,2023-05-13
2023-05-14,58.16974122331587,19.6,0.0,9.7,0,1,19.2,19.7,0.0,1.8,12.8,15.9,0.0,0.0,1.0,1.0,-0.7818314824680299,0.6234898018587334,0.742280907086982,-0.6700888411055113,69.92309626392901,62.25771953621224,52.02533012211358,58.13229815873057,58.70099649607848,242,58.16974122331587,69.92309626392901,58.16974122331587,69.92309626392901,58.16974122331587,69.92309626392901,58.16974122331587,entity_001,2023-05-14
2023-05-15,58.40496067378511,18.5,0.0,9.1,0,0,19.6,19.9,0.0,0.0,9.7,10.2,0.0,0.0,1.0,0.0,0.0,1.0,0.7306444969184916,-0.6827580970759147,58.16974122331587,52.97952520468112,56.1865893478573,58.90736036860257,58.859451590787614,243,58.40496067378511,58.16974122331587,58.40496067378511,58.16974122331587,58.40496067378511,58.16974122331587,58.40496067378511,entity_001,2023-05-15
2023-05-16,76.6537141650277,19.1,0.0,9.5,0,0,18.5,20.4,0.0,0.0,9.1,10.5,0.0,0.0,0.0,0.0,0.7818314824680298,0.6234898018587336,0.7187918772884232,-0.6952253139408723,58.40496067378511,63.52070502779624,52.84168582335084,60.783504531064196,60.56031075805025,244,76.6537141650277,58.40496067378511,76.6537141650277,58.40496067378511,76.6537141650277,58.40496067378511,76.6537141650277,entity_001,2023-05-16
2023-05-17,90.65129852559278,18.8,5.6,17.4,0,0,19.1,20.3,0.0,0.0,9.5,10.0,0.0,0.0,0.0,0.0,0.9749279121818236,-0.22252093395631434,0.7067265555776159,-0.7074868024503348,76.6537141650277,52.111397029786495,64.66880606509007,66.28920474475082,62.416203076657574,245,90.65129852559278,76.6537141650277,90.65129852559278,76.6537141650277,90.65129852559278,76.6537141650277,90.65129852559278,entity_001,2023-05-17
2023-05-18,65.1921886529873,16.9,22.4,9.6,0,0,18.8,19.1,5.6,0.0,17.4,9.5,0.0,0.0,0.0,0.0,0.43388373911755823,-0.900968867902419,0.6944521021088763,-0.719538934232584,90.65129852559278,49.38356604739833,74.95988214215824,68.5475794026921,61.718510684573936,246,65.1921886529873,90.65129852559278,65.1921886529873,90.65129852559278,65.1921886529873,90.65129852559278,65.1921886529873,entity_001,2023-05-18
2023-05-19,68.4068657435698,18.0,0.9,9.9,0,0,16.9,19.3,22.4,0.0,9.6,10.7,0.0,0.0,0.0,0.0,-0.433883739117558,-0.9009688679024191,0.6819721490904629,-0.7313781428679254,65.1921886529873,60.83805631420689,49.10742429821025,69.62883789260108,63.09704221638534,247,68.4068657435698,65.1921886529873,68.4068657435698,65.1921886529873,68.4068657435698,65.1921886529873,68.4068657435698,entity_001,2023-05-19
2023-05-20,66.54708718685316,17.9,0.0,9.8,0,1,18.0,19.2,0.9,0.0,9.9,12.8,0.0,0.0,0.0,1.0,-0.9749279121818236,-0.2225209339563146,0.6692903895412567,-0.7430009249440493,68.4068657435698,69.92309626392901,54.86575662110588,69.14655088159024,63.93142297108158,248,66.54708718685316,68.4068657435698,66.54708718685316,68.4068657435698,66.54708718685316,68.4068657435698,66.54708718685316,entity_001,2023-05-20
2023-05-21,65.03663604853566,16.7,4.4,17.0,0,1,17.9,19.6,0.0,0.0,9.8,9.7,0.0,0.0,1.0,1.0,-0.7818314824680299,0.6234898018587334,0.6564105761979381,-0.7544038410927472,66.54708718685316,58.16974122331587,62.25771953621224,70.12753585662163,64.1299170076761,249,65.03663604853566,66.54708718685316,65.03663604853566,66.54708718685316,65.03663604853566,66.54708718685316,65.03663604853566,entity_001,2023-05-21
2023-05-22,57.07843051485153,17.1,0.6,12.0,0,0,16.7,18.5,4.4,0.0,17.0,9.1,0.0,0.0,1.0,0.0,0.0,1.0,0.6433365204044917,-0.765583517007675,65.03663604853566,58.40496067378511,52.97952520468112,69.93803154820256,64.42269595840256,250,57.07843051485153,65.03663604853566,57.07843051485153,65.03663604853566,57.07843051485153,65.03663604853566,57.07843051485153,entity_001,2023-05-22
2023-05-23,76.8556513377084,17.4,2.1,11.0,0,0,17.1,19.1,0.6,0.0,12.0,9.5,0.0,0.0,0.0,0.0,0.7818314824680298,0.6234898018587336,0.6300720909843687,-0.7765366444428655,57.07843051485153,76.6537141650277,63.52070502779624,69.96687971572837,65.37519212339629,251,76.8556513377084,57.07843051485153,76.8556513377084,57.07843051485153,76.8556513377084,57.07843051485153,76.8556513377084,entity_001,2023-05-23
2023-05-24,84.27030241400051,18.7,1.1,10.9,0,0,17.4,18.8,2.1,5.6,11.0,17.4,0.0,0.0,0.0,0.0,0.9749279121818236,-0.22252093395631434,0.6166212130956382,-0.7872599821916922,76.8556513377084,90.65129852559278,52.111397029786495,69.05530884264377,67.67225679369729,252,84.27030241400051,76.8556513377084,84.27030241400051,76.8556513377084,84.27030241400051,76.8556513377084,84.27030241400051,entity_001,2023-05-24
2023-05-25,62.81509298070674,19.1,0.2,7.7,0,0,18.7,16.9,1.1,22.4,10.9,9.6,0.0,0.0,0.0,0.0,0.43388373911755823,-0.900968867902419,0.6029878670694714,-0.7977503570459932,84.27030241400051,65.1921886529873,49.38356604739833,68.71572374660369,68.63165157464789,253,62.81509298070674,84.27030241400051,62.81509298070674,84.27030241400051,62.81509298070674,84.27030241400051,62.81509298070674,entity_001,2023-05-25
2023-05-26,69.4102770739682,19.6,3.8,8.8,0,0,19.1,18.0,0.2,0.9,7.7,9.9,0.0,0.0,0.0,0.0,-0.433883739117558,-0.9009688679024191,0.5891760872322963,-0.8080046647350754,62.81509298070674,68.4068657435698,60.83805631420689,68.85906822237489,69.24395305748799,254,69.4102770739682,62.81509298070674,69.4102770739682,62.81509298070674,69.4102770739682,62.81509298070674,69.4102770739682,entity_001,2023-05-26
2023-05-27,65.23385598469798,18.8,4.3,8.0,0,1,19.6,17.9,3.8,0.0,8.8,9.8,0.0,0.0,0.0,1.0,-0.9749279121818236,-0.2225209339563146,0.5751899607119775,-0.8180198708443175,69.4102770739682,66.54708718685316,69.92309626392901,68.67146376492414,68.9090073232572,255,65.23385598469798,69.4102770739682,65.23385598469798,69.4102770739682,65.23385598469798,69.4102770739682,65.23385598469798,entity_001,2023-05-27
2023-05-28,74.89983239822648,19.4,0.3,7.3,0,1,18.8,16.7,4.3,4.4,8.0,17.0,0.0,0.0,1.0,1.0,-0.7818314824680299,0.6234898018587334,0.5610336262283677,-0.8277930117131022,65.23385598469798,65.03663604853566,58.16974122331587,70.08049181487998,70.1040138357508,256,74.89983239822648,65.23385598469798,74.89983239822648,65.23385598469798,74.89983239822648,65.23385598469798,74.89983239822648,entity_001,2023-05-28
2023-05-29,69.4212783682379,18.9,0.3,8.3,0,0,19.4,17.1,0.3,0.6,7.3,12.0,0.0,0.0,1.0,0.0,0.0,1.0,0.5467112728685939,-0.8373211953118121,74.89983239822648,57.07843051485153,58.40496067378511,71.84375579393517,70.89089367106887,257,69.4212783682379,74.89983239822648,69.4212783682379,74.89983239822648,69.4212783682379,74.89983239822648,69.4212783682379,entity_001,2023-05-29
2023-05-30,77.5730445841172,18.7,0.2,8.5,0,0,18.9,17.4,0.3,2.1,8.3,11.0,0.0,0.0,0.0,0.0,0.7818314824680298,0.6234898018587336,0.5322271388474397,-0.8466016020976267,69.4212783682379,76.8556513377084,76.6537141650277,71.94624054342215,70.95656012957527,258,77.5730445841172,69.4212783682379,77.5730445841172,69.4212783682379,77.5730445841172,69.4212783682379,77.5730445841172,entity_001,2023-05-30
2023-05-31,61.20038752013564,19.7,0.0,10.9,0,0,18.7,18.7,0.2,1.1,8.5,10.9,0.0,0.0,0.0,0.0,0.9749279121818236,-0.22252093395631434,0.5175855102531889,-0.8556314858488706,77.5730445841172,84.27030241400051,90.65129852559278,68.65053841572715,68.85292362918547,259,61.20038752013564,77.5730445841172,61.20038752013564,77.5730445841172,61.20038752013564,77.5730445841172,61.20038752013564,entity_001,2023-05-31
2023-06-01,53.1371382262686,20.4,0.0,9.6,0,0,19.7,19.1,0.0,0.2,10.9,7.7,0.0,0.0,0.0,0.0,0.43388373911755823,-0.900968867902419,0.5027907197793043,-0.8644081744776648,61.20038752013564,62.81509298070674,65.1921886529873,67.26797345080743,67.99184859870556,260,53.1371382262686,61.20038752013564,53.1371382262686,61.20038752013564,53.1371382262686,61.20038752013564,53.1371382262686,entity_001,2023-06-01
2023-06-02,62.92945565583842,20.6,2.1,9.2,0,0,20.4,19.6,0.0,3.8,9.6,8.8,0.0,0.0,0.0,0.0,-0.433883739117558,-0.9009688679024191,0.4878471454423119,-0.8729290708206411,53.1371382262686,69.4102770739682,68.4068657435698,66.34214181964603,67.60060502101047,261,62.92945565583842,53.1371382262686,62.92945565583842,53.1371382262686,62.92945565583842,53.1371382262686,62.92945565583842,entity_001,2023-06-02
2023-06-03,77.75231206674582,20.9,0.2,10.2,0,1,20.6,18.8,2.1,4.3,9.2,8.0,0.0,0.0,0.0,1.0,-0.9749279121818236,-0.2225209339563146,0.47275920928627757,-0.881191653407483,62.92945565583842,65.23385598469798,66.54708718685316,68.13049268851,68.40097822671707,262,77.75231206674582,62.92945565583842,77.75231206674582,62.92945565583842,77.75231206674582,62.92945565583842,77.75231206674582,entity_001,2023-06-03
2023-06-04,57.74135297082944,21.0,0.5,9.4,0,1,20.9,19.4,0.2,0.3,10.2,7.3,0.0,0.0,1.0,1.0,-0.7818314824680299,0.6234898018587334,0.4575313760742512,-0.8891934772070711,77.75231206674582,74.89983239822648,65.03663604853566,65.67928134173901,67.8798865783095,263,57.74135297082944,77.75231206674582,57.74135297082944,77.75231206674582,57.74135297082944,77.75231206674582,57.74135297082944,entity_001,2023-06-04
2023-06-05,64.58461606625447,21.0,0.1,8.7,0,0,21.0,18.9,0.5,0.3,9.4,8.3,0.0,0.0,1.0,0.0,0.0,1.0,0.44216815196707204,-0.8969321743510065,57.74135297082944,69.4212783682379,57.07843051485153,64.98832958431281,68.41604268912398,264,64.58461606625447,57.74135297082944,64.58461606625447,57.74135297082944,64.58461606625447,57.74135297082944,64.58461606625447,entity_001,2023-06-05
2023-06-06,89.8723146075837,22.0,0.1,6.8,0,0,21.0,18.7,0.1,0.2,8.7,8.5,0.0,0.0,0.0,0.0,0.7818314824680298,0.6234898018587336,0.42667408318992467,-0.9044054548343001,64.58461606625447,77.5730445841172,76.8556513377084,66.74536815909373,69.34580435125794,265,89.8723146075837,64.58461606625447,89.8723146075837,64.58461606625447,89.8723146075837,64.58461606625447,89.8723146075837,entity_001,2023-06-06
2023-06-07,81.2619418562514,23.6,0.0,9.0,0,0,22.0,19.7,0.1,0.0,6.8,10.9,0.0,0.0,0.0,0.0,0.9749279121818236,-0.22252093395631434,0.4110537546870351,-0.9116111071930239,89.8723146075837,61.20038752013564,84.27030241400051,69.61130449282454,69.13092145427585,266,81.2619418562514,89.8723146075837,81.2619418562514,89.8723146075837,81.2619418562514,89.8723146075837,81.2619418562514,entity_001,2023-06-07
2023-06-08,68.99176780853286,22.6,3.1,17.4,0,0,23.6,20.4,0.0,0.0,9.0,9.6,0.0,0.0,0.0,0.0,0.43388373911755823,-0.900968867902419,0.3953117887649151,-0.9185469991587165,81.2619418562514,53.1371382262686,62.81509298070674,71.87625157600516,69.5721125134063,267,68.99176780853286,81.2619418562514,68.99176780853286,81.2619418562514,68.99176780853286,81.2619418562514,68.99176780853286,entity_001,2023-06-08
2023-06-09,84.5016428264284,21.2,0.7,11.7,0,0,22.6,20.6,3.1,2.1,17.4,9.2,0.0,0.0,0.0,0.0,-0.433883739117558,-0.9009688679024191,0.37945284372454435,-0.925211078289358,68.99176780853286,62.92945565583842,69.4102770739682,74.95799260037516,70.65006721001059,268,84.5016428264284,68.99176780853286,84.5016428264284,68.99176780853286,84.5016428264284,68.99176780853286,84.5016428264284,entity_001,2023-06-09
2023-06-10,63.12883231465717,21.1,2.5,7.6,0,1,21.2,20.9,0.7,0.2,11.7,10.2,0.0,0.0,0.0,1.0,-0.9749279121818236,-0.2225209339563146,0.36348161248290634,-0.9316013725767187,84.5016428264284,77.75231206674582,65.23385598469798,72.86892406436249,70.49970837643625,269,63.12883231465717,84.5016428264284,63.12883231465717,84.5016428264284,63.12883231465717,84.5016428264284,63.12883231465717,entity_001,2023-06-10
2023-06-11,64.10423709604099,21.0,0.0,9.1,0,1,21.1,21.0,2.5,0.5,7.6,9.4,0.0,0.0,1.0,1.0,-0.7818314824680299,0.6234898018587334,0.3474028211842774,-0.9377159910299093,63.12883231465717,57.74135297082944,74.89983239822648,73.77790751082128,69.72859442628014,270,64.10423709604099,63.12883231465717,64.10423709604099,63.12883231465717,64.10423709604099,63.12883231465717,64.10423709604099,entity_001,2023-06-11
2023-06-12,60.24331039749778,21.3,0.0,7.7,0,0,21.0,21.0,0.0,0.1,9.1,8.7,0.0,0.0,1.0,0.0,0.0,1.0,0.3312212278016865,-0.9435531242349544,64.10423709604099,64.58461606625447,69.4212783682379,73.15772098671319,69.073025285513,271,60.24331039749778,64.10423709604099,60.24331039749778,64.10423709604099,60.24331039749778,64.10423709604099,60.24331039749778,entity_001,2023-06-12
2023-06-13,64.60989151251307,21.4,2.2,13.0,0,0,21.3,22.0,0.0,0.1,7.7,6.8,0.0,0.0,0.0,0.0,0.7818314824680298,0.6234898018587336,0.31494162072895193,-0.9491110448902284,60.24331039749778,89.8723146075837,77.5730445841172,69.5488034017031,68.1470857803984,272,64.60989151251307,60.24331039749778,64.60989151251307,60.24331039749778,64.60989151251307,60.24331039749778,64.60989151251307,entity_001,2023-06-13
2023-06-14,58.00370897347105,21.5,0.0,13.6,0,0,21.4,23.6,2.2,0.0,13.0,9.0,0.0,0.0,0.0,0.0,0.9749279121818236,-0.22252093395631434,0.2985688173637202,-0.9543881083175908,64.60989151251307,81.2619418562514,61.20038752013564,66.22619870416305,67.9187515984938,273,58.00370897347105,64.60989151251307,58.00370897347105,64.60989151251307,58.00370897347105,64.60989151251307,58.00370897347105,entity_001,2023-06-14
2023-06-15,54.14828363016101,22.4,0.0,8.6,0,0,21.5,22.6,0.0,3.1,13.6,17.4,0.0,0.0,0.0,0.0,0.43388373911755823,-0.900968867902419,0.2821076626819194,-0.9593827529490743,58.00370897347105,68.99176780853286,53.1371382262686,64.10570096439564,67.99097627020039,274,54.14828363016101,58.00370897347105,54.14828363016101,58.00370897347105,54.14828363016101,58.00370897347105,54.14828363016101,entity_001,2023-06-15
2023-06-16,59.4796039605874,23.7,0.0,10.6,0,0,22.4,21.2,0.0,0.7,8.6,11.7,0.0,0.0,0.0,0.0,-0.433883739117558,-0.9009688679024191,0.26556302780405594,-0.9640935007889755,54.14828363016101,84.5016428264284,62.92945565583842,60.53112398356121,67.74455829196818,275,59.4796039605874,54.14828363016101,59.4796039605874,54.14828363016101,59.4796039605874,54.14828363016101,59.4796039605874,entity_001,2023-06-16
2023-06-17,55.2911993756116,23.6,0.2,14.9,0,1,23.7,21.1,0.0,2.5,10.6,7.6,0.0,0.0,0.0,1.0,-0.9749279121818236,-0.2225209339563146,0.24893980855376657,-0.9685189578512204,59.4796039605874,63.12883231465717,77.75231206674582,59.41146213512612,66.14019309974431,276,55.2911993756116,59.4796039605874,55.2911993756116,59.4796039605874,55.2911993756116,59.4796039605874,55.2911993756116,entity_001,2023-06-17
2023-06-18,57.82374001777654,22.7,0.3,11.5,0,1,23.6,21.0,0.2,0.0,14.9,9.1,0.0,0.0,1.0,1.0,-0.7818314824680299,0.6234898018587334,0.23224292400907015,-0.9726578145718654,55.2911993756116,64.10423709604099,57.74135297082944,58.514248266802646,66.14607788881196,277,57.82374001777654,55.2911993756116,57.82374001777654,55.2911993756116,57.82374001777654,55.2911993756116,57.82374001777654,entity_001,2023-06-18
2023-06-19,55.49333623095504,22.4,0.0,10.6,0,0,22.7,21.3,0.3,0.0,11.5,7.7,0.0,0.0,1.0,0.0,0.0,1.0,0.21547731504673012,-0.976508846196619,57.82374001777654,60.24331039749778,64.58461606625447,57.835680528725106,65.49670075771914,278,55.49333623095504,57.82374001777654,55.49333623095504,57.82374001777654,55.49333623095504,57.82374001777654,55.49333623095504,entity_001,2023-06-19
2023-06-20,59.18416639466427,22.5,0.1,10.7,0,0,22.4,21.4,0.0,2.2,10.6,13.0,0.0,0.0,0.0,0.0,0.7818314824680298,0.6234898018587336,0.19864794288017112,-0.9800709131432666,55.49333623095504,64.60989151251307,89.8723146075837,57.06057694046099,63.30469017108204,279,59.18416639466427,55.49333623095504,59.18416639466427,55.49333623095504,59.18416639466427,55.49333623095504,59.18416639466427,entity_001,2023-06-20
2023-06-21,45.30923498333284,22.4,0.2,10.4,0,0,22.5,21.5,0.1,0.0,10.7,13.6,0.0,0.0,0.0,0.0,0.9749279121818236,-0.22252093395631434,0.18175978759137534,-0.9833429613388902,59.18416639466427,58.00370897347105,81.2619418562514,55.247080656155525,60.736639680159286,280,45.30923498333284,59.18416639466427,45.30923498333284,59.18416639466427,45.30923498333284,59.18416639466427,45.30923498333284,entity_001,2023-06-21
2023-06-22,66.02053808801313,22.6,0.0,14.0,0,0,22.4,22.4,0.2,0.0,10.4,8.6,0.0,0.0,0.0,0.0,0.43388373911755823,-0.900968867902419,0.16481784665719793,-0.9863240225317866,45.30923498333284,54.14828363016101,68.99176780853286,56.94311700727725,60.524408985836445,281,66.02053808801313,45.30923498333284,66.02053808801313,45.30923498333284,66.02053808801313,45.30923498333284,66.02053808801313,entity_001,2023-06-22
2023-06-23,65.1347142030524,23.8,0.0,8.0,0,0,22.6,23.7,0.0,0.0,14.0,10.6,0.0,0.0,0.0,0.0,-0.433883739117558,-0.9009688679024191,0.14782713347053048,-0.9890132145779883,66.02053808801313,59.4796039605874,84.5016428264284,57.75098989905798,59.14105694130959,282,65.1347142030524,66.02053808801313,65.1347142030524,66.02053808801313,65.1347142030524,66.02053808801313,65.1347142030524,entity_001,2023-06-23
2023-06-24,50.09549805909658,24.7,0.0,8.8,0,1,23.8,23.6,0.0,0.2,8.0,14.9,0.0,0.0,0.0,1.0,-0.9749279121818236,-0.2225209339563146,0.13079267585675922,-0.9914097417023038,65.1347142030524,55.2911993756116,63.12883231465717,57.008746853841544,58.210104494483836,283,50.09549805909658,65.1347142030524,50.09549805909658,65.1347142030524,50.09549805909658,65.1347142030524,50.09549805909658,entity_001,2023-06-24
2023-06-25,55.22795155473101,25.7,0.0,8.9,0,1,24.7,22.7,0.0,0.3,8.8,11.5,0.0,0.0,1.0,1.0,-0.7818314824680299,0.6234898018587334,0.11371951458594969,-0.9935128947338007,50.09549805909658,57.82374001777654,64.10423709604099,56.63791993054932,57.576084098675985,284,55.22795155473101,50.09549805909658,55.22795155473101,50.09549805909658,55.22795155473101,50.09549805909658,55.22795155473101,entity_001,2023-06-25
2023-06-26,45.11832625543471,29.5,0.0,11.6,0,0,25.7,22.4,0.0,0.0,8.9,10.6,0.0,0.0,1.0,0.0,0.0,1.0,0.0966127018812031,-0.9953220513156602,55.22795155473101,55.49333623095504,60.24331039749778,55.155775648332124,56.495728088528615,285,45.11832625543471,55.22795155473101,45.11832625543471,55.22795155473101,45.11832625543471,55.22795155473101,45.11832625543471,entity_001,2023-06-26
2023-06-27,46.22895264491044,27.8,0.0,8.8,0,0,29.5,22.5,0.0,0.1,11.6,10.7,0.0,0.0,0.0,0.0,0.7818314824680298,0.6234898018587336,0.07947729992362097,-0.9968366760893436,45.11832625543471,59.18416639466427,64.60989151251307,53.305030826938726,55.182803883699854,286,46.22895264491044,45.11832625543471,46.22895264491044,45.11832625543471,46.22895264491044,45.11832625543471,46.22895264491044,entity_001,2023-06-27
2023-06-28,42.65805958817591,24.4,0.0,8.6,1,0,27.8,22.4,0.0,0.2,8.8,10.4,0.0,0.0,0.0,0.0,0.9749279121818236,-0.22252093395631434,0.062318379354325076,-0.998056320853012,46.22895264491044,45.30923498333284,58.00370897347105,52.92629148477345,54.08668607046449,287,42.65805958817591,46.22895264491044,42.65805958817591,46.22895264491044,42.65805958817591,46.22895264491044,42.65805958817591,entity_001,2023-06-28
2023-06-29,41.50993011189608,24.5,0.0,9.4,1,0,24.4,22.6,0.0,0.0,8.6,14.0,1.0,0.0,0.0,0.0,0.43388373911755823,-0.900968867902419,0.04514101777397193,-0.9989806246941579,42.65805958817591,66.02053808801313,54.14828363016101,49.42477605961387,53.183946533445564,288,41.50993011189608,42.65805958817591,41.50993011189608,42.65805958817591,41.50993011189608,42.65805958817591,41.50993011189608,entity_001,2023-06-29
2023-06-30,40.301356084880055,22.9,0.0,10.1,0,0,24.5,23.8,0.0,0.0,9.4,8.0,1.0,0.0,0.0,0.0,-0.433883739117558,-0.9009688679024191,0.02795029824021032,-0.999609314096404,41.50993011189608,65.1347142030524,59.4796039605874,45.877153471303544,51.81407168518076,289,40.301356084880055,41.50993011189608,40.301356084880055,41.50993011189608,40.301356084880055,41.50993011189608,40.301356084880055,entity_001,2023-06-30
2023-07-01,40.42473569237392,23.1,0.0,7.4,0,1,22.9,24.7,0.0,0.0,10.1,8.8,0.0,0.0,0.0,1.0,-0.9749279121818236,-0.2225209339563146,0.01075130776352193,-0.9999422030204416,40.301356084880055,50.09549805909658,55.2911993756116,44.49561599034316,50.752181422092356,290,40.42473569237392,40.301356084880055,40.42473569237392,40.301356084880055,40.42473569237392,40.301356084880055,40.42473569237392,entity_001,2023-07-01
2023-07-02,40.657305106632805,24.2,0.0,8.0,0,1,23.1,25.7,0.0,0.0,7.4,8.9,0.0,0.0,1.0,1.0,-0.7818314824680299,0.6234898018587334,-0.00645086419810515,-0.9999791929590823,40.42473569237392,55.22795155473101,57.82374001777654,42.414095069186274,49.526007499867795,291,40.657305106632805,40.42473569237392,40.657305106632805,40.42473569237392,40.657305106632805,40.42473569237392,40.657305106632805,entity_001,2023-07-02
2023-07-03,40.64606320407061,24.3,0.0,8.7,0,0,24.2,29.5,0.0,0.0,8.0,11.6,0.0,0.0,1.0,0.0,0.0,1.0,-0.023651127245231586,-0.9997202729664083,40.657305106632805,45.11832625543471,55.49333623095504,41.77520034756283,48.465487997947484,292,40.64606320407061,40.657305106632805,40.64606320407061,40.657305106632805,40.64606320407061,40.657305106632805,40.64606320407061,entity_001,2023-07-03
2023-07-04,42.06308859443362,24.1,0.0,8.9,0,0,24.3,27.8,0.0,0.0,8.7,8.8,0.0,0.0,0.0,0.0,0.7818314824680298,0.6234898018587336,-0.04084439154329611,-0.9991655196610109,40.64606320407061,46.22895264491044,59.18416639466427,41.180076911780425,47.242553869359575,293,42.06308859443362,40.64606320407061,42.06308859443362,40.64606320407061,42.06308859443362,40.64606320407061,42.06308859443362,entity_001,2023-07-04
2023-07-05,44.58948492764752,24.0,0.0,8.6,0,0,24.1,24.4,0.0,0.0,8.9,8.6,0.0,1.0,0.0,0.0,0.9749279121818236,-0.22252093395631434,-0.05802556932878035,-0.9983150972033183,42.06308859443362,42.65805958817591,45.30923498333284,41.45599481741923,47.19114315109635,294,44.58948492764752,42.06308859443362,44.58948492764752,42.06308859443362,44.58948492764752,42.06308859443362,44.58948492764752,entity_001,2023-07-05
2023-07-06,41.41894024458534,23.5,0.0,8.8,0,0,24.0,24.5,0.0,0.0,8.6,9.4,0.0,1.0,0.0,0.0,0.43388373911755823,-0.900968867902419,-0.07518957641475855,-0.9971692572470178,44.58948492764752,41.50993011189608,66.02053808801313,41.44299626494627,45.433886162280075,295,41.41894024458534,44.58948492764752,41.41894024458534,44.58948492764752,41.41894024458534,44.58948492764752,41.41894024458534,entity_001,2023-07-06
2023-07-07,51.81968353078895,23.0,0.1,11.2,0,0,23.5,22.9,0.0,0.0,8.8,10.1,0.0,0.0,0.0,0.0,-0.433883739117558,-0.9009688679024191,-0.09233133369539123,-0.9957283388645872,41.41894024458534,40.301356084880055,65.1347142030524,43.08847161436182,44.48281254283268,296,51.81968353078895,41.41894024458534,51.81968353078895,41.41894024458534,51.81968353078895,41.41894024458534,51.81968353078895,entity_001,2023-07-07
2023-07-08,52.340772651965175,22.8,0.0,12.6,0,1,23.0,23.1,0.1,0.0,11.2,7.4,0.0,0.0,0.0,1.0,-0.9749279121818236,-0.2225209339563146,-0.10944576864891556,-0.993992768446958,51.81968353078895,40.42473569237392,50.09549805909658,44.79076260858915,44.64318929946616,297,52.340772651965175,51.81968353078895,52.340772651965175,51.81968353078895,52.340772651965175,51.81968353078895,52.340772651965175,entity_001,2023-07-08
2023-07-09,51.91899765131069,23.7,0.0,11.2,0,1,22.8,24.2,0.0,0.0,12.6,8.0,0.0,0.0,1.0,1.0,-0.7818314824680299,0.6234898018587334,-0.12652781683868314,-0.9919630595773397,52.340772651965175,40.657305106632805,55.22795155473101,46.399575829257415,44.406835449221845,298,51.91899765131069,52.340772651965175,51.91899765131069,52.340772651965175,51.91899765131069,52.340772651965175,51.91899765131069,entity_001,2023-07-09
2023-07-10,52.32475123680934,24.9,0.0,7.6,0,0,23.7,24.3,0.0,0.0,11.2,8.7,0.0,0.0,1.0,0.0,0.0,1.0,-0.1435724234118113,-0.9896398128792412,51.91899765131069,40.64606320407061,45.11832625543471,48.06795983393438,44.921580090748606,299,52.32475123680934,51.91899765131069,52.32475123680934,51.91899765131069,52.32475123680934,51.91899765131069,52.32475123680934,entity_001,2023-07-10
2023-07-11,57.17514928727116,24.2,0.0,8.4,0,0,24.9,24.1,0.0,0.0,7.6,8.9,0.0,0.0,0.0,0.0,0.7818314824680298,0.6234898018587336,-0.16057454459499376,-0.9870237158387383,52.32475123680934,42.06308859443362,46.22895264491044,50.22682564719689,45.70345127948866,300,57.17514928727116,52.32475123680934,57.17514928727116,52.32475123680934,57.17514928727116,52.32475123680934,57.17514928727116,entity_001,2023-07-11
2023-07-12,49.76397330432136,24.2,0.0,9.3,0,0,24.2,24.0,0.0,0.0,8.4,8.6,0.0,0.0,0.0,0.0,0.9749279121818236,-0.22252093395631434,-0.17752914918703497,-0.984115542601034,57.17514928727116,44.58948492764752,42.65805958817591,50.966038272435995,46.211016544927624,301,49.76397330432136,57.17514928727116,49.76397330432136,57.17514928727116,49.76397330432136,57.17514928727116,49.76397330432136,entity_001,2023-07-12
2023-07-13,55.07486077463105,24.2,0.0,8.0,0,0,24.2,23.5,0.0,0.0,9.3,8.8,0.0,0.0,0.0,0.0,0.43388373911755823,-0.900968867902419,-0.19443122004766195,-0.9809161537413774,49.76397330432136,41.41894024458534,41.50993011189608,52.916884062442534,47.179940163694404,302,55.07486077463105,49.76397330432136,55.07486077463105,49.76397330432136,55.07486077463105,49.76397330432136,55.07486077463105,entity_001,2023-07-13
2023-07-14,55.03074838344284,23.2,0.0,8.9,0,0,24.2,23.0,0.0,0.1,8.0,11.2,0.0,0.0,0.0,0.0,-0.433883739117558,-0.9009688679024191,-0.2112757555821793,-0.9774264960104055,55.07486077463105,51.81968353078895,40.301356084880055,53.37560761282166,48.23203961359174,303,55.03074838344284,55.07486077463105,55.03074838344284,55.07486077463105,55.03074838344284,55.07486077463105,55.03074838344284,entity_001,2023-07-14
2023-07-15,63.46803075856505,23.2,0.3,12.6,0,1,23.2,22.8,0.0,0.0,8.9,12.6,0.0,0.0,0.0,1.0,-0.9749279121818236,-0.2225209339563146,-0.2280577712215198,-0.9736476020539838,55.03074838344284,52.340772651965175,40.42473569237392,54.965215913764496,49.87798926117682,304,63.46803075856505,55.03074838344284,63.46803075856505,55.03074838344284,63.46803075856505,55.03074838344284,63.46803075856505,entity_001,2023-07-15
2023-07-16,57.75079115781806,23.4,0.0,13.0,0,1,23.2,23.7,0.3,0.0,12.6,11.2,0.0,0.0,1.0,1.0,-0.7818314824680299,0.6234898018587334,-0.24477230089725957,-0.9695805901076308,63.46803075856505,51.91899765131069,40.657305106632805,55.798329271836984,51.0989525505472,305,57.75079115781806,63.46803075856505,57.75079115781806,63.46803075856505,57.75079115781806,63.46803075856505,57.75079115781806,entity_001,2023-07-16
2023-07-17,55.4991517161252,23.9,0.0,7.9,0,0,23.4,24.9,0.0,0.0,13.0,7.6,0.0,0.0,1.0,0.0,0.0,1.0,-0.2614143985111562,-0.965226663665613,57.75079115781806,52.32475123680934,40.64606320407061,56.251815054596385,52.15988744426539,306,55.4991517161252,57.75079115781806,55.4991517161252,57.75079115781806,55.4991517161252,57.75079115781806,55.4991517161252,entity_001,2023-07-17
2023-07-18,65.99116819339324,25.3,0.0,8.2,0,0,23.9,24.2,0.0,0.0,7.9,8.4,0.0,0.0,0.0,0.0,0.7818314824680298,0.6234898018587336,-0.2779791393987801,-0.9605871111248129,55.4991517161252,57.17514928727116,42.06308859443362,57.51124632689954,53.869035987048214,307,65.99116819339324,55.4991517161252,65.99116819339324,55.4991517161252,65.99116819339324,55.4991517161252,65.99116819339324,entity_001,2023-07-18
2023-07-19,64.60545058960875,24.8,0.0,9.9,1,0,25.3,24.2,0.0,0.0,8.2,9.3,0.0,0.0,0.0,0.0,0.9749279121818236,-0.22252093395631434,-0.2944616217868012,-0.9556633054034704,65.99116819339324,49.76397330432136,44.58948492764752,59.63145736765489,55.29874782004544,308,64.60545058960875,65.99116819339324,64.60545058960875,65.99116819339324,64.60545058960875,65.99116819339324,64.60545058960875,entity_001,2023-07-19
2023-07-20,62.663554834825554,23.2,0.0,9.9,0,0,24.8,24.2,0.0,0.0,9.9,8.0,1.0,0.0,0.0,0.0,0.43388373911755823,-0.900968867902419,-0.3108569682435036,-0.9504567035349151,64.60545058960875,55.07486077463105,41.41894024458534,60.71555651911124,56.81622029077688,309,62.663554834825554,64.60545058960875,62.663554834825554,64.60545058960875,62.663554834825554,64.60545058960875,62.663554834825554,entity_001,2023-07-20
2023-07-21,59.096321548629625,23.0,0.0,13.4,0,0,23.2,23.2,0.0,0.0,9.9,8.9,0.0,0.0,0.0,0.0,-0.433883739117558,-0.9009688679024191,-0.3271603271220951,-0.9449688462364056,62.663554834825554,55.03074838344284,51.81968353078895,61.2963526855665,57.33598014919408,310,59.096321548629625,62.663554834825554,59.096321548629625,62.663554834825554,59.096321548629625,62.663554834825554,59.096321548629625,entity_001,2023-07-21
2023-07-22,59.951450641943374,22.8,0.0,12.6,0,1,23.0,23.2,0.0,0.3,13.4,12.6,0.0,0.0,0.0,1.0,-0.9749279121818236,-0.2225209339563146,-0.34336687399638804,-0.939201357453208,59.096321548629625,63.46803075856505,52.340772651965175,60.79398409747768,57.8796000056211,311,59.951450641943374,59.096321548629625,59.951450641943374,59.096321548629625,59.951450641943374,59.096321548629625,59.951450641943374,entity_001,2023-07-22
2023-07-23,70.5477789355688,23.0,0.0,9.6,0,1,22.8,23.4,0.0,0.0,12.6,13.0,0.0,0.0,1.0,1.0,-0.7818314824680299,0.6234898018587334,-0.3594718130884232,-0.9331559438780432,59.951450641943374,57.75079115781806,51.91899765131069,62.622125208584926,59.210227240210955,312,70.5477789355688,59.951450641943374,70.5477789355688,59.951450641943374,70.5477789355688,59.951450641943374,70.5477789355688,entity_001,2023-07-23
2023-07-24,54.1727986286071,22.8,0.0,10.9,0,0,23.0,23.9,0.0,0.0,9.6,7.9,0.0,0.0,1.0,0.0,0.0,1.0,-0.3754703786876202,-0.9268343944460494,70.5477789355688,55.4991517161252,52.32475123680934,62.43264619608234,59.34223062533937,313,54.1727986286071,70.5477789355688,54.1727986286071,70.5477789355688,54.1727986286071,70.5477789355688,54.1727986286071,entity_001,2023-07-24
2023-07-25,63.83960302775043,22.3,0.0,10.5,0,0,22.8,25.3,0.0,0.0,10.9,8.2,0.0,0.0,0.0,0.0,0.7818314824680298,0.6234898018587336,-0.3913578365610259,-0.9202385798054075,54.1727986286071,65.99116819339324,57.17514928727116,62.12527974384766,59.8182630353736,314,63.83960302775043,54.1727986286071,63.83960302775043,54.1727986286071,63.83960302775043,54.1727986286071,63.83960302775043,entity_001,2023-07-25
2023-07-26,88.19357900371834,21.4,0.0,9.0,0,0,22.3,24.8,0.0,0.0,10.5,9.9,0.0,1.0,0.0,0.0,0.9749279121818236,-0.22252093395631434,-0.4071294853542516,-0.9133704517637858,63.83960302775043,64.60545058960875,49.76397330432136,65.49501237443475,62.56323487104481,315,88.19357900371834,63.83960302775043,88.19357900371834,63.83960302775043,88.19357900371834,63.83960302775043,88.19357900371834,entity_001,2023-07-26
2023-07-27,78.00581291615465,21.9,0.0,10.0,0,0,21.4,23.2,0.0,0.0,9.0,9.9,0.0,0.0,0.0,0.0,0.43388373911755823,-0.900968867902419,-0.4227806579826773,-0.9062320427107697,88.19357900371834,62.663554834825554,55.07486077463105,67.68676352891033,64.20116002401079,316,78.00581291615465,88.19357900371834,78.00581291615465,88.19357900371834,78.00581291615465,88.19357900371834,78.00581291615465,entity_001,2023-07-27
2023-07-28,65.01575420086758,22.1,0.0,10.1,0,0,21.9,23.0,0.0,0.0,10.0,13.4,0.0,0.0,0.0,0.0,-0.433883739117558,-0.9009688679024191,-0.4383067230125192,-0.898825465016444,78.00581291615465,59.096321548629625,55.03074838344284,68.53239676494432,64.9143747252554,317,65.01575420086758,78.00581291615465,65.01575420086758,78.00581291615465,65.01575420086758,78.00581291615465,65.01575420086758,entity_001,2023-07-28
2023-07-29,68.6792870909671,22.9,0.0,7.8,0,1,22.1,22.8,0.0,0.0,10.1,12.6,0.0,0.0,0.0,1.0,-0.9749279121818236,-0.2225209339563146,-0.45370308603134424,-0.8911529104063088,65.01575420086758,59.951450641943374,63.46803075856505,69.77923054337629,65.28660732042698,318,68.6792870909671,65.01575420086758,68.6792870909671,65.01575420086758,68.6792870909671,65.01575420086758,68.6792870909671,entity_001,2023-07-29
2023-07-30,65.17472059065534,23.4,0.0,8.0,1,1,22.9,23.0,0.0,0.0,7.8,9.6,0.0,0.0,1.0,1.0,-0.7818314824680299,0.6234898018587334,-0.46896519100763184,-0.8832166493127127,68.6792870909671,70.5477789355688,57.75079115781806,69.01165077981722,65.81688799420108,319,65.17472059065534,68.6792870909671,65.17472059065534,68.6792870909671,65.17472059065534,68.6792870909671,65.17472059065534,entity_001,2023-07-30
2023-07-31,53.98379081503877,23.0,0.0,8.7,0,0,23.4,22.8,0.0,0.0,8.0,10.9,1.0,0.0,1.0,0.0,0.0,1.0,-0.48408852163897587,-0.8750190302029955,65.17472059065534,54.1727986286071,55.4991517161252,68.98464966359317,65.70864792983775,320,53.98379081503877,65.17472059065534,53.98379081503877,65.17472059065534,53.98379081503877,65.17472059065534,53.98379081503877,entity_001,2023-07-31
2023-08-01,80.06384898418509,22.3,0.0,9.3,0,0,23.0,22.3,0.0,0.0,8.7,10.5,0.0,0.0,0.0,0.0,0.7818314824680298,0.6234898018587336,-0.4990686026885319,-0.8665624788845385,53.98379081503877,63.83960302775043,65.99116819339324,71.30239908594099,66.71383941489432,321,80.06384898418509,53.98379081503877,80.06384898418509,53.98379081503877,80.06384898418509,53.98379081503877,80.06384898418509,entity_001,2023-08-01
2023-08-02,65.73327799765565,22.5,0.0,9.6,0,0,22.3,21.4,0.0,0.0,9.3,9.0,0.0,0.0,0.0,0.0,0.9749279121818236,-0.22252093395631434,-0.5139010013093103,-0.8578494977869301,80.06384898418509,88.19357900371834,64.60545058960875,68.09378465650344,66.7943985154691,322,65.73327799765565,80.06384898418509,65.73327799765565,80.06384898418509,65.73327799765565,80.06384898418509,65.73327799765565,entity_001,2023-08-02
2023-08-03,63.27428184743011,22.5,0.3,9.9,0,0,22.5,21.9,0.0,0.0,9.6,10.0,0.0,0.0,0.0,0.0,0.43388373911755823,-0.900968867902419,-0.5285813283559292,-0.8488826652214553,65.73327799765565,78.00581291615465,62.663554834825554,65.98928021811423,66.83802187351229,323,63.27428184743011,65.73327799765565,63.27428184743011,65.73327799765565,63.27428184743011,65.73327799765565,63.27428184743011,entity_001,2023-08-03
2023-08-04,65.06847738125013,22.8,0.0,9.0,0,0,22.5,22.1,0.3,0.0,9.9,10.1,0.0,0.0,0.0,0.0,-0.433883739117558,-0.9009688679024191,-0.5431052396834317,-0.8396646346181327,63.27428184743011,65.01575420086758,59.096321548629625,65.99681210102602,67.26460443298518,324,65.06847738125013,63.27428184743011,65.06847738125013,63.27428184743011,65.06847738125013,63.27428184743011,65.06847738125013,entity_001,2023-08-04
2023-08-05,74.9229153955858,24.3,0.0,7.8,0,1,22.8,22.9,0.0,0.0,9.0,7.8,0.0,0.0,0.0,1.0,-0.9749279121818236,-0.2225209339563146,-0.5574684374327892,-0.8301981337405212,65.06847738125013,68.6792870909671,59.951450641943374,66.88875900168584,68.33399477253106,325,74.9229153955858,65.06847738125013,74.9229153955858,65.06847738125013,74.9229153955858,65.06847738125013,74.9229153955858,entity_001,2023-08-05
2023-08-06,63.21635956696952,25.2,0.0,12.8,0,1,24.3,23.4,0.0,0.0,7.8,8.0,0.0,1.0,1.0,1.0,-0.7818314824680299,0.6234898018587334,-0.5716666713027052,-0.8204859638785327,74.9229153955858,65.17472059065534,70.5477789355688,66.60899314115929,67.81032196048825,326,63.21635956696952,74.9229153955858,63.21635956696952,74.9229153955858,63.21635956696952,74.9229153955858,63.21635956696952,entity_001,2023-08-06
2023-08-07,62.97643312639829,23.7,0.0,8.8,0,0,25.2,23.0,0.0,0.0,12.8,8.7,0.0,0.0,1.0,0.0,0.0,1.0,-0.5856957398073508,-0.8105309990194823,63.21635956696952,53.98379081503877,54.1727986286071,67.89365632849638,68.43915299604477,327,62.97643312639829,63.21635956696952,62.97643312639829,63.21635956696952,62.97643312639829,63.21635956696952,62.97643312639829,entity_001,2023-08-07
2023-08-08,83.21696883972956,23.8,0.0,7.9,0,0,23.7,22.3,0.0,0.0,8.8,9.3,0.0,0.0,0.0,0.0,0.7818314824680298,0.6234898018587336,-0.5995514915196489,-0.8003361849976323,62.97643312639829,80.06384898418509,63.83960302775043,68.34410202214558,69.82325055404328,328,83.21696883972956,62.97643312639829,83.21696883972956,62.97643312639829,83.21696883972956,62.97643312639829,83.21696883972956,entity_001,2023-08-08
2023-08-09,67.37932406696095,24.2,0.0,11.1,0,0,23.8,22.5,0.0,0.0,7.9,9.6,0.0,0.0,0.0,0.0,0.9749279121818236,-0.22252093395631434,-0.6132298262997502,-0.7899045386224707,83.21696883972956,65.73327799765565,88.19357900371834,68.57925146061777,68.33651805856061,329,67.37932406696095,83.21696883972956,67.37932406696095,83.21696883972956,67.37932406696095,83.21696883972956,67.37932406696095,entity_001,2023-08-09
2023-08-10,85.58534437822763,25.0,0.0,11.2,0,0,24.2,22.5,0.0,0.3,11.1,9.9,0.0,0.0,0.0,0.0,0.43388373911755823,-0.900968867902419,-0.6267266965083301,-0.7792391467859886,67.37932406696095,63.27428184743011,78.00581291615465,71.76654610787456,68.8779131629944,330,85.58534437822763,67.37932406696095,85.58534437822763,67.37932406696095,85.58534437822763,67.37932406696095,85.58534437822763,entity_001,2023-08-10
2023-08-11,65.86080998633292,26.9,0.0,11.7,0,0,25.0,22.8,0.0,0.0,11.2,9.0,0.0,0.0,0.0,0.0,-0.433883739117558,-0.9009688679024191,-0.6400381082043503,-0.7683431655492202,85.58534437822763,65.06847738125013,65.01575420086758,71.87973648002924,68.93827429052763,331,65.86080998633292,85.58534437822763,65.86080998633292,85.58534437822763,65.86080998633292,85.58534437822763,65.86080998633292,entity_001,2023-08-11
2023-08-12,62.61848379592857,26.0,0.0,11.2,0,1,26.9,24.3,0.0,0.0,11.7,7.8,0.0,0.0,0.0,1.0,-0.9749279121818236,-0.2225209339563146,-0.65316012232693,-0.7572198192083127,65.86080998633292,74.9229153955858,68.6792870909671,70.12196053722107,68.50535976945345,332,62.61848379592857,65.86080998633292,62.61848379592857,65.86080998633292,62.61848379592857,65.86080998633292,62.61848379592857,entity_001,2023-08-12
2023-08-13,90.42976229937682,24.7,0.0,10.3,0,1,26.0,25.2,0.0,0.0,11.2,12.8,0.0,0.0,1.0,1.0,-0.7818314824680299,0.6234898018587334,-0.666088855860977,-0.7458723993404063,62.61848379592857,63.21635956696952,65.17472059065534,74.00958949899355,70.30929132007641,333,90.42976229937682,62.61848379592857,90.42976229937682,62.61848379592857,90.42976229937682,62.61848379592857,90.42976229937682,entity_001,2023-08-13
2023-08-14,67.78868969595987,23.8,0.0,9.8,1,0,24.7,23.7,0.0,0.0,10.3,8.8,0.0,0.0,1.0,0.0,0.0,1.0,-0.6788204829862357,-0.734304263829602,90.42976229937682,62.97643312639829,53.98379081503877,74.69705472321662,71.2953555258565,334,67.78868969595987,90.42976229937682,67.78868969595987,90.42976229937682,67.78868969595987,90.42976229937682,67.78868969595987,entity_001,2023-08-14
2023-08-15,80.95103222320427,23.3,0.0,8.2,0,0,23.8,23.8,0.0,0.0,9.8,7.9,1.0,0.0,0.0,0.0,0.7818314824680298,0.6234898018587336,-0.6913512362094071,-0.722518835873311,67.78868969595987,83.21696883972956,80.06384898418509,74.37334949228443,71.35872575721501,335,80.95103222320427,67.78868969595987,80.95103222320427,67.78868969595987,80.95103222320427,67.78868969595987,80.95103222320427,entity_001,2023-08-15
2023-08-16,89.16215325409195,22.9,0.0,7.9,0,0,23.3,24.2,0.0,0.0,8.2,11.1,0.0,0.0,0.0,0.0,0.9749279121818236,-0.22252093395631434,-0.7036774074790128,-0.7105196029692745,80.95103222320427,67.37932406696095,65.73327799765565,77.48518223330315,73.03221684696045,336,89.16215325409195,80.95103222320427,89.16215325409195,80.95103222320427,89.16215325409195,80.95103222320427,89.16215325409195,entity_001,2023-08-16
2023-08-17,86.26725115030098,23.0,0.0,8.2,0,0,22.9,25.0,0.0,0.0,7.9,11.2,0.0,0.0,0.0,0.0,0.43388373911755823,-0.900968867902419,-0.7157953492826642,-0.6983101158835584,89.16215325409195,85.58534437822763,63.27428184743011,77.58259748645648,74.67457179716553,337,86.26725115030098,89.16215325409195,86.26725115030098,89.16215325409195,86.26725115030098,89.16215325409195,86.26725115030098,entity_001,2023-08-17
2023-08-18,55.72504380978926,23.3,0.0,9.8,0,0,23.0,26.9,0.0,0.0,8.2,11.7,0.0,0.0,0.0,0.0,-0.433883739117558,-0.9009688679024191,-0.7277014757264236,-0.6858939875998223,86.26725115030098,65.86080998633292,65.06847738125013,76.13463088980738,74.00718368491832,338,55.72504380978926,86.26725115030098,55.72504380978926,86.26725115030098,55.72504380978926,86.26725115030098,55.72504380978926,entity_001,2023-08-18
2023-08-19,73.78596217074139,24.1,0.0,11.9,0,1,23.3,26.0,0.0,0.0,9.8,11.2,0.0,0.0,0.0,1.0,-0.9749279121818236,-0.2225209339563146,-0.7393922635959241,-0.673274892250183,55.72504380978926,62.61848379592857,74.9229153955858,77.72998494335206,73.92597274028658,339,73.78596217074139,55.72504380978926,73.78596217074139,55.72504380978926,73.78596217074139,55.72504380978926,73.78596217074139,entity_001,2023-08-19
2023-08-20,60.62680086436743,25.8,0.0,10.2,1,1,24.1,24.7,0.0,0.0,11.9,10.3,0.0,0.0,1.0,1.0,-0.7818314824680299,0.6234898018587334,-0.7508642533989489,-0.6604565640279754,73.78596217074139,90.42976229937682,63.21635956696952,73.47241902406503,73.74100426152928,340,60.62680086436743,73.78596217074139,60.62680086436743,73.78596217074139,60.62680086436743,73.78596217074139,60.62680086436743,entity_001,2023-08-20
2023-08-21,63.21479449692816,26.9,0.0,8.8,1,0,25.8,23.8,0.0,0.0,10.2,9.8,1.0,1.0,1.0,0.0,0.0,1.0,-0.7621140503891487,-0.6474427960827475,60.62680086436743,67.78868969595987,62.97643312639829,72.81900542420335,73.75803007370999,341,63.21479449692816,60.62680086436743,63.21479449692816,60.62680086436743,63.21479449692816,60.62680086436743,63.21479449692816,entity_001,2023-08-21
2023-08-22,76.82059882823403,27.5,0.0,8.6,0,0,26.9,23.3,0.0,0.0,8.8,8.2,1.0,0.0,0.0,0.0,0.7818314824680298,0.6234898018587336,-0.7731383255706027,-0.6342374393978054,63.21479449692816,80.95103222320427,83.21696883972956,72.22894351063617,73.3011465014603,342,76.82059882823403,63.21479449692816,76.82059882823403,63.21479449692816,76.82059882823403,63.21479449692816,76.82059882823403,entity_001,2023-08-22
2023-08-23,74.2796108542111,27.3,0.0,7.8,0,0,27.5,22.9,0.0,0.0,8.6,7.9,0.0,0.0,0.0,0.0,0.9749279121818236,-0.22252093395631434,-0.7839338166829201,-0.620844401650647,76.82059882823403,89.16215325409195,67.37932406696095,70.1028660249389,73.79402412912103,343,74.2796108542111,76.82059882823403,74.2796108542111,76.82059882823403,74.2796108542111,76.82059882823403,74.2796108542111,entity_001,2023-08-23
2023-08-24,72.10966958090486,26.8,0.0,6.8,0,0,27.3,23.0,0.0,0.0,7.8,8.2,0.0,0.0,0.0,0.0,0.43388373911755823,-0.900968867902419,-0.7944973291665992,-0.6072676460566135,74.2796108542111,86.26725115030098,85.58534437822763,68.08035437216803,72.83147592931226,344,72.10966958090486,74.2796108542111,72.10966958090486,74.2796108542111,72.10966958090486,74.2796108542111,72.10966958090486,entity_001,2023-08-24
2023-08-25,89.4921282846746,27.6,0.0,8.1,0,0,26.8,23.3,0.0,0.0,6.8,9.8,0.0,0.0,0.0,0.0,-0.433883739117558,-0.9009688679024191,-0.8048257371083452,-0.593511190196115,72.10966958090486,55.72504380978926,65.86080998633292,72.90422358286594,74.51942723633667,345,89.4921282846746,72.10966958090486,89.4921282846746,72.10966958090486,89.4921282846746,72.10966958090486,89.4921282846746,entity_001,2023-08-25
2023-08-26,94.16283782378436,25.2,0.0,11.9,0,1,27.6,24.1,0.0,0.0,8.1,11.9,0.0,0.0,0.0,1.0,-0.9749279121818236,-0.2225209339563146,-0.8149159841660791,-0.5795791048257612,89.4921282846746,73.78596217074139,62.61848379592857,75.81520581901493,76.77259538118349,346,94.16283782378436,89.4921282846746,94.16283782378436,89.4921282846746,94.16283782378436,89.4921282846746,94.16283782378436,entity_001,2023-08-26
2023-08-27,77.78615064772366,23.2,0.0,16.1,0,1,25.2,25.8,0.0,0.0,11.9,10.2,0.0,1.0,1.0,1.0,-0.7818314824680299,0.6234898018587334,-0.8247650844733614,-0.5654755126737576,94.16283782378436,60.62680086436743,90.42976229937682,78.26654150235153,75.86948026320829,347,77.78615064772366,94.16283782378436,77.78615064772366,94.16283782378436,77.78615064772366,94.16283782378436,77.78615064772366,entity_001,2023-08-27
2023-08-28,66.83348106308176,22.4,0.0,11.7,0,0,23.2,26.9,0.0,0.0,16.1,8.8,0.0,1.0,1.0,0.0,0.0,1.0,-0.8343701235229537,-0.5512045872199277,77.78615064772366,63.21479449692816,67.78868969595987,78.78349672608776,75.80125107514557,348,66.83348106308176,77.78615064772366,66.83348106308176,77.78615064772366,66.83348106308176,77.78615064772366,66.83348106308176,entity_001,2023-08-28
2023-08-29,94.08715936263536,22.9,0.0,9.0,0,0,22.4,27.5,0.0,0.0,11.7,8.6,0.0,0.0,0.0,0.0,0.7818314824680298,0.6234898018587336,-0.8437282590292712,-0.5367705514607103,66.83348106308176,76.82059882823403,80.95103222320427,81.25014823100226,76.73954587081921,349,94.08715936263536,66.83348106308176,94.08715936263536,66.83348106308176,94.08715936263536,66.83348106308176,94.08715936263536,entity_001,2023-08-29
2023-08-30,89.5202705406522,23.0,0.0,9.8,0,0,22.9,27.3,0.0,0.0,9.0,7.8,0.0,0.0,0.0,0.0,0.9749279121818236,-0.22252093395631434,-0.8528367217694595,-0.522177676659508,94.08715936263536,74.2796108542111,89.16215325409195,83.42738532906526,76.76512567700209,350,89.5202705406522,94.08715936263536,89.5202705406522,94.08715936263536,89.5202705406522,94.08715936263536,89.5202705406522,entity_001,2023-08-30
2023-08-31,104.2732291525522,22.4,0.0,7.0,0,0,23.0,26.8,0.0,0.0,9.8,6.8,0.0,0.0,0.0,0.0,0.43388373911755823,-0.900968867902419,-0.8616928164028521,-0.5074302810827518,89.5202705406522,72.10966958090486,86.26725115030098,88.0221795535863,78.05126696287718,351,104.2732291525522,89.5202705406522,104.2732291525522,89.5202705406522,104.2732291525522,89.5202705406522,104.2732291525522,entity_001,2023-08-31
2023-09-01,85.57681415679826,22.4,0.0,11.7,0,0,22.4,27.6,0.0,0.0,7.0,8.1,0.0,0.0,0.0,0.0,-0.433883739117558,-0.9009688679024191,-0.8702939222685674,-0.49253272872205434,104.2732291525522,89.4921282846746,55.72504380978926,87.46284896388968,80.18353627337783,352,85.57681415679826,104.2732291525522,85.57681415679826,104.2732291525522,85.57681415679826,104.2732291525522,85.57681415679826,entity_001,2023-09-01
2023-09-02,103.12805966209314,22.0,1.6,10.7,0,1,22.4,25.2,0.0,0.0,11.7,11.9,0.0,0.0,0.0,1.0,-0.9749279121818236,-0.2225209339563146,-0.8786374941610001,-0.4774894280028391,85.57681415679826,94.16283782378436,73.78596217074139,88.74359494079094,82.27940037990295,353,103.12805966209314,85.57681415679826,103.12805966209314,85.57681415679826,103.12805966209314,85.57681415679826,103.12805966209314,entity_001,2023-09-02
2023-09-03,92.88731474675863,20.1,9.1,11.1,0,1,22.0,23.2,1.6,0.0,10.7,16.1,0.0,0.0,1.0,1.0,-0.7818314824680299,0.6234898018587334,-0.886721063082993,-0.46230483047981086,103.12805966209314,77.78615064772366,60.62680086436743,90.90090409779593,84.58372280007374,354,92.88731474675863,103.12805966209314,92.88731474675863,103.12805966209314,92.88731474675863,103.12805966209314,92.88731474675863,entity_001,2023-09-03
2023-09-04,78.89469151009759,21.7,0.1,12.3,0,0,20.1,22.4,9.1,0.0,11.1,11.7,0.0,0.0,1.0,0.0,0.0,1.0,-0.8945422369764496,-0.4469834295196742,92.88731474675863,66.83348106308176,63.21479449692816,92.62393416165534,85.70371544387157,355,78.89469151009759,92.88731474675863,78.89469151009759,92.88731474675863,78.89469151009759,92.88731474675863,78.89469151009759,entity_001,2023-09-04
2023-09-05,105.96915220578182,21.7,0.0,7.8,0,0,21.7,22.9,0.1,0.0,12.3,9.0,0.0,0.0,0.0,0.0,0.7818314824680298,0.6234898018587336,-0.9020987014301837,-0.4315297589714715,78.89469151009759,94.08715936263536,76.82059882823403,94.32136171067626,87.78575497083925,356,105.96915220578182,78.89469151009759,105.96915220578182,78.89469151009759,105.96915220578182,78.89469151009759,105.96915220578182,entity_001,2023-09-05
2023-09-06,107.35678058291636,22.0,0.0,9.6,0,0,21.7,23.0,0.0,0.0,7.8,9.8,0.0,0.0,0.0,0.0,0.9749279121818236,-0.22252093395631434,-0.9093882203647925,-0.4159483918249421,105.96915220578182,89.5202705406522,74.2796108542111,96.86943457385686,90.14840995146106,357,107.35678058291636,105.96915220578182,107.35678058291636,105.96915220578182,107.35678058291636,105.96915220578182,107.35678058291636,entity_001,2023-09-06
2023-09-07,99.58222610946136,22.6,0.0,7.5,0,0,22.0,22.4,0.0,0.0,9.6,7.0,0.0,0.0,0.0,0.0,0.43388373911755823,-0.900968867902419,-0.9164086366943458,-0.4002439388573056,107.35678058291636,104.2732291525522,72.10966958090486,96.19929128198673,92.11073541778651,358,99.58222610946136,107.35678058291636,99.58222610946136,107.35678058291636,99.58222610946136,107.35678058291636,99.58222610946136,entity_001,2023-09-07
2023-09-08,106.57915734110878,22.3,0.0,7.1,0,0,22.6,22.4,0.0,0.0,7.5,11.7,0.0,0.0,0.0,0.0,-0.433883739117558,-0.9009688679024191,-0.9231578729647039,-0.38442104726885545,99.58222610946136,85.57681415679826,89.4921282846746,99.19962602260253,93.3312374932461,359,106.57915734110878,99.58222610946136,106.57915734110878,99.58222610946136,106.57915734110878,99.58222610946136,106.57915734110878,entity_001,2023-09-08
2023-09-09,66.39330978880918,22.8,0.1,8.2,0,1,22.3,22.0,0.0,1.6,7.1,10.7,0.0,0.0,0.0,1.0,-0.9749279121818236,-0.2225209339563146,-0.9296339319682695,-0.3684843993077793,106.57915734110878,103.12805966209314,94.16283782378436,93.95180461213339,91.34769977646216,360,66.39330978880918,106.57915734110878,66.39330978880918,106.57915734110878,66.39330978880918,106.57915734110878,66.39330978880918,entity_001,2023-09-09
2023-09-10,65.52103161378471,22.2,0.0,7.7,0,1,22.8,20.1,0.1,9.1,8.2,11.1,0.0,0.0,1.0,1.0,-0.7818314824680299,0.6234898018587334,-0.9358348973349941,-0.35243871088460327,66.39330978880918,92.88731474675863,77.78615064772366,90.04233559313711,90.47161984546653,361,65.52103161378471,66.39330978880918,65.52103161378471,66.39330978880918,65.52103161378471,66.39330978880918,65.52103161378471,entity_001,2023-09-10
2023-09-11,62.84547736545946,22.4,0.1,7.4,0,0,22.2,21.7,0.0,0.1,7.7,12.3,0.0,0.0,1.0,0.0,0.0,1.0,-0.9417589340994617,-0.33628873017668287,65.52103161378471,78.89469151009759,66.83348106308176,87.74959071533168,90.18676243849349,362,62.84547736545946,65.52103161378471,62.84547736545946,65.52103161378471,62.84547736545946,65.52103161378471,62.84547736545946,entity_001,2023-09-11
2023-09-12,97.20008787315334,22.7,0.6,10.1,0,0,22.4,21.7,0.1,0.0,7.4,7.8,0.0,0.0,0.0,0.0,0.7818314824680298,0.6234898018587336,-0.9474042892438845,-0.32003923622313857,62.84547736545946,105.96915220578182,94.08715936263536,86.49686723924188,90.40911447495908,363,97.20008787315334,62.84547736545946,97.20008787315334,62.84547736545946,97.20008787315334,62.84547736545946,97.20008787315334,entity_001,2023-09-12
2023-09-13,81.63912488831264,22.6,0.0,9.1,0,0,22.7,22.0,0.6,0.0,10.1,9.6,0.0,0.0,0.0,0.0,0.9749279121818236,-0.22252093395631434,-0.9527692922168511,-0.30369503751065885,97.20008787315334,107.35678058291636,89.5202705406522,82.82291642572706,89.84617549979195,364,81.63912488831264,97.20008787315334,81.63912488831264,97.20008787315334,81.63912488831264,97.20008787315334,81.63912488831264,entity_001,2023-09-13
2023-09-14,73.37184198753657,22.5,0.0,7.4,0,0,22.6,22.6,0.0,0.0,9.1,7.5,0.0,0.0,0.0,0.0,0.43388373911755823,-0.900968867902419,-0.9578523554276669,-0.28726097055059635,81.63912488831264,99.58222610946136,104.2732291525522,79.07857583688067,87.6389335594337,365,73.37184198753657,81.63912488831264,73.37184198753657,81.63912488831264,73.37184198753657,81.63912488831264,73.37184198753657,entity_001,2023-09-14
2023-09-15,80.0273560193348,22.7,0.4,10.4,0,0,22.5,22.3,0.0,0.0,7.4,7.1,0.0,0.0,0.0,0.0,-0.433883739117558,-0.9009688679024191,-0.9626519747161487,-0.2707418984477642,73.37184198753657,106.57915734110878,85.57681415679826,75.28546136234152,87.24254369247203,366,80.0273560193348,73.37184198753657,80.0273560193348,73.37184198753657,80.0273560193348,73.37184198753657,80.0273560193348,entity_001,2023-09-15
2023-09-16,84.56958585838655,22.1,0.0,9.3,0,1,22.7,22.8,0.4,0.1,10.4,8.2,0.0,0.0,0.0,1.0,-0.9749279121818236,-0.2225209339563146,-0.9671667297977312,-0.2541427094613622,80.0273560193348,66.39330978880918,103.12805966209314,77.88207222942401,85.91693842077869,367,84.56958585838655,80.0273560193348,84.56958585838655,80.0273560193348,84.56958585838655,80.0273560193348,84.56958585838655,entity_001,2023-09-16
2023-09-17,75.34892275254062,21.3,1.2,9.3,0,1,22.1,22.2,0.0,0.0,9.3,7.7,0.0,0.0,1.0,1.0,-0.7818314824680299,0.6234898018587334,-0.97139528468375,-0.23746831555846842,84.56958585838655,65.52103161378471,92.88731474675863,79.2860566778177,84.6641961354774,368,75.34892275254062,84.56958585838655,75.34892275254062,84.56958585838655,75.34892275254062,84.56958585838655,75.34892275254062,entity_001,2023-09-17
2023-09-18,61.89194534559288,21.8,0.3,8.8,0,0,21.3,22.4,1.2,0.1,9.3,7.4,0.0,0.0,1.0,0.0,0.0,1.0,-0.9753363880767837,-0.2207236509605022,75.34892275254062,62.84547736545946,78.89469151009759,79.14983781783677,83.44971426658421,369,61.89194534559288,75.34892275254062,61.89194534559288,75.34892275254062,61.89194534559288,75.34892275254062,61.89194534559288,entity_001,2023-09-18
2023-09-19,93.12448307098568,21.1,0.2,9.8,0,0,21.8,22.7,0.3,0.6,8.8,10.1,0.0,0.0,0.0,0.0,0.7818314824680298,0.6234898018587336,-0.9789888737409319,-0.20391367068311472,61.89194534559288,97.20008787315334,105.96915220578182,78.56760856038424,82.53223789981305,370,93.12448307098568,61.89194534559288,93.12448307098568,61.89194534559288,93.12448307098568,61.89194534559288,93.12448307098568,entity_001,2023-09-19
2023-09-20,72.13943149047542,20.4,0.0,8.6,0,0,21.1,22.6,0.2,0.0,9.8,9.1,0.0,0.0,0.0,0.0,0.9749279121818236,-0.22252093395631434,-0.9823516608469237,-0.18704334906991657,93.12448307098568,81.63912488831264,107.35678058291636,77.21050950355037,80.01671296463871,371,72.13943149047542,93.12448307098568,72.13943149047542,93.12448307098568,72.13943149047542,93.12448307098568,72.13943149047542,entity_001,2023-09-20
2023-09-21,69.63876797051404,20.6,0.0,7.7,0,0,20.4,22.5,0.0,0.0,8.6,7.4,0.0,0.0,0.0,0.0,0.43388373911755823,-0.900968867902419,-0.9854237542919524,-0.17011767832049052,72.13943149047542,73.37184198753657,99.58222610946136,76.6772132154043,77.87789452614247,372,69.63876797051404,72.13943149047542,69.63876797051404,72.13943149047542,69.63876797051404,72.13943149047542,69.63876797051404,entity_001,2023-09-21
2023-09-22,68.87222713555927,20.1,0.2,11.7,0,0,20.6,22.7,0.0,0.4,7.7,10.4,0.0,0.0,0.0,0.0,-0.433883739117558,-0.9009688679024191,-0.9882042449941422,-0.15314166701312007,69.63876797051404,80.0273560193348,106.57915734110878,75.08362337486493,75.18454236860323,373,68.87222713555927,69.63876797051404,68.87222713555927,69.63876797051404,68.87222713555927,69.63876797051404,68.87222713555927,entity_001,2023-09-22
2023-09-23,70.72667590338503,20.5,0.0,11.5,0,1,20.1,22.1,0.2,0.0,11.7,9.3,0.0,0.0,0.0,1.0,-0.9749279121818236,-0.2225209339563146,-0.9906923101615609,-0.13612033862266704,68.87222713555927,84.56958585838655,66.39330978880918,73.1060648098647,75.49406851964436,374,70.72667590338503,68.87222713555927,70.72667590338503,68.87222713555927,70.72667590338503,68.87222713555927,70.72667590338503,entity_001,2023-09-23
2023-09-24,71.65513608054783,21.1,0.0,8.2,0,1,20.5,21.3,0.0,1.2,11.5,9.3,0.0,0.0,1.0,1.0,-0.7818314824680299,0.6234898018587334,-0.9928872135356962,-0.11905873003404988,70.72667590338503,75.34892275254062,65.52103161378471,72.57838099958003,75.93221883869887,375,71.65513608054783,70.72667590338503,71.65513608054783,70.72667590338503,71.65513608054783,70.72667590338503,71.65513608054783,entity_001,2023-09-24
2023-09-25,57.951170263875305,21.7,0.0,7.4,0,0,21.1,21.8,0.0,0.3,8.2,8.8,0.0,0.0,1.0,0.0,0.0,1.0,-0.994788305609327,-0.10196189005174576,71.65513608054783,61.89194534559288,62.84547736545946,72.01541313076322,75.5826254743,376,57.951170263875305,71.65513608054783,57.951170263875305,71.65513608054783,57.951170263875305,71.65513608054783,57.951170263875305,entity_001,2023-09-25
2023-09-26,63.38285213726093,22.3,0.0,8.5,0,0,21.7,21.1,0.0,0.2,7.4,9.8,0.0,0.0,0.0,0.0,0.7818314824680298,0.6234898018587336,-0.9963950238187231,-0.08483487790576538,57.951170263875305,93.12448307098568,97.20008787315334,67.76660871165969,73.16710863602198,377,63.38285213726093,57.951170263875305,63.38285213726093,57.951170263875305,63.38285213726093,57.951170263875305,63.38285213726093,entity_001,2023-09-26
2023-09-27,65.04088813037589,22.2,0.0,6.5,1,0,22.3,20.4,0.0,0.0,8.5,8.6,0.0,0.0,0.0,0.0,0.9749279121818236,-0.22252093395631434,-0.9977068927101168,-0.06768276175455162,63.38285213726093,72.13943149047542,81.63912488831264,66.75253108878833,71.98152029616935,378,65.04088813037589,63.38285213726093,65.04088813037589,63.38285213726093,65.04088813037589,63.38285213726093,65.04088813037589,entity_001,2023-09-27
2023-09-28,59.87034469461631,22.2,0.0,5.8,1,0,22.2,20.6,0.0,0.0,6.5,7.7,1.0,0.0,0.0,0.0,0.43388373911755823,-0.900968867902419,-0.9987235240803972,-0.050510617185222886,65.04088813037589,69.63876797051404,73.37184198753657,65.35704204937437,71.01712763238932,379,59.87034469461631,65.04088813037589,59.87034469461631,65.04088813037589,59.87034469461631,65.04088813037589,59.87034469461631,entity_001,2023-09-28
2023-09-29,47.27610014773841,22.8,0.0,6.4,0,0,22.2,20.1,0.0,0.2,5.8,11.7,1.0,0.0,0.0,0.0,-0.433883739117558,-0.9009688679024191,-0.9994446170919858,-0.033323525711631344,59.87034469461631,68.87222713555927,80.0273560193348,62.27188105111424,68.67775221298959,380,47.27610014773841,59.87034469461631,47.27610014773841,59.87034469461631,47.27610014773841,59.87034469461631,47.27610014773841,entity_001,2023-09-29
2023-09-30,55.03248630174498,22.8,0.0,6.6,0,1,22.8,20.5,0.0,0.0,6.4,11.5,0.0,0.0,0.0,1.0,-0.9749279121818236,-0.2225209339563146,-0.9998699583618592,-0.016126573270657762,47.27610014773841,70.72667590338503,84.56958585838655,60.029853965165664,66.56795938751519,381,55.03248630174498,47.27610014773841,55.03248630174498,47.27610014773841,55.03248630174498,47.27610014773841,55.03248630174498,entity_001,2023-09-30
2023-10-01,73.77570210179341,22.2,0.0,6.0,0,1,22.8,21.1,0.0,0.0,6.6,8.2,0.0,0.0,1.0,1.0,-0.7818314824680299,0.6234898018587334,-0.9999994220246925,0.001075151282798226,55.03248630174498,71.65513608054783,75.34892275254062,60.332791968200745,66.45558648389039,382,73.77570210179341,55.03248630174498,73.77570210179341,55.03248630174498,73.77570210179341,55.03248630174498,73.77570210179341,entity_001,2023-10-01
2023-10-02,82.61092487583548,21.4,0.0,5.3,0,0,22.2,21.7,0.0,0.0,6.0,7.4,0.0,0.0,1.0,0.0,0.0,1.0,-0.999832969770105,0.018276557681691223,73.77570210179341,57.951170263875305,61.89194534559288,63.85561405562363,67.93551359319342,383,82.61092487583548,73.77570210179341,82.61092487583548,73.77570210179341,82.61092487583548,73.77570210179341,82.61092487583548,entity_001,2023-10-02
2023-10-03,84.6829669851022,22.3,0.0,6.9,0,0,21.4,22.3,0.0,0.0,5.3,8.5,0.0,0.0,0.0,0.0,0.7818314824680298,0.6234898018587336,-0.9993706508539969,0.03547255575312556,82.61092487583548,63.38285213726093,93.12448307098568,66.89848760531524,67.33254815848747,384,84.6829669851022,82.61092487583548,84.6829669851022,82.61092487583548,84.6829669851022,82.61092487583548,84.6829669851022,entity_001,2023-10-03
2023-10-04,80.78899449165056,22.3,0.0,5.3,0,0,22.3,22.2,0.0,0.0,6.9,6.5,0.0,1.0,0.0,0.0,0.9749279121818236,-0.22252093395631434,-0.9986126020839734,0.052658056924614005,84.6829669851022,65.04088813037589,72.13943149047542,69.14821708549734,67.95037408714283,385,80.78899449165056,84.6829669851022,80.78899449165056,84.6829669851022,80.78899449165056,84.6829669851022,80.78899449165056,entity_001,2023-10-04
2023-10-05,79.536230207855,21.4,0.0,6.6,0,0,22.3,22.2,0.0,0.0,5.3,5.8,0.0,1.0,0.0,0.0,0.43388373911755823,-0.900968867902419,-0.9975590477788613,0.06982797572987089,80.78899449165056,59.87034469461631,69.63876797051404,71.95762930167429,68.65733567552432,386,79.536230207855,80.78899449165056,79.536230207855,80.78899449165056,79.536230207855,80.78899449165056,79.536230207855,entity_001,2023-10-05
2023-10-06,61.04151053832761,23.1,0.0,5.8,0,0,21.4,22.8,0.0,0.0,6.6,6.4,0.0,0.0,0.0,0.0,-0.433883739117558,-0.9009688679024191,-0.9962102997023297,0.0869772313136861,79.536230207855,47.27610014773841,68.87222713555927,73.92411650032989,68.09799877572206,387,61.04151053832761,79.536230207855,61.04151053832761,79.536230207855,61.04151053832761,79.536230207855,61.04151053832761,entity_001,2023-10-06
2023-10-07,78.47771621138736,23.8,0.0,6.0,0,1,23.1,22.8,0.0,0.0,5.8,6.6,0.0,0.0,0.0,1.0,-0.9749279121818236,-0.2225209339563146,-0.9945667569706337,0.1041007489354256,61.04151053832761,55.03248630174498,70.72667590338503,77.27343505885024,68.65164451200795,388,78.47771621138736,61.04151053832761,78.47771621138736,61.04151053832761,78.47771621138736,61.04151053832761,78.47771621138736,entity_001,2023-10-07
2023-10-08,62.78806585215696,22.7,0.0,6.1,0,1,23.8,22.2,0.0,0.0,6.0,6.0,0.0,0.0,1.0,1.0,-0.7818314824680299,0.6234898018587334,-0.9926289059345095,0.12119346147073601,78.47771621138736,73.77570210179341,71.65513608054783,75.7037727374736,68.01828235283718,389,62.78806585215696,78.47771621138736,62.78806585215696,78.47771621138736,62.78806585215696,78.47771621138736,62.78806585215696,entity_001,2023-10-08
2023-10-09,74.6507945642158,21.9,0.0,5.8,0,0,22.7,21.4,0.0,0.0,6.1,5.3,0.0,0.0,1.0,0.0,0.0,1.0,-0.9903973200352558,0.13825031091098192,62.78806585215696,82.61092487583548,57.951170263875305,74.56661126438507,69.21111266000436,390,74.6507945642158,62.78806585215696,74.6507945642158,62.78806585215696,74.6507945642158,62.78806585215696,74.6507945642158,entity_001,2023-10-09
2023-10-10,92.56558767288728,21.9,0.0,8.6,0,0,21.9,22.3,0.0,0.0,5.8,6.9,0.0,0.0,0.0,0.0,0.7818314824680298,0.6234898018587336,-0.9878726596350429,0.15526624985999563,74.6507945642158,84.6829669851022,63.38285213726093,75.69269993406866,71.29559376969193,391,92.56558767288728,74.6507945642158,92.56558767288728,74.6507945642158,92.56558767288728,74.6507945642158,92.56558767288728,entity_001,2023-10-10
2023-10-11,102.79316022466708,21.7,0.0,8.9,0,0,21.9,22.3,0.0,0.0,8.6,5.3,0.0,0.0,0.0,0.0,0.9749279121818236,-0.22252093395631434,-0.9850556718215013,0.172236243027682,92.56558767288728,80.78899449165056,65.04088813037589,78.83615218164245,73.99218463356989,392,102.79316022466708,92.56558767288728,102.79316022466708,92.56558767288728,102.79316022466708,92.56558767288728,102.79316022466708,entity_001,2023-10-11
2023-10-12,98.82244513343883,21.3,0.0,8.2,0,0,21.7,21.4,0.0,0.0,8.9,6.6,0.0,0.0,0.0,0.0,0.43388373911755823,-0.900968867902419,-0.981947190186646,0.18915526872004093,102.79316022466708,79.536230207855,59.87034469461631,81.59132574244013,76.77447752205721,393,98.82244513343883,102.79316022466708,98.82244513343883,102.79316022466708,98.82244513343883,102.79316022466708,98.82244513343883,entity_001,2023-10-12
2023-10-13,91.39055567252382,21.5,0.0,7.3,0,0,21.3,23.1,0.0,0.0,8.2,5.8,0.0,0.0,0.0,0.0,-0.433883739117558,-0.9009688679024191,-0.9785481345802031,0.20601832032517084,98.82244513343883,61.04151053832761,47.27610014773841,85.92690361875387,79.92551005954189,394,91.39055567252382,98.82244513343883,91.39055567252382,98.82244513343883,91.39055567252382,98.82244513343883,91.39055567252382,entity_001,2023-10-13
2023-10-14,72.38920520203926,24.3,0.0,9.2,0,1,21.5,23.8,0.0,0.0,7.3,6.0,0.0,0.0,0.0,1.0,-0.9749279121818236,-0.2225209339563146,-0.9748595108374125,0.22282040779479959,91.39055567252382,78.47771621138736,55.03248630174498,85.05711633170415,81.16527569527717,395,72.38920520203926,91.39055567252382,72.38920520203926,91.39055567252382,72.38920520203926,91.39055567252382,72.38920520203926,entity_001,2023-10-14
2023-10-15,83.93440678544802,24.2,0.0,7.1,0,1,24.3,22.7,0.0,0.0,9.2,6.1,0.0,0.0,1.0,1.0,-0.7818314824680299,0.6234898018587334,-0.9708824104813836,0.2395565591209271,72.38920520203926,62.78806585215696,73.77570210179341,88.07802217931714,81.89089745839537,396,83.93440678544802,72.38920520203926,83.93440678544802,72.38920520203926,83.93440678544802,72.38920520203926,83.93440678544802,entity_001,2023-10-15
2023-10-16,80.63226750510584,23.1,0.2,7.4,0,0,24.2,21.9,0.0,0.0,7.1,5.8,0.0,0.0,1.0,0.0,0.0,1.0,-0.9666180104000972,0.2562218218071163,83.93440678544802,74.6507945642158,82.61092487583548,88.93251831373001,81.74956478905754,397,80.63226750510584,83.93440678544802,80.63226750510584,83.93440678544802,80.63226750510584,83.93440678544802,80.63226750510584,entity_001,2023-10-16
2023-10-17,91.44194208143904,25.4,0.0,18.0,0,0,23.1,21.9,0.2,0.0,7.4,8.6,0.0,0.0,0.0,0.0,0.7818314824680298,0.6234898018587336,-0.9620675724981452,0.27281126433401914,80.63226750510584,92.56558767288728,84.6829669851022,88.7719975149517,82.23234872451017,398,91.44194208143904,80.63226750510584,91.44194208143904,80.63226750510584,91.44194208143904,80.63226750510584,91.44194208143904,entity_001,2023-10-17
2023-10-18,76.62073635799693,22.9,0.0,14.5,0,0,25.4,21.7,0.0,0.0,18.0,8.9,0.0,0.0,0.0,0.0,0.9749279121818236,-0.22252093395631434,-0.957232443323312,0.2893199776186952,91.44194208143904,102.79316022466708,80.78899449165056,85.0330798197131,81.93461600067778,399,76.62073635799693,91.44194208143904,76.62073635799693,91.44194208143904,76.62073635799693,91.44194208143904,76.62073635799693,entity_001,2023-10-18
2023-10-19,72.46223022166562,22.7,26.2,25.4,0,0,22.9,21.3,0.0,0.0,14.5,8.2,0.0,0.0,0.0,0.0,0.43388373911755823,-0.900968867902419,-0.9521140536681102,0.3057430764672831,76.62073635799693,98.82244513343883,79.536230207855,81.26733483231693,81.42933028737853,400,72.46223022166562,76.62073635799693,72.46223022166562,76.62073635799693,72.46223022166562,76.62073635799693,72.46223022166562,entity_001,2023-10-19
2023-10-20,73.31211688556766,20.0,5.7,11.8,0,0,22.7,21.5,26.2,0.0,25.4,7.3,0.0,0.0,0.0,0.0,-0.433883739117558,-0.9009688679024191,-0.9467139181463862,0.3220757010206104,72.46223022166562,91.39055567252382,61.04151053832761,78.68470071989462,82.30580216932425,401,73.31211688556766,72.46223022166562,73.31211688556766,72.46223022166562,73.31211688556766,72.46223022166562,73.31211688556766,entity_001,2023-10-20
2023-10-21,78.2794374679683,18.9,0.6,6.9,0,1,20.0,24.3,5.7,0.0,11.8,9.2,0.0,0.0,0.0,1.0,-0.9749279121818236,-0.2225209339563146,-0.9410336347451197,0.3383130181923075,73.31211688556766,72.38920520203926,78.47771621138736,79.5261624721702,82.29163940193716,402,78.2794374679683,73.31211688556766,78.2794374679683,73.31211688556766,78.2794374679683,73.31211688556766,78.2794374679683,entity_001,2023-10-21
2023-10-22,70.75382435830784,20.6,1.7,24.6,0,1,18.9,24.2,0.6,0.0,6.9,7.1,0.0,0.0,1.0,1.0,-0.7818314824680299,0.6234898018587334,-0.9350748843515574,0.3544502230989869,78.2794374679683,83.93440678544802,62.78806585215696,77.64322212543588,82.86062215237652,403,70.75382435830784,78.2794374679683,70.75382435830784,78.2794374679683,70.75382435830784,78.2794374679683,70.75382435830784,entity_001,2023-10-22
2023-10-23,87.71140852826483,18.2,3.1,15.6,0,0,20.6,23.1,1.7,0.2,24.6,7.4,0.0,0.0,1.0,0.0,0.0,1.0,-0.9288394302558068,0.3704825404820963,70.75382435830784,80.63226750510584,74.6507945642158,78.65452798588717,83.79352314980859,404,87.71140852826483,70.75382435830784,87.71140852826483,70.75382435830784,87.71140852826483,70.75382435830784,87.71140852826483,entity_001,2023-10-23
2023-10-24,72.32942612393848,18.0,0.1,8.7,0,0,18.2,25.4,3.1,0.0,15.6,18.0,0.0,0.0,0.0,0.0,0.7818314824680298,0.6234898018587336,-0.9223291176290545,0.3864052261209853,87.71140852826483,91.44194208143904,92.56558767288728,75.92416856338708,82.3480830391694,405,72.32942612393848,87.71140852826483,72.32942612393848,87.71140852826483,72.32942612393848,87.71140852826483,72.32942612393848,entity_001,2023-10-24
2023-10-25,87.67696438774689,18.4,0.0,8.3,0,0,18.0,22.9,0.1,0.0,8.7,14.5,0.0,0.0,0.0,0.0,0.9749279121818236,-0.22252093395631434,-0.9155458729775467,0.40221356823680365,72.32942612393848,76.62073635799693,102.79316022466708,77.50362971049424,81.26835476510367,406,87.67696438774689,72.32942612393848,87.67696438774689,72.32942612393848,87.67696438774689,72.32942612393848,87.67696438774689,entity_001,2023-10-25
2023-10-26,75.88850646944582,19.1,0.1,7.8,0,0,18.4,22.7,0.0,26.2,8.3,25.4,0.0,0.0,0.0,0.0,0.43388373911755823,-0.900968867902419,-0.9084917035725082,0.41790288888678667,87.67696438774689,72.46223022166562,98.82244513343883,77.9930977458914,79.63021628910417,407,75.88850646944582,87.67696438774689,75.88850646944582,87.67696438774689,75.88850646944582,87.67696438774689,75.88850646944582,entity_001,2023-10-26
2023-10-27,55.476241288324175,19.8,3.7,9.1,0,0,19.1,20.0,0.1,5.7,7.8,11.8,0.0,0.0,0.0,0.0,-0.433883739117558,-0.9009688679024191,-0.9011686968561569,0.4334685453485363,75.88850646944582,73.31211688556766,91.39055567252382,75.44511551771375,77.0649081188042,408,55.476241288324175,75.88850646944582,55.476241288324175,75.88850646944582,55.476241288324175,75.88850646944582,55.476241288324175,entity_001,2023-10-27
2023-10-28,84.09495909445388,19.3,0.6,8.0,0,1,19.8,18.9,3.7,0.6,9.1,6.9,0.0,0.0,0.0,1.0,-0.9749279121818236,-0.2225209339563146,-0.8935790198239952,0.4489059314938798,55.476241288324175,78.2794374679683,72.38920520203926,76.2759043214974,77.90103339683381,409,84.09495909445388,55.476241288324175,84.09495909445388,55.476241288324175,84.09495909445388,55.476241288324175,84.09495909445388,entity_001,2023-10-28
2023-10-29,89.55406999929218,18.4,0.4,7.7,0,1,19.3,20.6,0.6,1.7,8.0,24.6,0.0,0.0,1.0,1.0,-0.7818314824680299,0.6234898018587334,-0.8857249183835637,0.4642104791518923,84.09495909445388,70.75382435830784,83.93440678544802,78.96165369878089,78.30243791210839,410,89.55406999929218,84.09495909445388,89.55406999929218,84.09495909445388,89.55406999929218,84.09495909445388,89.55406999929218,entity_001,2023-10-29
2023-10-30,57.11837954840101,19.8,5.4,14.2,0,0,18.4,18.2,0.4,3.1,7.7,15.6,0.0,0.0,1.0,0.0,0.0,1.0,-0.8776087166898392,0.4793776594606945,89.55406999929218,87.71140852826483,80.63226750510584,74.59122098737178,76.62287448662947,411,57.11837954840101,89.55406999929218,57.11837954840101,89.55406999929218,57.11837954840101,89.55406999929218,57.11837954840101,entity_001,2023-10-30
2023-10-31,87.26802136612393,19.5,0.2,10.0,0,0,19.8,18.0,5.4,0.1,14.2,8.7,0.0,0.0,0.0,0.0,0.7818314824680298,0.6234898018587336,-0.8692328164574792,0.4944029842076182,57.11837954840101,72.32942612393848,91.44194208143904,76.7253060219697,76.32473729267839,412,87.26802136612393,57.11837954840101,87.26802136612393,57.11837954840101,87.26802136612393,57.11837954840101,87.26802136612393,entity_001,2023-10-31
2023-11-01,71.26458758540451,19.5,1.6,6.8,0,0,19.5,18.4,0.2,0.0,10.0,8.3,0.0,0.0,0.0,0.0,0.9749279121818236,-0.22252093395631434,-0.8605996962501181,0.5092820071573356,87.26802136612393,87.67696438774689,76.62073635799693,74.38068076449223,75.94215523749322,413,71.26458758540451,87.26802136612393,71.26458758540451,87.26802136612393,71.26458758540451,87.26802136612393,71.26458758540451,entity_001,2023-11-01
2023-11-02,71.0195641438189,19.1,0.1,11.5,0,0,19.5,19.1,1.6,0.1,6.8,7.8,0.0,0.0,0.0,0.0,0.43388373911755823,-0.900968867902419,-0.8517119107469189,0.5240103253675756,71.26458758540451,75.88850646944582,72.46223022166562,73.68511757511695,75.83910766050417,414,71.0195641438189,71.26458758540451,71.0195641438189,71.26458758540451,71.0195641438189,71.26458758540451,71.0195641438189,entity_001,2023-11-02
2023-11-03,56.33543760390864,19.1,3.2,9.0,0,0,19.1,19.8,0.1,3.7,11.5,9.1,0.0,0.0,0.0,0.0,-0.433883739117558,-0.9009688679024191,-0.8425720899866032,0.5385835804920232,71.0195641438189,55.476241288324175,73.31211688556766,73.80785990591471,74.62648771181424,415,56.33543760390864,71.0195641438189,56.33543760390864,71.0195641438189,56.33543760390864,71.0195641438189,56.33543760390864,entity_001,2023-11-03
2023-11-04,72.99422961919362,17.7,0.0,8.1,0,1,19.1,19.3,3.2,0.6,9.0,8.0,0.0,0.0,0.0,1.0,-0.9749279121818236,-0.2225209339563146,-0.8331829385891785,0.5529974600700271,56.33543760390864,84.09495909445388,78.2794374679683,72.22204140944896,74.24897286547319,416,72.99422961919362,56.33543760390864,72.99422961919362,56.33543760390864,72.99422961919362,56.33543760390864,72.99422961919362,entity_001,2023-11-04
2023-11-05,64.25509043601875,17.9,1.5,10.6,0,1,17.7,18.4,0.0,0.4,8.1,7.7,0.0,0.0,1.0,1.0,-0.7818314824680299,0.6234898018587334,-0.8235472349556007,0.5672476988027229,72.99422961919362,89.55406999929218,70.75382435830784,68.60790147183847,73.78477758530968,417,64.25509043601875,72.99422961919362,64.25509043601875,72.99422961919362,64.25509043601875,72.99422961919362,64.25509043601875,entity_001,2023-11-05
2023-11-06,60.922935950508304,17.5,1.2,14.5,1,0,17.9,19.8,1.5,5.4,10.6,14.2,0.0,0.0,1.0,0.0,0.0,1.0,-0.8136678304455991,0.5813300798152042,64.25509043601875,57.11837954840101,87.71140852826483,69.15140952928239,71.87131525832709,418,60.922935950508304,64.25509043601875,60.922935950508304,64.25509043601875,60.922935950508304,64.25509043601875,60.922935950508304,entity_001,2023-11-06
2023-11-07,65.46637057924558,15.7,0.3,15.8,0,0,17.5,19.5,1.2,0.2,14.5,10.0,1.0,0.0,0.0,0.0,0.7818314824680298,0.6234898018587336,-0.8035476485339116,0.5952404359043674,60.922935950508304,87.26802136612393,72.32942612393848,66.03688798829975,71.38109700513472,419,65.46637057924558,60.922935950508304,65.46637057924558,60.922935950508304,65.46637057924558,60.922935950508304,65.46637057924558,entity_001,2023-11-07
2023-11-08,75.73095537782746,14.9,0.0,13.4,0,0,15.7,19.5,0.3,1.6,15.8,6.8,0.0,0.0,0.0,0.0,0.9749279121818236,-0.22252093395631434,-0.7931896839451843,0.6089746507720486,65.46637057924558,71.26458758540451,87.67696438774689,66.67494053007447,70.52781064728335,420,75.73095537782746,65.46637057924558,75.73095537782746,65.46637057924558,75.73095537782746,65.46637057924558,75.73095537782746,entity_001,2023-11-08
2023-11-09,76.62176246789608,16.0,0.0,9.0,0,0,14.9,19.1,0.0,0.1,13.4,11.5,0.0,0.0,0.0,0.0,0.43388373911755823,-0.900968867902419,-0.7825970017677834,0.6225286602431057,75.73095537782746,71.0195641438189,75.88850646944582,67.4752545763712,70.58018607574408,421,76.62176246789608,75.73095537782746,76.62176246789608,75.73095537782746,76.62176246789608,75.73095537782746,76.62176246789608,entity_001,2023-11-09
2023-11-10,81.60729653476972,18.3,0.0,7.6,0,0,16.0,19.1,0.0,3.2,9.0,9.0,0.0,0.0,0.0,0.0,-0.433883739117558,-0.9009688679024191,-0.7717727365467837,0.6358984534680745,76.62176246789608,56.33543760390864,55.476241288324175,71.08552013792279,72.44669002191876,422,81.60729653476972,76.62176246789608,81.60729653476972,76.62176246789608,81.60729653476972,76.62176246789608,81.60729653476972,entity_001,2023-11-10
2023-11-11,68.69306650577936,18.4,0.0,9.7,0,1,18.3,17.7,0.0,0.0,7.6,8.1,0.0,0.0,0.0,1.0,-0.9749279121818236,-0.2225209339563146,-0.7607200913564104,0.6490800741100398,81.60729653476972,72.99422961919362,84.09495909445388,70.4710682645779,71.34655483701343,423,68.69306650577936,81.60729653476972,68.69306650577936,81.60729653476972,68.69306650577936,81.60729653476972,68.69306650577936,entity_001,2023-11-11
2023-11-12,95.74022156101256,17.9,0.0,12.8,0,1,18.4,17.9,0.0,1.5,9.7,10.6,0.0,0.0,1.0,1.0,-0.7818314824680299,0.6234898018587334,-0.7494423368521953,0.6620696215153815,68.69306650577936,64.25509043601875,89.55406999929218,74.968944139577,71.78842280570774,424,95.74022156101256,68.69306650577936,95.74022156101256,68.69306650577936,95.74022156101256,68.69306650577936,95.74022156101256,entity_001,2023-11-12
2023-11-13,83.08939054685192,17.8,0.0,6.7,0,0,17.9,17.5,0.0,1.2,12.8,14.5,0.0,1.0,1.0,0.0,0.0,1.0,-0.7379428103031386,0.6748632518680403,95.74022156101256,60.922935950508304,57.11837954840101,78.13558051048324,73.6434950198828,425,83.08939054685192,95.74022156101256,83.08939054685192,95.74022156101256,83.08939054685192,95.74022156101256,83.08939054685192,entity_001,2023-11-13
2023-11-14,82.29408008043612,18.2,0.0,4.9,0,0,17.8,15.7,0.0,0.3,6.7,15.8,0.0,0.0,0.0,0.0,0.7818314824680298,0.6234898018587336,-0.7262249146041543,0.6874571793269664,83.08939054685192,65.46637057924558,87.26802136612393,80.53953901065331,73.28821349947654,426,82.29408008043612,83.08939054685192,82.29408008043612,83.08939054685192,82.29408008043612,83.08939054685192,82.29408008043612,entity_001,2023-11-14
2023-11-15,87.20590619973858,17.1,0.0,7.4,0,0,18.2,14.9,0.0,0.0,4.9,13.4,0.0,0.0,0.0,0.0,0.9749279121818236,-0.22252093395631434,-0.7142921172691032,0.699847677146407,82.29408008043612,75.73095537782746,71.26458758540451,82.17881769949777,74.4268791147861,427,87.20590619973858,82.29408008043612,87.20590619973858,82.29408008043612,87.20590619973858,82.29408008043612,87.20590619973858,entity_001,2023-11-15
2023-11-16,85.26018412809428,16.6,0.0,7.4,0,0,17.1,16.0,0.0,0.0,7.4,9.0,0.0,0.0,0.0,0.0,0.43388373911755823,-0.900968867902419,-0.7021479494046978,0.712031078778713,87.20590619973858,76.62176246789608,71.0195641438189,83.41287793666893,75.44406625652006,428,85.26018412809428,87.20590619973858,85.26018412809428,87.20590619973858,85.26018412809428,87.20590619973858,85.26018412809428,entity_001,2023-11-16
2023-11-17,77.35613600699197,16.9,0.0,6.6,0,0,16.6,18.3,0.0,0.0,7.4,7.6,0.0,0.0,0.0,0.0,-0.433883739117558,-0.9009688679024191,-0.6897960046655887,0.7240037789593305,85.26018412809428,81.60729653476972,56.33543760390864,82.80556928984355,76.94554471388315,429,77.35613600699197,85.26018412809428,77.35613600699197,85.26018412809428,77.35613600699197,85.26018412809428,77.35613600699197,entity_001,2023-11-17
2023-11-18,72.29389098805858,16.3,0.0,6.1,1,1,16.9,18.4,0.0,0.0,6.6,9.7,0.0,0.0,0.0,1.0,-0.9749279121818236,-0.2225209339563146,-0.6772399381909491,0.7357622347736525,77.35613600699197,68.69306650577936,72.99422961919362,83.31997278731201,76.89552052594495,430,72.29389098805858,77.35613600699197,72.29389098805858,77.35613600699197,72.29389098805858,77.35613600699197,72.29389098805858,entity_001,2023-11-18
2023-11-19,87.37727687474687,16.0,0.0,6.8,0,1,16.3,17.9,0.0,0.0,6.1,12.8,1.0,0.0,1.0,1.0,-0.7818314824680299,0.6234898018587334,-0.6644834655228552,0.7473029667054297,72.29389098805858,95.74022156101256,64.25509043601875,82.12526640355976,78.54710527156838,431,87.37727687474687,72.29389098805858,87.37727687474687,72.29389098805858,87.37727687474687,72.29389098805858,87.37727687474687,entity_001,2023-11-19
2023-11-20,78.33765049137459,15.8,0.0,4.9,0,0,16.0,17.8,0.0,0.0,6.8,6.7,0.0,0.0,1.0,0.0,0.0,1.0,-0.6515303615068021,0.75862255966641,87.37727687474687,83.08939054685192,60.922935950508304,81.44644639563442,79.79101345305882,432,78.33765049137459,87.37727687474687,78.33765049137459,87.37727687474687,78.33765049137459,87.37727687474687,78.33765049137459,entity_001,2023-11-20
2023-11-21,79.69115268053471,17.5,0.0,7.4,0,0,15.8,18.2,0.0,0.0,4.9,4.9,0.0,0.0,0.0,0.0,0.7818314824680298,0.6234898018587336,-0.6383844591746642,0.769717664006921,78.33765049137459,82.29408008043612,65.46637057924558,81.07459962421993,80.80706931743661,433,79.69115268053471,78.33765049137459,79.69115268053471,78.33765049137459,79.69115268053471,78.33765049137459,79.69115268053471,entity_001,2023-11-21
2023-11-22,85.98118495636595,15.9,0.1,8.6,0,0,17.5,17.1,0.0,0.0,7.4,7.4,0.0,0.0,0.0,0.0,0.9749279121818236,-0.22252093395631434,-0.6250496486104377,0.7805849965070866,79.69115268053471,87.20590619973858,75.73095537782746,80.89963944659527,81.53922857304651,434,85.98118495636595,79.69115268053471,85.98118495636595,79.69115268053471,85.98118495636595,79.69115268053471,85.98118495636595,entity_001,2023-11-22
2023-11-23,82.31508394363854,13.9,0.0,9.4,0,0,15.9,16.6,0.1,0.0,8.6,7.4,0.0,0.0,0.0,0.0,0.43388373911755823,-0.900968867902419,-0.6115298757991053,0.7912213413483807,85.98118495636595,85.26018412809428,76.62176246789608,80.47891084881589,81.94589439274242,435,82.31508394363854,85.98118495636595,82.31508394363854,85.98118495636595,82.31508394363854,85.98118495636595,82.31508394363854,entity_001,2023-11-23
2023-11-24,83.54070491572831,13.9,0.0,9.4,0,0,13.9,16.9,0.0,0.0,9.4,6.6,0.0,0.0,0.0,0.0,-0.433883739117558,-0.9009688679024191,-0.5978291414589552,0.801623551065242,82.31508394363854,77.35613600699197,81.60729653476972,81.36242069292108,82.0839949913823,436,83.54070491572831,82.31508394363854,83.54070491572831,82.31508394363854,83.54070491572831,82.31508394363854,83.54070491572831,entity_001,2023-11-24
2023-11-25,82.42407758401357,14.3,0.0,6.8,0,1,13.9,16.3,0.0,0.0,9.4,6.1,0.0,1.0,0.0,1.0,-0.9749279121818236,-0.2225209339563146,-0.5839514998576998,0.8117885474764613,83.54070491572831,72.29389098805858,68.69306650577936,82.80959020662894,83.06478149697047,437,82.42407758401357,83.54070491572831,82.42407758401357,83.54070491572831,82.42407758401357,83.54070491572831,82.42407758401357,entity_001,2023-11-25
2023-11-26,79.6723472134276,14.0,0.0,7.8,0,1,14.3,16.0,0.0,0.0,6.8,6.8,0.0,0.0,1.0,1.0,-0.7818314824680299,0.6234898018587334,-0.5699010576127624,0.821713322596059,82.42407758401357,87.37727687474687,95.74022156101256,81.70888596929761,81.9170761864287,438,79.6723472134276,82.42407758401357,79.6723472134276,82.42407758401357,79.6723472134276,82.42407758401357,79.6723472134276,entity_001,2023-11-26
2023-11-27,84.05776733032866,14.4,0.0,7.3,0,0,14.0,15.8,0.0,0.0,7.8,4.9,0.0,0.0,1.0,0.0,0.0,1.0,-0.5556819724760489,0.8313949395234058,79.6723472134276,78.33765049137459,83.08939054685192,82.52604551771962,81.98624595667702,439,84.05776733032866,79.6723472134276,84.05776733032866,79.6723472134276,84.05776733032866,79.6723472134276,84.05776733032866,entity_001,2023-11-27
2023-11-28,86.06920610924054,15.2,0.0,7.7,0,0,14.4,17.5,0.0,0.0,7.3,7.4,0.0,0.0,0.0,0.0,0.7818314824680298,0.6234898018587336,-0.5412984521036173,0.8408305333122887,84.05776733032866,79.69115268053471,82.29408008043612,83.43719600753475,82.25589781587735,440,86.06920610924054,84.05776733032866,86.06920610924054,84.05776733032866,86.06920610924054,84.05776733032866,86.06920610924054,entity_001,2023-11-28
2023-11-29,93.01636583518524,15.8,0.0,8.5,0,0,15.2,15.9,0.0,0.1,7.7,8.6,0.0,0.0,0.0,0.0,0.9749279121818236,-0.22252093395631434,-0.5267547528105542,0.8500173118187018,86.06920610924054,85.98118495636595,87.20590619973858,84.44222184736607,82.67093064698066,441,93.01636583518524,86.06920610924054,93.01636583518524,86.06920610924054,93.01636583518524,86.06920610924054,93.01636583518524,entity_001,2023-11-29
2023-11-30,83.5255218918139,17.0,0.0,12.5,0,0,15.8,13.9,0.0,0.0,8.5,9.4,0.0,0.0,0.0,0.0,0.43388373911755823,-0.900968867902419,-0.5120551783114646,0.8589525565270845,93.01636583518524,82.31508394363854,85.26018412809428,84.61514155424825,82.54702620153206,442,83.5255218918139,93.01636583518524,83.5255218918139,93.01636583518524,83.5255218918139,93.01636583518524,83.5255218918139,entity_001,2023-11-30
2023-12-01,85.56590650124214,16.9,14.8,17.3,0,0,17.0,13.9,0.0,0.0,12.5,9.4,0.0,0.0,0.0,0.0,-0.433883739117558,-0.9009688679024191,-0.4972040784469378,0.8676336233547726,83.5255218918139,83.54070491572831,77.35613600699197,84.90445606646452,83.1334383796928,443,85.56590650124214,83.5255218918139,85.56590650124214,83.5255218918139,85.56590650124214,83.5255218918139,85.56590650124214,entity_001,2023-12-01
2023-12-02,85.895966139633,13.9,0.3,6.9,0,1,16.9,14.3,14.8,0.0,17.3,6.8,0.0,0.0,0.0,1.0,-0.9749279121818236,-0.2225209339563146,-0.4822058478963526,0.8760579434344281,85.56590650124214,82.42407758401357,72.29389098805858,85.40044014583873,84.10501517623383,444,85.895966139633,85.56590650124214,85.895966139633,85.56590650124214,85.895966139633,85.56590650124214,85.895966139633,entity_001,2023-12-02
2023-12-03,77.79226838240135,13.4,0.0,10.5,0,1,13.9,14.0,0.3,0.0,6.9,7.8,0.0,0.0,1.0,1.0,-0.7818314824680299,0.6234898018587334,-0.46706492487743034,0.8842230238742036,85.895966139633,79.6723472134276,87.37727687474687,85.13185745569213,83.42037171249487,445,77.79226838240135,85.895966139633,77.79226838240135,85.895966139633,77.79226838240135,85.895966139633,77.79226838240135,entity_001,2023-12-03
2023-12-04,89.93461956542428,12.4,0.0,6.6,0,0,13.4,14.4,0.0,0.0,10.5,7.3,0.0,0.0,1.0,0.0,0.0,1.0,-0.451785789832884,0.8921264484954345,77.79226838240135,84.05776733032866,78.33765049137459,85.97140777499149,84.24872664635556,446,89.93461956542428,77.79226838240135,89.93461956542428,77.79226838240135,89.93461956542428,77.79226838240135,89.93461956542428,entity_001,2023-12-04
2023-12-05,69.10579069458687,16.4,6.3,15.0,0,0,12.4,15.2,0.0,0.0,6.6,7.7,0.0,0.0,0.0,0.0,0.7818314824680298,0.6234898018587336,-0.4363729641045924,0.8997658785476209,89.93461956542428,86.06920610924054,79.69115268053471,83.54806271575525,83.492629361645,447,69.10579069458687,89.93461956542428,69.10579069458687,89.93461956542428,69.10579069458687,89.93461956542428,69.10579069458687,entity_001,2023-12-05
2023-12-06,94.1784393081639,17.4,3.4,18.9,0,0,16.4,15.8,6.3,0.0,15.0,8.5,0.0,0.0,0.0,0.0,0.9749279121818236,-0.22252093395631434,-0.42083100859565564,0.9071390534005044,69.10579069458687,93.01636583518524,85.98118495636595,83.71407321189507,84.07814752963057,448,94.1784393081639,69.10579069458687,94.1784393081639,69.10579069458687,94.1784393081639,69.10579069458687,94.1784393081639,entity_001,2023-12-06
2023-12-07,95.56858705883832,17.1,0.6,7.5,0,0,17.4,17.0,3.4,0.0,18.9,12.5,0.0,0.0,0.0,0.0,0.43388373911755823,-0.900968867902419,-0.4051645224207563,0.9142437912130223,94.1784393081639,83.5255218918139,82.31508394363854,85.43451109289855,85.02482632357341,449,95.56858705883832,94.1784393081639,95.56858705883832,94.1784393081639,95.56858705883832,94.1784393081639,95.56858705883832,entity_001,2023-12-07
2023-12-08,81.01434316863612,16.2,0.0,7.6,0,0,17.1,16.9,0.6,14.8,7.5,17.3,0.0,0.0,0.0,0.0,-0.433883739117558,-0.9009688679024191,-0.3893781415452015,0.9210779895789526,95.56858705883832,85.56590650124214,83.54070491572831,84.78428775966913,84.84437191306684,450,81.01434316863612,95.56858705883832,81.01434316863612,95.56858705883832,81.01434316863612,95.56858705883832,81.01434316863612,entity_001,2023-12-08
2023-12-09,88.41917625238949,16.7,0.0,11.6,0,1,16.2,13.9,0.0,0.3,7.6,6.9,0.0,0.0,0.0,1.0,-0.9749279121818236,-0.2225209339563146,-0.37347653741307074,0.9276396261490467,81.01434316863612,85.895966139633,82.42407758401357,85.14474634720577,85.27259324652223,451,88.41917625238949,81.01434316863612,88.41917625238949,81.01434316863612,88.41917625238949,81.01434316863612,88.41917625238949,entity_001,2023-12-09
2023-12-10,77.43136745327044,17.2,0.0,9.2,0,1,16.7,13.4,0.0,0.0,11.6,10.5,0.0,0.0,1.0,1.0,-0.7818314824680299,0.6234898018587334,-0.3574644155648614,0.9339267592294762,88.41917625238949,77.79226838240135,79.6723472134276,85.09318907161563,85.11252326365388,452,77.43136745327044,88.41917625238949,77.43136745327044,88.41917625238949,77.43136745327044,88.41917625238949,77.43136745327044,entity_001,2023-12-10
2023-12-11,68.02334832931983,16.9,0.0,6.2,0,0,17.2,12.4,0.0,0.0,9.2,6.6,0.0,0.0,1.0,0.0,0.0,1.0,-0.34134651424503615,0.9399375283564133,77.43136745327044,89.93461956542428,84.05776733032866,81.96300746645785,83.96720762072468,453,68.02334832931983,77.43136745327044,68.02334832931983,77.43136745327044,68.02334832931983,77.43136745327044,68.02334832931983,entity_001,2023-12-11
2023-12-12,94.08232535925418,16.1,0.0,6.8,0,0,16.9,16.4,0.0,6.3,6.2,15.0,0.0,0.0,0.0,0.0,0.7818314824680298,0.6234898018587336,-0.3251276029999093,0.9456701548465688,68.02334832931983,69.10579069458687,86.06920610924054,85.53108384712462,84.53957328143993,454,94.08232535925418,68.02334832931983,94.08232535925418,68.02334832931983,94.08232535925418,68.02334832931983,94.08232535925418,entity_001,2023-12-12
2023-12-13,89.96342883335768,15.4,1.6,9.5,0,0,16.1,17.4,0.0,3.4,6.8,18.9,0.0,0.0,0.0,0.0,0.9749279121818236,-0.22252093395631434,-0.30881248126625377,0.9511229423235357,94.08232535925418,94.1784393081639,93.01636583518524,84.92893949358086,84.32150635273797,455,89.96342883335768,94.08232535925418,89.96342883335768,94.08232535925418,89.96342883335768,94.08232535925418,89.96342883335768,entity_001,2023-12-13
2023-12-14,77.20290017469716,14.0,0.0,15.6,0,0,15.4,17.1,1.6,0.6,9.5,7.5,0.0,0.0,0.0,0.0,0.43388373911755823,-0.900968867902419,-0.29240597695107734,0.9562942772197719,89.96342883335768,95.56858705883832,83.5255218918139,82.30526993870356,83.86989051580106,456,77.20290017469716,89.96342883335768,77.20290017469716,89.96342883335768,77.20290017469716,89.96342883335768,77.20290017469716,entity_001,2023-12-14
2023-12-15,69.51714233642694,11.9,0.0,7.8,0,0,14.0,16.2,0.0,0.0,15.6,7.6,0.0,0.0,0.0,0.0,-0.433883739117558,-0.9009688679024191,-0.27591294500296043,0.9611826292540837,77.20290017469716,81.01434316863612,85.56590650124214,80.66281267695938,82.72355021831426,457,69.51714233642694,77.20290017469716,69.51714233642694,77.20290017469716,69.51714233642694,77.20290017469716,69.51714233642694,entity_001,2023-12-15
2023-12-16,69.55452991882686,13.2,0.0,6.7,0,1,11.9,16.7,0.0,0.0,7.8,11.6,0.0,0.0,0.0,1.0,-0.9749279121818236,-0.2225209339563146,-0.2593382659754056,0.9657865518844574,69.51714233642694,88.41917625238949,85.895966139633,77.96786320073615,81.55630477397095,458,69.55452991882686,69.51714233642694,69.55452991882686,69.51714233642694,69.55452991882686,69.51714233642694,69.55452991882686,entity_001,2023-12-16
2023-12-17,67.23335346292804,12.1,0.0,7.0,0,1,13.2,17.2,0.0,0.0,6.7,9.2,0.0,0.0,1.0,1.0,-0.7818314824680299,0.6234898018587334,-0.2426868445825954,0.9701046827361175,69.55452991882686,77.43136745327044,77.79226838240135,76.51100405925867,80.80209656543715,459,67.23335346292804,69.55452991882686,67.23335346292804,69.55452991882686,67.23335346292804,69.55452991882686,67.23335346292804,entity_001,2023-12-17
2023-12-18,65.38573606037856,13.5,0.0,14.9,0,0,12.1,16.9,0.0,0.0,7.0,6.2,0.0,0.0,1.0,0.0,0.0,1.0,-0.22596360824801906,0.974135744004672,67.23335346292804,68.02334832931983,89.93461956542428,76.13420230655278,79.04860488650532,460,65.38573606037856,67.23335346292804,65.38573606037856,67.23335346292804,65.38573606037856,67.23335346292804,65.38573606037856,entity_001,2023-12-18
2023-12-19,79.59186936634646,11.6,0.0,9.1,0,0,13.5,16.1,0.0,0.0,14.9,6.8,0.0,0.0,0.0,0.0,0.7818314824680298,0.6234898018587336,-0.20917350564635637,0.9778785428342386,65.38573606037856,94.08232535925418,69.10579069458687,74.06413716470881,79.79761050591671,461,79.59186936634646,65.38573606037856,79.59186936634646,65.38573606037856,79.59186936634646,65.38573606037856,79.59186936634646,entity_001,2023-12-19
2023-12-20,66.84113202820028,12.1,4.5,8.3,0,0,11.6,15.4,0.0,1.6,9.1,9.5,0.0,0.0,0.0,0.0,0.9749279121818236,-0.22252093395631434,-0.19232150523909483,0.9813319716704275,79.59186936634646,89.96342883335768,94.1784393081639,70.76095190682919,77.84494570020502,462,66.84113202820028,79.59186936634646,66.84113202820028,79.59186936634646,66.84113202820028,79.59186936634646,66.84113202820028,entity_001,2023-12-20
2023-12-21,68.21075007583543,13.0,0.6,7.0,0,0,12.1,14.0,4.5,0.0,8.3,15.6,0.0,0.0,0.0,0.0,0.43388373911755823,-0.900968867902419,-0.17541259380427843,0.9844950085880858,66.84113202820028,77.20290017469716,95.56858705883832,69.47635903556322,75.8908144871334,463,68.21075007583543,66.84113202820028,68.21075007583543,66.84113202820028,68.21075007583543,66.84113202820028,68.21075007583543,entity_001,2023-12-21
2023-12-22,69.9764783303497,12.7,0.0,6.6,0,0,13.0,11.9,0.6,0.0,7.0,7.8,0.0,0.0,0.0,0.0,-0.433883739117558,-0.9009688679024191,-0.15845177496083632,0.9873667175937016,68.21075007583543,69.51714233642694,81.01434316863612,69.54197846326647,75.10239557011293,464,69.9764783303497,68.21075007583543,69.9764783303497,68.21075007583543,69.9764783303497,68.21075007583543,69.9764783303497,entity_001,2023-12-22
2023-12-23,80.57506341488302,13.1,0.0,7.8,0,1,12.7,13.2,0.0,0.0,6.6,6.7,0.0,0.0,0.0,1.0,-0.9749279121818236,-0.2225209339563146,-0.14144406768794202,0.9899462489023779,69.9764783303497,69.55452991882686,88.41917625238949,71.1163403912745,74.54210179600533,465,80.57506341488302,69.9764783303497,80.57506341488302,69.9764783303497,80.57506341488302,69.9764783303497,80.57506341488302,entity_001,2023-12-23
2023-12-24,78.69170312970793,11.8,0.0,7.3,0,1,13.1,12.1,0.0,0.0,7.8,7.0,0.0,0.0,1.0,1.0,-0.7818314824680299,0.6234898018587334,-0.12439450483979998,0.9922328391893008,80.57506341488302,67.23335346292804,77.43136745327044,72.75324748652876,74.63212577289372,466,78.69170312970793,80.57506341488302,78.69170312970793,80.57506341488302,78.69170312970793,80.57506341488302,78.69170312970793,entity_001,2023-12-24
2023-12-25,71.4230114585199,12.1,0.0,8.9,0,0,11.8,13.5,0.0,0.0,7.3,14.9,0.0,0.0,1.0,0.0,0.0,1.0,-0.10730813165636247,0.9942258118156161,78.69170312970793,65.38573606037856,68.02334832931983,73.61571540054896,74.87495885355087,467,71.4230114585199,78.69170312970793,71.4230114585199,78.69170312970793,71.4230114585199,78.69170312970793,71.4230114585199,entity_001,2023-12-25
2023-12-26,81.75503476334606,12.9,0.0,11.6,0,0,12.1,11.6,0.0,0.0,8.9,9.1,0.0,0.0,0.0,0.0,0.7818314824680298,0.6234898018587336,-0.09019000427034513,0.9959245770286599,71.4230114585199,79.59186936634646,94.08232535925418,73.92473902869176,73.99443809670028,468,81.75503476334606,71.4230114585199,81.75503476334606,71.4230114585199,81.75503476334606,71.4230114585199,81.75503476334606,entity_001,2023-12-26
2023-12-27,68.76865789174343,11.9,0.0,9.9,0,0,12.9,12.1,0.0,4.5,11.6,8.3,0.0,0.0,0.0,0.0,0.9749279121818236,-0.22252093395631434,-0.07304518821104743,0.9973286321364752,81.75503476334606,66.84113202820028,89.96342883335768,74.20009986634078,72.48052588658499,469,68.76865789174343,81.75503476334606,68.76865789174343,81.75503476334606,68.76865789174343,81.75503476334606,68.76865789174343,entity_001,2023-12-27
2023-12-28,79.69494971968221,11.2,0.0,6.0,0,0,11.9,13.0,0.0,0.6,9.9,7.0,0.0,0.0,0.0,0.0,0.43388373911755823,-0.900968867902419,-0.05587875690537313,0.9984375616565666,68.76865789174343,68.21075007583543,77.20290017469716,75.84069981546175,72.65852942551248,470,79.69494971968221,68.76865789174343,79.69494971968221,68.76865789174343,79.69494971968221,68.76865789174343,79.69494971968221,entity_001,2023-12-28
2023-12-29,74.17950216241977,14.1,0.0,10.3,0,0,11.2,12.7,0.0,0.0,6.0,6.6,0.0,0.0,0.0,0.0,-0.433883739117558,-0.9009688679024191,-0.03869579017652689,0.9992510374388481,79.69494971968221,69.9764783303497,69.51714233642694,76.44113179147176,72.99155512736912,471,74.17950216241977,79.69494971968221,74.17950216241977,79.69494971968221,74.17950216241977,79.69494971968221,74.17950216241977,entity_001,2023-12-29
2023-12-30,71.14133420149965,13.9,0.0,9.0,0,1,14.1,13.1,0.0,0.0,10.3,7.8,0.0,0.0,0.0,1.0,-0.9749279121818236,-0.2225209339563146,-0.021501372740813793,0.999768818762748,74.17950216241977,80.57506341488302,69.55452991882686,75.09345618955986,73.10489829041717,472,71.14133420149965,74.17950216241977,71.14133420149965,74.17950216241977,71.14133420149965,74.17950216241977,71.14133420149965,entity_001,2023-12-30
2023-12-31,67.72846387195744,12.3,0.0,6.3,0,1,13.9,11.8,0.0,0.0,9.0,7.3,0.0,0.0,1.0,1.0,-0.7818314824680299,0.6234898018587334,-0.004300592702981974,0.9999907524084426,71.14133420149965,78.69170312970793,67.23335346292804,73.52727915273836,73.14026331963356,473,67.72846387195744,71.14133420149965,67.72846387195744,71.14133420149965,67.72846387195744,71.14133420149965,67.72846387195744,entity_001,2023-12-31
2024-01-01,70.198193263857,14.1,0.2,7.3,1,0,12.3,12.1,0.0,0.0,6.3,8.9,0.0,0.0,1.0,0.0,0.0,1.0,0.017201575418260506,0.9998520419557735,67.72846387195744,71.4230114585199,65.38573606037856,73.35230512492936,73.48401026273916,474,70.198193263857,67.72846387195744,70.198193263857,67.72846387195744,70.198193263857,67.72846387195744,70.198193263857,entity_001,2024-01-01
2024-01-02,57.63862484278861,13.7,0.0,7.2,0,0,14.1,12.9,0.2,0.0,7.3,11.6,1.0,0.0,0.0,0.0,0.7818314824680298,0.6234898018587336,0.03439806061360801,0.9994082116062598,70.198193263857,81.75503476334606,79.59186936634646,69.90710370770687,71.91592136819932,475,57.63862484278861,70.198193263857,57.63862484278861,70.198193263857,57.63862484278861,70.198193263857,57.63862484278861,entity_001,2024-01-02
2024-01-03,55.22948537940108,15.4,0.0,7.8,0,0,13.7,11.9,0.0,0.0,7.2,9.9,0.0,0.0,0.0,0.0,0.9749279121818236,-0.22252093395631434,0.051584366869408364,0.9986686402879997,57.63862484278861,68.76865789174343,66.84113202820028,67.97293620594368,71.08651803614222,476,55.22948537940108,57.63862484278861,55.22948537940108,57.63862484278861,55.22948537940108,57.63862484278861,55.22948537940108,entity_001,2024-01-03
2024-01-04,74.83024173010205,15.8,2.2,13.3,0,0,15.4,11.2,0.0,0.0,7.8,6.0,0.0,0.0,0.0,0.0,0.43388373911755823,-0.900968867902419,0.06875540848113941,0.9976335468520451,55.22948537940108,79.69494971968221,68.21075007583543,67.27797792171795,71.55933886858985,477,74.83024173010205,55.22948537940108,74.83024173010205,55.22948537940108,74.83024173010205,55.22948537940108,74.83024173010205,entity_001,2024-01-04
2024-01-05,81.662678574852,15.0,1.9,11.4,0,0,15.8,14.1,2.2,0.0,13.3,10.3,0.0,0.0,0.0,0.0,-0.433883739117558,-0.9009688679024191,0.08590610426133272,0.9963032375991965,74.83024173010205,74.17950216241977,69.9764783303497,68.34700312349398,72.39406745748286,478,81.662678574852,74.83024173010205,81.662678574852,74.83024173010205,81.662678574852,74.83024173010205,81.662678574852,entity_001,2024-01-05
2024-01-06,86.68301718552546,13.0,0.0,12.6,0,1,15.0,13.9,1.9,0.0,11.4,9.0,0.0,0.0,0.0,1.0,-0.9749279121818236,-0.2225209339563146,0.10303137904317879,0.9946781061893646,81.662678574852,71.14133420149965,80.57506341488302,70.56724354978338,72.83034986967161,479,86.68301718552546,81.662678574852,86.68301718552546,81.662678574852,86.68301718552546,81.662678574852,86.68301718552546,entity_001,2024-01-06
2024-01-07,67.37334617693904,11.0,0.0,10.3,0,1,13.0,12.3,0.0,0.0,12.6,6.3,0.0,0.0,1.0,1.0,-0.7818314824680299,0.6234898018587334,0.1201261651823505,0.9927586335250793,86.68301718552546,67.72846387195744,78.69170312970793,70.51651245049503,72.0218958016167,480,67.37334617693904,86.68301718552546,67.37334617693904,86.68301718552546,67.37334617693904,86.68301718552546,67.37334617693904,entity_001,2024-01-07
2024-01-08,77.65760589565903,10.7,0.0,5.6,0,0,11.0,14.1,0.0,0.2,10.3,7.3,0.0,1.0,1.0,0.0,0.0,1.0,0.13718540405660057,0.9905453876091833,67.37334617693904,70.198193263857,71.4230114585199,71.58214282646675,72.46722397569806,481,77.65760589565903,67.37334617693904,77.65760589565903,67.37334617693904,77.65760589565903,67.37334617693904,77.65760589565903,entity_001,2024-01-08
2024-01-09,77.10392339005952,14.9,2.2,10.9,0,0,10.7,13.7,0.0,0.0,5.6,7.2,0.0,0.0,0.0,0.0,0.7818314824680298,0.6234898018587336,0.1542040475626894,0.988039023376751,77.65760589565903,57.63862484278861,81.75503476334606,74.36289976179117,72.13500173474901,482,77.10392339005952,77.65760589565903,77.10392339005952,77.65760589565903,77.10392339005952,77.65760589565903,77.10392339005952,entity_001,2024-01-09
2024-01-10,68.19730550735113,15.4,1.6,7.4,0,0,14.9,15.4,2.2,0.0,10.9,7.8,0.0,0.0,0.0,0.0,0.9749279121818236,-0.22252093395631434,0.17117705961019986,0.985240282501282,77.10392339005952,55.22948537940108,68.76865789174343,76.21544549435546,72.09419085014957,483,68.19730550735113,77.10392339005952,68.19730550735113,77.10392339005952,68.19730550735113,77.10392339005952,68.19730550735113,entity_001,2024-01-10
2024-01-11,53.7244516165086,14.1,0.0,8.8,1,0,15.4,15.8,1.6,2.2,7.4,13.3,0.0,0.0,0.0,0.0,0.43388373911755823,-0.900968867902419,0.18809941761179758,0.9821499931752291,68.19730550735113,74.83024173010205,79.69494971968221,73.20033262098498,70.23915527135145,484,53.7244516165086,68.19730550735113,53.7244516165086,68.19730550735113,53.7244516165086,68.19730550735113,53.7244516165086,entity_001,2024-01-11
2024-01-12,58.41087532359207,16.2,0.0,8.6,0,0,14.1,15.0,0.0,1.9,8.8,11.4,1.0,0.0,0.0,0.0,-0.433883739117558,-0.9009688679024191,0.20496611396949532,0.9787690698649216,53.7244516165086,81.662678574852,74.17950216241977,69.87864644223355,69.11282478286377,485,58.41087532359207,53.7244516165086,58.41087532359207,53.7244516165086,58.41087532359207,53.7244516165086,58.41087532359207,entity_001,2024-01-12
2024-01-13,70.86796979691991,18.3,0.0,13.6,1,1,16.2,13.0,0.0,0.0,8.6,12.6,0.0,0.0,0.0,1.0,-0.9749279121818236,-0.2225209339563146,0.22177215755648186,0.975098513039961,58.41087532359207,86.68301718552546,71.14133420149965,67.61935395814704,69.09329875396521,486,70.86796979691991,58.41087532359207,70.86796979691991,58.41087532359207,70.86796979691991,58.41087532359207,70.86796979691991,entity_001,2024-01-13
2024-01-14,60.54611392757675,16.6,0.0,8.9,0,1,18.3,11.0,0.0,0.0,13.6,10.3,1.0,0.0,1.0,1.0,-0.7818314824680299,0.6234898018587334,0.23851257519407648,0.9711394088771653,70.86796979691991,67.37334617693904,67.72846387195744,66.644035065381,68.58027375793802,487,60.54611392757675,70.86796979691991,60.54611392757675,70.86796979691991,60.54611392757675,70.86796979691991,60.54611392757675,entity_001,2024-01-14
2024-01-15,59.38073255129127,17.5,0.0,12.4,0,0,16.6,10.7,0.0,0.0,8.9,5.6,0.0,0.0,1.0,0.0,0.0,1.0,0.2551824131233728,0.9668929289391521,60.54611392757675,77.65760589565903,70.198193263857,64.03305315904275,67.80759799275475,488,59.38073255129127,60.54611392757675,59.38073255129127,60.54611392757675,59.38073255129127,60.54611392757675,59.38073255129127,entity_001,2024-01-15
2024-01-16,69.6658047160627,17.4,5.3,20.5,0,0,17.5,14.9,0.0,2.2,12.4,10.9,0.0,0.0,0.0,0.0,0.7818314824680298,0.6234898018587336,0.2717767384711357,0.9623603298276545,59.38073255129127,77.10392339005952,57.63862484278861,62.970464777043205,68.66668226941718,489,69.6658047160627,59.38073255129127,69.6658047160627,59.38073255129127,69.6658047160627,59.38073255129127,69.6658047160627,entity_001,2024-01-16
2024-01-17,72.31227349927501,19.3,0.4,21.1,0,0,17.4,15.4,5.3,1.6,20.5,7.4,0.0,0.0,0.0,0.0,0.9749279121818236,-0.22252093395631434,0.2882906407095177,0.9575429528116719,69.6658047160627,68.19730550735113,55.22948537940108,63.558317347318045,69.88688142083676,490,72.31227349927501,69.6658047160627,72.31227349927501,69.6658047160627,72.31227349927501,69.6658047160627,72.31227349927501,entity_001,2024-01-17
2024-01-18,67.13932813406937,17.2,0.0,11.1,0,0,19.3,14.1,0.4,0.0,21.1,8.8,0.0,1.0,0.0,0.0,0.43388373911755823,-0.900968867902419,0.3047192331091634,0.9524422234305676,72.31227349927501,53.7244516165086,74.83024173010205,65.47472827839816,69.33753044969156,491,67.13932813406937,72.31227349927501,67.13932813406937,72.31227349927501,67.13932813406937,72.31227349927501,67.13932813406937,entity_001,2024-01-18
2024-01-19,60.74178746829758,15.7,20.7,21.1,0,0,17.2,16.2,0.0,0.0,11.1,8.6,0.0,0.0,0.0,0.0,-0.433883739117558,-0.9009688679024191,0.321057654185271,0.9470596510722283,67.13932813406937,58.41087532359207,81.662678574852,65.80771572764179,67.84318108493768,492,60.74178746829758,67.13932813406937,60.74178746829758,67.13932813406937,60.74178746829758,67.13932813406937,60.74178746829758,entity_001,2024-01-19
2024-01-20,75.612842586075,14.3,0.4,10.1,0,1,15.7,18.3,20.7,0.0,21.1,13.6,0.0,1.0,0.0,1.0,-0.9749279121818236,-0.2225209339563146,0.3373010691361842,0.9413968285264122,60.74178746829758,70.86796979691991,86.68301718552546,66.4855546975211,67.05245432783407,493,75.612842586075,60.74178746829758,75.612842586075,60.74178746829758,75.612842586075,60.74178746829758,75.612842586075,entity_001,2024-01-20
2024-01-21,60.53537691840872,13.3,0.0,10.5,0,1,14.3,16.6,0.4,0.0,10.1,8.9,0.0,0.0,1.0,1.0,-0.7818314824680299,0.6234898018587334,0.3534446712740877,0.9354554315134164,75.612842586075,60.54611392757675,67.37334617693904,66.48402083906852,66.56402795222476,494,60.53537691840872,75.612842586075,60.53537691840872,75.612842586075,60.53537691840872,75.612842586075,60.53537691840872,entity_001,2024-01-21
2024-01-22,57.0673942096099,12.5,0.0,8.5,0,0,13.3,17.5,0.0,0.0,10.5,12.4,0.0,0.0,1.0,0.0,0.0,1.0,0.3694836834473831,0.9292372181882051,60.53537691840872,59.38073255129127,77.65760589565903,66.15354393311405,65.0932985460784,495,57.0673942096099,60.53537691840872,57.0673942096099,60.53537691840872,57.0673942096099,60.53537691840872,57.0673942096099,entity_001,2024-01-22
2024-01-23,70.06382187834514,12.9,0.0,5.5,0,0,12.5,17.4,0.0,5.3,8.5,20.5,0.0,0.0,0.0,0.0,0.7818314824680298,0.6234898018587336,0.38541335945432564,0.9227440286201427,57.0673942096099,69.6658047160627,77.10392339005952,66.21040352772582,64.59043415238452,496,70.06382187834514,57.0673942096099,70.06382187834514,57.0673942096099,70.06382187834514,57.0673942096099,70.06382187834514,entity_001,2024-01-23
2024-01-24,69.81524821417513,12.9,0.0,5.0,0,0,12.9,19.3,0.0,0.4,5.5,21.1,0.0,0.0,0.0,0.0,0.9749279121818236,-0.22252093395631434,0.4012289854475009,0.9159777842484877,70.06382187834514,72.31227349927501,68.19730550735113,65.85368562985441,64.70600148858622,497,69.81524821417513,70.06382187834514,69.81524821417513,70.06382187834514,69.81524821417513,70.06382187834514,69.81524821417513,entity_001,2024-01-24
2024-01-25,63.10560108049557,14.0,0.0,6.3,0,0,12.9,17.2,0.0,0.0,5.0,11.1,0.0,0.0,0.0,0.0,0.43388373911755823,-0.900968867902419,0.4169258813287287,0.908940487313808,69.81524821417513,67.13932813406937,53.7244516165086,65.2774389079153,65.37608359315672,498,63.10560108049557,69.81524821417513,63.10560108049557,69.81524821417513,63.10560108049557,69.81524821417513,63.10560108049557,entity_001,2024-01-25
2024-01-26,54.3068194786988,13.6,0.0,5.2,0,0,14.0,15.7,0.0,20.7,6.3,21.1,0.0,0.0,0.0,0.0,-0.433883739117558,-0.9009688679024191,0.4324994021339788,0.901634220265486,63.10560108049557,60.74178746829758,58.41087532359207,64.35815776654404,65.08293674709292,499,54.3068194786988,63.10560108049557,54.3068194786988,63.10560108049557,54.3068194786988,63.10560108049557,54.3068194786988,entity_001,2024-01-26
2024-01-27,81.11344205335065,13.9,0.0,6.2,0,1,13.6,14.3,0.0,0.4,5.2,10.1,0.0,0.0,0.0,1.0,-0.9749279121818236,-0.2225209339563146,0.44794493940789115,0.8940611451454876,54.3068194786988,75.612842586075,70.86796979691991,65.14395769044056,65.81475619398083,500,81.11344205335065,54.3068194786988,81.11344205335065,54.3068194786988,81.11344205335065,54.3068194786988,81.11344205335065,entity_001,2024-01-27
2024-01-28,79.33785206791495,14.2,0.0,6.6,0,1,13.9,13.3,0.0,0.0,6.2,10.5,0.0,0.0,1.0,1.0,-0.7818314824680299,0.6234898018587334,0.4632579225674917,0.88622350294858,81.11344205335065,60.53537691840872,60.54611392757675,67.83002556894145,67.15702320400499,501,79.33785206791495,81.11344205335065,79.33785206791495,81.11344205335065,79.33785206791495,81.11344205335065,79.33785206791495,entity_001,2024-01-28
2024-01-29,53.97648263899238,15.4,0.0,6.7,0,0,14.2,12.5,0.0,0.0,6.6,8.5,0.0,0.0,1.0,0.0,0.0,1.0,0.4784338202547012,0.8781236129591848,79.33785206791495,57.0673942096099,59.38073255129127,67.38846677313894,66.7710053531265,502,53.97648263899238,79.33785206791495,53.97648263899238,79.33785206791495,53.97648263899238,79.33785206791495,53.97648263899238,entity_001,2024-01-29
2024-01-30,69.99961346528372,14.7,0.0,8.3,0,0,15.4,12.9,0.0,0.0,6.7,5.5,0.0,0.0,0.0,0.0,0.7818314824680298,0.6234898018587336,0.49346814167723735,0.8697638720650646,53.97648263899238,70.06382187834514,69.6658047160627,67.3792941427016,66.7948488352137,503,69.99961346528372,53.97648263899238,69.99961346528372,53.97648263899238,69.99961346528372,53.97648263899238,69.99961346528372,entity_001,2024-01-30
2024-01-31,60.753280194318464,14.0,0.0,6.5,0,0,14.7,12.9,0.0,0.0,8.3,5.0,0.0,0.0,0.0,0.0,0.9749279121818236,-0.22252093395631434,0.5083564379375122,0.8611467540480452,69.99961346528372,69.81524821417513,72.31227349927501,66.08472728272207,65.96920645628825,504,60.753280194318464,69.99961346528372,60.753280194318464,69.99961346528372,60.753280194318464,69.99961346528372,60.753280194318464,entity_001,2024-01-31
2024-02-01,65.067883083878,13.9,0.0,6.0,0,0,14.0,14.0,0.0,0.0,6.5,6.3,0.0,0.0,0.0,0.0,0.43388373911755823,-0.900968867902419,0.5230943033491326,0.8522748088519838,60.753280194318464,63.10560108049557,67.13932813406937,66.36505328320528,65.82124609556028,505,65.067883083878,60.753280194318464,65.067883083878,60.753280194318464,65.067883083878,60.753280194318464,65.067883083878,entity_001,2024-02-01
2024-02-02,69.08654823091793,13.5,0.0,6.0,0,0,13.9,13.6,0.0,0.0,6.0,5.2,0.0,0.0,0.0,0.0,-0.433883739117558,-0.9009688679024191,0.5376773767406141,0.8431506618282,65.067883083878,54.3068194786988,60.74178746829758,68.47644310495086,66.41730043574745,506,69.08654823091793,65.067883083878,69.08654823091793,65.067883083878,69.08654823091793,65.067883083878,69.08654823091793,entity_001,2024-02-02
2024-02-03,69.79772816449866,13.2,0.0,6.3,0,1,13.5,13.9,0.0,0.0,6.0,6.2,0.0,0.0,0.0,1.0,-0.9749279121818236,-0.2225209339563146,0.5521013427459208,0.8337770129585915,69.08654823091793,81.11344205335065,75.612842586075,66.85991254940059,66.00193511992057,507,69.79772816449866,69.08654823091793,69.79772816449866,69.08654823091793,69.79772816449866,69.08654823091793,69.79772816449866,entity_001,2024-02-03
2024-02-04,53.994591585877984,12.9,0.0,4.9,0,1,13.2,14.2,0.0,0.0,6.3,6.6,0.0,0.0,1.0,1.0,-0.7818314824680299,0.6234898018587334,0.5663619330814524,0.8241566360566663,69.79772816449866,79.33785206791495,60.53537691840872,63.23944676625245,65.53473616759695,508,53.994591585877984,69.79772816449866,53.994591585877984,69.79772816449866,53.994591585877984,69.79772816449866,53.994591585877984,entity_001,2024-02-04
2024-02-05,59.466875625743,13.8,0.0,5.1,0,0,12.9,15.4,0.0,0.0,4.9,6.7,0.0,0.0,1.0,0.0,0.0,1.0,0.580454927809098,0.8142923779467267,53.994591585877984,53.97648263899238,57.0673942096099,64.02378862150253,65.70612769732074,509,59.466875625743,53.994591585877984,59.466875625743,53.994591585877984,59.466875625743,53.994591585877984,59.466875625743,entity_001,2024-02-05
2024-02-06,74.0576059578128,14.3,0.0,7.2,0,0,13.8,14.7,0.0,0.0,5.1,8.3,0.0,0.0,0.0,0.0,0.7818314824680298,0.6234898018587336,0.5943761565849831,0.804187157621448,59.466875625743,69.99961346528372,70.06382187834514,64.60350183472097,65.99139798871128,510,74.0576059578128,59.466875625743,74.0576059578128,59.466875625743,74.0576059578128,59.466875625743,74.0576059578128,entity_001,2024-02-06
2024-02-07,70.39921722395378,13.5,0.0,7.6,0,0,14.3,14.0,0.0,0.0,7.2,6.5,0.0,0.0,0.0,0.0,0.9749279121818236,-0.22252093395631434,0.6081214998935418,0.7938439653781019,74.0576059578128,60.753280194318464,69.81524821417513,65.9814928389546,66.03311006083834,511,70.39921722395378,74.0576059578128,70.39921722395378,74.0576059578128,70.39921722395378,74.0576059578128,70.39921722395378,entity_001,2024-02-07
2024-02-08,75.60292845887767,18.4,0.4,20.6,0,0,13.5,13.9,0.0,0.0,7.6,6.0,0.0,0.0,0.0,0.0,0.43388373911755823,-0.900968867902419,0.6216868902665479,0.7832658619336791,70.39921722395378,65.067883083878,63.10560108049557,67.4864993210974,66.92577630215133,512,75.60292845887767,70.39921722395378,75.60292845887767,70.39921722395378,75.60292845887767,70.39921722395378,75.60292845887767,entity_001,2024-02-08
2024-02-09,63.7940810677781,17.3,20.2,35.0,0,0,18.4,13.5,0.4,0.0,20.6,6.0,0.0,0.0,0.0,0.0,-0.433883739117558,-0.9009688679024191,0.6350683134867438,0.7724559775191742,75.60292845887767,69.08654823091793,54.3068194786988,66.730432583506,67.60343784422844,513,63.7940810677781,75.60292845887767,63.7940810677781,75.60292845887767,63.7940810677781,75.60292845887767,63.7940810677781,entity_001,2024-02-09
2024-02-10,73.85900948124497,16.0,1.2,17.7,0,1,17.3,13.2,20.2,0.0,35.0,6.3,0.0,0.0,0.0,1.0,-0.9749279121818236,-0.2225209339563146,0.6482618097757122,0.7614175109532997,63.7940810677781,69.79772816449866,81.11344205335065,67.31061562875547,67.08526408907802,514,73.85900948124497,63.7940810677781,73.85900948124497,63.7940810677781,73.85900948124497,63.7940810677781,73.85900948124497,entity_001,2024-02-10
2024-02-11,69.26392410146417,16.5,0.0,14.4,0,1,16.0,12.9,1.2,0.0,17.7,4.9,0.0,0.0,1.0,1.0,-0.7818314824680299,0.6234898018587334,0.6612634749656386,0.7501537286959042,73.85900948124497,53.994591585877984,79.33785206791495,69.49194884526779,66.36569780576012,515,69.26392410146417,73.85900948124497,69.26392410146417,73.85900948124497,69.26392410146417,73.85900948124497,69.26392410146417,entity_001,2024-02-11
2024-02-12,60.1773392855767,17.3,0.0,8.5,0,0,16.5,13.8,0.0,0.0,14.4,5.1,0.0,0.0,1.0,0.0,0.0,1.0,0.6740694616546162,0.7386679638813748,69.26392410146417,59.466875625743,53.97648263899238,69.59344365381546,66.808616137659,516,60.1773392855767,69.26392410146417,60.1773392855767,69.26392410146417,60.1773392855767,69.26392410146417,60.1773392855767,entity_001,2024-02-12
2024-02-13,70.92936200382672,16.0,0.0,10.3,0,0,17.3,14.3,0.0,0.0,8.5,7.2,0.0,0.0,0.0,0.0,0.7818314824680298,0.6234898018587336,0.6866759803451553,0.726963615332308,60.1773392855767,74.0576059578128,69.99961346528372,69.14655166038888,66.87502674755493,517,70.92936200382672,60.1773392855767,70.92936200382672,60.1773392855767,70.92936200382672,60.1773392855767,70.92936200382672,entity_001,2024-02-13
2024-02-14,74.28549711838365,21.2,0.0,8.7,0,0,16.0,13.5,0.0,0.0,10.3,7.6,0.0,0.0,0.0,0.0,0.9749279121818236,-0.22252093395631434,0.6990793005655562,0.7150441465537444,70.92936200382672,70.39921722395378,60.753280194318464,69.7017345024503,67.84161367070244,518,74.28549711838365,70.92936200382672,74.28549711838365,70.92936200382672,74.28549711838365,70.92936200382672,74.28549711838365,entity_001,2024-02-14
2024-02-15,68.58439212179839,18.5,1.1,13.7,0,0,21.2,18.4,0.0,0.4,8.7,20.6,0.0,0.0,0.0,0.0,0.43388373911755823,-0.900968867902419,0.7112757519738152,0.7029130847082615,74.28549711838365,75.60292845887767,65.067883083878,68.69908645429611,68.09279288769675,519,68.58439212179839,74.28549711838365,68.58439212179839,74.28549711838365,68.58439212179839,74.28549711838365,68.58439212179839,entity_001,2024-02-15
2024-02-16,80.7675553928235,16.7,0.0,13.3,0,0,18.5,17.3,1.1,20.2,13.7,35.0,0.0,0.0,0.0,0.0,-0.433883739117558,-0.9009688679024191,0.7232617254437388,0.6905740195722293,68.58439212179839,63.7940810677781,69.08654823091793,71.12386850073116,68.92715054211858,520,80.7675553928235,68.58439212179839,80.7675553928235,68.58439212179839,80.7675553928235,68.58439212179839,80.7675553928235,entity_001,2024-02-16
2024-02-17,77.08994013593842,15.7,0.0,14.0,0,1,16.7,16.0,0.0,1.2,13.3,17.7,0.0,0.0,0.0,1.0,-0.9749279121818236,-0.2225209339563146,0.7350336741329412,0.6780306024735382,80.7675553928235,73.85900948124497,69.79772816449866,71.58543002283022,69.44802282579285,521,77.08994013593842,80.7675553928235,77.08994013593842,80.7675553928235,77.08994013593842,80.7675553928235,77.08994013593842,entity_001,2024-02-17
2024-02-18,68.05076495429063,16.1,0.0,17.8,0,1,15.7,16.5,0.0,0.0,14.0,14.4,0.0,0.0,1.0,1.0,-0.7818314824680299,0.6234898018587334,0.746588114532413,0.6652865452111116,77.08994013593842,69.26392410146417,53.994591585877984,71.412121573234,70.4520352092509,522,68.05076495429063,77.08994013593842,68.05076495429063,77.08994013593842,68.05076495429063,77.08994013593842,68.05076495429063,entity_001,2024-02-18
2024-02-19,52.93175696235208,15.0,0.0,6.6,0,0,16.1,17.3,0.0,0.0,17.8,8.5,0.0,0.0,1.0,0.0,0.0,1.0,0.7579216274973472,0.6523456189565257,68.05076495429063,60.1773392855767,59.466875625743,70.37703838420191,69.98524101900868,523,52.93175696235208,68.05076495429063,52.93175696235208,68.05076495429063,52.93175696235208,68.05076495429063,52.93175696235208,entity_001,2024-02-19
2024-02-20,69.58022301905584,16.8,0.0,7.8,0,0,15.0,16.0,0.0,0.0,6.6,10.3,0.0,0.0,0.0,0.0,0.7818314824680298,0.6234898018587336,0.7690308592589181,0.6392116531380588,52.93175696235208,70.92936200382672,74.0576059578128,70.18430424352036,69.66542795195461,524,69.58022301905584,52.93175696235208,69.58022301905584,52.93175696235208,69.58022301905584,52.93175696235208,69.58022301905584,entity_001,2024-02-20
2024-02-21,73.19397935349582,15.8,0.0,6.7,0,0,16.8,21.2,0.0,0.0,7.8,8.7,0.0,0.0,0.0,0.0,0.9749279121818236,-0.22252093395631434,0.7799125224167177,0.6258885343075018,69.58022301905584,74.28549711838365,70.39921722395378,70.02837313425066,69.86505381835048,525,73.19397935349582,69.58022301905584,73.19397935349582,69.58022301905584,73.19397935349582,69.58022301905584,73.19397935349582,entity_001,2024-02-21
2024-02-22,66.64059904169471,15.6,0.2,8.9,0,0,15.8,18.5,0.0,1.1,6.7,13.7,0.0,0.0,0.0,0.0,0.43388373911755823,-0.900968867902419,0.7905633969115482,0.612380204990065,73.19397935349582,68.58439212179839,75.60292845887767,69.75068840852157,69.22488743140885,526,66.64059904169471,73.19397935349582,66.64059904169471,73.19397935349582,66.64059904169471,73.19397935349582,66.64059904169471,entity_001,2024-02-22
2024-02-23,55.60921330200821,14.9,6.2,12.6,0,0,15.6,16.7,0.2,0.0,8.9,13.3,0.0,0.0,0.0,0.0,-0.433883739117558,-0.9009688679024191,0.8009803309782905,0.5986906625177214,66.64059904169471,80.7675553928235,63.7940810677781,66.1566395384051,68.64025401956813,527,55.60921330200821,66.64059904169471,55.60921330200821,66.64059904169471,55.60921330200821,66.64059904169471,55.60921330200821,entity_001,2024-02-23
2024-02-24,69.7014262256418,13.9,3.8,8.1,0,1,14.9,15.7,6.2,0.0,12.6,14.0,0.0,0.0,0.0,1.0,-0.9749279121818236,-0.2225209339563146,0.8111602420785621,0.5848239578463322,55.60921330200821,77.08994013593842,73.85900948124497,65.10113755121986,68.34328378702504,528,69.7014262256418,55.60921330200821,69.7014262256418,55.60921330200821,69.7014262256418,55.60921330200821,69.7014262256418,entity_001,2024-02-24
2024-02-25,67.6109074463652,13.5,0.0,7.7,0,1,13.9,16.1,3.8,0.0,8.1,17.8,0.0,0.0,1.0,1.0,-0.7818314824680299,0.6234898018587334,0.8211001178128892,0.5707841943569036,69.7014262256418,68.05076495429063,69.26392410146417,65.03830076437337,68.22521116880368,529,67.6109074463652,69.7014262256418,67.6109074463652,69.7014262256418,67.6109074463652,69.7014262256418,67.6109074463652,entity_001,2024-02-25
2024-02-26,58.68414189811576,14.2,4.7,17.4,0,0,13.5,15.0,0.0,0.0,7.7,6.6,0.0,0.0,1.0,0.0,0.0,1.0,0.8307970168121247,0.5565755266413303,67.6109074463652,52.93175696235208,60.1773392855767,65.86007004091105,68.11855421255648,530,58.68414189811576,67.6109074463652,58.68414189811576,67.6109074463652,58.68414189811576,67.6109074463652,58.68414189811576,entity_001,2024-02-26
2024-02-27,68.49268183202467,13.3,0.3,17.3,0,0,14.2,16.8,4.7,0.0,17.4,7.8,0.0,0.0,0.0,0.0,0.7818314824680298,0.6234898018587336,0.8402480696078469,0.5422021592729844,58.68414189811576,69.58022301905584,70.92936200382672,65.70470701419231,67.94450562885633,531,68.49268183202467,58.68414189811576,68.49268183202467,58.68414189811576,68.49268183202467,58.68414189811576,68.49268183202467,entity_001,2024-02-27
2024-02-28,73.18932963333525,12.0,0.0,9.9,0,0,13.3,15.8,0.3,0.0,17.3,6.7,0.0,0.0,0.0,0.0,0.9749279121818236,-0.22252093395631434,0.8494504794814806,0.527668345562516,68.49268183202467,73.19397935349582,74.28549711838365,65.70404276845508,67.86620795135288,532,73.18932963333525,68.49268183202467,73.18932963333525,68.49268183202467,73.18932963333525,68.49268183202467,73.18932963333525,entity_001,2024-02-28
2024-02-29,73.256970495574,13.1,0.1,10.7,0,0,12.0,15.6,0.0,0.2,9.9,8.9,0.0,0.0,0.0,0.0,0.43388373911755823,-0.900968867902419,0.8584015232918917,0.512978386299228,73.18932963333525,66.64059904169471,68.58439212179839,66.64923869043784,68.1999635494797,533,73.256970495574,73.18932963333525,73.256970495574,73.18932963333525,73.256970495574,73.18932963333525,73.256970495574,entity_001,2024-02-29
2024-03-01,80.1534265652551,13.3,0.3,14.7,0,0,13.1,14.9,0.1,6.2,10.7,12.6,0.0,0.0,0.0,0.0,-0.433883739117558,-0.9009688679024191,0.8670985522812081,0.4981366284784055,73.256970495574,55.60921330200821,80.7675553928235,70.15555487090168,68.15609720465339,534,80.1534265652551,73.256970495574,80.1534265652551,73.256970495574,80.1534265652551,73.256970495574,80.1534265652551,entity_001,2024-03-01
2024-03-02,84.66301702623242,13.5,0.0,9.3,0,1,13.3,13.9,0.3,3.8,14.7,8.1,0.0,0.0,0.0,1.0,-0.9749279121818236,-0.2225209339563146,0.8755389928586302,0.4831474640149687,80.1534265652551,69.7014262256418,77.08994013593842,72.29292498527177,68.69703126824582,535,84.66301702623242,80.1534265652551,84.66301702623242,80.1534265652551,84.66301702623242,80.1534265652551,84.66301702623242,entity_001,2024-03-02
2024-03-03,68.94651030127588,14.1,2.8,11.5,0,1,13.5,13.5,0.0,0.0,9.3,7.7,0.0,0.0,1.0,1.0,-0.7818314824680299,0.6234898018587334,0.8837203473619977,0.4680153284438345,84.66301702623242,67.6109074463652,68.05076495429063,72.48372539311616,68.76101307874477,536,68.94651030127588,84.66301702623242,68.94651030127588,84.66301702623242,68.94651030127588,84.66301702623242,68.94651030127588,entity_001,2024-03-03
2024-03-04,58.052519883435366,13.9,0.0,8.7,0,0,14.1,14.2,2.8,4.7,11.5,17.4,0.0,0.0,1.0,0.0,0.0,1.0,0.8916401947968874,0.45274469960737107,68.94651030127588,58.68414189811576,52.93175696235208,72.39349367673324,69.12678185882216,537,58.052519883435366,68.94651030127588,58.052519883435366,68.94651030127588,58.052519883435366,68.94651030127588,58.052519883435366,entity_001,2024-03-04
2024-03-05,68.23200455534061,14.4,0.7,13.5,0,0,13.9,13.3,0.0,0.3,8.7,17.3,0.0,0.0,0.0,0.0,0.7818314824680298,0.6234898018587336,0.8992961915530253,0.4373400963303323,58.052519883435366,68.49268183202467,69.58022301905584,72.35625406577837,69.03048053998535,538,68.23200455534061,58.052519883435366,68.23200455534061,58.052519883435366,68.23200455534061,58.052519883435366,68.23200455534061,entity_001,2024-03-05
2024-03-06,61.60651924976576,13.8,0.0,9.0,0,0,14.4,12.0,0.7,0.0,13.5,9.9,0.0,0.0,0.0,0.0,0.9749279121818236,-0.22252093395631434,0.9066860720977985,0.4218060770826634,68.23200455534061,73.18932963333525,73.19397935349582,70.7015668681256,68.20280481829033,539,61.60651924976576,68.23200455534061,61.60651924976576,68.23200455534061,61.60651924976576,68.23200455534061,61.60651924976576,entity_001,2024-03-06
2024-03-07,74.47672599186109,13.7,10.8,18.1,0,0,13.8,13.1,0.0,0.1,9.0,10.7,0.0,0.0,0.0,0.0,0.43388373911755823,-0.900968867902419,0.9138076496466615,0.4061472386305789,61.60651924976576,73.256970495574,66.64059904169471,70.87581765330945,68.76252817187365,540,74.47672599186109,61.60651924976576,74.47672599186109,61.60651924976576,74.47672599186109,61.60651924976576,74.47672599186109,entity_001,2024-03-07
2024-03-08,65.47213483668509,14.3,0.3,18.2,0,0,13.7,13.3,10.8,0.3,18.1,14.7,0.0,0.0,0.0,0.0,-0.433883739117558,-0.9009688679024191,0.9206588168102428,0.3903682146763026,74.47672599186109,80.1534265652551,55.60921330200821,68.77849026351375,69.4670225672077,541,65.47213483668509,74.47672599186109,65.47213483668509,74.47672599186109,65.47213483668509,74.47672599186109,65.47213483668509,entity_001,2024-03-08
2024-03-09,76.25138514031549,14.9,13.7,28.3,0,1,14.3,13.5,0.3,0.0,18.2,9.3,0.0,0.0,0.0,1.0,-0.9749279121818236,-0.2225209339563146,0.9272375462179537,0.374473674486883,65.47213483668509,84.66301702623242,69.7014262256418,67.57682856552562,69.93487677539869,542,76.25138514031549,65.47213483668509,76.25138514031549,65.47213483668509,76.25138514031549,65.47213483668509,76.25138514031549,entity_001,2024-03-09
2024-03-10,89.86950151127337,14.7,2.2,15.3,0,1,14.9,14.1,13.7,2.8,28.3,11.5,0.0,0.0,1.0,1.0,-0.7818314824680299,0.6234898018587334,0.9335418911179212,0.35846832151248087,76.25138514031549,68.94651030127588,67.6109074463652,70.56582730981097,71.52477635146356,543,89.86950151127337,76.25138514031549,89.86950151127337,76.25138514031549,89.86950151127337,76.25138514031549,89.86950151127337,entity_001,2024-03-10
2024-03-11,72.78894543048875,13.6,0.0,11.8,0,0,14.7,13.9,2.2,0.0,15.3,8.7,0.0,0.0,1.0,0.0,0.0,1.0,0.9395699859530622,0.342356891994542,89.86950151127337,58.052519883435366,58.68414189811576,72.67103095939002,72.53226231806164,544,72.78894543048875,89.86950151127337,72.78894543048875,89.86950151127337,72.78894543048875,89.86950151127337,72.78894543048875,entity_001,2024-03-11
2024-03-12,74.67478702233646,13.8,0.0,9.2,0,0,13.6,14.4,0.0,0.7,11.8,13.5,0.0,0.0,0.0,0.0,0.7818314824680298,0.6234898018587336,0.945320046913132,0.3261441535642696,72.78894543048875,68.23200455534061,68.49268183202467,73.59142845467514,72.97384126022676,545,74.67478702233646,72.78894543048875,74.67478702233646,72.78894543048875,74.67478702233646,72.78894543048875,74.67478702233646,entity_001,2024-03-12
2024-03-13,65.29156185477274,15.4,1.7,11.3,0,0,13.8,13.8,0.0,0.0,9.2,9.0,0.0,0.0,0.0,0.0,0.9749279121818236,-0.22252093395631434,0.9507903724625832,0.3098349038318025,74.67478702233646,61.60651924976576,73.18932963333525,74.11786311253329,72.40971499032943,546,65.29156185477274,74.67478702233646,65.29156185477274,74.67478702233646,65.29156185477274,74.67478702233646,65.29156185477274,entity_001,2024-03-13
2024-03-14,66.438772323806,16.1,0.0,9.1,0,0,15.4,13.7,1.7,10.8,11.3,18.1,0.0,0.0,0.0,0.0,0.43388373911755823,-0.900968867902419,0.9559793438440766,0.2934339689665273,65.29156185477274,74.47672599186109,73.256970495574,72.96958401709684,71.92270083520314,547,66.438772323806,65.29156185477274,66.438772323806,65.29156185477274,66.438772323806,65.29156185477274,66.438772323806,entity_001,2024-03-14
2024-03-15,59.30151623095525,15.9,0.0,8.7,0,0,16.1,14.3,0.0,0.3,9.1,18.2,0.0,0.0,0.0,0.0,-0.433883739117558,-0.9009688679024191,0.9608854255574977,0.27694620226893646,66.438772323806,65.47213483668509,80.1534265652551,72.08806707342116,70.43327866846745,548,59.30151623095525,66.438772323806,59.30151623095525,66.438772323806,59.30151623095525,66.438772323806,59.30151623095525,entity_001,2024-03-15
2024-03-16,65.66331538286202,17.3,0.0,8.0,0,1,15.9,14.9,0.0,13.7,8.7,28.3,0.0,0.0,0.0,1.0,-0.9749279121818236,-0.2225209339563146,0.9655071658143364,0.2603764827344581,59.30151623095525,76.25138514031549,84.66301702623242,70.57548567949922,69.07615712251241,549,65.66331538286202,59.30151623095525,65.66331538286202,59.30151623095525,65.66331538286202,59.30151623095525,65.66331538286202,entity_001,2024-03-16
2024-03-17,66.77194164316941,20.3,0.0,8.7,0,1,17.3,14.7,0.0,2.2,8.0,15.3,0.0,0.0,1.0,1.0,-0.7818314824680299,0.6234898018587334,0.969843196967294,0.24372971360968387,65.66331538286202,89.86950151127337,68.94651030127588,67.2758342697701,68.92083078979053,550,66.77194164316941,65.66331538286202,66.77194164316941,65.66331538286202,66.77194164316941,65.66331538286202,66.77194164316941,entity_001,2024-03-17
2024-03-18,58.95413177638131,20.4,0.0,10.4,0,0,20.3,13.6,0.0,0.0,8.7,11.8,0.0,0.0,1.0,0.0,0.0,1.0,0.9738922359149924,0.22701082094141847,66.77194164316941,72.78894543048875,58.052519883435366,65.29943231918331,68.98523163928667,551,58.95413177638131,66.77194164316941,58.95413177638131,66.77194164316941,58.95413177638131,66.77194164316941,58.95413177638131,entity_001,2024-03-18
2024-03-19,70.16123771692637,18.5,0.0,9.5,0,0,20.4,13.8,0.0,0.0,10.4,9.2,0.0,0.0,0.0,0.0,0.7818314824680298,0.6234898018587336,0.9776530844816641,0.2102247521189836,58.95413177638131,74.67478702233646,68.23200455534061,64.65463956126759,69.12303400797137,552,70.16123771692637,58.95413177638131,70.16123771692637,58.95413177638131,70.16123771692637,58.95413177638131,70.16123771692637,entity_001,2024-03-19
2024-03-20,64.22156835325437,16.8,1.5,9.6,0,0,18.5,15.4,0.0,1.7,9.5,11.3,0.0,0.0,0.0,0.0,0.9749279121818236,-0.22252093395631434,0.981124629771712,0.19337647441020586,70.16123771692637,65.29156185477274,61.60651924976576,64.50178334676497,69.30982322964913,553,64.22156835325437,70.16123771692637,64.22156835325437,70.16123771692637,64.22156835325437,70.16123771692637,64.22156835325437,entity_001,2024-03-20
2024-03-21,60.39232895988213,15.5,2.0,5.1,0,0,16.8,16.1,1.5,0.0,9.6,9.1,0.0,0.0,0.0,0.0,0.43388373911755823,-0.900968867902419,0.984305844499033,0.17647097349152166,64.22156835325437,66.438772323806,74.47672599186109,63.63800572334726,68.30379487022205,554,60.39232895988213,64.22156835325437,60.39232895988213,64.22156835325437,60.39232895988213,64.22156835325437,60.39232895988213,entity_001,2024-03-21
2024-03-22,59.87884144936527,15.9,1.1,10.9,0,0,15.5,15.9,2.0,0.0,5.1,8.7,0.0,0.0,0.0,0.0,-0.433883739117558,-0.9009688679024191,0.9871957872910085,0.15951325197263655,60.39232895988213,59.30151623095525,65.47213483668509,63.720480754548696,67.90427391398492,555,59.87884144936527,60.39232895988213,59.87884144936527,60.39232895988213,59.87884144936527,60.39232895988213,59.87884144936527,entity_001,2024-03-22
2024-03-23,60.76064438407872,16.1,0.8,9.8,0,1,15.9,17.3,1.1,0.0,10.9,8.0,0.0,0.0,0.0,1.0,-0.9749279121818236,-0.2225209339563146,0.9897936029670716,0.14250832791617088,59.87884144936527,65.66331538286202,76.25138514031549,63.02009918329394,66.79779243139657,556,60.76064438407872,59.87884144936527,60.76064438407872,59.87884144936527,60.76064438407872,59.87884144936527,60.76064438407872,entity_001,2024-03-23
2024-03-24,60.22579435265839,17.5,1.0,16.9,0,1,16.1,20.3,0.8,0.0,9.8,8.7,0.0,0.0,1.0,1.0,-0.7818314824680299,0.6234898018587334,0.992098522791769,0.12546123335273648,60.76064438407872,66.77194164316941,89.86950151127337,62.08493528464951,64.6803847772098,557,60.22579435265839,60.76064438407872,60.22579435265839,60.76064438407872,60.22579435265839,60.76064438407872,60.22579435265839,entity_001,2024-03-24
2024-03-25,55.99107837560489,15.5,12.7,23.0,0,0,17.5,20.4,1.0,0.0,16.9,10.4,0.0,0.0,1.0,0.0,0.0,1.0,0.9941098647022418,0.10837701279187609,60.22579435265839,58.95413177638131,72.78894543048875,61.661641941681445,63.480537130432374,558,55.99107837560489,60.22579435265839,55.99107837560489,60.22579435265839,55.99107837560489,60.22579435265839,55.99107837560489,entity_001,2024-03-25
2024-03-26,61.91362906025299,13.5,8.8,24.2,0,0,15.5,18.5,12.7,0.0,23.0,9.5,0.0,0.0,0.0,0.0,0.7818314824680298,0.6234898018587336,0.9958270335100595,0.09126072172931188,55.99107837560489,70.16123771692637,74.67478702233646,60.483412133585254,62.56902584742642,559,61.91362906025299,55.99107837560489,61.91362906025299,55.99107837560489,61.91362906025299,55.99107837560489,61.91362906025299,entity_001,2024-03-26
2024-03-27,61.94642104737692,15.1,0.7,22.0,0,0,13.5,16.8,8.8,1.5,24.2,9.6,0.0,0.0,0.0,0.0,0.9749279121818236,-0.22252093395631434,0.9972495210773451,0.07411742515094437,61.91362906025299,64.22156835325437,65.29156185477274,60.15839108988847,62.33008721832672,560,61.94642104737692,61.91362906025299,61.94642104737692,61.91362906025299,61.94642104737692,61.91362906025299,61.94642104737692,entity_001,2024-03-27
2024-03-28,67.39317222893436,17.0,0.0,22.8,0,0,15.1,15.5,0.7,2.0,22.0,5.1,0.0,0.0,0.0,0.0,0.43388373911755823,-0.900968867902419,0.998376906467142,0.056952196034039754,61.94642104737692,60.39232895988213,66.438772323806,61.15851155689594,62.398258640121604,561,67.39317222893436,61.94642104737692,67.39317222893436,61.94642104737692,67.39317222893436,61.94642104737692,67.39317222893436,entity_001,2024-03-28
2024-03-29,59.90431612733049,15.1,13.4,25.8,0,0,17.0,15.9,0.0,1.1,22.8,10.9,0.0,0.0,0.0,0.0,-0.433883739117558,-0.9009688679024191,0.9992088560679753,0.03977011384605572,67.39317222893436,59.87884144936527,59.30151623095525,61.16215079660525,62.441315775576975,562,59.90431612733049,67.39317222893436,59.90431612733049,67.39317222893436,59.90431612733049,67.39317222893436,59.90431612733049,entity_001,2024-03-29
2024-03-30,61.95833456104543,14.8,15.7,30.8,0,1,15.1,16.1,13.4,0.8,25.8,9.8,0.0,0.0,0.0,1.0,-0.9749279121818236,-0.2225209339563146,0.9997451236925734,0.022576263041545485,59.90431612733049,60.76064438407872,65.66331538286202,61.33324939331478,62.17667428830436,563,61.95833456104543,59.90431612733049,61.95833456104543,59.90431612733049,61.95833456104543,59.90431612733049,61.95833456104543,entity_001,2024-03-30
2024-03-31,70.88568159726555,16.8,10.7,29.1,0,1,14.8,17.5,15.7,1.0,30.8,16.9,0.0,0.0,1.0,1.0,-0.7818314824680299,0.6234898018587334,0.9999855506507186,0.005375731557583884,61.95833456104543,60.22579435265839,66.77194164316941,62.85609042825866,62.470512856454086,564,70.88568159726555,61.95833456104543,70.88568159726555,61.95833456104543,70.88568159726555,61.95833456104543,70.88568159726555,entity_001,2024-03-31
2024-04-01,73.598152,15.4,1.4,9.5,0,0,16.8,15.5,10.7,12.7,29.1,23.0,0.0,0.0,1.0,0.0,0.0,1.0,0.9999300657962057,-0.011826390691832589,70.88568159726555,55.99107837560489,58.95413177638131,65.37138666031511,63.516514300998274,565,73.598152,70.88568159726555,73.598152,70.88568159726555,73.598152,70.88568159726555,73.598152,entity_001,2024-04-01
2024-04-02,60.15801257005912,15.0,0.0,7.8,0,0,15.4,13.5,1.4,8.8,9.5,24.2,0.0,0.0,0.0,0.0,0.7818314824680298,0.6234898018587336,0.9995786855478958,-0.029025013321975237,73.598152,61.91362906025299,70.16123771692637,65.12058430457311,62.80199821907918,566,60.15801257005912,73.598152,60.15801257005912,73.598152,60.15801257005912,73.598152,60.15801257005912,entity_001,2024-04-02
2024-04-03,63.69219091785505,15.2,0.0,11.1,0,0,15.0,15.1,0.0,0.7,7.8,22.0,0.0,0.0,0.0,0.0,0.9749279121818236,-0.22252093395631434,0.9989315138848577,-0.046215046983708354,60.15801257005912,61.94642104737692,64.22156835325437,65.36998000035571,62.76418554512209,567,63.69219091785505,60.15801257005912,63.69219091785505,60.15801257005912,63.69219091785505,60.15801257005912,63.69219091785505,entity_001,2024-04-03
2024-04-04,60.21391099555665,16.8,0.0,9.7,0,0,15.2,17.0,0.0,0.0,11.1,22.8,0.0,0.0,0.0,0.0,0.43388373911755823,-0.900968867902419,0.9979887423155984,-0.06339140486951038,63.69219091785505,67.39317222893436,60.39232895988213,64.34437125273033,62.75144140481313,568,60.21391099555665,63.69219091785505,60.21391099555665,63.69219091785505,60.21391099555665,63.69219091785505,60.21391099555665,entity_001,2024-04-04
2024-04-05,58.35304888464795,22.0,0.0,5.8,0,0,16.8,15.1,0.0,13.4,9.7,25.8,0.0,0.0,0.0,0.0,-0.433883739117558,-0.9009688679024191,0.9967506498213929,-0.08054900421874167,60.21391099555665,59.90431612733049,59.87884144936527,64.12276164663282,62.642456221619035,569,58.35304888464795,60.21391099555665,58.35304888464795,60.21391099555665,58.35304888464795,60.21391099555665,58.35304888464795,entity_001,2024-04-05
2024-04-06,55.02463833315008,19.7,0.0,8.0,0,1,22.0,14.8,0.0,15.7,5.8,30.8,0.0,0.0,0.0,1.0,-0.9749279121818236,-0.2225209339563146,0.9952176027737294,-0.09768276782171598,58.35304888464795,61.95833456104543,60.76064438407872,63.13223361407635,62.23274150369557,570,55.02463833315008,58.35304888464795,55.02463833315008,58.35304888464795,55.02463833315008,58.35304888464795,55.02463833315008,entity_001,2024-04-06
2024-04-07,61.040820177941896,17.8,0.7,11.7,0,1,19.7,16.8,0.0,10.7,8.0,29.1,0.0,0.0,1.0,1.0,-0.7818314824680299,0.6234898018587334,0.9933900548258936,-0.11478762552212701,55.02463833315008,70.88568159726555,60.22579435265839,61.72582483988725,62.29095763407296,571,61.040820177941896,55.02463833315008,61.040820177941896,55.02463833315008,61.040820177941896,55.02463833315008,61.040820177941896,entity_001,2024-04-07
2024-04-08,50.67767708386745,17.1,0.0,8.5,0,0,17.8,15.4,0.7,1.4,11.7,9.5,0.0,0.0,1.0,0.0,0.0,1.0,0.9912685467787256,-0.13185851571739118,61.040820177941896,73.598152,55.99107837560489,58.45147128043974,61.91142897037742,572,50.67767708386745,61.040820177941896,50.67767708386745,61.040820177941896,50.67767708386745,61.040820177941896,50.67767708386745,entity_001,2024-04-08
2024-04-09,44.88206298259226,16.6,0.4,20.4,0,0,17.1,15.0,0.0,0.0,8.5,7.8,0.0,0.0,0.0,0.0,0.7818314824680298,0.6234898018587336,0.9888537064205885,-0.1488903868564548,50.67767708386745,60.15801257005912,61.91362906025299,56.26919276794448,60.6948885362588,573,44.88206298259226,50.67767708386745,44.88206298259226,50.67767708386745,44.88206298259226,50.67767708386745,44.88206298259226,entity_001,2024-04-09
2024-04-10,45.427654431363685,17.7,0.0,14.5,1,0,16.6,15.2,0.4,0.0,20.4,11.1,0.0,0.0,0.0,0.0,0.9749279121818236,-0.22252093395631434,0.986146248341595,-0.16587819893463143,44.88206298259226,63.69219091785505,61.94642104737692,53.659973269874286,59.514976635115,574,45.427654431363685,44.88206298259226,45.427654431363685,44.88206298259226,45.427654431363685,44.88206298259226,45.427654431363685,entity_001,2024-04-10
2024-04-11,43.577302586811165,18.9,0.0,12.0,1,0,17.7,16.8,0.0,0.0,14.5,9.7,1.0,0.0,0.0,0.0,0.43388373911755823,-0.900968867902419,0.9831469737221499,-0.1828169249850199,45.427654431363685,60.21391099555665,67.39317222893436,51.28331492576778,57.81384308924906,575,43.577302586811165,45.427654431363685,43.577302586811165,45.427654431363685,43.577302586811165,45.427654431363685,43.577302586811165,entity_001,2024-04-11
2024-04-12,45.319080368348274,22.7,0.0,23.0,0,0,18.9,22.0,0.0,0.0,12.0,5.8,1.0,0.0,0.0,0.0,-0.433883739117558,-0.9009688679024191,0.9798567700958665,-0.1997015525660636,43.577302586811165,58.35304888464795,59.90431612733049,49.421319423439265,56.77204053503605,576,45.319080368348274,43.577302586811165,45.319080368348274,43.577302586811165,45.319080368348274,43.577302586811165,45.319080368348274,entity_001,2024-04-12
2024-04-13,45.43345758282619,22.0,0.0,19.5,0,1,22.7,19.7,0.0,0.0,23.0,8.0,0.0,0.0,0.0,1.0,-0.9749279121818236,-0.2225209339563146,0.9762766110869321,-0.21652708524481437,45.319080368348274,55.02463833315008,61.95833456104543,48.051150744821555,55.59169217944895,577,45.43345758282619,45.319080368348274,45.43345758282619,45.319080368348274,45.43345758282619,45.319080368348274,45.43345758282619,entity_001,2024-04-13
2024-04-14,52.9845201427163,21.7,0.0,12.3,0,1,22.0,17.8,0.0,0.7,19.5,11.7,0.0,0.0,1.0,1.0,-0.7818314824680299,0.6234898018587334,0.9724075561219968,-0.23328854407545518,45.43345758282619,61.040820177941896,70.88568159726555,46.90025073978933,54.31303778983829,578,52.9845201427163,45.43345758282619,52.9845201427163,45.43345758282619,52.9845201427163,45.43345758282619,52.9845201427163,entity_001,2024-04-14
2024-04-15,62.07567190476068,19.3,0.0,10.4,0,0,21.7,17.1,0.0,0.0,12.3,8.5,0.0,0.0,1.0,0.0,0.0,1.0,0.9682507501166718,-0.2499809690726521,52.9845201427163,50.67767708386745,73.598152,48.528535714202654,53.4900034973212,579,62.07567190476068,52.9845201427163,62.07567190476068,52.9845201427163,62.07567190476068,52.9845201427163,62.07567190476068,entity_001,2024-04-15
2024-04-16,59.36082928895527,19.2,0.0,7.9,0,0,19.3,16.6,0.0,0.4,10.4,20.4,0.0,0.0,0.0,0.0,0.7818314824680298,0.6234898018587336,0.9638074231367307,-0.26659942067929354,62.07567190476068,44.88206298259226,60.15801257005912,50.59693090082594,53.433061834385214,580,59.36082928895527,62.07567190476068,59.36082928895527,62.07567190476068,59.36082928895527,62.07567190476068,59.36082928895527,entity_001,2024-04-16
2024-04-17,62.56699864630036,17.9,0.0,7.1,0,0,19.2,17.7,0.0,0.0,7.9,14.5,0.0,1.0,0.0,0.0,0.9749279121818236,-0.22252093395631434,0.9590788900341131,-0.28313898122818354,59.36082928895527,45.427654431363685,63.69219091785505,53.04540864581689,53.35269095784559,581,62.56699864630036,59.36082928895527,62.56699864630036,59.36082928895527,62.56699864630036,59.36082928895527,62.56699864630036,entity_001,2024-04-17
2024-04-18,61.1263123638804,16.2,0.0,7.6,0,0,17.9,18.9,0.0,0.0,7.1,12.0,0.0,1.0,0.0,0.0,0.43388373911755823,-0.900968867902419,0.9540665500578387,-0.2995947563972602,62.56699864630036,43.577302586811165,60.21391099555665,55.55241004254107,53.41786248415443,582,61.1263123638804,62.56699864630036,61.1263123638804,62.56699864630036,61.1263123638804,62.56699864630036,61.1263123638804,entity_001,2024-04-18
2024-04-19,59.07984655992258,17.2,0.0,9.6,0,0,16.2,22.7,0.0,0.0,7.6,23.0,0.0,0.0,0.0,0.0,-0.433883739117558,-0.9009688679024191,0.9487718864399473,-0.31596187665790293,61.1263123638804,45.319080368348274,58.35304888464795,57.51823378419454,53.469776603816904,583,59.07984655992258,61.1263123638804,59.07984655992258,61.1263123638804,59.07984655992258,61.1263123638804,59.07984655992258,entity_001,2024-04-19
2024-04-20,57.25844205593725,17.5,0.2,10.3,0,1,17.2,22.0,0.0,0.0,9.6,19.5,0.0,0.0,0.0,1.0,-0.9749279121818236,-0.2225209339563146,0.9431964659565866,-0.33223549871590435,59.07984655992258,45.43345758282619,55.02463833315008,59.207517280353265,53.629334012587414,584,57.25844205593725,59.07984655992258,57.25844205593725,59.07984655992258,57.25844205593725,59.07984655992258,57.25844205593725,entity_001,2024-04-20
2024-04-21,63.15191264307076,16.8,0.0,8.6,0,1,17.5,21.7,0.2,0.0,10.3,12.3,0.0,0.0,1.0,1.0,-0.7818314824680299,0.6234898018587334,0.9373419384643772,-0.3484108069446808,57.25844205593725,52.9845201427163,61.040820177941896,60.66000192326105,53.78012633152519,585,63.15191264307076,57.25844205593725,63.15191264307076,57.25844205593725,63.15191264307076,57.25844205593725,63.15191264307076,entity_001,2024-04-21
2024-04-22,57.12559192812046,18.2,0.0,12.7,0,0,16.8,19.3,0.0,0.0,8.6,10.4,0.0,0.0,1.0,0.0,0.0,1.0,0.9312100364121947,-0.3644830148102912,63.15191264307076,62.07567190476068,50.67767708386745,59.95284764088387,54.24069167754327,586,57.12559192812046,63.15191264307076,57.12559192812046,63.15191264307076,57.12559192812046,63.15191264307076,57.12559192812046,entity_001,2024-04-22
2024-04-23,62.34475335429549,18.5,0.0,10.1,0,0,18.2,19.2,0.0,0.0,12.7,7.9,0.0,0.0,0.0,0.0,0.7818314824680298,0.6234898018587336,0.9248025743285089,-0.38044736628785164,57.12559192812046,59.36082928895527,44.88206298259226,60.379122507361046,55.48802670409349,587,62.34475335429549,57.12559192812046,62.34475335429549,57.12559192812046,62.34475335429549,57.12559192812046,62.34475335429549,entity_001,2024-04-23
2024-04-24,51.05071317838146,17.8,0.0,11.9,0,0,18.5,17.9,0.0,0.0,10.1,7.1,0.0,0.0,0.0,0.0,0.9749279121818236,-0.22252093395631434,0.9181214482844365,-0.39629913726891813,62.34475335429549,62.56699864630036,45.427654431363685,58.73393886908691,55.889673757451895,588,51.05071317838146,62.34475335429549,51.05071317838146,62.34475335429549,51.05071317838146,62.34475335429549,51.05071317838146,entity_001,2024-04-24
2024-04-25,68.68122480962603,17.4,0.0,11.3,0,0,17.8,16.2,0.0,0.0,11.9,7.6,0.0,0.0,0.0,0.0,0.43388373911755823,-0.900968867902419,0.9111686353326631,-0.41203363695942635,51.05071317838146,61.1263123638804,43.577302586811165,59.813212075622005,57.68281105908154,589,68.68122480962603,51.05071317838146,68.68122480962603,51.05071317838146,68.68122480962603,51.05071317838146,68.68122480962603,entity_001,2024-04-25
2024-04-26,60.347407066857805,17.0,0.6,9.7,0,0,17.4,17.2,0.0,0.0,11.3,9.6,0.0,0.0,0.0,0.0,-0.433883739117558,-0.9009688679024191,0.9039461929224011,-0.42764620926777464,68.68122480962603,59.07984655992258,45.319080368348274,59.99429214804132,58.75626296611792,590,60.347407066857805,68.68122480962603,60.347407066857805,68.68122480962603,60.347407066857805,68.68122480962603,60.347407066857805,entity_001,2024-04-26
2024-04-27,58.54462878769425,15.3,5.7,13.8,0,1,17.0,17.5,0.6,0.2,9.7,10.3,0.0,0.0,0.0,1.0,-0.9749279121818236,-0.2225209339563146,0.8964562582905575,-0.44313223418263453,60.347407066857805,57.25844205593725,45.43345758282619,60.17803310972089,59.69277519503708,591,58.54462878769425,60.347407066857805,58.54462878769425,60.347407066857805,58.54462878769425,60.347407066857805,58.54462878769425,entity_001,2024-04-27
2024-04-28,65.01871367950127,14.5,1.6,9.4,0,1,15.3,16.8,5.7,0.0,13.8,8.6,0.0,0.0,1.0,1.0,-0.7818314824680299,0.6234898018587334,0.8887010478292915,-0.45848712914008766,58.54462878769425,63.15191264307076,52.9845201427163,60.44471897206812,60.55236044766458,592,65.01871367950127,58.54462878769425,65.01871367950127,58.54462878769425,65.01871367950127,58.54462878769425,65.01871367950127,entity_001,2024-04-28
2024-04-29,61.29107038578008,14.5,2.6,9.4,0,0,14.5,18.2,1.6,0.0,9.4,12.7,0.0,0.0,1.0,0.0,0.0,1.0,0.8806828564301475,-0.47370635037968,65.01871367950127,57.12559192812046,62.07567190476068,61.039787323162344,60.49631748202311,593,61.29107038578008,65.01871367950127,61.29107038578008,65.01871367950127,61.29107038578008,65.01871367950127,61.29107038578008,entity_001,2024-04-29
2024-04-30,63.64730155965973,15.6,1.0,9.1,0,0,14.5,18.5,2.6,0.0,9.4,10.1,0.0,0.0,0.0,0.0,0.7818314824680298,0.6234898018587336,0.8724040568049612,-0.48878539428899265,61.29107038578008,62.34475335429549,59.36082928895527,61.22586563821437,60.8024940727877,594,63.64730155965973,61.29107038578008,63.64730155965973,61.29107038578008,63.64730155965973,61.29107038578008,63.64730155965973,entity_001,2024-04-30
2024-05-01,65.40877799143239,16.3,0.5,11.2,1,0,15.6,17.8,1.0,0.0,9.1,11.9,0.0,0.0,0.0,0.0,0.9749279121818236,-0.22252093395631434,0.8638670987837349,-0.503719798736334,63.64730155965973,51.05071317838146,62.56699864630036,63.277017754364515,61.00547831172571,595,65.40877799143239,63.64730155965973,65.40877799143239,63.64730155965973,65.40877799143239,63.64730155965973,65.40877799143239,entity_001,2024-05-01
2024-05-02,51.44913020957205,16.0,0.6,14.9,0,0,16.3,17.4,0.5,0.0,11.2,11.3,1.0,0.0,0.0,0.0,0.43388373911755823,-0.900968867902419,0.8550745085896932,-0.518505144391157,65.40877799143239,68.68122480962603,61.1263123638804,60.8152899543568,60.314251014989395,596,51.44913020957205,65.40877799143239,51.44913020957205,65.40877799143239,51.44913020957205,65.40877799143239,51.44913020957205,entity_001,2024-05-02
2024-05-03,68.78269290903465,15.8,0.0,14.4,0,0,16.0,17.0,0.6,0.6,14.9,9.7,0.0,0.0,0.0,0.0,-0.433883739117558,-0.9009688679024191,0.8460288880917339,-0.533137056031809,51.44913020957205,60.347407066857805,59.07984655992258,62.020330788953494,61.007311468497406,597,68.78269290903465,51.44913020957205,68.78269290903465,51.44913020957205,68.78269290903465,51.44913020957205,68.78269290903465,entity_001,2024-05-03
2024-05-04,66.16321734271293,16.5,0.0,10.6,0,1,15.8,15.3,0.0,5.7,14.4,13.8,0.0,0.0,0.0,1.0,-0.9749279121818236,-0.2225209339563146,0.8367329140344921,-0.5476112038402312,68.78269290903465,58.54462878769425,57.25844205593725,63.10870058252759,61.64336684612424,598,66.16321734271293,68.78269290903465,66.16321734271293,68.78269290903465,66.16321734271293,68.78269290903465,66.16321734271293,entity_001,2024-05-04
2024-05-05,65.94287980068337,17.5,0.0,11.5,0,1,16.5,14.5,0.0,1.6,10.6,9.4,0.0,0.0,1.0,1.0,-0.7818314824680299,0.6234898018587334,0.8271893372462497,-0.5619233046832195,66.16321734271293,65.01871367950127,63.15191264307076,63.24072431412503,61.84272164309657,599,65.94287980068337,66.16321734271293,65.94287980068337,66.16321734271293,65.94287980068337,66.16321734271293,65.94287980068337,entity_001,2024-05-05
2024-05-06,71.11357622415872,18.5,0.0,12.8,0,0,17.5,14.5,0.0,2.6,11.5,9.4,0.0,0.0,1.0,0.0,0.0,1.0,0.8174009818249189,-0.5760691233798758,65.94287980068337,61.29107038578008,57.12559192812046,64.6439394338934,62.84186337852787,600,71.11357622415872,65.94287980068337,71.11357622415872,65.94287980068337,71.11357622415872,65.94287980068337,71.11357622415872,entity_001,2024-05-06
2024-05-07,68.51194019436656,18.5,0.0,13.9,0,0,18.5,15.6,0.0,1.0,12.8,9.1,0.0,0.0,0.0,0.0,0.7818314824680298,0.6234898018587336,0.8073707443023492,-0.5900444739548627,71.11357622415872,63.64730155965973,62.34475335429549,65.3388878102801,63.282376724247236,601,68.51194019436656,71.11357622415872,68.51194019436656,71.11357622415872,68.51194019436656,71.11357622415872,68.51194019436656,entity_001,2024-05-07
2024-05-08,78.04748264509048,19.4,0.0,7.4,0,0,18.5,16.3,0.0,0.5,13.9,11.2,0.0,1.0,0.0,0.0,0.9749279121818236,-0.22252093395631434,0.7971015927871943,-0.6038452208771035,68.51194019436656,65.40877799143239,51.05071317838146,67.14441704651696,65.21071740044074,602,78.04748264509048,68.51194019436656,78.04748264509048,68.51194019436656,78.04748264509048,68.51194019436656,78.04748264509048,entity_001,2024-05-08
2024-05-09,85.7396222031554,19.8,0.0,7.1,0,0,19.4,16.0,0.0,0.6,7.4,14.9,0.0,0.0,0.0,0.0,0.43388373911755823,-0.900968867902419,0.7865965660866021,-0.6174672802835514,78.04748264509048,51.44913020957205,68.68122480962603,72.04305875988602,66.42917435712141,603,85.7396222031554,78.04748264509048,85.7396222031554,78.04748264509048,85.7396222031554,78.04748264509048,85.7396222031554,entity_001,2024-05-09
2024-05-10,75.19410490993229,20.4,0.0,9.2,0,0,19.8,15.8,0.0,0.0,7.1,14.4,0.0,0.0,0.0,0.0,-0.433883739117558,-0.9009688679024191,0.7758587728069828,-0.6309066211876704,85.7396222031554,68.78269290903465,60.347407066857805,72.95897476001426,67.48965277448387,604,75.19410490993229,85.7396222031554,75.19410490993229,85.7396222031554,75.19410490993229,85.7396222031554,75.19410490993229,entity_001,2024-05-10
2024-05-11,72.77628158866962,19.6,0.0,12.0,0,1,20.4,16.5,0.0,0.0,9.2,10.6,0.0,0.0,0.0,1.0,-0.9749279121818236,-0.2225209339563146,0.7648913904341226,-0.6441592666722685,75.19410490993229,66.16321734271293,58.54462878769425,73.90369822372236,68.50619940312497,605,72.77628158866962,75.19410490993229,72.77628158866962,75.19410490993229,72.77628158866962,75.19410490993229,72.77628158866962,entity_001,2024-05-11
2024-05-12,62.43108779624403,19.1,0.2,10.5,0,1,19.6,17.5,0.0,0.0,12.0,11.5,0.0,0.0,1.0,1.0,-0.7818314824680299,0.6234898018587334,0.753697664392914,-0.6572212950663319,72.77628158866962,65.94287980068337,65.01871367950127,73.40201365165959,68.32136898289231,606,62.43108779624403,72.77628158866962,62.43108779624403,72.77628158866962,62.43108779624403,72.77628158866962,62.43108779624403,entity_001,2024-05-12
2024-05-13,68.78439505677251,18.9,0.0,10.3,0,0,19.1,18.5,0.2,0.0,10.5,12.8,0.0,0.0,1.0,0.0,0.0,1.0,0.742280907086982,-0.6700888411055113,62.43108779624403,71.11357622415872,61.29107038578008,73.06927348489013,68.85660645939177,607,68.78439505677251,62.43108779624403,68.78439505677251,62.43108779624403,68.78439505677251,62.43108779624403,68.78439505677251,entity_001,2024-05-13
2024-05-14,72.08114935735745,18.2,1.9,14.7,0,0,18.9,18.5,0.0,0.0,10.3,13.9,0.0,0.0,0.0,0.0,0.7818314824680298,0.6234898018587336,0.7306444969184916,-0.6827580970759147,68.78439505677251,68.51194019436656,63.64730155965973,73.57916050817452,69.45902415922733,608,72.08114935735745,68.78439505677251,72.08114935735745,68.78439505677251,72.08114935735745,68.78439505677251,72.08114935735745,entity_001,2024-05-14
2024-05-15,73.68690471597108,17.5,1.5,15.5,0,0,18.2,19.4,1.9,0.0,14.7,7.4,0.0,0.0,0.0,0.0,0.9749279121818236,-0.22252093395631434,0.7187918772884232,-0.6952253139408723,72.08114935735745,78.04748264509048,65.40877799143239,72.95622080401463,70.0503189252658,609,73.68690471597108,72.08114935735745,73.68690471597108,72.08114935735745,73.68690471597108,72.08114935735745,73.68690471597108,entity_001,2024-05-15
2024-05-16,80.369258867361,17.1,0.0,11.1,0,0,17.5,19.8,1.5,0.0,15.5,7.1,0.0,0.0,0.0,0.0,0.43388373911755823,-0.900968867902419,0.7067265555776159,-0.7074868024503348,73.68690471597108,85.7396222031554,51.44913020957205,72.18902604175828,72.11604240082215,610,80.369258867361,73.68690471597108,80.369258867361,73.68690471597108,80.369258867361,73.68690471597108,80.369258867361,entity_001,2024-05-16
2024-05-17,73.17216247594098,17.8,1.5,9.8,0,0,17.1,20.4,0.0,0.0,11.1,9.2,0.0,0.0,0.0,0.0,-0.433883739117558,-0.9009688679024191,0.6944521021088763,-0.719538934232584,80.369258867361,75.19410490993229,68.78269290903465,71.90017712261667,72.42957594131546,611,73.17216247594098,80.369258867361,73.17216247594098,80.369258867361,73.17216247594098,80.369258867361,73.17216247594098,entity_001,2024-05-17
2024-05-18,94.76494258563623,18.2,0.8,11.3,0,1,17.8,19.6,1.5,0.0,9.8,12.0,0.0,0.0,0.0,1.0,-0.9749279121818236,-0.2225209339563146,0.6819721490904629,-0.7313781428679254,73.17216247594098,72.77628158866962,66.16321734271293,75.04141440789762,74.47255631581,612,94.76494258563623,73.17216247594098,94.76494258563623,73.17216247594098,94.76494258563623,73.17216247594098,94.76494258563623,entity_001,2024-05-18
2024-05-19,79.95781121517157,17.3,1.0,10.1,0,1,18.2,19.1,0.8,0.2,11.3,10.5,0.0,0.0,1.0,1.0,-0.7818314824680299,0.6234898018587334,0.6692903895412567,-0.7430009249440493,94.76494258563623,62.43108779624403,65.94287980068337,77.54523203917299,75.47362284541627,613,79.95781121517157,94.76494258563623,79.95781121517157,94.76494258563623,79.95781121517157,94.76494258563623,79.95781121517157,entity_001,2024-05-19
2024-05-20,70.45248888352772,17.1,0.0,9.7,0,0,17.3,18.9,1.0,0.0,10.1,10.3,0.0,0.0,1.0,0.0,0.0,1.0,0.6564105761979381,-0.7544038410927472,79.95781121517157,68.78439505677251,71.11357622415872,77.78353115728086,75.42640232108549,614,70.45248888352772,79.95781121517157,70.45248888352772,79.95781121517157,70.45248888352772,79.95781121517157,70.45248888352772,entity_001,2024-05-20
2024-05-21,70.95102098285037,17.4,0.5,12.8,0,0,17.1,18.2,0.0,1.9,9.7,14.7,0.0,0.0,0.0,0.0,0.7818314824680298,0.6234898018587336,0.6433365204044917,-0.765583517007675,70.45248888352772,72.08114935735745,68.51194019436656,77.62208424663699,75.60062237740577,615,70.95102098285037,70.45248888352772,70.95102098285037,70.45248888352772,70.95102098285037,70.45248888352772,70.95102098285037,entity_001,2024-05-21
2024-05-22,68.25054116522007,18.1,0.0,15.6,0,0,17.4,17.5,0.5,1.5,12.8,15.5,0.0,0.0,0.0,0.0,0.9749279121818236,-0.22252093395631434,0.6300720909843687,-0.7765366444428655,70.95102098285037,73.68690471597108,78.04748264509048,76.84546088224398,74.90084084312932,616,68.25054116522007,70.95102098285037,68.25054116522007,70.95102098285037,68.25054116522007,70.95102098285037,68.25054116522007,entity_001,2024-05-22
2024-05-23,63.42239032680693,18.7,0.1,11.4,0,0,18.1,17.1,0.0,0.0,15.6,11.1,0.0,0.0,0.0,0.0,0.43388373911755823,-0.900968867902419,0.6166212130956382,-0.7872599821916922,68.25054116522007,80.369258867361,85.7396222031554,74.42447966216483,73.30675285196155,617,63.42239032680693,68.25054116522007,63.42239032680693,68.25054116522007,63.42239032680693,68.25054116522007,63.42239032680693,entity_001,2024-05-23
2024-05-24,87.8110881050768,18.7,0.0,10.7,0,0,18.7,17.8,0.1,1.5,11.4,9.8,0.0,0.0,0.0,0.0,-0.433883739117558,-0.9009688679024191,0.6029878670694714,-0.7977503570459932,63.42239032680693,73.17216247594098,75.19410490993229,76.51575475204139,74.20796593732902,618,87.8110881050768,63.42239032680693,87.8110881050768,63.42239032680693,87.8110881050768,63.42239032680693,87.8110881050768,entity_001,2024-05-24
