date,value,weather_temp_mean,weather_precip_sum,weather_wind_mean,holiday_count,is_weekend,weather_temp_mean_lag1,weather_temp_mean_lag3,weather_precip_sum_lag1,weather_precip_sum_lag3,weather_wind_mean_lag1,weather_wind_mean_lag3,holiday_count_lag1,holiday_count_lag3,is_weekend_lag1,is_weekend_lag3,season_sin,season_cos,value_lag1,value_lag2,value_lag12,value_roll_mean_3,value_roll_mean_6,value_roll_mean_12,Days,target,predictor,var1,var2,Industrial_Production,Consumer_Price_Index,Oil,API_WELLNO,ReportDate
2001-01-01,31001.28,8.444161290322581,99.33700000000002,12.569774193548389,2,0.2580645161290322,0.0,0.0,0.0,0.0,0.0,0.0,0.0,0.0,0.0,0.0,0.49999999999999994,0.8660254037844387,0.0,0.0,0.0,0.0,0.0,0.0,0,31001.28,0.0,31001.28,0.0,31001.28,0.0,31001.28,entity_001,2001-01-01
2001-02-01,25626.521,13.391535714285714,98.378,14.35057142857143,1,0.2857142857142857,8.444161290322581,0.0,99.33700000000002,0.0,12.569774193548389,0.0,2.0,0.0,0.2580645161290322,0.0,0.8660254037844386,0.5000000000000001,31001.28,0.0,0.0,0.0,0.0,0.0,31,25626.521,31001.28,25626.521,31001.28,25626.521,31001.28,25626.521,entity_001,2001-02-01
2001-03-01,27580.339,12.699806451612906,125.73600000000002,11.817741935483872,0,0.2903225806451613,13.391535714285714,0.0,98.378,0.0,14.35057142857143,0.0,1.0,0.0,0.2857142857142857,0.0,1.0,6.123233995736766e-17,25626.521,31001.28,0.0,28069.38,0.0,0.0,59,27580.339,25626.521,27580.339,25626.521,27580.339,25626.521,27580.339,entity_001,2001-03-01
2001-04-01,27486.315,20.9901,49.59700000000001,15.655233333333337,0,0.3,12.699806451612906,8.444161290322581,125.73600000000002,99.33700000000002,11.817741935483872,12.569774193548389,0.0,2.0,0.2903225806451613,0.2580645161290322,0.8660254037844387,-0.49999999999999983,27580.339,25626.521,0.0,26897.725000000002,0.0,0.0,90,27486.315,27580.339,27486.315,27580.339,27486.315,27580.339,27486.315,entity_001,2001-04-01
2001-05-01,31583.459,23.79551612903226,104.54100000000004,13.488548387096776,1,0.2580645161290322,20.9901,13.391535714285714,49.59700000000001,98.378,15.655233333333337,14.35057142857143,0.0,1.0,0.3,0.2857142857142857,0.49999999999999994,-0.8660254037844387,27486.315,27580.339,0.0,28883.371,0.0,0.0,120,31583.459,27486.315,31583.459,27486.315,31583.459,27486.315,31583.459,entity_001,2001-05-01
2001-06-01,34619.506,26.563800000000004,81.51,12.135033333333334,0,0.3,23.79551612903226,12.699806451612906,104.54100000000004,125.73600000000002,13.488548387096776,11.817741935483872,1.0,0.0,0.2580645161290322,0.2903225806451613,1.2246467991473532e-16,-1.0,31583.459,27486.315,0.0,31229.76,29649.569999999996,0.0,151,34619.506,31583.459,34619.506,31583.459,34619.506,31583.459,34619.506,entity_001,2001-06-01
2001-07-01,39939.836,29.489967741935487,38.150000000000006,10.610645161290323,1,0.2903225806451613,26.563800000000004,20.9901,81.51,49.59700000000001,12.135033333333334,15.655233333333337,0.0,0.0,0.3,0.3,-0.4999999999999998,-0.8660254037844388,34619.506,31583.459,0.0,35380.93366666667,31139.32933333333,0.0,181,39939.836,34619.506,39939.836,34619.506,39939.836,34619.506,39939.836,entity_001,2001-07-01
2001-08-01,39376.594,29.134354838709683,109.471,10.408548387096776,0,0.2580645161290322,29.489967741935487,23.79551612903226,38.150000000000006,104.54100000000004,10.610645161290323,13.488548387096776,1.0,1.0,0.2903225806451613,0.2580645161290322,-0.8660254037844384,-0.5000000000000004,39939.836,34619.506,0.0,37978.64533333333,33431.00816666667,0.0,212,39376.594,39939.836,39376.594,39939.836,39376.594,39939.836,39376.594,entity_001,2001-08-01
2001-09-01,32471.977,23.9951,102.27500000000002,9.456766666666669,1,0.3333333333333333,29.134354838709683,26.563800000000004,109.471,81.51,10.408548387096776,12.135033333333334,0.0,0.0,0.2580645161290322,0.3,-1.0,-1.8369701987210297e-16,39376.594,39939.836,0.0,37262.80233333333,34246.28116666667,0.0,243,32471.977,39376.594,32471.977,39376.594,32471.977,39376.594,32471.977,entity_001,2001-09-01
2001-10-01,28083.635,19.16377419354839,90.818,12.35151612903226,1,0.2580645161290322,23.9951,29.489967741935487,102.27500000000002,38.150000000000006,9.456766666666669,10.610645161290323,1.0,1.0,0.3333333333333333,0.2903225806451613,-0.8660254037844386,0.5000000000000001,32471.977,39376.594,0.0,33310.73533333333,34345.834500000004,0.0,273,28083.635,32471.977,28083.635,32471.977,28083.635,32471.977,28083.635,entity_001,2001-10-01
2001-11-01,26453.126,16.794033333333335,96.008,11.710800000000004,3,0.2666666666666666,19.16377419354839,29.134354838709683,90.818,109.471,12.35151612903226,10.408548387096776,1.0,0.0,0.2580645161290322,0.2580645161290322,-0.5000000000000004,0.8660254037844384,28083.635,32471.977,0.0,29002.912666666667,33490.779,0.0,304,26453.126,28083.635,26453.126,28083.635,26453.126,28083.635,26453.126,entity_001,2001-11-01
2001-12-01,28357.417,11.836870967741936,135.93200000000002,12.31535483870968,1,0.3225806451612903,16.794033333333335,23.9951,96.008,102.27500000000002,11.710800000000004,9.456766666666669,3.0,1.0,0.2666666666666666,0.3333333333333333,-2.4492935982947064e-16,1.0,26453.126,28083.635,0.0,27631.392666666667,32447.097500000003,31048.33375,334,28357.417,26453.126,28357.417,26453.126,28357.417,26453.126,28357.417,entity_001,2001-12-01
2002-01-01,30513.579,11.150419354838712,55.82300000000001,13.746967741935483,2,0.2580645161290322,11.836870967741936,19.16377419354839,135.93200000000002,90.818,12.31535483870968,12.35151612903226,1.0,1.0,0.3225806451612903,0.2580645161290322,0.49999999999999994,0.8660254037844387,28357.417,26453.126,31001.28,28441.374,30876.054666666667,31007.691999999995,365,30513.579,28357.417,30513.579,28357.417,30513.579,28357.417,30513.579,entity_001,2002-01-01
2002-02-01,27337.377,9.86007142857143,28.7,13.000821428571433,1,0.2857142857142857,11.150419354838712,16.794033333333335,55.82300000000001,96.008,13.746967741935483,11.710800000000004,2.0,3.0,0.2580645161290322,0.2666666666666666,0.8660254037844386,0.5000000000000001,30513.579,28357.417,25626.521,28736.124333333337,28869.518500000002,31150.263333333336,396,27337.377,30513.579,27337.377,30513.579,27337.377,30513.579,27337.377,entity_001,2002-02-01
2002-03-01,28874.781,14.664322580645162,90.913,15.87509677419355,0,0.3225806451612903,9.86007142857143,11.836870967741936,28.7,135.93200000000002,13.000821428571433,12.31535483870968,1.0,1.0,0.2857142857142857,0.3225806451612903,1.0,6.123233995736766e-17,27337.377,30513.579,27580.339,28908.578999999998,28269.985833333336,31258.133499999996,424,28874.781,27337.377,28874.781,27337.377,28874.781,27337.377,28874.781,entity_001,2002-03-01
2002-04-01,28939.85,21.509733333333333,73.87100000000001,14.668233333333337,0,0.2666666666666666,14.664322580645162,11.150419354838712,90.913,55.82300000000001,15.87509677419355,13.746967741935483,0.0,2.0,0.3225806451612903,0.2580645161290322,0.8660254037844387,-0.49999999999999983,28874.781,27337.377,27486.315,28384.002666666667,28412.688333333335,31379.261416666664,455,28939.85,28874.781,28939.85,28874.781,28939.85,28874.781,28939.85,entity_001,2002-04-01
2002-05-01,32512.588,24.023419354838712,63.16500000000001,15.490451612903229,1,0.2580645161290322,21.509733333333333,9.86007142857143,73.87100000000001,28.7,14.668233333333337,13.000821428571433,0.0,1.0,0.2666666666666666,0.2857142857142857,0.49999999999999994,-0.8660254037844387,28939.85,28874.781,31583.459,30109.073,29422.59866666667,31456.688833333334,485,32512.588,28939.85,32512.588,28939.85,32512.588,28939.85,32512.588,entity_001,2002-05-01
2002-06-01,36267.581,27.028933333333335,85.08500000000001,10.635666666666667,0,0.3333333333333333,24.023419354838712,14.664322580645162,63.16500000000001,90.913,15.490451612903229,15.87509677419355,1.0,0.0,0.2580645161290322,0.3225806451612903,1.2246467991473532e-16,-1.0,32512.588,28939.85,34619.506,32573.339666666667,30740.959333333332,31594.028416666668,516,36267.581,32512.588,36267.581,32512.588,36267.581,32512.588,36267.581,entity_001,2002-06-01
2002-07-01,39583.368,27.45303225806452,113.88300000000002,10.213451612903228,1,0.2580645161290322,27.028933333333335,21.509733333333333,85.08500000000001,73.87100000000001,10.635666666666667,14.668233333333337,0.0,0.0,0.3333333333333333,0.2666666666666666,-0.4999999999999998,-0.8660254037844388,36267.581,32512.588,39939.836,36121.179,32252.590833333332,31564.322750000003,546,39583.368,36267.581,39583.368,36267.581,39583.368,36267.581,39583.368,entity_001,2002-07-01
2002-08-01,40740.094,28.73829032258065,50.75000000000001,10.080774193548388,0,0.2903225806451613,27.45303225806452,24.023419354838712,113.88300000000002,63.16500000000001,10.213451612903228,15.490451612903229,1.0,1.0,0.2580645161290322,0.2580645161290322,-0.8660254037844384,-0.5000000000000004,39583.368,36267.581,39376.594,38863.681000000004,34486.377,31677.947750000003,577,40740.094,39583.368,40740.094,39583.368,40740.094,39583.368,40740.094,entity_001,2002-08-01
2002-09-01,34663.797,25.69376666666667,114.232,11.369133333333336,1,0.3,28.73829032258065,27.028933333333335,50.75000000000001,85.08500000000001,10.080774193548388,10.635666666666667,0.0,0.0,0.2903225806451613,0.3333333333333333,-1.0,-1.8369701987210297e-16,40740.094,39583.368,32471.977,38329.08633333333,35451.212999999996,31860.599416666668,608,34663.797,40740.094,34663.797,40740.094,34663.797,40740.094,34663.797,entity_001,2002-09-01
2002-10-01,29398.621,20.276838709677424,210.73200000000003,10.711290322580648,1,0.2580645161290322,25.69376666666667,27.45303225806452,114.232,113.88300000000002,11.369133333333336,10.213451612903228,1.0,1.0,0.3,0.2580645161290322,-0.8660254037844386,0.5000000000000001,34663.797,40740.094,28083.635,34934.170666666665,35527.67483333333,31970.181583333335,638,29398.621,34663.797,29398.621,34663.797,29398.621,34663.797,29398.621,entity_001,2002-10-01
2002-11-01,27143.326,13.465000000000002,71.13600000000001,12.961033333333337,2,0.3,20.276838709677424,28.73829032258065,210.73200000000003,50.75000000000001,10.711290322580648,10.080774193548388,1.0,0.0,0.2580645161290322,0.2903225806451613,-0.5000000000000004,0.8660254037844384,29398.621,34663.797,26453.126,30401.914666666664,34632.79783333334,32027.69825,669,27143.326,29398.621,27143.326,29398.621,27143.326,29398.621,27143.326,entity_001,2002-11-01
2002-12-01,29653.578,11.058870967741935,134.32800000000003,13.402419354838711,1,0.2903225806451613,13.465000000000002,25.69376666666667,71.13600000000001,114.232,12.961033333333337,11.369133333333336,2.0,1.0,0.3,0.3,-2.4492935982947064e-16,1.0,27143.326,29398.621,28357.417,28731.841666666664,33530.464,32135.711666666666,699,29653.578,27143.326,29653.578,27143.326,29653.578,27143.326,29653.578,entity_001,2002-12-01
2003-01-01,31481.066,8.757967741935484,22.431,12.638064516129033,2,0.2580645161290322,11.058870967741935,20.276838709677424,134.32800000000003,210.73200000000003,13.402419354838711,10.711290322580648,1.0,1.0,0.2903225806451613,0.2580645161290322,0.49999999999999994,0.8660254037844387,29653.578,27143.326,30513.579,29425.99,32180.08033333333,32216.335583333333,730,31481.066,29653.578,31481.066,29653.578,31481.066,29653.578,31481.066,entity_001,2003-01-01
2003-02-01,27728.85,10.36907142857143,114.897,14.167571428571431,1,0.2857142857142857,8.757967741935484,13.465000000000002,22.431,71.13600000000001,12.638064516129033,12.961033333333337,2.0,2.0,0.2580645161290322,0.3,0.8660254037844386,0.5000000000000001,31481.066,29653.578,27337.377,29621.164666666664,30011.539666666667,32248.958333333332,761,27728.85,31481.066,27728.85,31481.066,27728.85,31481.066,27728.85,entity_001,2003-02-01
2003-03-01,27561.026,14.637387096774196,54.71000000000001,11.747000000000002,0,0.3225806451612903,10.36907142857143,11.058870967741935,114.897,134.32800000000003,14.167571428571431,13.402419354838711,1.0,1.0,0.2857142857142857,0.2903225806451613,1.0,6.123233995736766e-17,27728.85,31481.066,28874.781,28923.64733333333,28827.7445,32139.478750000006,789,27561.026,27728.85,27561.026,27728.85,27561.026,27728.85,27561.026,entity_001,2003-03-01
2003-04-01,27798.918,20.093466666666668,43.86000000000001,14.743800000000002,0,0.2666666666666666,14.637387096774196,8.757967741935484,54.71000000000001,22.431,11.747000000000002,12.638064516129033,0.0,2.0,0.3225806451612903,0.2580645161290322,0.8660254037844387,-0.49999999999999983,27561.026,27728.85,28939.85,27696.264666666666,28561.127333333334,32044.40108333333,820,27798.918,27561.026,27798.918,27561.026,27798.918,27561.026,27798.918,entity_001,2003-04-01
2003-05-01,33088.612,25.45629032258065,45.702000000000005,13.520161290322582,1,0.2903225806451613,20.093466666666668,10.36907142857143,43.86000000000001,114.897,14.743800000000002,14.167571428571431,0.0,1.0,0.2666666666666666,0.2857142857142857,0.49999999999999994,-0.8660254037844387,27798.918,27561.026,32512.588,29482.852,29552.00833333333,32092.403083333335,850,33088.612,27798.918,33088.612,27798.918,33088.612,27798.918,33088.612,entity_001,2003-05-01
2003-06-01,34534.461,26.906600000000005,98.068,10.323933333333336,0,0.3,25.45629032258065,14.637387096774196,45.702000000000005,54.71000000000001,13.520161290322582,11.747000000000002,1.0,0.0,0.2903225806451613,0.3225806451612903,1.2246467991473532e-16,-1.0,33088.612,27798.918,36267.581,31807.330333333335,30365.488833333337,31947.97641666667,881,34534.461,33088.612,34534.461,33088.612,34534.461,33088.612,34534.461,entity_001,2003-06-01
2003-07-01,37686.562,28.148516129032263,70.84100000000001,10.16441935483871,1,0.2580645161290322,26.906600000000005,20.093466666666668,98.068,43.86000000000001,10.323933333333336,14.743800000000002,0.0,0.0,0.3,0.2666666666666666,-0.4999999999999998,-0.8660254037844388,34534.461,33088.612,39583.368,35103.21166666666,31399.738166666666,31789.909249999997,911,37686.562,34534.461,37686.562,34534.461,37686.562,34534.461,37686.562,entity_001,2003-07-01
2003-08-01,39825.981,29.01054838709678,63.123000000000005,9.148612903225809,0,0.3225806451612903,28.148516129032263,25.45629032258065,70.84100000000001,45.702000000000005,10.16441935483871,13.520161290322582,1.0,1.0,0.2580645161290322,0.2903225806451613,-0.8660254037844384,-0.5000000000000004,37686.562,34534.461,40740.094,37349.001333333326,33415.92666666667,31713.73316666667,942,39825.981,37686.562,39825.981,37686.562,39825.981,37686.562,39825.981,entity_001,2003-08-01
2003-09-01,32709.962,24.080300000000005,106.825,9.0948,1,0.2666666666666666,29.01054838709678,26.906600000000005,63.123000000000005,98.068,9.148612903225809,10.323933333333336,0.0,0.0,0.3225806451612903,0.3,-1.0,-1.8369701987210297e-16,39825.981,37686.562,34663.797,36740.835,34274.08266666667,31550.91358333333,973,32709.962,39825.981,32709.962,39825.981,32709.962,39825.981,32709.962,entity_001,2003-09-01
2003-10-01,29649.701,21.197161290322583,54.541,10.42609677419355,1,0.2580645161290322,24.080300000000005,28.148516129032263,106.825,70.84100000000001,9.0948,10.16441935483871,1.0,1.0,0.2666666666666666,0.2580645161290322,-0.8660254037844386,0.5000000000000001,32709.962,39825.981,29398.621,34061.88133333333,34582.546500000004,31571.836916666667,1003,29649.701,32709.962,29649.701,32709.962,29649.701,32709.962,29649.701,entity_001,2003-10-01
2003-11-01,28094.336,17.27156666666667,56.80100000000001,14.168533333333334,2,0.3333333333333333,21.197161290322583,29.01054838709678,54.541,63.123000000000005,10.42609677419355,9.148612903225809,1.0,0.0,0.2580645161290322,0.3225806451612903,-0.5000000000000004,0.8660254037844384,29649.701,32709.962,27143.326,30151.333,33750.167166666666,31651.087750000002,1034,28094.336,29649.701,28094.336,29649.701,28094.336,29649.701,28094.336,entity_001,2003-11-01
2003-12-01,29040.209,11.591935483870968,48.47600000000001,14.423806451612904,1,0.2580645161290322,17.27156666666667,24.080300000000005,56.80100000000001,106.825,14.168533333333334,9.0948,2.0,1.0,0.3333333333333333,0.2666666666666666,-2.4492935982947064e-16,1.0,28094.336,29649.701,29653.578,28928.081999999995,32834.4585,31599.97366666667,1064,29040.209,28094.336,29040.209,28094.336,29040.209,28094.336,29040.209,entity_001,2003-12-01
2004-01-01,30156.78023,11.443709677419356,77.456,12.967548387096777,2,0.2903225806451613,11.591935483870968,21.197161290322583,48.47600000000001,54.541,14.423806451612904,10.42609677419355,1.0,1.0,0.2580645161290322,0.2580645161290322,0.49999999999999994,0.8660254037844387,29040.209,28094.336,31481.066,29097.108409999997,31579.494871666666,31489.61651916667,1095,30156.78023,29040.209,30156.78023,29040.209,30156.78023,29040.209,30156.78023,entity_001,2004-01-01
2004-02-01,28775.70301,10.03644827586207,133.003,13.415068965517245,1,0.3103448275862069,11.443709677419356,17.27156666666667,77.456,56.80100000000001,12.967548387096777,14.168533333333334,2.0,2.0,0.2903225806451613,0.3333333333333333,0.8660254037844386,0.5000000000000001,30156.78023,29040.209,27728.85,29324.230746666668,29737.78187333333,31576.85427,1126,28775.70301,30156.78023,28775.70301,30156.78023,28775.70301,30156.78023,28775.70301,entity_001,2004-02-01
2004-03-01,28321.40846,17.63993548387097,58.318000000000005,13.533580645161292,0,0.2580645161290322,10.03644827586207,11.591935483870968,133.003,48.47600000000001,13.415068965517245,14.423806451612904,1.0,1.0,0.3103448275862069,0.2580645161290322,1.0,6.123233995736766e-17,28775.70301,30156.78023,27561.026,29084.630566666663,29006.35628333333,31640.219475,1155,28321.40846,28775.70301,28321.40846,28775.70301,28321.40846,28775.70301,28321.40846,entity_001,2004-03-01
2004-04-01,27791.93135,19.55023333333333,126.872,14.1283,0,0.2666666666666666,17.63993548387097,11.443709677419356,58.318000000000005,77.456,13.533580645161292,12.967548387096777,0.0,2.0,0.2580645161290322,0.2903225806451613,0.8660254037844387,-0.49999999999999983,28321.40846,28775.70301,27798.918,28296.347606666663,28696.72800833333,31639.637254166668,1186,27791.93135,28321.40846,27791.93135,28321.40846,27791.93135,28321.40846,27791.93135,entity_001,2004-04-01
2004-05-01,33666.06637,23.14745161290323,103.138,15.22845161290323,1,0.3225806451612903,19.55023333333333,10.03644827586207,126.872,133.003,14.1283,13.415068965517245,0.0,1.0,0.2666666666666666,0.3103448275862069,0.49999999999999994,-0.8660254037844387,27791.93135,28321.40846,33088.612,29926.468726666662,29625.349736666667,31687.75845166667,1216,33666.06637,27791.93135,33666.06637,27791.93135,33666.06637,27791.93135,33666.06637,entity_001,2004-05-01
2004-06-01,35388.92106,25.84436666666667,250.93400000000003,11.102133333333336,0,0.2666666666666666,23.14745161290323,17.63993548387097,103.138,58.318000000000005,15.22845161290323,13.533580645161292,1.0,0.0,0.3225806451612903,0.2580645161290322,1.2246467991473532e-16,-1.0,33666.06637,27791.93135,34534.461,32282.306259999998,30683.468413333336,31758.963456666665,1247,35388.92106,33666.06637,35388.92106,33666.06637,35388.92106,33666.06637,35388.92106,entity_001,2004-06-01
2004-07-01,39027.77825,27.652806451612907,47.90500000000001,10.015967741935484,2,0.2903225806451613,25.84436666666667,19.55023333333333,250.93400000000003,126.872,11.102133333333336,14.1283,0.0,0.0,0.2666666666666666,0.2666666666666666,-0.4999999999999998,-0.8660254037844388,35388.92106,33666.06637,37686.562,36027.58856,32161.968083333337,31870.7314775,1277,39027.77825,35388.92106,39027.77825,35388.92106,39027.77825,35388.92106,39027.77825,entity_001,2004-07-01
2004-08-01,38636.04256,27.651645161290325,52.88700000000001,9.70667741935484,0,0.2903225806451613,27.652806451612907,23.14745161290323,47.90500000000001,103.138,10.015967741935484,15.22845161290323,2.0,1.0,0.2903225806451613,0.3225806451612903,-0.8660254037844384,-0.5000000000000004,39027.77825,35388.92106,39825.981,37684.24729,33805.358008333336,31771.56994083333,1308,38636.04256,39027.77825,38636.04256,39027.77825,38636.04256,39027.77825,38636.04256,entity_001,2004-08-01
2004-09-01,35314.81494,26.26383333333333,27.826,9.159,1,0.2666666666666666,27.651645161290325,25.84436666666667,52.88700000000001,250.93400000000003,9.70667741935484,11.102133333333336,0.0,0.0,0.2903225806451613,0.2666666666666666,-1.0,-1.8369701987210297e-16,38636.04256,39027.77825,32709.962,37659.54525,34970.925755,31988.641019166666,1339,35314.81494,38636.04256,35314.81494,38636.04256,35314.81494,38636.04256,35314.81494,entity_001,2004-09-01
2004-10-01,32782.26394,23.385258064516133,84.27600000000001,12.428064516129034,1,0.3225806451612903,26.26383333333333,27.652806451612907,27.826,47.90500000000001,9.159,10.015967741935484,1.0,2.0,0.2666666666666666,0.2903225806451613,-0.8660254037844386,0.5000000000000001,35314.81494,38636.04256,29649.701,35577.70714666666,35802.647853333336,32249.687930833334,1369,32782.26394,35314.81494,32782.26394,35314.81494,32782.26394,35314.81494,32782.26394,entity_001,2004-10-01
2004-11-01,28436.40476,15.864366666666667,219.414,13.082400000000002,2,0.2666666666666666,23.385258064516133,27.651645161290325,84.27600000000001,52.88700000000001,12.428064516129034,9.70667741935484,1.0,0.0,0.3225806451612903,0.2903225806451613,-0.5000000000000004,0.8660254037844384,32782.26394,35314.81494,28094.336,32177.827879999993,34931.037585000005,32278.19366083333,1400,28436.40476,32782.26394,28436.40476,32782.26394,28436.40476,32782.26394,28436.40476,entity_001,2004-11-01
2004-12-01,32001.01737,10.507193548387098,35.401,12.577000000000002,3,0.2580645161290322,15.864366666666667,26.26383333333333,219.414,27.826,13.082400000000002,9.159,2.0,1.0,0.2666666666666666,0.2666666666666666,-2.4492935982947064e-16,1.0,28436.40476,32782.26394,29040.209,31073.22869,34366.38697,32524.927691666668,1430,32001.01737,28436.40476,32001.01737,28436.40476,32001.01737,28436.40476,32001.01737,entity_001,2004-12-01
2005-01-01,31494.10371,12.028806451612905,78.46100000000001,13.332612903225808,2,0.3225806451612903,10.507193548387098,23.385258064516133,35.401,84.27600000000001,12.577000000000002,12.428064516129034,3.0,1.0,0.2580645161290322,0.3225806451612903,0.49999999999999994,0.8660254037844387,32001.01737,28436.40476,30156.78023,30643.841946666664,33110.77454666666,32636.371314999997,1461,31494.10371,32001.01737,31494.10371,32001.01737,31494.10371,32001.01737,31494.10371,entity_001,2005-01-01
2005-02-01,27232.63973,12.959,88.46100000000001,11.909750000000004,1,0.2857142857142857,12.028806451612905,15.864366666666667,78.46100000000001,219.414,13.332612903225808,13.082400000000002,2.0,2.0,0.3225806451612903,0.2666666666666666,0.8660254037844386,0.5000000000000001,31494.10371,32001.01737,28775.70301,30242.586936666663,31210.207408333332,32507.78270833333,1492,27232.63973,31494.10371,27232.63973,31494.10371,27232.63973,31494.10371,27232.63973,entity_001,2005-02-01
2005-03-01,28585.76256,15.019032258064518,72.71400000000001,12.802225806451611,0,0.2580645161290322,12.959,10.507193548387098,88.46100000000001,35.401,11.909750000000004,12.577000000000002,1.0,3.0,0.2857142857142857,0.2580645161290322,1.0,6.123233995736766e-17,27232.63973,31494.10371,28321.40846,29104.168666666665,30088.69867833333,32529.81221666667,1520,28585.76256,27232.63973,28585.76256,27232.63973,28585.76256,27232.63973,28585.76256,entity_001,2005-03-01
2005-04-01,27803.14446,19.506100000000004,38.620000000000005,15.018566666666668,0,0.3,15.019032258064518,12.028806451612905,72.71400000000001,78.46100000000001,12.802225806451611,13.332612903225808,0.0,2.0,0.2580645161290322,0.3225806451612903,0.8660254037844387,-0.49999999999999983,28585.76256,27232.63973,27791.93135,27873.848916666666,29258.845431666665,32530.746642500002,1551,27803.14446,28585.76256,27803.14446,28585.76256,27803.14446,28585.76256,27803.14446,entity_001,2005-04-01
2005-05-01,33121.91804,23.45293548387097,70.73100000000001,11.482225806451616,1,0.2903225806451613,19.506100000000004,12.959,38.620000000000005,88.46100000000001,15.018566666666668,11.909750000000004,0.0,1.0,0.3,0.2857142857142857,0.49999999999999994,-0.8660254037844387,27803.14446,28585.76256,33666.06637,29836.94168666666,30039.76431166667,32485.400948333332,1581,33121.91804,27803.14446,33121.91804,27803.14446,33121.91804,27803.14446,33121.91804,entity_001,2005-05-01
2005-06-01,38446.04192,28.338600000000003,13.253000000000002,11.196966666666668,0,0.2666666666666666,23.45293548387097,15.019032258064518,70.73100000000001,72.71400000000001,11.482225806451616,12.802225806451611,1.0,0.0,0.2903225806451613,0.2580645161290322,1.2246467991473532e-16,-1.0,33121.91804,27803.14446,35388.92106,33123.70147333333,31113.935070000003,32740.16102,1612,38446.04192,33121.91804,38446.04192,33121.91804,38446.04192,33121.91804,38446.04192,entity_001,2005-06-01
2005-07-01,40485.60544,29.05770967741936,91.06600000000002,9.12935483870968,1,0.3225806451612903,28.338600000000003,19.506100000000004,13.253000000000002,38.620000000000005,11.196966666666668,15.018566666666668,0.0,0.0,0.2666666666666666,0.3,-0.4999999999999998,-0.8660254037844388,38446.04192,33121.91804,39027.77825,37351.18846666667,32612.518691666668,32861.64661916666,1642,40485.60544,38446.04192,40485.60544,38446.04192,40485.60544,38446.04192,40485.60544,entity_001,2005-07-01
2005-08-01,41581.3042,29.783967741935488,23.899000000000004,8.632967741935484,0,0.2580645161290322,29.05770967741936,23.45293548387097,91.06600000000002,70.73100000000001,9.12935483870968,11.482225806451616,1.0,1.0,0.3225806451612903,0.2903225806451613,-0.8660254037844384,-0.5000000000000004,40485.60544,38446.04192,38636.04256,40170.98385333333,35003.96277,33107.08508916667,1673,41581.3042,40485.60544,41581.3042,40485.60544,41581.3042,40485.60544,41581.3042,entity_001,2005-08-01
2005-09-01,36934.56434,28.88330000000001,47.57300000000001,10.763633333333336,1,0.2666666666666666,29.783967741935488,28.338600000000003,23.899000000000004,13.253000000000002,8.632967741935484,11.196966666666668,0.0,0.0,0.2580645161290322,0.2666666666666666,-1.0,-1.8369701987210297e-16,41581.3042,40485.60544,35314.81494,39667.15799333333,36395.42973333333,33242.06420583333,1704,36934.56434,41581.3042,36934.56434,41581.3042,36934.56434,41581.3042,36934.56434,entity_001,2005-09-01
2005-10-01,30402.2021,21.55741935483871,33.447,11.099290322580648,1,0.3225806451612903,28.88330000000001,29.05770967741936,47.57300000000001,91.06600000000002,10.763633333333336,9.12935483870968,1.0,1.0,0.2666666666666666,0.3225806451612903,-0.8660254037844386,0.5000000000000001,36934.56434,41581.3042,32782.26394,36306.023546666656,36828.60600666667,33043.725719166665,1734,30402.2021,36934.56434,30402.2021,36934.56434,30402.2021,36934.56434,30402.2021,entity_001,2005-10-01
2005-11-01,29013.50807,17.34756666666667,34.68000000000001,12.843400000000004,2,0.2666666666666666,21.55741935483871,29.783967741935488,33.447,23.899000000000004,11.099290322580648,8.632967741935484,1.0,0.0,0.3225806451612903,0.2580645161290322,-0.5000000000000004,0.8660254037844384,30402.2021,36934.56434,28436.40476,32116.758169999997,36143.87101166666,33091.81766166667,1765,29013.50807,30402.2021,29013.50807,30402.2021,29013.50807,30402.2021,29013.50807,entity_001,2005-11-01
2005-12-01,31567.92758,11.00193548387097,46.45100000000001,12.850161290322584,2,0.2903225806451613,17.34756666666667,28.88330000000001,34.68000000000001,47.57300000000001,12.843400000000004,10.763633333333336,2.0,1.0,0.2666666666666666,0.2666666666666666,-2.4492935982947064e-16,1.0,29013.50807,30402.2021,32001.01737,30327.879249999994,34997.51862166667,33055.726845833335,1795,31567.92758,29013.50807,31567.92758,29013.50807,31567.92758,29013.50807,31567.92758,entity_001,2005-12-01
2006-01-01,28825.33201,14.360806451612904,56.32000000000001,14.934870967741936,3,0.2903225806451613,11.00193548387097,21.55741935483871,46.45100000000001,33.447,12.850161290322584,11.099290322580648,2.0,1.0,0.2903225806451613,0.3225806451612903,0.49999999999999994,0.8660254037844387,31567.92758,29013.50807,31494.10371,29802.255886666662,33054.139716666665,32833.329204166665,1826,28825.33201,31567.92758,28825.33201,31567.92758,28825.33201,31567.92758,28825.33201,entity_001,2006-01-01
2006-02-01,27127.07133,11.75925,56.54200000000001,13.806178571428571,1,0.2857142857142857,14.360806451612904,17.34756666666667,56.32000000000001,34.68000000000001,14.934870967741936,12.843400000000004,3.0,2.0,0.2903225806451613,0.2666666666666666,0.8660254037844386,0.5000000000000001,28825.33201,31567.92758,27232.63973,29173.443639999994,30645.100905,32824.5318375,1857,27127.07133,28825.33201,27127.07133,28825.33201,27127.07133,28825.33201,27127.07133,entity_001,2006-02-01
2006-03-01,28999.05272,17.977419354838712,63.13100000000001,15.359096774193551,0,0.2580645161290322,11.75925,11.00193548387097,56.54200000000001,46.45100000000001,13.806178571428571,12.850161290322584,1.0,2.0,0.2857142857142857,0.2903225806451613,1.0,6.123233995736766e-17,27127.07133,28825.33201,28585.76256,28317.152019999994,29322.515635000003,32858.97268416666,1885,28999.05272,27127.07133,28999.05272,27127.07133,28999.05272,27127.07133,28999.05272,entity_001,2006-03-01
2006-04-01,30638.24506,22.899400000000004,62.744000000000014,14.716333333333337,0,0.3333333333333333,17.977419354838712,14.360806451612904,63.13100000000001,56.32000000000001,15.359096774193551,14.934870967741936,0.0,3.0,0.2580645161290322,0.2903225806451613,0.8660254037844387,-0.49999999999999983,28999.05272,27127.07133,27803.14446,28921.456369999996,29361.85612833333,33095.2310675,1916,30638.24506,28999.05272,30638.24506,28999.05272,30638.24506,28999.05272,30638.24506,entity_001,2006-04-01
2006-05-01,35367.14982,25.11661290322581,49.309000000000005,13.963741935483872,1,0.2580645161290322,22.899400000000004,11.75925,62.744000000000014,56.54200000000001,14.716333333333337,13.806178571428571,0.0,1.0,0.3333333333333333,0.2857142857142857,0.49999999999999994,-0.8660254037844387,30638.24506,28999.05272,33121.91804,31668.149199999996,30420.79642,33282.33371583334,1946,35367.14982,30638.24506,35367.14982,30638.24506,35367.14982,30638.24506,35367.14982,entity_001,2006-05-01
2006-06-01,38186.7536,27.94943333333334,58.24400000000001,10.408833333333336,0,0.2666666666666666,25.11661290322581,17.977419354838712,49.309000000000005,63.13100000000001,13.963741935483872,15.359096774193551,1.0,0.0,0.2580645161290322,0.2580645161290322,1.2246467991473532e-16,-1.0,35367.14982,30638.24506,38446.04192,34730.71615999999,31523.934089999995,33260.726355833336,1977,38186.7536,35367.14982,38186.7536,35367.14982,38186.7536,35367.14982,38186.7536,entity_001,2006-06-01
2006-07-01,41653.66098,28.90851612903226,102.762,10.636419354838711,1,0.3225806451612903,27.94943333333334,22.899400000000004,58.24400000000001,62.744000000000014,10.408833333333336,14.716333333333337,0.0,0.0,0.2666666666666666,0.3333333333333333,-0.4999999999999998,-0.8660254037844388,38186.7536,35367.14982,40485.60544,38402.52146666666,33661.988918333336,33358.0643175,2007,41653.66098,38186.7536,41653.66098,38186.7536,41653.66098,38186.7536,41653.66098,entity_001,2006-07-01
2006-08-01,43636.88702,30.399935483870973,31.771000000000004,10.541451612903227,0,0.2580645161290322,28.90851612903226,25.11661290322581,102.762,49.309000000000005,10.636419354838711,13.963741935483872,1.0,1.0,0.3225806451612903,0.2580645161290322,-0.8660254037844384,-0.5000000000000004,41653.66098,38186.7536,41581.3042,41159.10053333332,36413.624866666665,33529.36288583333,2038,43636.88702,41653.66098,43636.88702,41653.66098,43636.88702,41653.66098,43636.88702,entity_001,2006-08-01
2006-09-01,35107.09138,26.005866666666677,54.02400000000001,10.951466666666668,1,0.3,30.399935483870973,27.94943333333334,31.771000000000004,58.24400000000001,10.541451612903227,10.408833333333336,0.0,0.0,0.2580645161290322,0.2666666666666666,-1.0,-1.8369701987210297e-16,43636.88702,41653.66098,36934.56434,40132.54645999999,37431.63131,33377.0734725,2069,35107.09138,43636.88702,35107.09138,43636.88702,35107.09138,43636.88702,35107.09138,entity_001,2006-09-01
2006-10-01,31568.26868,21.63809677419355,140.722,12.201064516129032,1,0.2903225806451613,26.005866666666677,28.90851612903226,54.02400000000001,102.762,10.951466666666668,10.636419354838711,1.0,1.0,0.3,0.3225806451612903,-0.8660254037844386,0.5000000000000001,35107.09138,43636.88702,30402.2021,36770.749026666665,37586.635246666665,33474.2456875,2099,31568.26868,35107.09138,31568.26868,35107.09138,31568.26868,35107.09138,31568.26868,entity_001,2006-10-01
2006-11-01,28391.48381,16.214100000000002,46.041,13.657600000000002,3,0.2666666666666666,21.63809677419355,30.399935483870973,140.722,31.771000000000004,12.201064516129032,10.541451612903227,1.0,0.0,0.2903225806451613,0.2580645161290322,-0.5000000000000004,0.8660254037844384,31568.26868,35107.09138,29013.50807,31688.94795666666,36424.024245,33422.410332499996,2130,28391.48381,31568.26868,28391.48381,31568.26868,28391.48381,31568.26868,28391.48381,entity_001,2006-11-01
2006-12-01,31081.88133,11.723709677419356,104.91400000000002,13.045741935483871,1,0.3225806451612903,16.214100000000002,26.005866666666677,46.041,54.02400000000001,13.657600000000002,10.951466666666668,3.0,1.0,0.2666666666666666,0.3,-2.4492935982947064e-16,1.0,28391.48381,31568.26868,31567.92758,30347.21127333333,35239.878866666666,33381.90647833334,2160,31081.88133,28391.48381,31081.88133,28391.48381,31081.88133,28391.48381,31081.88133,entity_001,2006-12-01
2007-01-01,34731.42637,8.462225806451613,156.39800000000002,12.641258064516132,2,0.2580645161290322,11.723709677419356,21.63809677419355,104.91400000000002,140.722,13.045741935483871,12.201064516129032,1.0,1.0,0.3225806451612903,0.2903225806451613,0.49999999999999994,0.8660254037844387,31081.88133,28391.48381,28825.33201,31401.597169999994,34086.17309833333,33874.081008333334,2191,34731.42637,31081.88133,34731.42637,31081.88133,34731.42637,31081.88133,34731.42637,entity_001,2007-01-01
2007-02-01,28768.17894,11.191035714285716,31.696000000000005,13.060928571428574,1,0.2857142857142857,8.462225806451613,16.214100000000002,156.39800000000002,46.041,12.641258064516132,13.657600000000002,2.0,3.0,0.2580645161290322,0.2666666666666666,0.8660254037844386,0.5000000000000001,34731.42637,31081.88133,27127.07133,31527.16221333333,31608.055085,34010.83997583333,2222,28768.17894,34731.42637,28768.17894,34731.42637,28768.17894,34731.42637,28768.17894,entity_001,2007-02-01
2007-03-01,29110.2754,17.924548387096777,102.537,13.880903225806453,0,0.2903225806451613,11.191035714285716,11.723709677419356,31.696000000000005,104.91400000000002,13.060928571428574,13.045741935483871,1.0,1.0,0.2857142857142857,0.3225806451612903,1.0,6.123233995736766e-17,28768.17894,34731.42637,28999.05272,30869.960236666662,30608.585755000004,34020.1085325,2250,29110.2754,28768.17894,29110.2754,28768.17894,29110.2754,28768.17894,29110.2754,entity_001,2007-03-01
2007-04-01,28753.91503,18.06566666666667,74.88400000000001,13.31016666666667,0,0.3,17.924548387096777,8.462225806451613,102.537,156.39800000000002,13.880903225806453,12.641258064516132,0.0,2.0,0.2903225806451613,0.2580645161290322,0.8660254037844387,-0.49999999999999983,29110.2754,28768.17894,30638.24506,28877.456456666663,30139.526813333334,33863.081029999994,2281,28753.91503,29110.2754,28753.91503,29110.2754,28753.91503,29110.2754,28753.91503,entity_001,2007-04-01
2007-05-01,32946.19128,23.083645161290324,190.87300000000005,11.43393548387097,1,0.2580645161290322,18.06566666666667,11.191035714285716,74.88400000000001,31.696000000000005,13.31016666666667,13.060928571428574,0.0,1.0,0.3,0.2857142857142857,0.49999999999999994,-0.8660254037844387,28753.91503,29110.2754,35367.14982,30270.127236666664,30898.644725000002,33661.334485,2311,32946.19128,28753.91503,32946.19128,28753.91503,32946.19128,28753.91503,32946.19128,entity_001,2007-05-01
2007-06-01,36563.9645,26.07510000000001,201.219,10.636633333333334,0,0.3,23.083645161290324,17.924548387096777,190.87300000000005,102.537,11.43393548387097,13.880903225806453,1.0,0.0,0.2580645161290322,0.2903225806451613,1.2246467991473532e-16,-1.0,32946.19128,28753.91503,38186.7536,32754.690269999996,31812.325253333333,33526.10206,2342,36563.9645,32946.19128,36563.9645,32946.19128,36563.9645,32946.19128,36563.9645,entity_001,2007-06-01
2007-07-01,38824.08254,25.97325806451613,188.34600000000003,8.111354838709678,1,0.2903225806451613,26.07510000000001,18.06566666666667,201.219,74.88400000000001,10.636633333333334,13.31016666666667,0.0,0.0,0.3,0.3,-0.4999999999999998,-0.8660254037844388,36563.9645,32946.19128,41653.66098,36111.41277333333,32494.434615000002,33290.303856666666,2372,38824.08254,36563.9645,38824.08254,36563.9645,38824.08254,36563.9645,38824.08254,entity_001,2007-07-01
2007-08-01,42760.1797,28.41093548387097,67.239,9.165387096774197,0,0.2580645161290322,25.97325806451613,23.083645161290324,188.34600000000003,190.87300000000005,8.111354838709678,11.43393548387097,1.0,1.0,0.2903225806451613,0.2580645161290322,-0.8660254037844384,-0.5000000000000004,38824.08254,36563.9645,43636.88702,39382.74224666666,34826.434741666664,33217.244913333336,2403,42760.1797,38824.08254,42760.1797,38824.08254,42760.1797,38824.08254,42760.1797,entity_001,2007-08-01
2007-09-01,36866.0032,26.17796666666667,79.924,8.593866666666667,1,0.3333333333333333,28.41093548387097,26.07510000000001,67.239,201.219,9.165387096774197,10.636633333333334,0.0,0.0,0.2580645161290322,0.3,-1.0,-1.8369701987210297e-16,42760.1797,38824.08254,35107.09138,39483.42181333333,36119.05604166666,33363.82089833333,2434,36866.0032,42760.1797,36866.0032,42760.1797,36866.0032,42760.1797,36866.0032,entity_001,2007-09-01
2007-10-01,33750.99375,22.03309677419355,41.208000000000006,11.27683870967742,1,0.2580645161290322,26.17796666666667,25.97325806451613,79.924,188.34600000000003,8.593866666666667,8.111354838709678,1.0,1.0,0.3333333333333333,0.2903225806451613,-0.8660254037844386,0.5000000000000001,36866.0032,42760.1797,31568.26868,37792.39221666666,36951.902494999995,33545.714654166666,2464,33750.99375,36866.0032,33750.99375,36866.0032,33750.99375,36866.0032,33750.99375,entity_001,2007-10-01
2007-11-01,30256.46821,16.632433333333335,74.57100000000001,12.327700000000002,3,0.2666666666666666,22.03309677419355,28.41093548387097,41.208000000000006,67.239,11.27683870967742,9.165387096774197,1.0,0.0,0.2580645161290322,0.2580645161290322,-0.5000000000000004,0.8660254037844384,33750.99375,36866.0032,28391.48381,33624.48838666666,36503.61531666667,33701.130020833334,2495,30256.46821,33750.99375,30256.46821,33750.99375,30256.46821,33750.99375,30256.46821,entity_001,2007-11-01
2007-12-01,32160.61664,12.53716129032258,76.85600000000001,13.216935483870971,1,0.3225806451612903,16.632433333333335,26.17796666666667,74.57100000000001,79.924,12.327700000000002,8.593866666666667,3.0,1.0,0.2666666666666666,0.3333333333333333,-2.4492935982947064e-16,1.0,30256.46821,33750.99375,31081.88133,32056.026199999993,35769.72400666666,33791.02463,2525,32160.61664,30256.46821,32160.61664,30256.46821,32160.61664,30256.46821,32160.61664,entity_001,2007-12-01
2008-01-01,33892.89261,10.038612903225808,64.281,13.98903225806452,2,0.2580645161290322,12.53716129032258,22.03309677419355,76.85600000000001,41.208000000000006,13.216935483870971,11.27683870967742,1.0,1.0,0.3225806451612903,0.2580645161290322,0.49999999999999994,0.8660254037844387,32160.61664,30256.46821,34731.42637,32103.32582,34947.859018333336,33721.14681666667,2556,33892.89261,32160.61664,33892.89261,32160.61664,33892.89261,32160.61664,33892.89261,entity_001,2008-01-01
2008-02-01,29521.60494,13.940724137931037,83.73,14.45303448275862,1,0.2758620689655172,10.038612903225808,16.632433333333335,64.281,74.57100000000001,13.98903225806452,12.327700000000002,2.0,3.0,0.2580645161290322,0.2666666666666666,0.8660254037844386,0.5000000000000001,33892.89261,32160.61664,28768.17894,31858.371396666666,32741.42989166667,33783.932316666665,2587,29521.60494,33892.89261,29521.60494,33892.89261,29521.60494,33892.89261,29521.60494,entity_001,2008-02-01
2008-03-01,30820.90211,16.012419354838713,118.87600000000002,16.717032258064517,0,0.3225806451612903,13.940724137931037,12.53716129032258,83.73,76.85600000000001,14.45303448275862,13.216935483870971,1.0,1.0,0.2758620689655172,0.3225806451612903,1.0,6.123233995736766e-17,29521.60494,33892.89261,29110.2754,31411.799886666664,31733.913043333334,33926.4845425,2616,30820.90211,29521.60494,30820.90211,29521.60494,30820.90211,29521.60494,30820.90211,entity_001,2008-03-01
2008-04-01,30029.21466,20.024200000000004,75.58300000000001,15.195100000000002,0,0.2666666666666666,16.012419354838713,10.038612903225808,118.87600000000002,64.281,16.717032258064517,13.98903225806452,0.0,2.0,0.3225806451612903,0.2580645161290322,0.8660254037844387,-0.49999999999999983,30820.90211,29521.60494,28753.91503,30123.907236666662,31113.61652833333,34032.75951166667,2647,30029.21466,30820.90211,30029.21466,30820.90211,30029.21466,30820.90211,30029.21466,entity_001,2008-04-01
2008-05-01,35722.05694,25.079354838709683,57.01300000000001,14.842322580645163,1,0.2903225806451613,20.024200000000004,13.940724137931037,75.58300000000001,83.73,15.195100000000002,14.45303448275862,0.0,1.0,0.2666666666666666,0.2758620689655172,0.49999999999999994,-0.8660254037844387,30029.21466,30820.90211,32946.19128,32190.724569999995,32024.547983333334,34264.08165,2677,35722.05694,30029.21466,35722.05694,30029.21466,35722.05694,30029.21466,35722.05694,entity_001,2008-05-01
2008-06-01,40142.01585,29.10503333333334,35.74400000000001,15.39996666666667,0,0.3,25.079354838709683,16.012419354838713,57.01300000000001,118.87600000000002,14.842322580645163,16.717032258064517,1.0,0.0,0.2903225806451613,0.3225806451612903,1.2246467991473532e-16,-1.0,35722.05694,30029.21466,36563.9645,35297.76248333333,33354.781185,34562.252595833335,2708,40142.01585,35722.05694,40142.01585,35722.05694,40142.01585,35722.05694,40142.01585,entity_001,2008-06-01
2008-07-01,42191.80399,29.428774193548392,30.837000000000003,11.286064516129034,1,0.2580645161290322,29.10503333333334,20.024200000000004,35.74400000000001,75.58300000000001,15.39996666666667,15.195100000000002,0.0,0.0,0.3,0.2666666666666666,-0.4999999999999998,-0.8660254037844388,40142.01585,35722.05694,38824.08254,39351.958926666666,34737.93308166667,34842.89605,2738,42191.80399,40142.01585,42191.80399,40142.01585,42191.80399,40142.01585,42191.80399,entity_001,2008-07-01
2008-08-01,41297.41181,28.624064516129035,95.915,9.28283870967742,0,0.3225806451612903,29.428774193548392,25.079354838709683,30.837000000000003,57.01300000000001,11.286064516129034,14.842322580645163,1.0,1.0,0.2580645161290322,0.2903225806451613,-0.8660254037844384,-0.5000000000000004,42191.80399,40142.01585,42760.1797,41210.41054999999,36700.56756,34720.998725833335,2769,41297.41181,42191.80399,41297.41181,42191.80399,41297.41181,42191.80399,41297.41181,entity_001,2008-08-01
2008-09-01,32323.72551,25.75166666666667,102.685,11.048366666666668,1,0.2666666666666666,28.624064516129035,29.10503333333334,95.915,35.74400000000001,9.28283870967742,15.39996666666667,0.0,0.0,0.3225806451612903,0.3,-1.0,-1.8369701987210297e-16,41297.41181,42191.80399,36866.0032,38604.31376999999,36951.038126666666,34342.475585,2800,32323.72551,41297.41181,32323.72551,41297.41181,32323.72551,41297.41181,32323.72551,entity_001,2008-09-01
2008-10-01,30518.85383,20.749741935483872,31.730000000000004,10.945709677419355,1,0.2580645161290322,25.75166666666667,29.428774193548392,102.685,30.837000000000003,11.048366666666668,11.286064516129034,1.0,1.0,0.2666666666666666,0.2580645161290322,-0.8660254037844386,0.5000000000000001,32323.72551,41297.41181,33750.99375,34713.33038333333,37032.644655000004,34073.13059166667,2830,30518.85383,32323.72551,30518.85383,32323.72551,30518.85383,32323.72551,30518.85383,entity_001,2008-10-01
2008-11-01,27548.58167,16.291400000000003,46.443000000000005,12.000200000000005,2,0.3333333333333333,20.749741935483872,28.624064516129035,31.730000000000004,95.915,10.945709677419355,9.28283870967742,1.0,0.0,0.2580645161290322,0.3225806451612903,-0.5000000000000004,0.8660254037844384,30518.85383,32323.72551,30256.46821,30130.387003333326,35670.39877666667,33847.47338,2861,27548.58167,30518.85383,27548.58167,30518.85383,27548.58167,30518.85383,27548.58167,entity_001,2008-11-01
2008-12-01,30778.71705,11.780967741935486,45.281000000000006,15.353580645161292,1,0.2580645161290322,16.291400000000003,25.75166666666667,46.443000000000005,102.685,12.000200000000005,11.048366666666668,2.0,1.0,0.3333333333333333,0.2666666666666666,-2.4492935982947064e-16,1.0,27548.58167,30518.85383,32160.61664,29615.384183333328,34109.84897666667,33732.31508083334,2891,30778.71705,27548.58167,30778.71705,27548.58167,30778.71705,27548.58167,30778.71705,entity_001,2008-12-01
2009-01-01,30804.18013,11.049,27.614000000000004,13.32477419354839,2,0.2903225806451613,11.780967741935486,20.749741935483872,45.281000000000006,31.730000000000004,15.353580645161292,10.945709677419355,1.0,1.0,0.2580645161290322,0.2580645161290322,0.49999999999999994,0.8660254037844387,30778.71705,27548.58167,33892.89261,29710.492949999996,32211.911666666667,33474.92237416667,2922,30804.18013,30778.71705,30804.18013,30778.71705,30804.18013,30778.71705,30804.18013,entity_001,2009-01-01
2009-02-01,26133.26562,15.241250000000004,38.25500000000001,15.992964285714288,1,0.2857142857142857,11.049,16.291400000000003,27.614000000000004,46.443000000000005,13.32477419354839,12.000200000000005,2.0,2.0,0.2903225806451613,0.3333333333333333,0.8660254037844386,0.5000000000000001,30804.18013,30778.71705,29521.60494,29238.72093333333,29684.553968333334,33192.560764166665,2953,26133.26562,30804.18013,26133.26562,30804.18013,26133.26562,30804.18013,26133.26562,entity_001,2009-02-01
2009-03-01,29169.92578,16.393258064516132,83.34900000000002,15.638903225806454,0,0.2903225806451613,15.241250000000004,11.780967741935486,38.25500000000001,45.281000000000006,15.992964285714288,15.353580645161292,1.0,1.0,0.2857142857142857,0.2580645161290322,1.0,6.123233995736766e-17,26133.26562,30804.18013,30820.90211,28702.45717666666,29158.92068,33054.97940333334,2981,29169.92578,26133.26562,29169.92578,26133.26562,29169.92578,26133.26562,29169.92578,entity_001,2009-03-01
2009-04-01,28382.55439,19.65246666666667,146.73200000000003,16.770866666666667,0,0.2666666666666666,16.393258064516132,11.049,83.34900000000002,27.614000000000004,15.638903225806454,13.32477419354839,0.0,2.0,0.2903225806451613,0.2903225806451613,0.8660254037844387,-0.49999999999999983,29169.92578,26133.26562,30029.21466,27895.24859666666,28802.870773333332,32917.75771416667,3012,28382.55439,29169.92578,28382.55439,29169.92578,28382.55439,29169.92578,28382.55439,entity_001,2009-04-01
2009-05-01,33403.51195,24.382290322580648,66.894,12.314419354838712,1,0.3225806451612903,19.65246666666667,15.241250000000004,146.73200000000003,38.25500000000001,16.770866666666667,15.992964285714288,0.0,1.0,0.2666666666666666,0.2857142857142857,0.49999999999999994,-0.8660254037844387,28382.55439,29169.92578,35722.05694,30318.664039999992,29778.692486666667,32724.545631666668,3042,33403.51195,28382.55439,33403.51195,28382.55439,33403.51195,28382.55439,33403.51195,entity_001,2009-05-01
2009-06-01,39280.19251,29.13553333333334,26.865,12.868600000000002,0,0.2666666666666666,24.382290322580648,16.393258064516132,66.894,83.34900000000002,12.314419354838712,15.638903225806454,1.0,0.0,0.3225806451612903,0.2903225806451613,1.2246467991473532e-16,-1.0,33403.51195,28382.55439,40142.01585,33688.752949999995,31195.605063333336,32652.727020000002,3073,39280.19251,33403.51195,39280.19251,33403.51195,39280.19251,33403.51195,39280.19251,entity_001,2009-06-01
2009-07-01,42390.91971,30.541354838709683,45.037000000000006,11.120741935483872,2,0.2580645161290322,29.13553333333334,19.65246666666667,26.865,146.73200000000003,12.868600000000002,16.770866666666667,0.0,0.0,0.2666666666666666,0.2666666666666666,-0.4999999999999998,-0.8660254037844388,39280.19251,33403.51195,42191.80399,38358.20805666666,33126.72832666666,32669.31999666667,3103,42390.91971,39280.19251,42390.91971,39280.19251,42390.91971,39280.19251,42390.91971,entity_001,2009-07-01
2009-08-01,42446.72307,30.19561290322581,19.344000000000005,10.673032258064516,0,0.3225806451612903,30.541354838709683,24.382290322580648,45.037000000000006,66.894,11.120741935483872,12.314419354838712,2.0,1.0,0.2580645161290322,0.3225806451612903,-0.8660254037844384,-0.5000000000000004,42390.91971,39280.19251,41297.41181,41372.61176333333,35845.63790166667,32765.095935,3134,42446.72307,42390.91971,42446.72307,42390.91971,42446.72307,42390.91971,42446.72307,entity_001,2009-08-01
2009-09-01,34158.59167,24.93563333333333,138.44700000000003,9.605366666666669,1,0.2666666666666666,30.19561290322581,29.13553333333334,19.344000000000005,26.865,10.673032258064516,12.868600000000002,0.0,0.0,0.3225806451612903,0.2666666666666666,-1.0,-1.8369701987210297e-16,42446.72307,42390.91971,32323.72551,39665.41148333333,36677.08221666667,32918.00144833333,3165,34158.59167,42446.72307,34158.59167,42446.72307,34158.59167,42446.72307,34158.59167,entity_001,2009-09-01
2009-10-01,30499.50698,20.00722580645161,255.59500000000003,13.690225806451616,1,0.2903225806451613,24.93563333333333,30.541354838709683,138.44700000000003,45.037000000000006,9.605366666666669,11.120741935483872,1.0,2.0,0.2666666666666666,0.2580645161290322,-0.8660254037844386,0.5000000000000001,34158.59167,42446.72307,30518.85383,35701.60723999999,37029.907648333334,32916.38921083333,3195,30499.50698,34158.59167,30499.50698,34158.59167,30499.50698,34158.59167,30499.50698,entity_001,2009-10-01
2009-11-01,27455.13339,15.546766666666668,93.20600000000002,10.842733333333337,2,0.3,20.00722580645161,30.19561290322581,255.59500000000003,19.344000000000005,13.690225806451616,10.673032258064516,1.0,0.0,0.2903225806451613,0.3225806451612903,-0.5000000000000004,0.8660254037844384,30499.50698,34158.59167,27548.58167,30704.41067999999,36038.51122166667,32908.60185416666,3226,27455.13339,30499.50698,27455.13339,30499.50698,27455.13339,30499.50698,27455.13339,entity_001,2009-11-01
2009-12-01,33043.4043,8.351387096774195,94.672,12.302387096774194,1,0.2580645161290322,15.546766666666668,24.93563333333333,93.20600000000002,138.44700000000003,10.842733333333337,9.605366666666669,2.0,1.0,0.3,0.2666666666666666,-2.4492935982947064e-16,1.0,27455.13339,30499.50698,30778.71705,30332.68155666666,34999.046519999996,33097.32579166666,3256,33043.4043,27455.13339,33043.4043,27455.13339,33043.4043,27455.13339,33043.4043,entity_001,2009-12-01
2010-01-01,33957.34754,8.346322580645163,96.892,12.863451612903228,2,0.3225806451612903,8.351387096774195,20.00722580645161,94.672,255.59500000000003,12.302387096774194,13.690225806451616,1.0,1.0,0.2580645161290322,0.2903225806451613,0.49999999999999994,0.8660254037844387,33043.4043,27455.13339,30804.18013,31485.29507666666,33593.45115833334,33360.0897425,3287,33957.34754,33043.4043,33957.34754,33043.4043,33957.34754,33043.4043,33957.34754,entity_001,2010-01-01
2010-02-01,30591.87236,7.562964285714287,90.06500000000001,12.72314285714286,1,0.2857142857142857,8.346322580645163,15.546766666666668,96.892,93.20600000000002,12.863451612903228,10.842733333333337,2.0,2.0,0.3225806451612903,0.3,0.8660254037844386,0.5000000000000001,33957.34754,33043.4043,26133.26562,32530.87473333333,31617.642706666666,33731.64030416667,3318,30591.87236,33957.34754,30591.87236,33957.34754,30591.87236,33957.34754,30591.87236,entity_001,2010-02-01
2010-03-01,28953.54391,13.60235483870968,73.70000000000002,14.05151612903226,0,0.2580645161290322,7.562964285714287,8.351387096774195,90.06500000000001,94.672,12.72314285714286,12.302387096774194,1.0,1.0,0.2857142857142857,0.2580645161290322,1.0,6.123233995736766e-17,30591.87236,33957.34754,29169.92578,31167.587936666663,30750.134746666667,33713.60848166666,3346,28953.54391,30591.87236,28953.54391,30591.87236,28953.54391,30591.87236,28953.54391,entity_001,2010-03-01
2010-04-01,28187.33245,19.671433333333336,62.07500000000002,14.80596666666667,0,0.2666666666666666,13.60235483870968,8.346322580645163,73.70000000000002,96.892,14.05151612903226,12.863451612903228,0.0,2.0,0.2580645161290322,0.3225806451612903,0.8660254037844387,-0.49999999999999983,28953.54391,30591.87236,28382.55439,29244.24957333333,30364.772324999998,33697.339986666666,3377,28187.33245,28953.54391,28187.33245,28953.54391,28187.33245,28953.54391,28187.33245,entity_001,2010-04-01
2010-05-01,35235.1183,25.102419354838712,47.63000000000001,13.319161290322583,1,0.3225806451612903,19.671433333333336,7.562964285714287,62.07500000000002,90.06500000000001,14.80596666666667,12.72314285714286,0.0,1.0,0.2666666666666666,0.2857142857142857,0.49999999999999994,-0.8660254037844387,28187.33245,28953.54391,33403.51195,30791.998219999998,31661.436476666666,33849.97384916667,3407,35235.1183,28187.33245,35235.1183,28187.33245,35235.1183,28187.33245,35235.1183,entity_001,2010-05-01
2010-06-01,40229.0043,28.49876666666667,84.08100000000002,11.982533333333334,0,0.2666666666666666,25.102419354838712,13.60235483870968,47.63000000000001,73.70000000000002,13.319161290322583,14.05151612903226,1.0,0.0,0.3225806451612903,0.2580645161290322,1.2246467991473532e-16,-1.0,35235.1183,28187.33245,39280.19251,34550.485016666666,32859.03647666667,33929.04149833333,3438,40229.0043,35235.1183,40229.0043,35235.1183,40229.0043,35235.1183,40229.0043,entity_001,2010-06-01
2010-07-01,40896.37422,28.20535483870968,124.68500000000002,10.75867741935484,2,0.2903225806451613,28.49876666666667,19.671433333333336,84.08100000000002,62.07500000000002,11.982533333333334,14.80596666666667,0.0,0.0,0.2666666666666666,0.2666666666666666,-0.4999999999999998,-0.8660254037844388,40229.0043,35235.1183,42390.91971,38786.832273333326,34015.54092333334,33804.496040833335,3468,40896.37422,40229.0043,40896.37422,40229.0043,40896.37422,40229.0043,40896.37422,entity_001,2010-07-01
2010-08-01,44721.59703,31.027129032258067,30.059,9.866032258064518,0,0.2903225806451613,28.20535483870968,25.102419354838712,124.68500000000002,47.63000000000001,10.75867741935484,13.319161290322583,2.0,1.0,0.2903225806451613,0.3225806451612903,-0.8660254037844384,-0.5000000000000004,40896.37422,40229.0043,42446.72307,41948.99184999999,36370.495035,33994.06887083333,3499,44721.59703,40896.37422,44721.59703,40896.37422,44721.59703,40896.37422,44721.59703,entity_001,2010-08-01
2010-09-01,36369.18979,26.3986,103.354,10.323833333333337,1,0.2666666666666666,31.027129032258067,28.49876666666667,30.059,84.08100000000002,9.866032258064518,11.982533333333334,0.0,0.0,0.2903225806451613,0.2666666666666666,-1.0,-1.8369701987210297e-16,44721.59703,40896.37422,34158.59167,40662.387013333326,37606.436015,34178.28538083334,3530,36369.18979,44721.59703,36369.18979,44721.59703,36369.18979,44721.59703,36369.18979,entity_001,2010-09-01
2010-10-01,30753.34589,21.94067741935484,10.641000000000002,11.212806451612904,1,0.3225806451612903,26.3986,28.20535483870968,103.354,124.68500000000002,10.323833333333337,10.75867741935484,1.0,2.0,0.2666666666666666,0.2903225806451613,-0.8660254037844386,0.5000000000000001,36369.18979,44721.59703,30499.50698,37281.37756999999,38034.104921666665,34199.438623333335,3560,30753.34589,36369.18979,30753.34589,36369.18979,30753.34589,36369.18979,30753.34589,entity_001,2010-10-01
2010-11-01,29376.46145,16.060166666666667,61.66400000000001,14.808400000000002,2,0.2666666666666666,21.94067741935484,31.027129032258067,10.641000000000002,30.059,11.212806451612904,9.866032258064518,1.0,0.0,0.3225806451612903,0.2903225806451613,-0.5000000000000004,0.8660254037844384,30753.34589,36369.18979,27455.13339,32166.332376666658,37057.66211333333,34359.549295000004,3591,29376.46145,30753.34589,29376.46145,30753.34589,29376.46145,30753.34589,29376.46145,entity_001,2010-11-01
2010-12-01,32423.85896,11.81267741935484,39.532,14.307709677419355,3,0.2580645161290322,16.060166666666667,26.3986,61.66400000000001,103.354,14.808400000000002,10.323833333333337,2.0,1.0,0.2666666666666666,0.2666666666666666,-2.4492935982947064e-16,1.0,29376.46145,30753.34589,33043.4043,30851.222099999995,35756.80455666666,34307.920516666665,3621,32423.85896,29376.46145,32423.85896,29376.46145,32423.85896,29376.46145,32423.85896,entity_001,2010-12-01
2011-01-01,34297.13561,8.915741935483872,84.11700000000002,11.343129032258066,2,0.3225806451612903,11.81267741935484,21.94067741935484,39.532,10.641000000000002,14.307709677419355,11.212806451612904,3.0,1.0,0.2580645161290322,0.3225806451612903,0.49999999999999994,0.8660254037844387,32423.85896,29376.46145,33957.34754,32032.485339999996,34656.931455000005,34336.236189166666,3652,34297.13561,32423.85896,34297.13561,32423.85896,34297.13561,32423.85896,34297.13561,entity_001,2011-01-01
2011-02-01,30263.90435,11.238714285714286,34.168000000000006,15.915928571428577,1,0.2857142857142857,8.915741935483872,16.060166666666667,84.11700000000002,61.66400000000001,11.343129032258066,14.808400000000002,2.0,2.0,0.3225806451612903,0.2666666666666666,0.8660254037844386,0.5000000000000001,34297.13561,32423.85896,30591.87236,32328.299639999994,32247.316008333335,34308.90552166667,3683,30263.90435,34297.13561,30263.90435,34297.13561,30263.90435,34297.13561,30263.90435,entity_001,2011-02-01
2011-03-01,30275.74341,18.093903225806454,24.292000000000005,14.912451612903228,0,0.2580645161290322,11.238714285714286,11.81267741935484,34.168000000000006,39.532,15.915928571428577,14.307709677419355,1.0,3.0,0.2857142857142857,0.2580645161290322,1.0,6.123233995736766e-17,30263.90435,34297.13561,28953.54391,31612.26112333333,31231.741611666668,34419.08881333333,3711,30275.74341,30263.90435,30275.74341,30263.90435,30275.74341,30263.90435,30275.74341,entity_001,2011-03-01
2011-04-01,32606.96563,23.237266666666667,29.48100000000001,18.26953333333334,0,0.3,18.093903225806454,8.915741935483872,24.292000000000005,84.11700000000002,14.912451612903228,11.343129032258066,0.0,2.0,0.2580645161290322,0.3225806451612903,0.8660254037844387,-0.49999999999999983,30275.74341,30263.90435,28187.33245,31048.871129999996,31540.678235,34787.391578333336,3742,32606.96563,30275.74341,32606.96563,30275.74341,32606.96563,30275.74341,32606.96563,entity_001,2011-04-01
2011-05-01,35972.46286,24.44245161290323,67.688,17.477387096774198,1,0.2903225806451613,23.237266666666667,11.238714285714286,29.48100000000001,34.168000000000006,18.26953333333334,15.915928571428577,0.0,1.0,0.3,0.2857142857142857,0.49999999999999994,-0.8660254037844387,32606.96563,30275.74341,35235.1183,32951.723966666665,32640.01180333333,34848.83695833333,3772,35972.46286,32606.96563,35972.46286,32606.96563,35972.46286,32606.96563,35972.46286,entity_001,2011-05-01
2011-06-01,42806.72473,29.994966666666677,37.98500000000001,14.37186666666667,0,0.2666666666666666,24.44245161290323,18.093903225806454,67.688,24.292000000000005,17.477387096774198,14.912451612903228,1.0,0.0,0.2903225806451613,0.2580645161290322,1.2246467991473532e-16,-1.0,35972.46286,32606.96563,40229.0043,37128.71774,34370.48943166667,35063.646994166666,3803,42806.72473,35972.46286,42806.72473,35972.46286,42806.72473,35972.46286,42806.72473,entity_001,2011-06-01
2011-07-01,46569.32229,31.531967741935485,22.039,11.29309677419355,1,0.3225806451612903,29.994966666666677,23.237266666666667,37.98500000000001,29.48100000000001,14.37186666666667,18.26953333333334,0.0,0.0,0.2666666666666666,0.3,-0.4999999999999998,-0.8660254037844388,42806.72473,35972.46286,40896.37422,41782.83662666666,36415.85387833333,35536.39266666667,3833,46569.32229,42806.72473,46569.32229,42806.72473,46569.32229,42806.72473,46569.32229,entity_001,2011-07-01
2011-08-01,48328.29138,32.91245161290323,7.120000000000001,11.049709677419356,0,0.2580645161290322,31.531967741935485,24.44245161290323,22.039,67.688,11.29309677419355,17.477387096774198,1.0,1.0,0.3225806451612903,0.2903225806451613,-0.8660254037844384,-0.5000000000000004,46569.32229,42806.72473,44721.59703,45901.446133333324,39426.58505,35836.950529166665,3864,48328.29138,46569.32229,48328.29138,46569.32229,48328.29138,46569.32229,48328.29138,entity_001,2011-08-01
2011-09-01,38562.81039,28.28743333333334,26.302000000000003,11.5238,1,0.2666666666666666,32.91245161290323,29.994966666666677,7.120000000000001,37.98500000000001,11.049709677419356,14.37186666666667,0.0,0.0,0.2580645161290322,0.2666666666666666,-1.0,-1.8369701987210297e-16,48328.29138,46569.32229,36369.18979,44486.80802,40807.76288,36019.75224583333,3895,38562.81039,48328.29138,38562.81039,48328.29138,38562.81039,48328.29138,38562.81039,entity_001,2011-09-01
2011-10-01,32466.83295,21.66241935483871,44.723000000000006,11.950580645161292,1,0.3225806451612903,28.28743333333334,31.531967741935485,26.302000000000003,22.039,11.5238,11.29309677419355,1.0,1.0,0.2666666666666666,0.3225806451612903,-0.8660254037844386,0.5000000000000001,38562.81039,48328.29138,30753.34589,39785.97824,40784.407433333334,36162.54283416666,3925,32466.83295,38562.81039,32466.83295,38562.81039,32466.83295,38562.81039,32466.83295,entity_001,2011-10-01
2011-11-01,29824.51776,16.716733333333334,83.47400000000002,15.006700000000002,2,0.2666666666666666,21.66241935483871,32.91245161290323,44.723000000000006,7.120000000000001,11.950580645161292,11.049709677419356,1.0,0.0,0.3225806451612903,0.2580645161290322,-0.5000000000000004,0.8660254037844384,32466.83295,38562.81039,29376.46145,33618.05369999999,39759.74991666667,36199.88086,3956,29824.51776,32466.83295,29824.51776,32466.83295,29824.51776,32466.83295,29824.51776,entity_001,2011-11-01
2011-12-01,33502.21222,10.986612903225808,131.54500000000002,12.853322580645164,2,0.2903225806451613,16.716733333333334,28.28743333333334,83.47400000000002,26.302000000000003,15.006700000000002,11.5238,2.0,1.0,0.2666666666666666,0.2666666666666666,-2.4492935982947064e-16,1.0,29824.51776,32466.83295,32423.85896,31931.187643333327,38208.99783166667,36289.743631666664,3986,33502.21222,29824.51776,33502.21222,29824.51776,33502.21222,29824.51776,33502.21222,entity_001,2011-12-01
2012-01-01,32701.94936,12.604096774193549,92.86,13.509483870967744,3,0.2903225806451613,10.986612903225808,21.66241935483871,131.54500000000002,44.723000000000006,12.853322580645164,11.950580645161292,2.0,1.0,0.2903225806451613,0.3225806451612903,0.49999999999999994,0.8660254037844387,33502.21222,29824.51776,34297.13561,32009.559779999996,35897.769009999996,36156.81144416666,4017,32701.94936,33502.21222,32701.94936,33502.21222,32701.94936,33502.21222,32701.94936,entity_001,2012-01-01
2012-02-01,29954.34494,13.367206896551728,110.478,12.907000000000002,1,0.2758620689655172,12.604096774193549,16.716733333333334,92.86,83.47400000000002,13.509483870967744,15.006700000000002,3.0,2.0,0.2903225806451613,0.2666666666666666,0.8660254037844386,0.5000000000000001,32701.94936,33502.21222,30263.90435,32052.83550666666,32835.44460333333,36131.014826666666,4048,29954.34494,32701.94936,29954.34494,32701.94936,29954.34494,32701.94936,29954.34494,entity_001,2012-02-01
2012-03-01,32067.69945,18.606645161290324,157.79900000000004,14.103032258064518,0,0.2903225806451613,13.367206896551728,10.986612903225808,110.478,131.54500000000002,12.907000000000002,12.853322580645164,1.0,2.0,0.2758620689655172,0.2903225806451613,1.0,6.123233995736766e-17,29954.34494,32701.94936,30275.74341,31574.664583333328,31752.92611333333,36280.344496666665,4077,32067.69945,29954.34494,32067.69945,29954.34494,32067.69945,29954.34494,32067.69945,entity_001,2012-03-01
2012-04-01,32512.8329,21.799333333333337,76.512,14.024566666666669,0,0.3,18.606645161290324,12.604096774193549,157.79900000000004,92.86,14.103032258064518,13.509483870967744,0.0,3.0,0.2903225806451613,0.2903225806451613,0.8660254037844387,-0.49999999999999983,32067.69945,29954.34494,32606.96563,31511.62576333333,31760.592771666667,36272.5001025,4108,32512.8329,32067.69945,32512.8329,32067.69945,32512.8329,32067.69945,32512.8329,entity_001,2012-04-01
2012-05-01,37423.58828,24.91235483870968,85.93400000000001,12.176322580645165,1,0.2580645161290322,21.799333333333337,13.367206896551728,76.512,110.478,14.024566666666669,12.907000000000002,0.0,1.0,0.3,0.2758620689655172,0.49999999999999994,-0.8660254037844387,32512.8329,32067.69945,35972.46286,34001.37354333333,33027.104525,36393.427220833335,4138,37423.58828,32512.8329,37423.58828,32512.8329,37423.58828,32512.8329,37423.58828,entity_001,2012-05-01
2012-06-01,41398.99954,28.570733333333337,47.278000000000006,10.896466666666669,0,0.3,24.91235483870968,18.606645161290324,85.93400000000001,157.79900000000004,12.176322580645165,14.103032258064518,1.0,0.0,0.2580645161290322,0.2903225806451613,1.2246467991473532e-16,-1.0,37423.58828,32512.8329,42806.72473,37111.806906666665,34343.235745000005,36276.11678833333,4169,41398.99954,37423.58828,41398.99954,37423.58828,41398.99954,37423.58828,41398.99954,entity_001,2012-06-01
2012-07-01,44070.96776,28.871838709677423,92.29900000000002,10.012290322580649,1,0.2903225806451613,28.570733333333337,21.799333333333337,47.278000000000006,76.512,10.896466666666669,14.024566666666669,0.0,0.0,0.3,0.3,-0.4999999999999998,-0.8660254037844388,41398.99954,37423.58828,46569.32229,40964.51852666666,36238.072145000006,36067.9205775,4199,44070.96776,41398.99954,44070.96776,41398.99954,44070.96776,41398.99954,44070.96776,entity_001,2012-07-01
2012-08-01,44691.37488,30.07803225806452,32.967000000000006,10.613387096774195,0,0.2580645161290322,28.871838709677423,24.91235483870968,92.29900000000002,85.93400000000001,10.012290322580649,12.176322580645165,1.0,1.0,0.2903225806451613,0.2580645161290322,-0.8660254037844384,-0.5000000000000004,44070.96776,41398.99954,48328.29138,43387.11405999999,38694.243801666664,35764.844202500004,4230,44691.37488,44070.96776,44691.37488,44070.96776,44691.37488,44070.96776,44691.37488,entity_001,2012-08-01
2012-09-01,37862.09996,26.503766666666667,106.67600000000002,10.398433333333337,1,0.3333333333333333,30.07803225806452,28.570733333333337,32.967000000000006,47.278000000000006,10.613387096774195,10.896466666666669,0.0,0.0,0.2580645161290322,0.3,-1.0,-1.8369701987210297e-16,44691.37488,44070.96776,38562.81039,42208.14753333333,39659.97722,35706.45166666667,4261,37862.09996,44691.37488,37862.09996,44691.37488,37862.09996,44691.37488,37862.09996,entity_001,2012-09-01
2012-10-01,33155.23805,20.585064516129037,42.36800000000001,12.626612903225809,1,0.2580645161290322,26.503766666666667,28.871838709677423,106.67600000000002,92.29900000000002,10.398433333333337,10.012290322580649,1.0,1.0,0.3333333333333333,0.2903225806451613,-0.8660254037844386,0.5000000000000001,37862.09996,44691.37488,32466.83295,38569.570963333324,39767.044745,35763.818758333335,4291,33155.23805,37862.09996,33155.23805,37862.09996,33155.23805,37862.09996,33155.23805,entity_001,2012-10-01
2012-11-01,30369.07362,17.20266666666667,9.147000000000002,11.285233333333336,3,0.2666666666666666,20.585064516129037,30.07803225806452,42.36800000000001,32.967000000000006,12.626612903225809,10.613387096774195,1.0,0.0,0.2580645161290322,0.2580645161290322,-0.5000000000000004,0.8660254037844384,33155.23805,37862.09996,29824.51776,33795.47054333332,38591.29230166667,35809.19841333334,4322,30369.07362,33155.23805,30369.07362,33155.23805,30369.07362,33155.23805,30369.07362,entity_001,2012-11-01
2012-12-01,33604.34105,13.678548387096775,54.553,13.38625806451613,1,0.3225806451612903,17.20266666666667,26.503766666666667,9.147000000000002,106.67600000000002,11.285233333333336,10.398433333333337,3.0,1.0,0.2666666666666666,0.3333333333333333,-2.4492935982947064e-16,1.0,30369.07362,33155.23805,33502.21222,32376.217573333328,37292.18255333333,35817.709149166665,4352,33604.34105,30369.07362,33604.34105,30369.07362,33604.34105,30369.07362,33604.34105,entity_001,2012-12-01
2013-01-01,33792.19159,11.360483870967744,136.59900000000002,13.19767741935484,2,0.2580645161290322,13.678548387096775,20.585064516129037,54.553,42.36800000000001,13.38625806451613,12.626612903225809,1.0,1.0,0.3225806451612903,0.2580645161290322,0.49999999999999994,0.8660254037844387,33604.34105,30369.07362,32701.94936,32588.535419999997,35579.053191666666,35908.56266833333,4383,33792.19159,33604.34105,33792.19159,33604.34105,33792.19159,33604.34105,33792.19159,entity_001,2013-01-01
2013-02-01,28598.94279,13.192214285714288,76.07900000000001,13.683142857142858,1,0.2857142857142857,11.360483870967744,17.20266666666667,136.59900000000002,9.147000000000002,13.19767741935484,11.285233333333336,2.0,3.0,0.2580645161290322,0.2666666666666666,0.8660254037844386,0.5000000000000001,33792.19159,33604.34105,29954.34494,31998.491809999996,32896.98117666667,35795.61248916667,4414,28598.94279,33792.19159,28598.94279,33792.19159,28598.94279,33792.19159,28598.94279,entity_001,2013-02-01
2013-03-01,31131.87949,15.352064516129031,47.55800000000001,14.683225806451617,0,0.3225806451612903,13.192214285714288,13.678548387096775,76.07900000000001,54.553,13.683142857142858,13.38625806451613,1.0,1.0,0.2857142857142857,0.3225806451612903,1.0,6.123233995736766e-17,28598.94279,33792.19159,32067.69945,31174.337956666666,31775.277765000003,35717.6274925,4442,31131.87949,28598.94279,31131.87949,28598.94279,31131.87949,28598.94279,31131.87949,entity_001,2013-03-01
2013-04-01,30960.14789,18.65853333333333,82.86500000000001,14.9852,0,0.2666666666666666,15.352064516129031,11.360483870967744,47.55800000000001,136.59900000000002,14.683225806451617,13.19767741935484,0.0,2.0,0.3225806451612903,0.2580645161290322,0.8660254037844387,-0.49999999999999983,31131.87949,28598.94279,32512.8329,30230.323389999994,31409.429405000003,35588.237075,4473,30960.14789,31131.87949,30960.14789,31131.87949,30960.14789,31131.87949,30960.14789,entity_001,2013-04-01
2013-05-01,35878.40078,23.15703225806452,94.56000000000002,15.24141935483871,1,0.2580645161290322,18.65853333333333,13.192214285714288,82.86500000000001,76.07900000000001,14.9852,13.683142857142858,0.0,1.0,0.2666666666666666,0.2857142857142857,0.49999999999999994,-0.8660254037844387,30960.14789,31131.87949,37423.58828,32656.80938666666,32327.650598333334,35459.471450000005,4503,35878.40078,30960.14789,35878.40078,30960.14789,35878.40078,30960.14789,35878.40078,entity_001,2013-05-01
2013-06-01,41110.19999,28.431366666666676,44.88400000000001,11.418233333333337,0,0.3333333333333333,23.15703225806452,15.352064516129031,94.56000000000002,47.55800000000001,15.24141935483871,14.683225806451617,1.0,0.0,0.2580645161290322,0.3225806451612903,1.2246467991473532e-16,-1.0,35878.40078,30960.14789,41398.99954,35982.91622,33578.627088333335,35435.40482083333,4534,41110.19999,35878.40078,41110.19999,35878.40078,41110.19999,35878.40078,41110.19999,entity_001,2013-06-01
2013-07-01,43381.63203,28.82961290322581,55.03300000000001,10.727903225806454,1,0.2580645161290322,28.431366666666676,18.65853333333333,44.88400000000001,82.86500000000001,11.418233333333337,14.9852,0.0,0.0,0.3333333333333333,0.2666666666666666,-0.4999999999999998,-0.8660254037844388,41110.19999,35878.40078,44070.96776,40123.41093333333,35176.86716166667,35377.96017666667,4564,43381.63203,41110.19999,43381.63203,41110.19999,43381.63203,41110.19999,43381.63203,entity_001,2013-07-01
2013-08-01,45474.10483,29.9661935483871,30.507,9.922322580645163,0,0.2903225806451613,28.82961290322581,23.15703225806452,55.03300000000001,94.56000000000002,10.727903225806454,15.24141935483871,1.0,1.0,0.2580645161290322,0.2580645161290322,-0.8660254037844384,-0.5000000000000004,43381.63203,41110.19999,44691.37488,43321.97895,37989.39416833333,35443.1876725,4595,45474.10483,43381.63203,45474.10483,43381.63203,45474.10483,43381.63203,45474.10483,entity_001,2013-08-01
2013-09-01,39770.04937,27.528533333333336,109.184,9.602900000000002,1,0.3,29.9661935483871,28.431366666666676,30.507,44.88400000000001,9.922322580645163,11.418233333333337,0.0,0.0,0.2903225806451613,0.3333333333333333,-1.0,-1.8369701987210297e-16,45474.10483,43381.63203,37862.09996,42875.26207666666,39429.08914833333,35602.18345666667,4626,39770.04937,45474.10483,39770.04937,45474.10483,39770.04937,45474.10483,39770.04937,entity_001,2013-09-01
2013-10-01,34003.44183,21.06532258064517,124.65200000000002,11.260387096774195,1,0.2580645161290322,27.528533333333336,28.82961290322581,109.184,55.03300000000001,9.602900000000002,10.727903225806454,1.0,1.0,0.3,0.2580645161290322,-0.8660254037844386,0.5000000000000001,39770.04937,45474.10483,33155.23805,39749.19867666666,39936.304805,35672.867105,4656,34003.44183,39770.04937,34003.44183,39770.04937,34003.44183,39770.04937,34003.44183,entity_001,2013-10-01
2013-11-01,32565.92714,13.461866666666667,73.10400000000001,13.063433333333336,2,0.3,21.06532258064517,29.9661935483871,124.65200000000002,30.507,11.260387096774195,9.922322580645163,1.0,0.0,0.2580645161290322,0.2903225806451613,-0.5000000000000004,0.8660254037844384,34003.44183,39770.04937,30369.07362,35446.472780000004,39384.225865,35855.93823166667,4687,32565.92714,34003.44183,32565.92714,34003.44183,32565.92714,34003.44183,32565.92714,entity_001,2013-11-01
2013-12-01,36713.24797,9.110064516129034,34.830000000000005,11.765580645161291,1,0.2903225806451613,13.461866666666667,27.528533333333336,73.10400000000001,109.184,13.063433333333336,9.602900000000002,2.0,1.0,0.3,0.3,-2.4492935982947064e-16,1.0,32565.92714,34003.44183,33604.34105,34427.53897999999,38651.40052833333,36115.01380833334,4717,36713.24797,32565.92714,36713.24797,32565.92714,36713.24797,32565.92714,36713.24797,entity_001,2013-12-01
2014-01-01,36722.2954,8.809580645161292,22.596000000000004,14.676064516129037,2,0.2580645161290322,9.110064516129034,21.06532258064517,34.830000000000005,124.65200000000002,11.765580645161291,11.260387096774195,1.0,1.0,0.2903225806451613,0.2580645161290322,0.49999999999999994,0.8660254037844387,36713.24797,32565.92714,33792.19159,35333.823503333326,37541.51109,36359.189125833334,4748,36722.2954,36713.24797,36722.2954,36713.24797,36722.2954,36713.24797,36722.2954,entity_001,2014-01-01
2014-02-01,32405.51265,10.830107142857145,36.84100000000001,13.69639285714286,1,0.2857142857142857,8.809580645161292,13.461866666666667,22.596000000000004,73.10400000000001,14.676064516129037,13.063433333333336,2.0,2.0,0.2580645161290322,0.3,0.8660254037844386,0.5000000000000001,36722.2954,36713.24797,28598.94279,35280.35200666666,35363.41239333333,36676.403280833336,4779,32405.51265,36722.2954,32405.51265,36722.2954,32405.51265,36722.2954,32405.51265,entity_001,2014-02-01
2014-03-01,32716.41735,13.86625806451613,74.66900000000001,14.2581935483871,0,0.3225806451612903,10.830107142857145,9.110064516129034,36.84100000000001,34.830000000000005,13.69639285714286,11.765580645161291,1.0,1.0,0.2857142857142857,0.2903225806451613,1.0,6.123233995736766e-17,32405.51265,36722.2954,31131.87949,33948.07513333333,34187.807056666665,36808.4481025,4807,32716.41735,32405.51265,32716.41735,32405.51265,32716.41735,32405.51265,32716.41735,entity_001,2014-03-01
2014-04-01,31355.59875,19.88743333333333,47.05800000000001,15.474266666666669,0,0.2666666666666666,13.86625806451613,8.809580645161292,74.66900000000001,22.596000000000004,14.2581935483871,14.676064516129037,0.0,2.0,0.3225806451612903,0.2580645161290322,0.8660254037844387,-0.49999999999999983,32716.41735,32405.51265,30960.14789,32159.176249999993,33746.49987666667,36841.40234083334,4838,31355.59875,32716.41735,31355.59875,32716.41735,31355.59875,32716.41735,31355.59875,entity_001,2014-04-01
2014-05-01,35309.5811,23.14583870967742,126.44800000000002,14.750129032258068,1,0.2903225806451613,19.88743333333333,10.830107142857145,47.05800000000001,36.84100000000001,15.474266666666669,13.69639285714286,0.0,1.0,0.2666666666666666,0.2857142857142857,0.49999999999999994,-0.8660254037844387,31355.59875,32716.41735,35878.40078,33127.19906666666,34203.77553666666,36794.000700833334,4868,35309.5811,31355.59875,35309.5811,31355.59875,35309.5811,31355.59875,35309.5811,entity_001,2014-05-01
2014-06-01,39684.338,27.055200000000003,86.18500000000002,13.464133333333336,0,0.3,23.14583870967742,13.86625806451613,126.44800000000002,74.66900000000001,14.750129032258068,14.2581935483871,1.0,0.0,0.2903225806451613,0.3225806451612903,1.2246467991473532e-16,-1.0,35309.5811,31355.59875,41110.19999,35449.83928333333,34698.95720833333,36675.178868333336,4899,39684.338,35309.5811,39684.338,35309.5811,39684.338,35309.5811,39684.338,entity_001,2014-06-01
2014-07-01,43528.54068,28.51003225806452,51.71700000000001,9.485645161290323,1,0.2580645161290322,27.055200000000003,19.88743333333333,86.18500000000002,47.05800000000001,13.464133333333336,15.474266666666669,0.0,0.0,0.3,0.2666666666666666,-0.4999999999999998,-0.8660254037844388,39684.338,35309.5811,43381.63203,39507.486593333335,35833.33142166667,36687.42125583333,4929,43528.54068,39684.338,43528.54068,39684.338,43528.54068,39684.338,43528.54068,entity_001,2014-07-01
2014-08-01,45326.01908,29.46770967741936,46.556,10.640645161290324,0,0.3225806451612903,28.51003225806452,23.14583870967742,51.71700000000001,126.44800000000002,9.485645161290323,14.750129032258068,1.0,1.0,0.2580645161290322,0.2903225806451613,-0.8660254037844384,-0.5000000000000004,43528.54068,39684.338,45474.10483,42846.29925333333,37986.74916,36675.08077666666,4960,45326.01908,43528.54068,45326.01908,43528.54068,45326.01908,43528.54068,45326.01908,entity_001,2014-08-01
2014-09-01,39350.66209,26.26580000000001,81.986,9.5718,1,0.2666666666666666,29.46770967741936,27.055200000000003,46.556,86.18500000000002,10.640645161290324,13.464133333333336,0.0,0.0,0.3225806451612903,0.3,-1.0,-1.8369701987210297e-16,45326.01908,43528.54068,39770.04937,42735.07394999999,39092.45661666667,36640.13183666667,4991,39350.66209,45326.01908,39350.66209,45326.01908,39350.66209,45326.01908,39350.66209,entity_001,2014-09-01
2014-10-01,34572.01238,22.83551612903226,48.86200000000001,11.31209677419355,1,0.2580645161290322,26.26580000000001,28.51003225806452,81.986,51.71700000000001,9.5718,9.485645161290323,1.0,1.0,0.2666666666666666,0.2580645161290322,-0.8660254037844386,0.5000000000000001,39350.66209,45326.01908,34003.44183,39749.56451666666,39628.525555,36687.512715833334,5021,34572.01238,39350.66209,34572.01238,39350.66209,34572.01238,39350.66209,34572.01238,entity_001,2014-10-01
2014-11-01,32283.78925,13.1016,92.074,14.022800000000002,2,0.3333333333333333,22.83551612903226,29.46770967741936,48.86200000000001,46.556,11.31209677419355,10.640645161290324,1.0,0.0,0.2580645161290322,0.3225806451612903,-0.5000000000000004,0.8660254037844384,34572.01238,39350.66209,32565.92714,35402.154573333326,39124.22691333333,36664.001225,5052,32283.78925,34572.01238,32283.78925,34572.01238,32283.78925,34572.01238,32283.78925,entity_001,2014-11-01
2014-12-01,34374.90115,12.542870967741935,61.52400000000001,12.040161290322583,1,0.2580645161290322,13.1016,26.26580000000001,92.074,81.986,14.022800000000002,9.5718,2.0,1.0,0.3333333333333333,0.2666666666666666,-2.4492935982947064e-16,1.0,32283.78925,34572.01238,36713.24797,33743.567593333326,38239.320771666666,36469.13899,5082,34374.90115,32283.78925,34374.90115,32283.78925,34374.90115,32283.78925,34374.90115,entity_001,2014-12-01
2015-01-01,38033.77948,8.30409677419355,85.27300000000001,11.858645161290324,2,0.2903225806451613,12.542870967741935,22.83551612903226,61.52400000000001,48.86200000000001,12.040161290322583,11.31209677419355,1.0,1.0,0.2580645161290322,0.2580645161290322,0.49999999999999994,0.8660254037844387,34374.90115,32283.78925,36722.2954,34897.48996,37323.52723833333,36578.42933,5113,38033.77948,34374.90115,38033.77948,34374.90115,38033.77948,34374.90115,38033.77948,entity_001,2015-01-01
2015-02-01,33286.88716,10.122285714285717,41.07800000000001,13.184285714285716,1,0.2857142857142857,8.30409677419355,13.1016,85.27300000000001,92.074,11.858645161290324,14.022800000000002,2.0,2.0,0.2903225806451613,0.3333333333333333,0.8660254037844386,0.5000000000000001,38033.77948,34374.90115,32405.51265,35231.85593,35317.00525166667,36651.877205833334,5144,33286.88716,38033.77948,33286.88716,38033.77948,33286.88716,38033.77948,33286.88716,entity_001,2015-02-01
2015-03-01,32927.70212,14.764709677419358,122.416,11.152967741935486,0,0.2903225806451613,10.122285714285717,12.542870967741935,41.07800000000001,61.52400000000001,13.184285714285716,12.040161290322583,1.0,1.0,0.2857142857142857,0.2580645161290322,1.0,6.123233995736766e-17,33286.88716,38033.77948,32716.41735,34749.45625333333,34246.51192333333,36669.48427,5172,32927.70212,33286.88716,32927.70212,33286.88716,32927.70212,33286.88716,32927.70212,entity_001,2015-03-01
2015-04-01,31881.33263,20.744033333333338,166.13300000000004,12.422300000000002,0,0.2666666666666666,14.764709677419358,8.30409677419355,122.416,85.27300000000001,11.152967741935486,11.858645161290324,0.0,2.0,0.2903225806451613,0.2903225806451613,0.8660254037844387,-0.49999999999999983,32927.70212,33286.88716,31355.59875,32698.640636666663,33798.065298333335,36713.295426666664,5203,31881.33263,32927.70212,31881.33263,32927.70212,31881.33263,32927.70212,31881.33263,entity_001,2015-04-01
2015-05-01,35767.70044,23.141129032258068,247.49500000000003,13.218129032258066,1,0.3225806451612903,20.744033333333338,10.122285714285717,166.13300000000004,41.07800000000001,12.422300000000002,13.184285714285716,0.0,1.0,0.2666666666666666,0.2857142857142857,0.49999999999999994,-0.8660254037844387,31881.33263,32927.70212,35309.5811,33525.578396666664,34378.71716333333,36751.47203833333,5233,35767.70044,31881.33263,35767.70044,31881.33263,35767.70044,31881.33263,35767.70044,entity_001,2015-05-01
2015-06-01,41497.96681,26.33956666666667,113.835,9.981866666666669,0,0.2666666666666666,23.141129032258068,14.764709677419358,247.49500000000003,122.416,13.218129032258066,11.152967741935486,1.0,0.0,0.3225806451612903,0.2903225806451613,1.2246467991473532e-16,-1.0,35767.70044,31881.33263,39684.338,36382.33329333333,35565.89477333333,36902.6077725,5264,41497.96681,35767.70044,41497.96681,35767.70044,41497.96681,35767.70044,41497.96681,entity_001,2015-06-01
2015-07-01,46777.60085,29.108193548387103,13.833000000000002,12.327225806451615,2,0.2580645161290322,26.33956666666667,20.744033333333338,113.835,166.13300000000004,9.981866666666669,12.422300000000002,0.0,0.0,0.2666666666666666,0.2666666666666666,-0.4999999999999998,-0.8660254037844388,41497.96681,35767.70044,43528.54068,41347.75603333333,37023.198335,37173.36278666667,5294,46777.60085,41497.96681,46777.60085,41497.96681,46777.60085,41497.96681,46777.60085,entity_001,2015-07-01
2015-08-01,46703.12747,29.692677419354844,32.507000000000005,9.470967741935484,0,0.3225806451612903,29.108193548387103,23.141129032258068,13.833000000000002,247.49500000000003,12.327225806451615,13.218129032258066,2.0,1.0,0.2580645161290322,0.3225806451612903,-0.8660254037844384,-0.5000000000000004,46777.60085,41497.96681,45326.01908,44992.89837666666,39259.23838666667,37288.12181916667,5325,46703.12747,46777.60085,46703.12747,46777.60085,46703.12747,46777.60085,46703.12747,entity_001,2015-08-01
2015-09-01,41359.40157,27.218266666666672,53.583000000000006,9.1474,1,0.2666666666666666,29.692677419354844,26.33956666666667,32.507000000000005,113.835,9.470967741935484,9.981866666666669,0.0,0.0,0.3225806451612903,0.2666666666666666,-1.0,-1.8369701987210297e-16,46703.12747,46777.60085,39350.66209,44946.70996333333,40664.521628333336,37455.516775833334,5356,41359.40157,46703.12747,41359.40157,46703.12747,41359.40157,46703.12747,41359.40157,entity_001,2015-09-01
2015-10-01,35150.53259,22.947064516129032,218.604,11.757645161290323,1,0.2903225806451613,27.218266666666672,29.108193548387103,53.583000000000006,13.833000000000002,9.1474,12.327225806451615,1.0,2.0,0.2666666666666666,0.2580645161290322,-0.8660254037844386,0.5000000000000001,41359.40157,46703.12747,34572.01238,41071.020543333325,41209.388288333335,37503.726793333335,5386,35150.53259,41359.40157,35150.53259,41359.40157,35150.53259,41359.40157,35150.53259,entity_001,2015-10-01
2015-11-01,31810.61796,16.278000000000002,147.591,12.423266666666668,2,0.3,22.947064516129032,29.692677419354844,218.604,32.507000000000005,11.757645161290323,9.470967741935484,1.0,0.0,0.2903225806451613,0.3225806451612903,-0.5000000000000004,0.8660254037844384,35150.53259,41359.40157,32283.78925,36106.85070666666,40549.87454166667,37464.29585250001,5417,31810.61796,35150.53259,31810.61796,35150.53259,31810.61796,35150.53259,31810.61796,entity_001,2015-11-01
2015-12-01,34629.68689,13.545741935483871,102.518,12.678225806451614,1,0.2580645161290322,16.278000000000002,27.218266666666672,147.591,53.583000000000006,12.423266666666668,9.1474,2.0,1.0,0.3,0.2666666666666666,-2.4492935982947064e-16,1.0,31810.61796,35150.53259,34374.90115,33863.612479999996,39405.16122166667,37485.527997499994,5447,34629.68689,31810.61796,34629.68689,31810.61796,34629.68689,31810.61796,34629.68689,entity_001,2015-12-01
2016-01-01,35689.37823,9.775387096774194,47.91,12.153322580645163,2,0.3225806451612903,13.545741935483871,22.947064516129032,102.518,218.604,12.678225806451614,11.757645161290323,1.0,1.0,0.2580645161290322,0.2903225806451613,0.49999999999999994,0.8660254037844387,34629.68689,31810.61796,38033.77948,34043.22769333333,37557.12411833333,37290.16122666667,5478,35689.37823,34629.68689,35689.37823,34629.68689,35689.37823,34629.68689,35689.37823,entity_001,2016-01-01
2016-02-01,31506.7298,13.909758620689656,46.249,13.565758620689657,1,0.2758620689655172,9.775387096774194,16.278000000000002,47.91,147.591,12.153322580645163,12.423266666666668,2.0,2.0,0.3225806451612903,0.3,0.8660254037844386,0.5000000000000001,35689.37823,34629.68689,33286.88716,33941.931639999995,35024.39117333334,37141.81478,5509,31506.7298,35689.37823,31506.7298,35689.37823,31506.7298,35689.37823,31506.7298,entity_001,2016-02-01
2016-03-01,32629.9978,17.683129032258066,130.66400000000002,14.752451612903227,0,0.2580645161290322,13.909758620689656,13.545741935483871,46.249,102.518,13.565758620689657,12.678225806451614,1.0,1.0,0.2758620689655172,0.2580645161290322,1.0,6.123233995736766e-17,31506.7298,35689.37823,32927.70212,33275.36861,33569.490545,37117.00608666667,5538,32629.9978,31506.7298,32629.9978,31506.7298,32629.9978,31506.7298,32629.9978,entity_001,2016-03-01
2016-04-01,32588.03396,20.3884,169.09300000000005,12.773633333333336,0,0.3,17.683129032258066,9.775387096774194,130.66400000000002,47.91,14.752451612903227,12.153322580645163,0.0,2.0,0.2580645161290322,0.3225806451612903,0.8660254037844387,-0.49999999999999983,32629.9978,31506.7298,31881.33263,32241.58718666666,33142.40744,37175.89786416667,5569,32588.03396,32629.9978,32588.03396,32629.9978,32588.03396,32629.9978,32588.03396,entity_001,2016-04-01
2016-05-01,36791.2962,22.90993548387097,139.42800000000005,12.34661290322581,1,0.2903225806451613,20.3884,13.909758620689656,169.09300000000005,46.249,12.773633333333336,13.565758620689657,0.0,1.0,0.3,0.2758620689655172,0.49999999999999994,-0.8660254037844387,32588.03396,32629.9978,35767.70044,34003.109319999996,33972.52048,37261.197510833335,5599,36791.2962,32588.03396,36791.2962,32588.03396,36791.2962,32588.03396,36791.2962,entity_001,2016-05-01
2016-06-01,42712.36254,26.92596666666667,129.917,9.5611,0,0.2666666666666666,22.90993548387097,17.683129032258066,139.42800000000005,130.66400000000002,12.34661290322581,14.752451612903227,1.0,0.0,0.2903225806451613,0.2580645161290322,1.2246467991473532e-16,-1.0,36791.2962,32588.03396,41497.96681,37363.89756666666,35319.63308833333,37362.397155000006,5630,42712.36254,36791.2962,42712.36254,36791.2962,42712.36254,36791.2962,42712.36254,entity_001,2016-06-01
2016-07-01,48043.80099,29.89074193548388,47.979000000000006,12.785419354838712,1,0.3225806451612903,26.92596666666667,20.3884,129.917,169.09300000000005,9.5611,12.773633333333336,0.0,0.0,0.2666666666666666,0.3,-0.4999999999999998,-0.8660254037844388,42712.36254,36791.2962,46777.60085,42515.81991,37378.70354833334,37467.91383333333,5660,48043.80099,42712.36254,48043.80099,42712.36254,48043.80099,42712.36254,48043.80099,entity_001,2016-07-01
2016-08-01,46339.1152,28.187774193548396,216.575,9.305870967741935,0,0.2580645161290322,29.89074193548388,22.90993548387097,47.979000000000006,139.42800000000005,12.785419354838712,12.34661290322581,1.0,1.0,0.3225806451612903,0.2903225806451613,-0.8660254037844384,-0.5000000000000004,48043.80099,42712.36254,46703.12747,45698.42624333333,39850.76778166666,37437.579477499996,5691,46339.1152,48043.80099,46339.1152,48043.80099,46339.1152,48043.80099,46339.1152,entity_001,2016-08-01
2016-09-01,41873.67951,26.56206666666667,57.51200000000001,8.471966666666669,1,0.2666666666666666,28.187774193548396,26.92596666666667,216.575,129.917,9.305870967741935,9.5611,0.0,0.0,0.2580645161290322,0.2666666666666666,-1.0,-1.8369701987210297e-16,46339.1152,48043.80099,41359.40157,45418.86523333334,41391.381400000006,37480.4359725,5722,41873.67951,46339.1152,41873.67951,46339.1152,41873.67951,46339.1152,41873.67951,entity_001,2016-09-01
2016-10-01,37505.83694,23.22129032258065,12.02,10.43467741935484,1,0.3225806451612903,26.56206666666667,29.89074193548388,57.51200000000001,47.979000000000006,8.471966666666669,12.785419354838712,1.0,1.0,0.2666666666666666,0.3225806451612903,-0.8660254037844386,0.5000000000000001,41873.67951,46339.1152,35150.53259,41906.210549999996,42211.01523,37676.711335,5752,37505.83694,41873.67951,37505.83694,41873.67951,37505.83694,41873.67951,37505.83694,entity_001,2016-10-01
2016-11-01,32417.63644,18.31583333333333,89.10200000000002,11.48916666666667,2,0.2666666666666666,23.22129032258065,28.187774193548396,12.02,216.575,10.43467741935484,9.305870967741935,1.0,0.0,0.3225806451612903,0.2580645161290322,-0.5000000000000004,0.8660254037844384,37505.83694,41873.67951,31810.61796,37265.71762999999,41482.07193666667,37727.29620833333,5783,32417.63644,37505.83694,32417.63644,37505.83694,32417.63644,37505.83694,32417.63644,entity_001,2016-11-01
2016-12-01,35949.72345,12.556322580645162,101.04500000000002,13.51803225806452,2,0.2903225806451613,18.31583333333333,26.56206666666667,89.10200000000002,57.51200000000001,11.48916666666667,8.471966666666669,2.0,1.0,0.2666666666666666,0.2666666666666666,-2.4492935982947064e-16,1.0,32417.63644,37505.83694,34629.68689,35291.06561,40354.96542166666,37837.299255,5813,35949.72345,32417.63644,35949.72345,32417.63644,35949.72345,32417.63644,35949.72345,entity_001,2016-12-01
2017-01-01,35323.27478,12.812935483870968,85.50100000000002,14.863193548387098,3,0.2903225806451613,12.556322580645162,23.22129032258065,101.04500000000002,12.02,13.51803225806452,10.43467741935484,2.0,1.0,0.2903225806451613,0.3225806451612903,0.49999999999999994,0.8660254037844387,35949.72345,32417.63644,35689.37823,34563.54489,38234.87772,37806.79063416667,5844,35323.27478,35949.72345,35323.27478,35949.72345,35323.27478,35949.72345,35323.27478,entity_001,2017-01-01
2017-02-01,30118.8418,16.678285714285717,79.656,15.090964285714287,1,0.2857142857142857,12.812935483870968,18.31583333333333,85.50100000000002,89.10200000000002,14.863193548387098,11.48916666666667,3.0,2.0,0.2903225806451613,0.2666666666666666,0.8660254037844386,0.5000000000000001,35323.27478,35949.72345,31506.7298,33797.280009999995,35531.49882,37691.13330083334,5875,30118.8418,35323.27478,30118.8418,35323.27478,30118.8418,35323.27478,30118.8418,entity_001,2017-02-01
2017-03-01,33519.3888,18.69958064516129,109.43500000000002,15.604903225806456,0,0.2580645161290322,16.678285714285717,12.556322580645162,79.656,101.04500000000002,15.090964285714287,13.51803225806452,1.0,2.0,0.2857142857142857,0.2903225806451613,1.0,6.123233995736766e-17,30118.8418,35323.27478,32629.9978,32987.16845999999,34139.117035,37765.2492175,5903,33519.3888,30118.8418,33519.3888,30118.8418,33519.3888,30118.8418,33519.3888,entity_001,2017-03-01
2017-04-01,33275.03988,20.858500000000003,139.61200000000002,16.424500000000002,0,0.3333333333333333,18.69958064516129,12.812935483870968,109.43500000000002,85.50100000000002,15.604903225806456,14.863193548387098,0.0,3.0,0.2580645161290322,0.2903225806451613,0.8660254037844387,-0.49999999999999983,33519.3888,30118.8418,32588.03396,32304.423493333325,33433.98419166667,37822.499710833334,5934,33275.03988,33519.3888,33275.03988,33519.3888,33275.03988,33519.3888,33275.03988,entity_001,2017-04-01
2017-05-01,38102.41912,23.308709677419355,164.18900000000002,15.557709677419355,1,0.2580645161290322,20.858500000000003,16.678285714285717,139.61200000000002,79.656,16.424500000000002,15.090964285714287,0.0,1.0,0.3333333333333333,0.2857142857142857,0.49999999999999994,-0.8660254037844387,33275.03988,33519.3888,36791.2962,34965.61593333333,34381.44797166667,37931.759954166664,5964,38102.41912,33275.03988,38102.41912,33275.03988,38102.41912,33275.03988,38102.41912,entity_001,2017-05-01
2017-06-01,42055.03266,26.57943333333333,195.117,12.573733333333337,0,0.2666666666666666,23.308709677419355,18.69958064516129,164.18900000000002,109.43500000000002,15.557709677419355,15.604903225806456,1.0,0.0,0.2580645161290322,0.2580645161290322,1.2246467991473532e-16,-1.0,38102.41912,33275.03988,42712.36254,37810.830553333326,35398.99950666667,37876.982464166664,5995,42055.03266,38102.41912,42055.03266,38102.41912,42055.03266,38102.41912,42055.03266,entity_001,2017-06-01
2017-07-01,47951.5203,28.969129032258067,87.25600000000001,10.635483870967745,1,0.3225806451612903,26.57943333333333,20.858500000000003,195.117,139.61200000000002,12.573733333333337,16.424500000000002,0.0,0.0,0.2666666666666666,0.3333333333333333,-0.4999999999999998,-0.8660254037844388,42055.03266,38102.41912,48043.80099,42702.990693333326,37503.70709333333,37869.29240666667,6025,47951.5203,42055.03266,47951.5203,42055.03266,47951.5203,42055.03266,47951.5203,entity_001,2017-07-01
2017-08-01,45485.64623,27.677741935483876,413.768,13.343322580645165,0,0.2580645161290322,28.969129032258067,23.308709677419355,87.25600000000001,164.18900000000002,10.635483870967745,15.557709677419355,1.0,1.0,0.3225806451612903,0.2580645161290322,-0.8660254037844384,-0.5000000000000004,47951.5203,42055.03266,46339.1152,45164.06639666666,40064.841165,37798.16999249999,6056,45485.64623,47951.5203,45485.64623,47951.5203,45485.64623,47951.5203,45485.64623,entity_001,2017-08-01
2017-09-01,39044.10758,25.7109,84.58500000000001,10.990200000000003,1,0.3,27.677741935483876,26.57943333333333,413.768,195.117,13.343322580645165,12.573733333333337,0.0,0.0,0.2580645161290322,0.2666666666666666,-1.0,-1.8369701987210297e-16,45485.64623,47951.5203,41873.67951,44160.42470333333,40985.627628333335,37562.372331666666,6087,39044.10758,45485.64623,39044.10758,45485.64623,39044.10758,45485.64623,39044.10758,entity_001,2017-09-01
2017-10-01,35971.20286,21.299161290322584,113.57500000000002,12.532483870967743,1,0.2903225806451613,25.7109,28.969129032258067,84.58500000000001,87.25600000000001,10.990200000000003,10.635483870967745,1.0,1.0,0.3,0.3225806451612903,-0.8660254037844386,0.5000000000000001,39044.10758,45485.64623,37505.83694,40166.98555666666,41434.988124999996,37434.48615833333,6117,35971.20286,39044.10758,35971.20286,39044.10758,35971.20286,39044.10758,35971.20286,entity_001,2017-10-01
2017-11-01,33803.68565,18.076933333333336,39.529,12.871366666666669,3,0.2666666666666666,21.299161290322584,27.677741935483876,113.57500000000002,413.768,12.532483870967743,13.343322580645165,1.0,0.0,0.2903225806451613,0.2580645161290322,-0.5000000000000004,0.8660254037844384,35971.20286,39044.10758,32417.63644,36272.99869666667,40718.53254666666,37549.99025916667,6148,33803.68565,35971.20286,33803.68565,35971.20286,33803.68565,35971.20286,33803.68565,entity_001,2017-11-01
2017-12-01,38144.20556,11.070580645161291,98.29,12.513096774193553,1,0.3225806451612903,18.076933333333336,25.7109,39.529,84.58500000000001,12.871366666666669,10.990200000000003,3.0,1.0,0.2666666666666666,0.3,-2.4492935982947064e-16,1.0,33803.68565,35971.20286,35949.72345,35973.03135666667,40066.72803,37732.863768333336,6178,38144.20556,33803.68565,38144.20556,33803.68565,38144.20556,33803.68565,38144.20556,entity_001,2017-12-01
2018-01-01,40065.67622,8.069548387096775,45.437000000000005,13.7961935483871,2,0.2580645161290322,11.070580645161291,21.299161290322584,98.29,113.57500000000002,12.513096774193553,12.532483870967743,1.0,1.0,0.3225806451612903,0.2903225806451613,0.49999999999999994,0.8660254037844387,38144.20556,33803.68565,35323.27478,37337.85581,38752.42068333334,38128.06388833333,6209,40065.67622,38144.20556,40065.67622,38144.20556,40065.67622,38144.20556,40065.67622,entity_001,2018-01-01
2018-02-01,33330.65198,13.530214285714289,200.832,14.854714285714287,1,0.2857142857142857,8.069548387096775,18.076933333333336,45.437000000000005,39.529,13.7961935483871,12.871366666666669,2.0,3.0,0.2580645161290322,0.2666666666666666,0.8660254037844386,0.5000000000000001,40065.67622,38144.20556,30118.8418,37180.177919999995,36726.58830833333,38395.71473666667,6240,33330.65198,40065.67622,33330.65198,40065.67622,33330.65198,40065.67622,33330.65198,entity_001,2018-02-01
2018-03-01,34040.80438,17.810000000000006,100.134,14.948741935483874,0,0.2903225806451613,13.530214285714289,11.070580645161291,200.832,98.29,14.854714285714287,12.513096774193553,1.0,1.0,0.2857142857142857,0.3225806451612903,1.0,6.123233995736766e-17,33330.65198,40065.67622,33519.3888,35812.37752666667,35892.70444166667,38439.166035,6268,34040.80438,33330.65198,34040.80438,33330.65198,34040.80438,33330.65198,34040.80438,entity_001,2018-03-01
2018-04-01,33445.93539,18.38863333333334,57.516000000000005,15.963100000000004,0,0.3,17.810000000000006,8.069548387096775,100.134,45.437000000000005,14.948741935483874,13.7961935483871,0.0,2.0,0.2903225806451613,0.2580645161290322,0.8660254037844387,-0.49999999999999983,34040.80438,33330.65198,33275.03988,33605.79725,35471.82653,38453.4073275,6299,33445.93539,34040.80438,33445.93539,34040.80438,33445.93539,34040.80438,33445.93539,entity_001,2018-04-01
2018-05-01,42410.65813,25.89529032258065,88.61400000000002,13.474580645161293,1,0.2580645161290322,18.38863333333334,13.530214285714289,57.516000000000005,200.832,15.963100000000004,14.854714285714287,0.0,1.0,0.3,0.2857142857142857,0.49999999999999994,-0.8660254037844387,33445.93539,34040.80438,38102.41912,36632.46596666666,36906.321943333336,38812.427245,6329,42410.65813,33445.93539,42410.65813,33445.93539,42410.65813,33445.93539,42410.65813,entity_001,2018-05-01
2018-06-01,45624.39645,28.79426666666667,136.544,15.551133333333334,0,0.3,25.89529032258065,17.810000000000006,88.61400000000002,100.134,13.474580645161293,14.948741935483874,1.0,0.0,0.2580645161290322,0.2903225806451613,1.2246467991473532e-16,-1.0,42410.65813,33445.93539,42055.03266,40493.663323333334,38153.020425,39109.874227500004,6360,45624.39645,42410.65813,45624.39645,42410.65813,45624.39645,42410.65813,45624.39645,entity_001,2018-06-01
2018-07-01,49377.62479,29.6393870967742,115.56400000000002,10.733645161290324,1,0.2903225806451613,28.79426666666667,18.38863333333334,136.544,57.516000000000005,15.551133333333334,15.963100000000004,0.0,0.0,0.3,0.3,-0.4999999999999998,-0.8660254037844388,45624.39645,42410.65813,47951.5203,45804.22645666666,39705.01185333334,39228.71626833334,6390,49377.62479,45624.39645,49377.62479,45624.39645,49377.62479,45624.39645,49377.62479,entity_001,2018-07-01
2018-08-01,48686.31346,29.138806451612908,90.3,11.799129032258064,0,0.2580645161290322,29.6393870967742,25.89529032258065,115.56400000000002,88.61400000000002,10.733645161290324,13.474580645161293,1.0,1.0,0.2903225806451613,0.2580645161290322,-0.8660254037844384,-0.5000000000000004,49377.62479,45624.39645,45485.64623,47896.11156666667,42264.28876666667,39495.438537500006,6421,48686.31346,49377.62479,48686.31346,49377.62479,48686.31346,49377.62479,48686.31346,entity_001,2018-08-01
2018-09-01,40852.79884,25.082500000000003,423.5110000000001,9.907366666666668,1,0.3333333333333333,29.138806451612908,28.79426666666667,90.3,136.544,11.799129032258064,15.551133333333334,0.0,0.0,0.2580645161290322,0.3,-1.0,-1.8369701987210297e-16,48686.31346,49377.62479,39044.10758,46305.57903,43399.62117666667,39646.16280916667,6452,40852.79884,48686.31346,40852.79884,48686.31346,40852.79884,48686.31346,40852.79884,entity_001,2018-09-01
2018-10-01,37227.79198,20.30090322580645,234.82200000000003,13.23825806451613,1,0.2580645161290322,25.082500000000003,29.6393870967742,423.5110000000001,115.56400000000002,9.907366666666668,10.733645161290324,1.0,1.0,0.3333333333333333,0.2903225806451613,-0.8660254037844386,0.5000000000000001,40852.79884,48686.31346,35971.20286,42255.63476,44029.93060833333,39750.87856916666,6482,37227.79198,40852.79884,37227.79198,40852.79884,37227.79198,40852.79884,37227.79198,entity_001,2018-10-01
2018-11-01,35405.32382,12.984466666666668,85.92800000000001,14.126366666666668,3,0.2666666666666666,20.30090322580645,29.138806451612908,234.82200000000003,90.3,13.23825806451613,11.799129032258064,1.0,0.0,0.2580645161290322,0.2580645161290322,-0.5000000000000004,0.8660254037844384,37227.79198,40852.79884,33803.68565,37828.63821333333,42862.37489,39884.34841666667,6513,35405.32382,37227.79198,35405.32382,37227.79198,35405.32382,37227.79198,35405.32382,entity_001,2018-11-01
2018-12-01,36884.44916,11.427741935483873,175.30800000000002,14.568612903225809,1,0.3225806451612903,12.984466666666668,25.082500000000003,85.92800000000001,423.5110000000001,14.126366666666668,9.907366666666668,3.0,1.0,0.2666666666666666,0.3333333333333333,-2.4492935982947064e-16,1.0,35405.32382,37227.79198,38144.20556,36505.854986666665,41405.71700833333,39779.368716666664,6543,36884.44916,35405.32382,36884.44916,35405.32382,36884.44916,35405.32382,36884.44916,entity_001,2018-12-01
2019-01-01,38718.32439,9.899645161290325,88.89800000000001,13.873774193548387,2,0.2580645161290322,11.427741935483873,20.30090322580645,175.30800000000002,234.82200000000003,14.568612903225809,13.23825806451613,1.0,1.0,0.3225806451612903,0.2580645161290322,0.49999999999999994,0.8660254037844387,36884.44916,35405.32382,40065.67622,37002.699123333325,39629.16694166666,39667.0893975,6574,38718.32439,36884.44916,38718.32439,36884.44916,38718.32439,36884.44916,38718.32439,entity_001,2019-01-01
2019-02-01,33959.65067,13.164285714285716,102.90100000000002,14.803857142857144,1,0.2857142857142857,9.899645161290325,12.984466666666668,88.89800000000001,85.92800000000001,13.873774193548387,14.126366666666668,2.0,3.0,0.2580645161290322,0.2666666666666666,0.8660254037844386,0.5000000000000001,38718.32439,36884.44916,33330.65198,36520.808073333326,37174.723143333336,39719.505955,6605,33959.65067,38718.32439,33959.65067,38718.32439,33959.65067,38718.32439,33959.65067,entity_001,2019-02-01
2019-03-01,35387.8408,14.789290322580648,66.31500000000001,15.111645161290324,0,0.3225806451612903,13.164285714285716,11.427741935483873,102.90100000000002,175.30800000000002,14.803857142857144,14.568612903225809,1.0,1.0,0.2857142857142857,0.3225806451612903,1.0,6.123233995736766e-17,33959.65067,38718.32439,34040.80438,36021.93862,36263.89680333333,39831.75899,6633,35387.8408,33959.65067,35387.8408,33959.65067,35387.8408,33959.65067,35387.8408,entity_001,2019-03-01
2019-04-01,33427.33416,19.4018,186.401,16.26816666666667,0,0.2666666666666666,14.789290322580648,9.899645161290325,66.31500000000001,88.89800000000001,15.111645161290324,13.873774193548387,0.0,2.0,0.3225806451612903,0.2580645161290322,0.8660254037844387,-0.49999999999999983,35387.8408,33959.65067,33445.93539,34258.27521,35630.487166666666,39830.2088875,6664,33427.33416,35387.8408,33427.33416,35387.8408,33427.33416,35387.8408,33427.33416,entity_001,2019-04-01
2019-05-01,40327.46631,23.639645161290325,295.7130000000001,15.881064516129031,1,0.2580645161290322,19.4018,13.164285714285716,186.401,102.90100000000002,16.26816666666667,14.803857142857144,0.0,1.0,0.2666666666666666,0.2857142857142857,0.49999999999999994,-0.8660254037844387,33427.33416,35387.8408,42410.65813,36380.88042333333,36450.844248333335,39656.60956916666,6694,40327.46631,33427.33416,40327.46631,33427.33416,40327.46631,33427.33416,40327.46631,entity_001,2019-05-01
2019-06-01,43505.43724,26.65566666666667,129.378,12.414400000000002,0,0.3333333333333333,23.639645161290325,14.789290322580648,295.7130000000001,66.31500000000001,15.881064516129031,15.111645161290324,1.0,0.0,0.2580645161290322,0.3225806451612903,1.2246467991473532e-16,-1.0,40327.46631,33427.33416,45624.39645,39086.74590333333,37554.34226166667,39480.029635,6725,43505.43724,40327.46631,43505.43724,40327.46631,43505.43724,40327.46631,43505.43724,entity_001,2019-06-01
2019-07-01,48793.15623,28.529677419354844,62.63400000000001,12.437806451612904,1,0.2580645161290322,26.65566666666667,19.4018,129.378,186.401,12.414400000000002,16.26816666666667,0.0,0.0,0.3333333333333333,0.2666666666666666,-0.4999999999999998,-0.8660254037844388,43505.43724,40327.46631,49377.62479,44208.686593333325,39233.48090166667,39431.32392166666,6755,48793.15623,43505.43724,48793.15623,43505.43724,48793.15623,43505.43724,48793.15623,entity_001,2019-07-01
2019-08-01,51055.34593,30.130000000000003,73.46300000000001,11.085903225806454,0,0.2903225806451613,28.529677419354844,23.639645161290325,62.63400000000001,295.7130000000001,12.437806451612904,15.881064516129031,1.0,1.0,0.2580645161290322,0.2580645161290322,-0.8660254037844384,-0.5000000000000004,48793.15623,43505.43724,48686.31346,47784.646466666665,42082.763445,39628.74329416667,6786,51055.34593,48793.15623,51055.34593,48793.15623,51055.34593,48793.15623,51055.34593,entity_001,2019-08-01
2019-09-01,45715.08562,28.75846666666667,172.89800000000002,12.613033333333336,1,0.3,30.130000000000003,26.65566666666667,73.46300000000001,129.378,11.085903225806454,12.414400000000002,0.0,0.0,0.2903225806451613,0.3333333333333333,-1.0,-1.8369701987210297e-16,51055.34593,48793.15623,40852.79884,48521.19592666667,43803.970915000005,40033.93385916667,6817,45715.08562,51055.34593,45715.08562,51055.34593,45715.08562,51055.34593,45715.08562,entity_001,2019-09-01
2019-10-01,38322.01803,20.88261290322581,176.03700000000003,14.152935483870973,1,0.2580645161290322,28.75846666666667,28.529677419354844,172.89800000000002,62.63400000000001,12.613033333333336,12.437806451612904,1.0,1.0,0.3,0.2580645161290322,-0.8660254037844386,0.5000000000000001,45715.08562,51055.34593,37227.79198,45030.81652666666,44619.751560000004,40125.11936333334,6847,38322.01803,45715.08562,38322.01803,45715.08562,38322.01803,45715.08562,38322.01803,entity_001,2019-10-01
2019-11-01,36010.97888,13.8364,68.63400000000001,13.37106666666667,2,0.3,20.88261290322581,30.130000000000003,176.03700000000003,73.46300000000001,14.152935483870973,11.085903225806454,1.0,0.0,0.2580645161290322,0.2903225806451613,-0.5000000000000004,0.8660254037844384,38322.01803,45715.08562,35405.32382,40016.02750999999,43900.33698833333,40175.590618333335,6878,36010.97888,38322.01803,36010.97888,38322.01803,36010.97888,38322.01803,36010.97888,entity_001,2019-11-01
2019-12-01,37978.39239,12.29309677419355,46.07300000000001,12.413645161290324,1,0.2903225806451613,13.8364,28.75846666666667,68.63400000000001,172.89800000000002,13.37106666666667,12.613033333333336,2.0,1.0,0.3,0.3,-2.4492935982947064e-16,1.0,36010.97888,38322.01803,36884.44916,37437.12976666666,42979.162846666666,40266.75255416667,6908,37978.39239,36010.97888,37978.39239,36010.97888,37978.39239,36010.97888,37978.39239,entity_001,2019-12-01
2020-01-01,37446.86896,13.00725806451613,118.92300000000002,13.957161290322585,2,0.2580645161290322,12.29309677419355,20.88261290322581,46.07300000000001,176.03700000000003,12.413645161290324,14.152935483870973,1.0,1.0,0.2903225806451613,0.2580645161290322,0.49999999999999994,0.8660254037844387,37978.39239,36010.97888,38718.32439,37145.41341,41088.114968333335,40160.797935,6939,37446.86896,37978.39239,37446.86896,37978.39239,37446.86896,37978.39239,37446.86896,entity_001,2020-01-01
2020-02-01,35740.77277,11.95751724137931,107.23600000000002,15.162137931034485,1,0.3103448275862069,13.00725806451613,13.8364,118.92300000000002,68.63400000000001,13.957161290322585,13.37106666666667,2.0,2.0,0.2580645161290322,0.3,0.8660254037844386,0.5000000000000001,37446.86896,37978.39239,33959.65067,37055.34470666666,38535.68610833333,40309.22477666666,6970,35740.77277,37446.86896,35740.77277,37446.86896,35740.77277,37446.86896,35740.77277,entity_001,2020-02-01
2020-03-01,35127.85535,19.37161290322581,146.675,15.35809677419355,0,0.2903225806451613,11.95751724137931,12.29309677419355,107.23600000000002,46.07300000000001,15.162137931034485,12.413645161290324,1.0,1.0,0.3103448275862069,0.2903225806451613,1.0,6.123233995736766e-17,35740.77277,37446.86896,35387.8408,36105.165693333336,36771.14773,40287.5593225,6999,35127.85535,35740.77277,35127.85535,35740.77277,35127.85535,35740.77277,35127.85535,entity_001,2020-03-01
2020-04-01,33608.46393,19.7174,148.00100000000003,14.345266666666667,0,0.2666666666666666,19.37161290322581,13.00725806451613,146.675,118.92300000000002,15.35809677419355,13.957161290322585,0.0,2.0,0.2903225806451613,0.2580645161290322,0.8660254037844387,-0.49999999999999983,35127.85535,35740.77277,33427.33416,34825.69735,35985.555380000005,40302.65347,7030,33608.46393,35127.85535,33608.46393,35127.85535,33608.46393,35127.85535,33608.46393,entity_001,2020-04-01
2020-05-01,38518.73069,23.81567741935484,190.671,14.67825806451613,1,0.3225806451612903,19.7174,11.95751724137931,148.00100000000003,107.23600000000002,14.345266666666667,15.162137931034485,0.0,1.0,0.2666666666666666,0.3103448275862069,0.49999999999999994,-0.8660254037844387,33608.46393,35127.85535,40327.46631,35751.68332333333,36403.514015,40151.925501666665,7060,38518.73069,33608.46393,38518.73069,33608.46393,38518.73069,33608.46393,38518.73069,entity_001,2020-05-01
2020-06-01,43621.40392,27.17646666666667,131.472,12.9166,0,0.2666666666666666,23.81567741935484,19.37161290322581,190.671,146.675,14.67825806451613,15.35809677419355,1.0,0.0,0.3225806451612903,0.2903225806451613,1.2246467991473532e-16,-1.0,38518.73069,33608.46393,43505.43724,38582.86617999999,37344.01593666667,40161.58939166667,7091,43621.40392,38518.73069,43621.40392,38518.73069,43621.40392,38518.73069,43621.40392,entity_001,2020-06-01
2020-07-01,49676.32593,29.321258064516133,116.751,13.109709677419357,2,0.2580645161290322,27.17646666666667,19.7174,131.472,148.00100000000003,12.9166,14.345266666666667,0.0,0.0,0.2666666666666666,0.2666666666666666,-0.4999999999999998,-0.8660254037844388,43621.40392,38518.73069,48793.15623,43938.82018,39382.258765,40235.18686666666,7121,49676.32593,43621.40392,49676.32593,43621.40392,49676.32593,43621.40392,49676.32593,entity_001,2020-07-01
2020-08-01,49269.5944,29.95696774193549,43.139,11.587129032258067,0,0.3225806451612903,29.321258064516133,23.81567741935484,116.751,190.671,13.109709677419357,14.67825806451613,2.0,1.0,0.2580645161290322,0.3225806451612903,-0.8660254037844384,-0.5000000000000004,49676.32593,43621.40392,51055.34593,47522.44141666667,41637.06237,40086.37423916667,7152,49269.5944,49676.32593,49269.5944,49676.32593,49269.5944,49676.32593,49269.5944,entity_001,2020-08-01
2020-09-01,40330.5354,24.879933333333337,189.18600000000004,13.2498,1,0.2666666666666666,29.95696774193549,27.17646666666667,43.139,131.472,11.587129032258067,12.9166,0.0,0.0,0.3225806451612903,0.2666666666666666,-1.0,-1.8369701987210297e-16,49269.5944,49676.32593,45715.08562,46425.48524333333,42504.17571166666,39637.661720833334,7183,40330.5354,49269.5944,40330.5354,49269.5944,40330.5354,49269.5944,40330.5354,entity_001,2020-09-01
2020-10-01,38377.98375,20.94141935483871,70.72900000000001,13.150387096774194,1,0.2903225806451613,24.879933333333337,29.321258064516133,189.18600000000004,116.751,13.2498,13.109709677419357,1.0,2.0,0.2666666666666666,0.2580645161290322,-0.8660254037844386,0.5000000000000001,40330.5354,49269.5944,38322.01803,42659.37118333334,43299.095681666666,39642.32553083333,7213,38377.98375,40330.5354,38377.98375,40330.5354,38377.98375,40330.5354,38377.98375,entity_001,2020-10-01
2020-11-01,34050.219,17.935366666666667,77.03900000000002,12.771066666666668,2,0.3,20.94141935483871,29.95696774193549,70.72900000000001,43.139,13.150387096774194,11.587129032258067,1.0,0.0,0.2903225806451613,0.3225806451612903,-0.5000000000000004,0.8660254037844384,38377.98375,40330.5354,36010.97888,37586.246049999994,42554.343733333335,39478.92887416666,7244,34050.219,38377.98375,34050.219,38377.98375,34050.219,38377.98375,34050.219,entity_001,2020-11-01
2020-12-01,37746.176,11.603451612903228,140.841,13.619870967741935,1,0.2580645161290322,17.935366666666667,24.879933333333337,77.03900000000002,189.18600000000004,12.771066666666668,13.2498,2.0,1.0,0.3,0.2666666666666666,-2.4492935982947064e-16,1.0,34050.219,38377.98375,37978.39239,36724.792916666665,41575.13908,39459.577508333336,7274,37746.176,34050.219,37746.176,34050.219,37746.176,34050.219,37746.176,entity_001,2020-12-01
2021-01-01,38351.36524,10.861612903225808,73.74000000000001,13.774870967741938,2,0.3225806451612903,11.603451612903228,20.94141935483871,140.841,70.72900000000001,13.619870967741935,13.150387096774194,1.0,1.0,0.2580645161290322,0.2903225806451613,0.49999999999999994,0.8660254037844387,37746.176,34050.219,37446.86896,36715.920079999996,39687.645631666666,39534.95219833333,7305,38351.36524,37746.176,38351.36524,37746.176,38351.36524,37746.176,38351.36524,entity_001,2021-01-01
2021-02-01,34893.75769,8.403321428571429,99.404,15.385285714285716,1,0.2857142857142857,10.861612903225808,17.935366666666667,73.74000000000001,77.03900000000002,13.774870967741938,12.771066666666668,2.0,2.0,0.3225806451612903,0.3,0.8660254037844386,0.5000000000000001,38351.36524,37746.176,35740.77277,36997.09964333333,37291.67284666667,39464.367608333334,7336,34893.75769,38351.36524,34893.75769,38351.36524,34893.75769,38351.36524,34893.75769,entity_001,2021-02-01
2021-03-01,33658.294,16.827129032258068,106.15200000000002,16.27293548387097,0,0.2580645161290322,8.403321428571429,11.603451612903228,99.404,140.841,15.385285714285716,13.619870967741935,1.0,1.0,0.2857142857142857,0.2580645161290322,1.0,6.123233995736766e-17,34893.75769,38351.36524,35127.85535,35634.47230999999,36179.63261333333,39341.904162499995,7364,33658.294,34893.75769,33658.294,34893.75769,33658.294,34893.75769,33658.294,entity_001,2021-03-01
2021-04-01,34880.87347,19.408800000000003,152.101,16.069533333333336,0,0.2666666666666666,16.827129032258068,10.861612903225808,106.15200000000002,73.74000000000001,16.27293548387097,13.774870967741938,0.0,2.0,0.2580645161290322,0.3225806451612903,0.8660254037844387,-0.49999999999999983,33658.294,34893.75769,33608.46393,34477.64172,35596.7809,39447.938290833335,7395,34880.87347,33658.294,34880.87347,33658.294,34880.87347,33658.294,34880.87347,entity_001,2021-04-01
2021-05-01,39134.10724,22.57829032258065,332.92500000000007,14.698096774193552,1,0.3225806451612903,19.408800000000003,8.403321428571429,152.101,99.404,16.069533333333336,15.385285714285716,0.0,1.0,0.2666666666666666,0.2857142857142857,0.49999999999999994,-0.8660254037844387,34880.87347,33658.294,38518.73069,35891.09157,36444.09560666666,39499.21967,7425,39134.10724,34880.87347,39134.10724,34880.87347,39134.10724,34880.87347,39134.10724,entity_001,2021-05-01
2021-06-01,45973.06926,26.776666666666674,235.12500000000003,11.627100000000002,2,0.2666666666666666,22.57829032258065,16.827129032258068,332.92500000000007,106.15200000000002,14.698096774193552,16.27293548387097,1.0,0.0,0.3225806451612903,0.2580645161290322,1.2246467991473532e-16,-1.0,39134.10724,34880.87347,43621.40392,39996.01665666667,37815.244483333336,39695.19178166666,7456,45973.06926,39134.10724,45973.06926,39134.10724,45973.06926,39134.10724,45973.06926,entity_001,2021-06-01
2021-07-01,48399.56257,27.27461290322581,279.32300000000004,9.790774193548389,2,0.2903225806451613,26.776666666666674,19.408800000000003,235.12500000000003,152.101,11.627100000000002,16.069533333333336,2.0,0.0,0.2666666666666666,0.2666666666666666,-0.4999999999999998,-0.8660254037844388,45973.06926,39134.10724,49676.32593,44502.24635666667,39489.944038333335,39588.794835,7486,48399.56257,45973.06926,48399.56257,45973.06926,48399.56257,45973.06926,48399.56257,entity_001,2021-07-01
2021-08-01,50055.9679,28.033000000000005,160.10200000000003,10.268935483870967,0,0.2903225806451613,27.27461290322581,22.57829032258065,279.32300000000004,332.92500000000007,9.790774193548389,14.698096774193552,2.0,1.0,0.2903225806451613,0.3225806451612903,-0.8660254037844384,-0.5000000000000004,48399.56257,45973.06926,49269.5944,48142.86657666666,42016.97907333333,39654.32596,7517,50055.9679,48399.56257,50055.9679,48399.56257,50055.9679,48399.56257,50055.9679,entity_001,2021-08-01
2021-09-01,44161.37741,26.60873333333334,101.244,10.3494,1,0.2666666666666666,28.033000000000005,26.776666666666674,160.10200000000003,235.12500000000003,10.268935483870967,11.627100000000002,0.0,2.0,0.2903225806451613,0.2666666666666666,-1.0,-1.8369701987210297e-16,50055.9679,48399.56257,40330.5354,47538.969293333335,43767.492975,39973.56279416667,7548,44161.37741,50055.9679,44161.37741,50055.9679,44161.37741,50055.9679,44161.37741,entity_001,2021-09-01
2021-10-01,39412.2624,22.43245161290323,180.844,12.514387096774197,1,0.3225806451612903,26.60873333333334,27.27461290322581,101.244,279.32300000000004,10.3494,9.790774193548389,1.0,2.0,0.2666666666666666,0.2903225806451613,-0.8660254037844386,0.5000000000000001,44161.37741,50055.9679,38377.98375,44543.202569999994,44522.72446333334,40059.752681666665,7578,39412.2624,44161.37741,39412.2624,44161.37741,39412.2624,44161.37741,39412.2624,entity_001,2021-10-01
2021-11-01,35222.44676,15.600833333333336,101.94600000000004,12.437833333333336,2,0.2666666666666666,22.43245161290323,28.033000000000005,180.844,160.10200000000003,12.514387096774197,10.268935483870967,1.0,0.0,0.3225806451612903,0.2903225806451613,-0.5000000000000004,0.8660254037844384,39412.2624,44161.37741,34050.219,39598.695523333336,43870.78105,40157.43832833334,7609,35222.44676,39412.2624,35222.44676,39412.2624,35222.44676,39412.2624,35222.44676,entity_001,2021-11-01
2021-12-01,37701.17176,17.533838709677422,78.40800000000002,13.768064516129034,3,0.2580645161290322,15.600833333333336,26.60873333333334,101.94600000000004,101.244,12.437833333333336,10.3494,2.0,1.0,0.2666666666666666,0.2666666666666666,-2.4492935982947064e-16,1.0,35222.44676,39412.2624,37746.176,37445.293639999996,42492.131466666666,40153.687975,7639,37701.17176,35222.44676,37701.17176,35222.44676,37701.17176,35222.44676,37701.17176,entity_001,2021-12-01
2022-01-01,41318.23875,9.708806451612904,87.37700000000001,13.7241935483871,2,0.3225806451612903,17.533838709677422,22.43245161290323,78.40800000000002,180.844,13.768064516129034,12.514387096774197,3.0,1.0,0.2580645161290322,0.3225806451612903,0.49999999999999994,0.8660254037844387,37701.17176,35222.44676,38351.36524,38080.61908999999,41311.91083,40400.92743416667,7670,41318.23875,37701.17176,41318.23875,37701.17176,41318.23875,37701.17176,41318.23875,entity_001,2022-01-01
2022-02-01,38185.96504,9.452428571428571,73.584,15.223607142857146,1,0.2857142857142857,9.708806451612904,15.600833333333336,87.37700000000001,101.94600000000004,13.7241935483871,12.437833333333336,2.0,2.0,0.3225806451612903,0.2666666666666666,0.8660254037844386,0.5000000000000001,41318.23875,37701.17176,34893.75769,39068.458516666666,39333.577020000004,40675.278046666666,7701,38185.96504,41318.23875,38185.96504,41318.23875,38185.96504,41318.23875,38185.96504,entity_001,2022-02-01
2022-03-01,36667.35743,15.601322580645164,91.17900000000002,16.206903225806453,0,0.2580645161290322,9.452428571428571,17.533838709677422,73.584,78.40800000000002,15.223607142857146,13.768064516129034,1.0,3.0,0.2857142857142857,0.2580645161290322,1.0,6.123233995736766e-17,38185.96504,41318.23875,33658.294,38723.85374,38084.57369,40926.033332499996,7729,36667.35743,38185.96504,36667.35743,38185.96504,36667.35743,38185.96504,36667.35743,entity_001,2022-03-01
2022-04-01,37962.88085,21.78446666666667,105.006,18.75686666666667,0,0.3,15.601322580645164,9.708806451612904,91.17900000000002,87.37700000000001,16.206903225806453,13.7241935483871,0.0,2.0,0.2580645161290322,0.3225806451612903,0.8660254037844387,-0.49999999999999983,36667.35743,38185.96504,34880.87347,37605.401106666664,37843.01009833333,41182.86728083333,7760,37962.88085,36667.35743,37962.88085,36667.35743,37962.88085,36667.35743,37962.88085,entity_001,2022-04-01
2022-05-01,46264.31523,26.21629032258065,107.19200000000002,17.32235483870968,1,0.2903225806451613,21.78446666666667,9.452428571428571,105.006,73.584,18.75686666666667,15.223607142857146,0.0,1.0,0.3,0.2857142857142857,0.49999999999999994,-0.8660254037844387,37962.88085,36667.35743,39134.10724,40298.18450333333,39683.32151,41777.05128,7790,46264.31523,37962.88085,46264.31523,37962.88085,46264.31523,37962.88085,46264.31523,entity_001,2022-05-01
2022-06-01,50579.63377,29.587533333333337,61.886,13.456266666666668,2,0.2666666666666666,26.21629032258065,15.601322580645164,107.19200000000002,91.17900000000002,17.32235483870968,16.206903225806453,1.0,0.0,0.2903225806451613,0.2580645161290322,1.2246467991473532e-16,-1.0,46264.31523,37962.88085,45973.06926,44935.60994999999,41829.731844999995,42160.93165583334,7821,50579.63377,46264.31523,50579.63377,46264.31523,50579.63377,46264.31523,50579.63377,entity_001,2022-06-01
2022-07-01,55359.66064,31.167806451612908,46.376000000000005,13.227129032258066,1,0.3225806451612903,29.587533333333337,21.78446666666667,61.886,105.006,13.456266666666668,18.75686666666667,2.0,0.0,0.2666666666666666,0.3,-0.4999999999999998,-0.8660254037844388,50579.63377,46264.31523,48399.56257,50734.53654666666,44169.96882666667,42740.939828333336,7851,55359.66064,50579.63377,55359.66064,50579.63377,55359.66064,50579.63377,55359.66064,entity_001,2022-07-01
2022-08-01,52202.67054,28.929967741935485,239.11600000000004,11.158709677419356,0,0.2580645161290322,31.167806451612908,26.21629032258065,46.376000000000005,107.19200000000002,13.227129032258066,17.32235483870968,1.0,1.0,0.3225806451612903,0.2903225806451613,-0.8660254037844384,-0.5000000000000004,55359.66064,50579.63377,50055.9679,52713.98831666666,46506.086409999996,42919.831715,7882,52202.67054,55359.66064,52202.67054,55359.66064,52202.67054,55359.66064,52202.67054,entity_001,2022-08-01
2022-09-01,45244.57326,26.782233333333338,63.67900000000001,9.0571,1,0.2666666666666666,28.929967741935485,29.587533333333337,239.11600000000004,61.886,11.158709677419356,13.456266666666668,0.0,2.0,0.2580645161290322,0.2666666666666666,-1.0,-1.8369701987210297e-16,52202.67054,55359.66064,44161.37741,50935.63481333334,47935.62238166667,43010.09803583333,7913,45244.57326,52202.67054,45244.57326,52202.67054,45244.57326,52202.67054,45244.57326,entity_001,2022-09-01
2022-10-01,39612.1515,21.469806451612907,101.019,12.607451612903228,1,0.3225806451612903,26.782233333333338,31.167806451612908,63.67900000000001,46.376000000000005,9.0571,13.227129032258066,1.0,1.0,0.2666666666666666,0.3225806451612903,-0.8660254037844386,0.5000000000000001,45244.57326,52202.67054,39412.2624,45686.465099999994,48210.500823333336,43026.75546083334,7943,39612.1515,45244.57326,39612.1515,45244.57326,39612.1515,45244.57326,39612.1515,entity_001,2022-10-01
2022-11-01,39632.34919,14.569700000000005,190.18400000000003,13.325233333333337,2,0.2666666666666666,21.469806451612907,28.929967741935485,101.019,239.11600000000004,12.607451612903228,11.158709677419356,1.0,0.0,0.3225806451612903,0.2580645161290322,-0.5000000000000004,0.8660254037844384,39612.1515,45244.57326,35222.44676,41496.35798333333,47105.173149999995,43394.24733,7974,39632.34919,39612.1515,39632.34919,39612.1515,39632.34919,39612.1515,39632.34919,entity_001,2022-11-01
2022-12-01,42533.54692,12.220064516129034,105.08200000000002,12.948870967741938,2,0.2903225806451613,14.569700000000005,26.782233333333338,190.18400000000003,63.67900000000001,13.325233333333337,9.0571,2.0,1.0,0.2666666666666666,0.2666666666666666,-2.4492935982947064e-16,1.0,39632.34919,39612.1515,37701.17176,40592.68253666666,45764.158675000006,43796.94526,8004,42533.54692,39632.34919,42533.54692,39632.34919,42533.54692,39632.34919,42533.54692,entity_001,2022-12-01
2023-01-01,41520.66627,13.198387096774194,104.39700000000002,14.464387096774196,3,0.2903225806451613,12.220064516129034,21.469806451612907,105.08200000000002,101.019,12.948870967741938,12.607451612903228,2.0,1.0,0.2903225806451613,0.3225806451612903,0.49999999999999994,0.8660254037844387,42533.54692,39632.34919,41318.23875,41228.854126666665,43457.65961333333,43813.81422,8035,41520.66627,42533.54692,41520.66627,42533.54692,41520.66627,42533.54692,41520.66627,entity_001,2023-01-01
2023-02-01,38152.56198,13.253035714285716,78.54800000000002,15.37339285714286,1,0.2857142857142857,13.198387096774194,14.569700000000005,104.39700000000002,190.18400000000003,14.464387096774196,13.325233333333337,3.0,2.0,0.2903225806451613,0.2666666666666666,0.8660254037844386,0.5000000000000001,41520.66627,42533.54692,38185.96504,40735.591723333324,41115.97485333333,43811.03063166666,8066,38152.56198,41520.66627,38152.56198,41520.66627,38152.56198,41520.66627,38152.56198,entity_001,2023-02-01
2023-03-01,40048.54061,17.90783870967742,126.69700000000002,16.065548387096776,0,0.2580645161290322,13.253035714285716,12.220064516129034,78.54800000000002,105.08200000000002,15.37339285714286,12.948870967741938,1.0,2.0,0.2857142857142857,0.2903225806451613,1.0,6.123233995736766e-17,38152.56198,41520.66627,36667.35743,39907.25628666666,40249.969411666665,44092.79589666667,8094,40048.54061,38152.56198,40048.54061,38152.56198,40048.54061,38152.56198,40048.54061,entity_001,2023-03-01
2023-04-01,38123.93956,19.099233333333338,180.03200000000004,14.941300000000002,0,0.3333333333333333,17.90783870967742,13.198387096774194,126.69700000000002,104.39700000000002,16.065548387096776,14.464387096774196,0.0,3.0,0.2580645161290322,0.2903225806451613,0.8660254037844387,-0.49999999999999983,40048.54061,38152.56198,37962.88085,38775.01405,40001.93408833333,44106.217455833335,8125,38123.93956,40048.54061,38123.93956,40048.54061,38123.93956,40048.54061,38123.93956,entity_001,2023-04-01
2023-05-01,44543.51493,23.451161290322585,175.49300000000002,10.61693548387097,1,0.2580645161290322,19.099233333333338,13.253035714285716,180.03200000000004,78.54800000000002,14.941300000000002,15.37339285714286,0.0,1.0,0.3333333333333333,0.2857142857142857,0.49999999999999994,-0.8660254037844387,38123.93956,40048.54061,46264.31523,40905.331699999995,40820.46171166667,43962.81743083333,8155,44543.51493,38123.93956,44543.51493,38123.93956,44543.51493,38123.93956,44543.51493,entity_001,2023-05-01
2023-06-01,51610.82744,28.453033333333337,97.561,12.267066666666668,1,0.2666666666666666,23.451161290322585,17.90783870967742,175.49300000000002,126.69700000000002,10.61693548387097,16.065548387096776,1.0,0.0,0.2580645161290322,0.2580645161290322,1.2246467991473532e-16,-1.0,44543.51493,38123.93956,50579.63377,44759.42731,42333.34179833333,44048.75023666667,8186,51610.82744,44543.51493,51610.82744,44543.51493,51610.82744,44543.51493,51610.82744,entity_001,2023-06-01
2023-07-01,57282.22839,30.7613870967742,49.290000000000006,12.04883870967742,1,0.3225806451612903,28.453033333333337,19.099233333333338,97.561,180.03200000000004,12.267066666666668,14.941300000000002,1.0,0.0,0.2666666666666666,0.3333333333333333,-0.4999999999999998,-0.8660254037844388,51610.82744,44543.51493,55359.66064,51145.523586666655,44960.26881833333,44208.96421583334,8216,57282.22839,51610.82744,57282.22839,51610.82744,57282.22839,51610.82744,57282.22839,entity_001,2023-07-01
2023-08-01,60044.48073,32.87706451612904,4.636000000000001,13.047483870967744,0,0.2580645161290322,30.7613870967742,23.451161290322585,49.290000000000006,175.49300000000002,12.04883870967742,10.61693548387097,1.0,1.0,0.3225806451612903,0.2580645161290322,-0.8660254037844384,-0.5000000000000004,57282.22839,51610.82744,52202.67054,56312.51218666666,48608.92194333333,44862.448398333334,8247,60044.48073,57282.22839,60044.48073,57282.22839,60044.48073,57282.22839,60044.48073,entity_001,2023-08-01
2023-09-01,51641.22369,28.997333333333337,71.65700000000001,10.67056666666667,1,0.3,32.87706451612904,28.453033333333337,4.636000000000001,97.561,13.047483870967744,12.267066666666668,0.0,1.0,0.2580645161290322,0.2666666666666666,-1.0,-1.8369701987210297e-16,60044.48073,57282.22839,45244.57326,56322.64427,50541.035789999994,45395.50260083334,8278,51641.22369,60044.48073,51641.22369,60044.48073,51641.22369,60044.48073,51641.22369,entity_001,2023-09-01
2023-10-01,43164.13639,21.818645161290323,194.28000000000003,13.76551612903226,1,0.2903225806451613,28.997333333333337,30.7613870967742,71.65700000000001,49.290000000000006,10.67056666666667,12.04883870967742,1.0,1.0,0.3,0.3225806451612903,-0.8660254037844386,0.5000000000000001,51641.22369,60044.48073,39612.1515,51616.61360333333,51381.068595,45691.50134166667,8308,43164.13639,51641.22369,43164.13639,51641.22369,43164.13639,51641.22369,43164.13639,entity_001,2023-10-01
2023-11-01,39207.96224,15.224066666666667,98.892,12.243133333333336,3,0.2666666666666666,21.818645161290323,32.87706451612904,194.28000000000003,4.636000000000001,13.76551612903226,13.047483870967744,1.0,0.0,0.2903225806451613,0.2580645161290322,-0.5000000000000004,0.8660254037844384,43164.13639,51641.22369,39632.34919,44671.10743999999,50491.80981333333,45656.1357625,8339,39207.96224,43164.13639,39207.96224,43164.13639,39207.96224,43164.13639,39207.96224,entity_001,2023-11-01
2023-12-01,41954.46264,12.756483870967743,86.77900000000001,12.588193548387098,1,0.3225806451612903,15.224066666666667,28.997333333333337,98.892,71.65700000000001,12.243133333333336,10.67056666666667,3.0,1.0,0.2666666666666666,0.3,-2.4492935982947064e-16,1.0,39207.96224,43164.13639,42533.54692,41442.18709,48882.41568,45607.87873916666,8369,41954.46264,39207.96224,41954.46264,39207.96224,41954.46264,39207.96224,41954.46264,entity_001,2023-12-01
2024-01-01,47150.91874,8.474967741935485,182.277,14.369838709677422,2,0.2580645161290322,12.756483870967743,21.818645161290323,86.77900000000001,194.28000000000003,12.588193548387098,13.76551612903226,1.0,1.0,0.3225806451612903,0.2903225806451613,0.49999999999999994,0.8660254037844387,41954.46264,39207.96224,41520.66627,42771.11454,47193.86407166667,46077.066445,8400,47150.91874,41954.46264,47150.91874,41954.46264,47150.91874,41954.46264,47150.91874,entity_001,2024-01-01
2024-02-01,38821.43527,14.927172413793109,64.67000000000002,14.952517241379311,1,0.2758620689655172,8.474967741935485,15.224066666666667,182.277,98.892,14.369838709677422,12.243133333333336,2.0,3.0,0.2580645161290322,0.2666666666666666,0.8660254037844386,0.5000000000000001,47150.91874,41954.46264,38152.56198,42642.272216666664,43656.68982833333,46132.80588583333,8431,38821.43527,47150.91874,38821.43527,47150.91874,38821.43527,47150.91874,38821.43527,entity_001,2024-02-01
2024-03-01,40483.43196,17.580774193548386,105.42300000000002,14.305322580645162,0,0.3225806451612903,14.927172413793109,12.756483870967743,64.67000000000002,86.77900000000001,14.952517241379311,12.588193548387098,1.0,1.0,0.2758620689655172,0.3225806451612903,1.0,6.123233995736766e-17,38821.43527,47150.91874,40048.54061,42151.92865666666,41797.05787333333,46169.04683166667,8460,40483.43196,38821.43527,40483.43196,38821.43527,40483.43196,38821.43527,40483.43196,entity_001,2024-03-01
2024-04-01,41074.20233,21.151833333333336,165.95800000000003,16.941233333333336,0,0.2666666666666666,17.580774193548386,8.474967741935485,105.42300000000002,182.277,14.305322580645162,14.369838709677422,0.0,2.0,0.3225806451612903,0.2580645161290322,0.8660254037844387,-0.49999999999999983,40483.43196,38821.43527,38123.93956,40126.35652,41448.73553,46414.902062500005,8491,41074.20233,40483.43196,41074.20233,40483.43196,41074.20233,40483.43196,41074.20233,entity_001,2024-04-01
2024-05-01,47572.53389,25.126,268.12800000000004,14.296322580645162,1,0.2580645161290322,21.151833333333336,14.927172413793109,165.95800000000003,64.67000000000002,16.941233333333336,14.952517241379311,0.0,1.0,0.2666666666666666,0.2758620689655172,0.49999999999999994,-0.8660254037844387,41074.20233,40483.43196,44543.51493,43043.38939333333,42842.830805,46667.32030916667,8521,47572.53389,41074.20233,47572.53389,41074.20233,47572.53389,41074.20233,47572.53389,entity_001,2024-05-01
2024-06-01,52377.67304,28.039866666666672,106.886,12.640200000000002,1,0.3333333333333333,25.126,17.580774193548386,268.12800000000004,105.42300000000002,14.296322580645162,14.305322580645162,1.0,0.0,0.2580645161290322,0.3225806451612903,1.2246467991473532e-16,-1.0,47572.53389,41074.20233,51610.82744,47008.136419999995,44580.03253833333,46731.22410916667,8552,52377.67304,47572.53389,52377.67304,47572.53389,52377.67304,47572.53389,52377.67304,entity_001,2024-06-01
2024-07-01,54302.87484,28.146838709677425,234.23,10.981000000000002,1,0.2580645161290322,28.039866666666672,21.151833333333336,106.886,165.95800000000003,12.640200000000002,16.941233333333336,1.0,0.0,0.3333333333333333,0.2666666666666666,-0.4999999999999998,-0.8660254037844388,52377.67304,47572.53389,57282.22839,51417.69392333333,45772.02522166667,46482.94464666667,8582,54302.87484,52377.67304,54302.87484,52377.67304,54302.87484,52377.67304,54302.87484,entity_001,2024-07-01
2024-08-01,58513.95257,30.085838709677425,45.233,10.168709677419356,0,0.2903225806451613,28.146838709677425,25.126,234.23,268.12800000000004,10.981000000000002,14.296322580645162,1.0,1.0,0.2580645161290322,0.2580645161290322,-0.8660254037844384,-0.5000000000000004,54302.87484,52377.67304,60044.48073,55064.83348333333,49054.111438333326,46355.40063333333,8613,58513.95257,54302.87484,58513.95257,54302.87484,58513.95257,54302.87484,58513.95257,entity_001,2024-08-01
2024-09-01,50206.27934,26.548666666666676,85.76,11.5581,1,0.3,30.085838709677425,28.039866666666672,45.233,106.886,10.168709677419356,12.640200000000002,0.0,1.0,0.2903225806451613,0.3333333333333333,-1.0,-1.8369701987210297e-16,58513.95257,54302.87484,51641.22369,54341.03558333332,50674.58600166667,46235.8219375,8644,50206.27934,58513.95257,50206.27934,58513.95257,50206.27934,58513.95257,50206.27934,entity_001,2024-09-01
2024-10-01,47671.69087,24.523322580645164,13.145,12.175387096774196,1,0.2580645161290322,26.548666666666676,28.146838709677425,85.76,234.23,11.5581,10.981000000000002,1.0,1.0,0.3,0.2580645161290322,-0.8660254037844386,0.5000000000000001,50206.27934,58513.95257,43164.13639,52130.64092666667,51774.167425,46611.4514775,8674,47671.69087,50206.27934,47671.69087,50206.27934,47671.69087,50206.27934,47671.69087,entity_001,2024-10-01
2024-11-01,41930.84911,18.293000000000003,108.639,11.484366666666666,2,0.3,24.523322580645164,30.085838709677425,13.145,45.233,12.175387096774196,10.168709677419356,1.0,0.0,0.2580645161290322,0.2903225806451613,-0.5000000000000004,0.8660254037844384,47671.69087,50206.27934,39207.96224,46602.93977333334,50833.886628333334,46838.35871666667,8705,41930.84911,47671.69087,41930.84911,47671.69087,41930.84911,47671.69087,41930.84911,entity_001,2024-11-01
2024-12-01,43647.2203,14.356225806451617,123.4,9.479096774193549,1,0.2903225806451613,18.293000000000003,26.548666666666676,108.639,85.76,11.484366666666666,11.5581,2.0,1.0,0.3,0.3,-2.4492935982947064e-16,1.0,41930.84911,47671.69087,41954.46264,44416.58676,49378.81117166667,46979.421855,8735,43647.2203,41930.84911,43647.2203,41930.84911,43647.2203,41930.84911,43647.2203,entity_001,2024-12-01
2025-01-01,50414.83192,8.142322580645162,118.93200000000002,10.55693548387097,2,0.2580645161290322,14.356225806451617,24.523322580645164,123.4,13.145,9.479096774193549,12.175387096774196,1.0,1.0,0.2903225806451613,0.2580645161290322,0.49999999999999994,0.8660254037844387,43647.2203,41930.84911,47150.91874,45330.96711,48730.80401833333,47251.41462,8766,50414.83192,43647.2203,50414.83192,43647.2203,50414.83192,43647.2203,50414.83192,entity_001,2025-01-01
2025-02-01,43152.96428,12.578428571428573,68.95400000000001,10.547428571428572,1,0.2857142857142857,8.142322580645162,18.293000000000003,118.93200000000002,108.639,10.55693548387097,11.484366666666666,2.0,2.0,0.2580645161290322,0.3,0.8660254037844386,0.5000000000000001,50414.83192,43647.2203,38821.43527,45738.33883333332,46170.63930333333,47612.37537083333,8797,43152.96428,50414.83192,43152.96428,50414.83192,43152.96428,50414.83192,43152.96428,entity_001,2025-02-01
2025-03-01,43194.33149,19.20941935483871,77.932,12.713548387096775,0,0.3225806451612903,12.578428571428573,14.356225806451617,68.95400000000001,123.4,10.547428571428572,9.479096774193549,1.0,1.0,0.2857142857142857,0.2903225806451613,1.0,6.123233995736766e-17,43152.96428,50414.83192,40483.43196,45587.375896666665,45001.98132833333,47838.283664999995,8825,43194.33149,43152.96428,43194.33149,43152.96428,43194.33149,43152.96428,43194.33149,entity_001,2025-03-01
2025-04-01,43683.72924,21.985100000000003,125.99900000000002,13.14856666666667,0,0.2666666666666666,19.20941935483871,8.142322580645162,77.932,118.93200000000002,12.713548387096775,10.55693548387097,0.0,2.0,0.3225806451612903,0.2580645161290322,0.8660254037844387,-0.49999999999999983,43194.33149,43152.96428,41074.20233,43343.67500333333,44337.32105666667,48055.74424083333,8856,43683.72924,43194.33149,43683.72924,43194.33149,43683.72924,43194.33149,43683.72924,entity_001,2025-04-01
2025-05-01,49337.47428,24.71129032258065,236.41200000000003,10.737935483870968,1,0.2903225806451613,21.985100000000003,12.578428571428573,125.99900000000002,68.95400000000001,13.14856666666667,10.547428571428572,0.0,1.0,0.2666666666666666,0.2857142857142857,0.49999999999999994,-0.8660254037844387,43683.72924,43194.33149,47572.53389,45405.178336666664,45571.758585,48202.82260666666,8886,49337.47428,43683.72924,49337.47428,43683.72924,49337.47428,43683.72924,49337.47428,entity_001,2025-05-01
2025-06-01,53542.2739,27.700400000000005,161.734,10.222566666666667,1,0.3,24.71129032258065,19.20941935483871,236.41200000000003,77.932,10.737935483870968,12.713548387096775,1.0,0.0,0.2903225806451613,0.3225806451612903,1.2246467991473532e-16,-1.0,49337.47428,43683.72924,52377.67304,48854.492473333325,47220.934185,48299.87267833333,8917,53542.2739,49337.47428,53542.2739,49337.47428,53542.2739,49337.47428,53542.2739,entity_001,2025-06-01
2025-07-01,57614.14496,27.657000000000007,6.654,5.9430000000000005,0,0.0,27.700400000000005,21.985100000000003,161.734,125.99900000000002,10.222566666666667,13.14856666666667,1.0,0.0,0.3,0.2666666666666666,-0.4999999999999998,-0.8660254037844388,53542.2739,49337.47428,54302.87484,53497.96438,48420.819691666664,48575.811855,8947,57614.14496,53542.2739,57614.14496,53542.2739,57614.14496,53542.2739,57614.14496,entity_001,2025-07-01
