year,national,region_id,state_id,station_id,Ridership
2005,US,Midwest,Illinois,"Alton, Illinois",16683.0
2005,US,Midwest,Illinois,"Bloomington/Normal, Illinois",47201.0
2005,US,Midwest,Illinois,"Carbondale, Illinois",38905.0
2005,US,Midwest,Illinois,"Carlinville, Illinois",2680.0
2005,US,Midwest,Illinois,"Centralia, Illinois",5926.0
2005,US,Midwest,Illinois,"Champaign-Urbana, Illinois",39863.0
2005,US,Midwest,Illinois,"Chicago, Illinois",1226962.0
2005,US,Midwest,Illinois,"Du Quoin, Illinois",2103.0
2005,US,Midwest,Illinois,"Dwight, Illinois",2263.0
2005,US,Midwest,Illinois,"Effingham, Illinois",5179.0
2005,US,Midwest,Illinois,"Galesburg, Illinois",36489.0
2005,US,Midwest,Illinois,"Gilman, Illinois",474.0
2005,US,Midwest,Illinois,"Glenview, Illinois",20617.0
2005,US,Midwest,Illinois,"Homewood, Illinois",11013.0
2005,US,Midwest,Illinois,"Joliet, Illinois",11824.0
2005,US,Midwest,Illinois,"Kankakee, Illinois",4002.0
2005,US,Midwest,Illinois,"Kewanee, Illinois",3859.0
2005,US,Midwest,Illinois,"La Grange Road, Illinois",3391.0
2005,US,Midwest,Illinois,"Lincoln, Illinois",7421.0
2005,US,Midwest,Illinois,"Macomb, Illinois",19121.0
2005,US,Midwest,Illinois,"Mattoon, Illinois",7730.0
2005,US,Midwest,Illinois,"Mendota, Illinois",5820.0
2005,US,Midwest,Illinois,"Naperville, Illinois",17641.0
2005,US,Midwest,Illinois,"Plano, Illinois",1062.0
2005,US,Midwest,Illinois,"Pontiac, Illinois",3911.0
2005,US,Midwest,Illinois,"Princeton, Illinois",9493.0
2005,US,Midwest,Illinois,"Quincy, Illinois",14942.0
2005,US,Midwest,Illinois,"Rantoul, Illinois",412.0
2005,US,Midwest,Illinois,"Springfield, Illinois",52929.0
2005,US,Midwest,Illinois,"Summit, Illinois",1660.0
2005,US,Midwest,Indiana,"Connersville, Indiana",222.0
2005,US,Midwest,Indiana,"Crawfordsville (Bus), Indiana",1598.0
2005,US,Midwest,Indiana,"Dyer, Indiana",533.0
2005,US,Midwest,Indiana,"Elkhart, Indiana",4197.0
2005,US,Midwest,Indiana,"Hammond-Whiting, Indiana",4669.0
2005,US,Midwest,Indiana,"Indianapolis, Indiana",12208.0
2005,US,Midwest,Indiana,"Lafayette, Indiana",6236.0
2005,US,Midwest,Indiana,"Michigan City, Indiana",1217.0
2005,US,Midwest,Indiana,"Nappanee, Indiana",616.0
2005,US,Midwest,Indiana,"Rensselaer, Indiana",565.0
2005,US,Midwest,Indiana,"South Bend, Indiana",9411.0
2005,US,Midwest,Indiana,"Waterloo, Indiana",9380.0
2005,US,Midwest,Iowa,"Burlington, Iowa",3244.0
2005,US,Midwest,Iowa,"Creston, Iowa",2308.0
2005,US,Midwest,Iowa,"Fort Madison, Iowa",5005.0
2005,US,Midwest,Iowa,"Mount Pleasant, Iowa",6423.0
2005,US,Midwest,Iowa,"Osceola, Iowa",7904.0
2005,US,Midwest,Iowa,"Ottumwa, Iowa",5404.0
2005,US,Midwest,Kansas,"Dodge City, Kansas",1792.0
2005,US,Midwest,Kansas,"Garden City, Kansas",2883.0
2005,US,Midwest,Kansas,"Hutchinson, Kansas",1774.0
2005,US,Midwest,Kansas,"Lawrence, Kansas",1666.0
2005,US,Midwest,Kansas,"Newton, Kansas",6549.0
2005,US,Midwest,Kansas,"Topeka, Kansas",3080.0
2005,US,Midwest,Michigan,"Albion, Michigan",888.0
2005,US,Midwest,Michigan,"Ann Arbor, Michigan",64904.0
2005,US,Midwest,Michigan,"Bangor, Michigan",1655.0
2005,US,Midwest,Michigan,"Battle Creek, Michigan",23221.0
2005,US,Midwest,Michigan,"Birmingham, Michigan",9118.0
2005,US,Midwest,Michigan,"Dearborn, Michigan",35163.0
2005,US,Midwest,Michigan,"Detroit, Michigan",28585.0
2005,US,Midwest,Michigan,"Dowagiac, Michigan",898.0
2005,US,Midwest,Michigan,"Durand, Michigan",3402.0
2005,US,Midwest,Michigan,"East Lansing, Michigan",20168.0
2005,US,Midwest,Michigan,"Flint, Michigan",11222.0
2005,US,Midwest,Michigan,"Grand Rapids, Michigan",25240.0
2005,US,Midwest,Michigan,"Greenfield Village, Michigan",322.0
2005,US,Midwest,Michigan,"Holland, Michigan",17421.0
2005,US,Midwest,Michigan,"Jackson, Michigan",12639.0
2005,US,Midwest,Michigan,"Kalamazoo, Michigan",44646.0
2005,US,Midwest,Michigan,"Lapeer, Michigan",2815.0
2005,US,Midwest,Michigan,"New Buffalo, Michigan",708.0
2005,US,Midwest,Michigan,"Niles, Michigan",8366.0
2005,US,Midwest,Michigan,"Pontiac, Michigan",7336.0
2005,US,Midwest,Michigan,"Port Huron, Michigan",5088.0
2005,US,Midwest,Michigan,"Royal Oak, Michigan",10677.0
2005,US,Midwest,Michigan,"St. Joseph/Benton Harbor, Michigan",3697.0
2005,US,Midwest,Minnesota,"Detroit Lakes, Minnesota",1707.0
2005,US,Midwest,Minnesota,"Duluth, Minnesota",500.0
2005,US,Midwest,Minnesota,"Red Wing, Minnesota",4544.0
2005,US,Midwest,Minnesota,"St. Cloud, Minnesota",5764.0
2005,US,Midwest,Minnesota,"St. Paul-Minneapolis, Minnesota",67507.0
2005,US,Midwest,Minnesota,"Staples, Minnesota",2613.0
2005,US,Midwest,Minnesota,"Winona, Minnesota",10590.0
2005,US,Midwest,Missouri,"Hermann, Missouri",5073.0
2005,US,Midwest,Missouri,"Independence, Missouri",2660.0
2005,US,Midwest,Missouri,"Jefferson City, Missouri",20591.0
2005,US,Midwest,Missouri,"Kansas City, Missouri",58907.0
2005,US,Midwest,Missouri,"Kirkwood, Missouri",22056.0
2005,US,Midwest,Missouri,"La Plata, Missouri",4109.0
2005,US,Midwest,Missouri,"Lee’s Summit, Missouri",10122.0
2005,US,Midwest,Missouri,"Poplar Bluff, Missouri",1466.0
2005,US,Midwest,Missouri,"Sedalia, Missouri",4904.0
2005,US,Midwest,Missouri,"St. Louis, Missouri",88189.0
2005,US,Midwest,Missouri,"Warrensburg, Missouri",5026.0
2005,US,Midwest,Missouri,"Washington, Missouri",5096.0
2005,US,Midwest,Nebraska,"Hastings, Nebraska",1947.0
2005,US,Midwest,Nebraska,"Holdrege, Nebraska",925.0
2005,US,Midwest,Nebraska,"Lincoln, Nebraska",5292.0
2005,US,Midwest,Nebraska,"McCook, Nebraska",1348.0
2005,US,Midwest,Nebraska,"Omaha, Nebraska",12640.0
2005,US,Midwest,North Dakota,"Devils Lake, North Dakota",3017.0
2005,US,Midwest,North Dakota,"Fargo, North Dakota",9191.0
2005,US,Midwest,North Dakota,"Grand Forks, North Dakota",8918.0
2005,US,Midwest,North Dakota,"Minot, North Dakota",16816.0
2005,US,Midwest,North Dakota,"Rugby, North Dakota",3122.0
2005,US,Midwest,North Dakota,"Stanley, North Dakota",1273.0
2005,US,Midwest,North Dakota,"Williston, North Dakota",9810.0
2005,US,Midwest,Ohio,"Akron, Ohio",1333.0
2005,US,Midwest,Ohio,"Alliance, Ohio",1445.0
2005,US,Midwest,Ohio,"Bryan, Ohio",3250.0
2005,US,Midwest,Ohio,"Cincinnati, Ohio",6415.0
2005,US,Midwest,Ohio,"Cleveland, Ohio",16382.0
2005,US,Midwest,Ohio,"Elyria, Ohio",1395.0
2005,US,Midwest,Ohio,"Fostoria, Ohio",334.0
2005,US,Midwest,Ohio,"Hamilton, Ohio",676.0
2005,US,Midwest,Ohio,"Sandusky, Ohio",2340.0
2005,US,Midwest,Ohio,"Toledo, Ohio",28153.0
2005,US,Midwest,Ohio,"Youngstown, Ohio",829.0
2005,US,Midwest,Wisconsin,"Columbus, Wisconsin",7344.0
2005,US,Midwest,Wisconsin,"La Crosse, Wisconsin",11598.0
2005,US,Midwest,Wisconsin,"Milwaukee Airport, Wisconsin",16062.0
2005,US,Midwest,Wisconsin,"Milwaukee, Wisconsin",238850.0
2005,US,Midwest,Wisconsin,"Portage, Wisconsin",3101.0
2005,US,Midwest,Wisconsin,"Sturtevant, Wisconsin",25616.0
2005,US,Midwest,Wisconsin,"Tomah, Wisconsin",3844.0
2005,US,Midwest,Wisconsin,"Wisconsin Dells, Wisconsin",5383.0
2005,US,Northeast,Connecticut,"Berlin, Connecticut",11699.0
2005,US,Northeast,Connecticut,"Bridgeport, Connecticut",27818.0
2005,US,Northeast,Connecticut,"Hartford, Connecticut",79467.0
2005,US,Northeast,Connecticut,"Meriden, Connecticut",13131.0
2005,US,Northeast,Connecticut,"Mystic, Connecticut",7380.0
2005,US,Northeast,Connecticut,"New Haven, Connecticut",327178.0
2005,US,Northeast,Connecticut,"New London, Connecticut",73731.0
2005,US,Northeast,Connecticut,"Old Saybrook, Connecticut",28248.0
2005,US,Northeast,Connecticut,"Stamford, Connecticut",141723.0
2005,US,Northeast,Connecticut,"Wallingford, Connecticut",5284.0
2005,US,Northeast,Connecticut,"Windsor Locks, Connecticut",5437.0
2005,US,Northeast,Connecticut,"Windsor, Connecticut",4103.0
2005,US,Northeast,Maine,"Old Orchard Beach, Maine",3662.0
2005,US,Northeast,Maine,"Portland, Maine",58670.0
2005,US,Northeast,Maine,"Saco-Biddeford, Maine",10745.0
2005,US,Northeast,Maine,"Wells, Maine",14375.0
2005,US,Northeast,Massachusetts,"Amherst, Massachusetts",4464.0
2005,US,Northeast,Massachusetts,"Boston-Back Bay, Massachusetts",632173.0
2005,US,Northeast,Massachusetts,"Boston-North Station, Massachusetts",117358.0
2005,US,Northeast,Massachusetts,"Framingham, Massachusetts",896.0
2005,US,Northeast,Massachusetts,"Haverhill, Massachusetts",6886.0
2005,US,Northeast,Massachusetts,"Pittsfield, Massachusetts",1920.0
2005,US,Northeast,Massachusetts,"Route 128 (Boston), Massachusetts",160640.0
2005,US,Northeast,Massachusetts,"Springfield, Massachusetts",54162.0
2005,US,Northeast,Massachusetts,"Woburn, Massachusetts",4529.0
2005,US,Northeast,Massachusetts,"Worcester, Massachusetts",3179.0
2005,US,Northeast,New Hampshire,"Claremont, New Hampshire",716.0
2005,US,Northeast,New Hampshire,"Dover, New Hampshire",14574.0
2005,US,Northeast,New Hampshire,"Durham-UNH, New Hampshire",17621.0
2005,US,Northeast,New Hampshire,"Exeter, New Hampshire",26546.0
2005,US,Northeast,New Jersey,"Metropark, New Jersey",180400.0
2005,US,Northeast,New Jersey,"New Brunswick, New Jersey",70325.0
2005,US,Northeast,New Jersey,"Newark Airport, New Jersey",37033.0
2005,US,Northeast,New Jersey,"Newark, New Jersey",605527.0
2005,US,Northeast,New Jersey,"Princeton Junction, New Jersey",362846.0
2005,US,Northeast,New Jersey,"Trenton, New Jersey",439730.0
2005,US,Northeast,New York,"Albany-Rensselaer, New York",366946.0
2005,US,Northeast,New York,"Amsterdam, New York",3139.0
2005,US,Northeast,New York,"Buffalo-Depew, New York",38608.0
2005,US,Northeast,New York,"Buffalo-Exchange Street, New York",7751.0
2005,US,Northeast,New York,"Croton-Harmon, New York",17419.0
2005,US,Northeast,New York,"Fort Edward, New York",2956.0
2005,US,Northeast,New York,"Fort Ticonderoga, New York",729.0
2005,US,Northeast,New York,"Hudson, New York",73537.0
2005,US,Northeast,New York,"New Rochelle, New York",33737.0
2005,US,Northeast,New York,"New York City (Penn Station), New York",4264625.0
2005,US,Northeast,New York,"New York State Fair, New York",420.0
2005,US,Northeast,New York,"Niagara Falls, New York",11146.0
2005,US,Northeast,New York,"Plattsburgh, New York",5260.0
2005,US,Northeast,New York,"Port Henry, New York",688.0
2005,US,Northeast,New York,"Port Kent, New York",151.0
2005,US,Northeast,New York,"Poughkeepsie, New York",26270.0
2005,US,Northeast,New York,"Rhinecliff, New York",84492.0
2005,US,Northeast,New York,"Rochester, New York",37666.0
2005,US,Northeast,New York,"Rome, New York",3108.0
2005,US,Northeast,New York,"Rouses Point, New York",743.0
2005,US,Northeast,New York,"Saratoga Springs, New York",13586.0
2005,US,Northeast,New York,"Schenectady, New York",21362.0
2005,US,Northeast,New York,"Syracuse, New York",47693.0
2005,US,Northeast,New York,"Utica, New York",21830.0
2005,US,Northeast,New York,"Westport, New York",2118.0
2005,US,Northeast,New York,"Whitehall, New York",739.0
2005,US,Northeast,New York,"Yonkers, New York",7681.0
2005,US,Northeast,Pennsylvania,"Altoona, Pennsylvania",10095.0
2005,US,Northeast,Pennsylvania,"Ardmore, Pennsylvania",20340.0
2005,US,Northeast,Pennsylvania,"Coatesville, Pennsylvania",3132.0
2005,US,Northeast,Pennsylvania,"Connellsville, Pennsylvania",1696.0
2005,US,Northeast,Pennsylvania,"Cornwells Heights, Pennsylvania",12436.0
2005,US,Northeast,Pennsylvania,"Downingtown, Pennsylvania",13419.0
2005,US,Northeast,Pennsylvania,"Elizabethtown, Pennsylvania",24489.0
2005,US,Northeast,Pennsylvania,"Erie, Pennsylvania",4224.0
2005,US,Northeast,Pennsylvania,"Exton, Pennsylvania",20605.0
2005,US,Northeast,Pennsylvania,"Greensburg, Pennsylvania",5064.0
2005,US,Northeast,Pennsylvania,"Harrisburg, Pennsylvania",171340.0
2005,US,Northeast,Pennsylvania,"Huntingdon, Pennsylvania",2315.0
2005,US,Northeast,Pennsylvania,"Johnstown, Pennsylvania",7585.0
2005,US,Northeast,Pennsylvania,"Lancaster, Pennsylvania",166827.0
2005,US,Northeast,Pennsylvania,"Latrobe, Pennsylvania",1463.0
2005,US,Northeast,Pennsylvania,"Lewistown, Pennsylvania",3563.0
2005,US,Northeast,Pennsylvania,"Middletown, Pennsylvania",13372.0
2005,US,Northeast,Pennsylvania,"Mount Joy, Pennsylvania",13294.0
2005,US,Northeast,Pennsylvania,"Paoli, Pennsylvania",35975.0
2005,US,Northeast,Pennsylvania,"Parkesburg, Pennsylvania",12221.0
2005,US,Northeast,Pennsylvania,"Philadelphia William H. Gray III 30th Street, Pennsylvania",1868800.0
2005,US,Northeast,Pennsylvania,"Philadelphia-North, Pennsylvania",762.0
2005,US,Northeast,Pennsylvania,"Pittsburgh, Pennsylvania",55680.0
2005,US,Northeast,Pennsylvania,"Tyrone, Pennsylvania",717.0
2005,US,Northeast,Rhode Island,"Kingston, Rhode Island",62521.0
2005,US,Northeast,Rhode Island,"Providence, Rhode Island",242088.0
2005,US,Northeast,Rhode Island,"Westerly, Rhode Island",13567.0
2005,US,Northeast,Vermont,"Bellows Falls, Vermont",1289.0
2005,US,Northeast,Vermont,"Brattleboro, Vermont",3991.0
2005,US,Northeast,Vermont,"Essex Junction, Vermont",3317.0
2005,US,Northeast,Vermont,"Fair Haven, Vermont",598.0
2005,US,Northeast,Vermont,"Montpelier, Vermont",1938.0
2005,US,Northeast,Vermont,"Randolph, Vermont",570.0
2005,US,Northeast,Vermont,"Rutland, Vermont",6307.0
2005,US,Northeast,Vermont,"St. Albans, Vermont",1960.0
2005,US,Northeast,Vermont,"Waterbury, Vermont",1291.0
2005,US,Northeast,Vermont,"White River Junction, Vermont",5647.0
2005,US,Northeast,Vermont,"Windsor, Vermont",266.0
2005,US,South,Alabama,"Anniston, Alabama",2419.0
2005,US,South,Alabama,"Atmore, Alabama",115.0
2005,US,South,Alabama,"Birmingham, Alabama",16558.0
2005,US,South,Alabama,"Mobile, Alabama",570.0
2005,US,South,Alabama,"Tuscaloosa, Alabama",4904.0
2005,US,South,Arkansas,"Arkadelphia, Arkansas",481.0
2005,US,South,Arkansas,"Little Rock, Arkansas",7290.0
2005,US,South,Arkansas,"Malvern, Arkansas",779.0
2005,US,South,Arkansas,"Texarkana, Arkansas",2983.0
2005,US,South,Arkansas,"Walnut Ridge, Arkansas",1343.0
2005,US,South,Delaware,"Georgetown, Delaware",420.0
2005,US,South,Delaware,"Newark, Delaware",2206.0
2005,US,South,Delaware,"Wilmington, Delaware",387328.0
2005,US,South,District of Columbia,"Washington Union Station, District of Columbia",1880852.0
2005,US,South,Florida,"Chipley, Florida",718.0
2005,US,South,Florida,"Crestview, Florida",539.0
2005,US,South,Florida,"Dade City, Florida",77.0
2005,US,South,Florida,"DeLand, Florida",9782.0
2005,US,South,Florida,"Deerfield Beach, Florida",11716.0
2005,US,South,Florida,"Delray Beach, Florida",3753.0
2005,US,South,Florida,"Fort Lauderdale, Florida",20552.0
2005,US,South,Florida,"Hollywood, Florida",14783.0
2005,US,South,Florida,"Jacksonville, Florida",32231.0
2005,US,South,Florida,"Kissimmee, Florida",15659.0
2005,US,South,Florida,"Lake City, Florida",281.0
2005,US,South,Florida,"Lakeland, Florida",6569.0
2005,US,South,Florida,"Madison, Florida",187.0
2005,US,South,Florida,"Miami, Florida",33708.0
2005,US,South,Florida,"Ocala, Florida",344.0
2005,US,South,Florida,"Okeechobee, Florida",1506.0
2005,US,South,Florida,"Orlando, Florida",70772.0
2005,US,South,Florida,"Palatka, Florida",5439.0
2005,US,South,Florida,"Pensacola, Florida",1616.0
2005,US,South,Florida,"Sanford (Auto Train Station), Florida",100772.0
2005,US,South,Florida,"Sebring, Florida",7603.0
2005,US,South,Florida,"Tallahassee, Florida",1216.0
2005,US,South,Florida,"Tampa, Florida",26387.0
2005,US,South,Florida,"Waldo, Florida",159.0
2005,US,South,Florida,"West Palm Beach, Florida",24345.0
2005,US,South,Florida,"Wildwood, Florida",98.0
2005,US,South,Florida,"Winter Haven, Florida",11353.0
2005,US,South,Florida,"Winter Park, Florida",11738.0
2005,US,South,Georgia,"Atlanta, Georgia",44229.0
2005,US,South,Georgia,"Gainesville, Georgia",2238.0
2005,US,South,Georgia,"Jesup, Georgia",2984.0
2005,US,South,Georgia,"Savannah, Georgia",19427.0
2005,US,South,Georgia,"Toccoa, Georgia",1586.0
2005,US,South,Kentucky,"Ashland, Kentucky",1259.0
2005,US,South,Kentucky,"Fulton, Kentucky",1115.0
2005,US,South,Kentucky,"Louisville, Kentucky",50.0
2005,US,South,Kentucky,"Maysville, Kentucky",892.0
2005,US,South,Kentucky,"South Shore-South Portsmouth, Kentucky",394.0
2005,US,South,Louisiana,"Hammond, Louisiana",4537.0
2005,US,South,Louisiana,"Lafayette, Louisiana",935.0
2005,US,South,Louisiana,"Lake Charles, Louisiana",708.0
2005,US,South,Louisiana,"New Iberia, Louisiana",301.0
2005,US,South,Louisiana,"New Orleans, Louisiana",73520.0
2005,US,South,Louisiana,"Schriever, Louisiana",187.0
2005,US,South,Louisiana,"Slidell, Louisiana",2345.0
2005,US,South,Maryland,"Aberdeen, Maryland",23438.0
2005,US,South,Maryland,"BWI Thurgood Marshall Airport, Maryland",291606.0
2005,US,South,Maryland,"Baltimore, Maryland",485279.0
2005,US,South,Maryland,"Cumberland, Maryland",3556.0
2005,US,South,Maryland,"New Carrollton, Maryland",111824.0
2005,US,South,Maryland,"Rockville, Maryland",1175.0
2005,US,South,Mississippi,"Bay St. Louis, Mississippi",101.0
2005,US,South,Mississippi,"Biloxi, Mississippi",310.0
2005,US,South,Mississippi,"Brookhaven, Mississippi",1955.0
2005,US,South,Mississippi,"Greenwood, Mississippi",5095.0
2005,US,South,Mississippi,"Gulfport, Mississippi",387.0
2005,US,South,Mississippi,"Hattiesburg, Mississippi",5185.0
2005,US,South,Mississippi,"Hazlehurst, Mississippi",558.0
2005,US,South,Mississippi,"Jackson, Mississippi",15947.0
2005,US,South,Mississippi,"Laurel, Mississippi",1813.0
2005,US,South,Mississippi,"McComb, Mississippi",2316.0
2005,US,South,Mississippi,"Meridian, Mississippi",5981.0
2005,US,South,Mississippi,"Pascagoula, Mississippi",137.0
2005,US,South,Mississippi,"Picayune, Mississippi",736.0
2005,US,South,Mississippi,"Yazoo City, Mississippi",1300.0
2005,US,South,North Carolina,"Burlington, North Carolina",4700.0
2005,US,South,North Carolina,"Cary, North Carolina",7659.0
2005,US,South,North Carolina,"Charlotte, North Carolina",54170.0
2005,US,South,North Carolina,"Durham, North Carolina",17498.0
2005,US,South,North Carolina,"Fayetteville, North Carolina",18277.0
2005,US,South,North Carolina,"Gastonia, North Carolina",866.0
2005,US,South,North Carolina,"Greensboro, North Carolina",29373.0
2005,US,South,North Carolina,"Hamlet, North Carolina",2031.0
2005,US,South,North Carolina,"High Point, North Carolina",7281.0
2005,US,South,North Carolina,"Kannapolis, North Carolina",3665.0
2005,US,South,North Carolina,"Lexington, North Carolina (Special Stop)",85.0
2005,US,South,North Carolina,"North Carolina State Fair, North Carolina",1710.0
2005,US,South,North Carolina,"Raleigh, North Carolina",57457.0
2005,US,South,North Carolina,"Rocky Mount, North Carolina",28325.0
2005,US,South,North Carolina,"Salisbury, North Carolina",8291.0
2005,US,South,North Carolina,"Selma-Smithfield, North Carolina",4024.0
2005,US,South,North Carolina,"Southern Pines, North Carolina",2090.0
2005,US,South,North Carolina,"Wilson, North Carolina",14939.0
2005,US,South,Oklahoma,"Ardmore, Oklahoma",5196.0
2005,US,South,Oklahoma,"Guthrie, Oklahoma",49.0
2005,US,South,Oklahoma,"Norman, Oklahoma",6054.0
2005,US,South,Oklahoma,"Oklahoma City, Oklahoma",21572.0
2005,US,South,Oklahoma,"Pauls Valley, Oklahoma",3142.0
2005,US,South,Oklahoma,"Purcell, Oklahoma",1157.0
2005,US,South,South Carolina,"Camden, South Carolina",1566.0
2005,US,South,South Carolina,"Charleston, South Carolina",25248.0
2005,US,South,South Carolina,"Clemson, South Carolina",2396.0
2005,US,South,South Carolina,"Columbia, South Carolina",15400.0
2005,US,South,South Carolina,"Denmark, South Carolina",2198.0
2005,US,South,South Carolina,"Dillon, South Carolina",2341.0
2005,US,South,South Carolina,"Florence, South Carolina",16691.0
2005,US,South,South Carolina,"Greenville, South Carolina",6142.0
2005,US,South,South Carolina,"Kingstree, South Carolina",5274.0
2005,US,South,South Carolina,"Spartanburg, South Carolina",2189.0
2005,US,South,South Carolina,"Yemassee, South Carolina",4571.0
2005,US,South,Tennessee,"Memphis, Tennessee",23317.0
2005,US,South,Tennessee,"Newbern-Dyersberg, Tennessee",1218.0
2005,US,South,Texas,"Alpine, Texas",798.0
2005,US,South,Texas,"Austin, Texas",10754.0
2005,US,South,Texas,"Beaumont, Texas",539.0
2005,US,South,Texas,"Cleburne, Texas",915.0
2005,US,South,Texas,"Dallas, Texas",17977.0
2005,US,South,Texas,"Del Rio, Texas",623.0
2005,US,South,Texas,"El Paso, Texas",4950.0
2005,US,South,Texas,"Fort Worth, Texas",42498.0
2005,US,South,Texas,"Gainesville, Texas",4557.0
2005,US,South,Texas,"Galveston, Texas",40.0
2005,US,South,Texas,"Houston, Texas",6096.0
2005,US,South,Texas,"Longview, Texas",12664.0
2005,US,South,Texas,"Marshall, Texas",3147.0
2005,US,South,Texas,"McGregor, Texas",1136.0
2005,US,South,Texas,"Mineola, Texas",1809.0
2005,US,South,Texas,"San Antonio, Texas",22723.0
2005,US,South,Texas,"San Marcos, Texas",1807.0
2005,US,South,Texas,"Sanderson, Texas",69.0
2005,US,South,Texas,"Taylor, Texas",1880.0
2005,US,South,Texas,"Temple, Texas",5158.0
2005,US,South,Virginia,"Alexandria, Virginia",41383.0
2005,US,South,Virginia,"Ashland, Virginia",6845.0
2005,US,South,Virginia,"Charlottesville, Virginia",22161.0
2005,US,South,Virginia,"Clifton Forge, Virginia",1793.0
2005,US,South,Virginia,"Culpeper, Virginia",1707.0
2005,US,South,Virginia,"Danville, Virginia",1810.0
2005,US,South,Virginia,"Franconia-Springfield, Virginia",229.0
2005,US,South,Virginia,"Fredericksburg, Virginia",16825.0
2005,US,South,Virginia,"Lorton (Auto Train), Virginia",108434.0
2005,US,South,Virginia,"Lynchburg, Virginia",8498.0
2005,US,South,Virginia,"Manassas, Virginia",3774.0
2005,US,South,Virginia,"Newport News, Virginia",46397.0
2005,US,South,Virginia,"Petersburg, Virginia",8688.0
2005,US,South,Virginia,"Quantico, Virginia",5873.0
2005,US,South,Virginia,"Richmond - Main Street, Virginia",5805.0
2005,US,South,Virginia,"Richmond - Staples Mill, Virginia",125707.0
2005,US,South,Virginia,"Staunton, Virginia",2387.0
2005,US,South,Virginia,"Williamsburg, Virginia",19179.0
2005,US,South,Virginia,"Woodbridge, Virginia",2975.0
2005,US,South,West Virginia,"Alderson, West Virginia",256.0
2005,US,South,West Virginia,"Charleston, West Virginia",4156.0
2005,US,South,West Virginia,"Harpers Ferry, West Virginia",1446.0
2005,US,South,West Virginia,"Hinton, West Virginia",5578.0
2005,US,South,West Virginia,"Huntington, West Virginia",6988.0
2005,US,South,West Virginia,"Martinsburg, West Virginia",2659.0
2005,US,South,West Virginia,"Montgomery, West Virginia",413.0
2005,US,South,West Virginia,"Prince, West Virginia",1647.0
2005,US,South,West Virginia,"Thurmond, West Virginia",60.0
2005,US,South,West Virginia,"White Sulphur Springs, West Virginia",1966.0
2005,US,West,Arizona,"Benson, Arizona",537.0
2005,US,West,Arizona,"Flagstaff, Arizona",17370.0
2005,US,West,Arizona,"Kingman, Arizona",3142.0
2005,US,West,Arizona,"Maricopa, Arizona",3023.0
2005,US,West,Arizona,"Tucson, Arizona",6880.0
2005,US,West,Arizona,"Williams Junction, Arizona",2889.0
2005,US,West,Arizona,"Winslow, Arizona",1378.0
2005,US,West,Arizona,"Yuma, Arizona",877.0
2005,US,West,California,"Anaheim, California",157609.0
2005,US,West,California,"Antioch-Pittsburg, California",9455.0
2005,US,West,California,"Auburn, California",16707.0
2005,US,West,California,"Bakersfield, California",185089.0
2005,US,West,California,"Barstow, California",1380.0
2005,US,West,California,"Berkeley, California",35444.0
2005,US,West,California,"Burbank, California",14050.0
2005,US,West,California,"Camarillo, California",9696.0
2005,US,West,California,"Carpinteria, California",7048.0
2005,US,West,California,"Chatsworth, California",19828.0
2005,US,West,California,"Chico, California",2862.0
2005,US,West,California,"Colfax, California",1622.0
2005,US,West,California,"Corcoran, California",11745.0
2005,US,West,California,"Davis, California",171637.0
2005,US,West,California,"Dunsmuir, California",1989.0
2005,US,West,California,"Emeryville, California",254039.0
2005,US,West,California,"Fremont, California",13772.0
2005,US,West,California,"Fresno, California",128284.0
2005,US,West,California,"Fullerton, California",201862.0
2005,US,West,California,"Glendale, California",17342.0
2005,US,West,California,"Goleta, California",25640.0
2005,US,West,California,"Great America (Santa Clara), California",37275.0
2005,US,West,California,"Grover Beach, California",6489.0
2005,US,West,California,"Guadalupe-Santa Maria, California",3425.0
2005,US,West,California,"Hanford, California",69588.0
2005,US,West,California,"Hayward, California",11416.0
2005,US,West,California,"Irvine, California",281576.0
2005,US,West,California,"Lodi, California",2851.0
2005,US,West,California,"Lompoc-Surf, California",2219.0
2005,US,West,California,"Los Angeles, California",690068.0
2005,US,West,California,"Madera, California",5565.0
2005,US,West,California,"Martinez, California",150222.0
2005,US,West,California,"Merced, California",37641.0
2005,US,West,California,"Modesto, California",35883.0
2005,US,West,California,"Moorpark, California",4595.0
2005,US,West,California,"Needles, California",4581.0
2005,US,West,California,"Oakland Coliseum, California",809.0
2005,US,West,California,"Oakland, California",143147.0
2005,US,West,California,"Oceanside, California",155251.0
2005,US,West,California,"Ontario, California",1416.0
2005,US,West,California,"Oxnard, California",34912.0
2005,US,West,California,"Palm Springs, California",810.0
2005,US,West,California,"Paso Robles, California",2643.0
2005,US,West,California,"Pomona, California",351.0
2005,US,West,California,"Redding, California",3153.0
2005,US,West,California,"Richmond, California",106821.0
2005,US,West,California,"Riverside, California",3100.0
2005,US,West,California,"Rocklin, California",15635.0
2005,US,West,California,"Roseville, California",29334.0
2005,US,West,California,"Sacramento, California",472450.0
2005,US,West,California,"Salinas, California",6388.0
2005,US,West,California,"San Bernardino, California",4688.0
2005,US,West,California,"San Clemente Pier, California",2534.0
2005,US,West,California,"San Diego, California",432248.0
2005,US,West,California,"San Diego-Old Town, California",7852.0
2005,US,West,California,"San Jose, California",77307.0
2005,US,West,California,"San Juan Capistrano, California",126214.0
2005,US,West,California,"San Luis Obispo, California",37498.0
2005,US,West,California,"Santa Ana, California",85073.0
2005,US,West,California,"Santa Barbara, California",111339.0
2005,US,West,California,"Simi Valley, California",14599.0
2005,US,West,California,"Solana Beach, California",206230.0
2005,US,West,California,"Stockton (Downtown), California",6740.0
2005,US,West,California,"Stockton (San Joaquin St.), California",83236.0
2005,US,West,California,"Suisun-Fairfield, California",56060.0
2005,US,West,California,"Truckee, California",2949.0
2005,US,West,California,"Turlock-Denair, California",6579.0
2005,US,West,California,"Van Nuys, California",30402.0
2005,US,West,California,"Ventura, California",16024.0
2005,US,West,California,"Victorville, California",1848.0
2005,US,West,California,"Wasco, California",5340.0
2005,US,West,Colorado,"Denver, Colorado",65194.0
2005,US,West,Colorado,"Fort Morgan, Colorado",1450.0
2005,US,West,Colorado,"Glenwood Springs, Colorado",14986.0
2005,US,West,Colorado,"Granby, Colorado",1371.0
2005,US,West,Colorado,"Grand Junction, Colorado",10835.0
2005,US,West,Colorado,"La Junta, Colorado",3471.0
2005,US,West,Colorado,"Lamar, Colorado",1015.0
2005,US,West,Colorado,"Trinidad, Colorado",2197.0
2005,US,West,Colorado,"Winter Park-Fraser, Colorado",4976.0
2005,US,West,Idaho,"Sandpoint, Idaho",2721.0
2005,US,West,Montana,"Browning (winter only), Montana",1284.0
2005,US,West,Montana,"Cut Bank, Montana",1169.0
2005,US,West,Montana,"East Glacier (summer only), Montana",5865.0
2005,US,West,Montana,"Essex, Montana",1746.0
2005,US,West,Montana,"Glasgow, Montana",3321.0
2005,US,West,Montana,"Havre, Montana",7881.0
2005,US,West,Montana,"Libby, Montana",2779.0
2005,US,West,Montana,"Malta, Montana",1717.0
2005,US,West,Montana,"Shelby, Montana",7118.0
2005,US,West,Montana,"West Glacier, Montana",2416.0
2005,US,West,Montana,"Whitefish, Montana",31038.0
2005,US,West,Montana,"Wolf Point, Montana",3893.0
2005,US,West,Nevada,"Elko, Nevada",2166.0
2005,US,West,Nevada,"Reno, Nevada",24148.0
2005,US,West,Nevada,"Sparks, Nevada",10456.0
2005,US,West,Nevada,"Winnemucca, Nevada",928.0
2005,US,West,New Mexico,"Albuquerque, New Mexico",31699.0
2005,US,West,New Mexico,"Deming, New Mexico",289.0
2005,US,West,New Mexico,"Gallup, New Mexico",5181.0
2005,US,West,New Mexico,"Lamy, New Mexico",6561.0
2005,US,West,New Mexico,"Las Vegas, New Mexico",1576.0
2005,US,West,New Mexico,"Lordsburg, New Mexico",117.0
2005,US,West,New Mexico,"Raton, New Mexico",9870.0
2005,US,West,Oregon,"Albany, Oregon",12469.0
2005,US,West,Oregon,"Chemult, Oregon",4120.0
2005,US,West,Oregon,"Coos Bay, Oregon",0.0
2005,US,West,Oregon,"Eugene, Oregon",44245.0
2005,US,West,Oregon,"Klamath Falls, Oregon",13787.0
2005,US,West,Oregon,"Oregon City, Oregon",3093.0
2005,US,West,Oregon,"Portland, Oregon",240918.0
2005,US,West,Oregon,"Salem, Oregon",24199.0
2005,US,West,Utah,"Green River, Utah",709.0
2005,US,West,Utah,"Helper, Utah",698.0
2005,US,West,Utah,"Provo, Utah",1629.0
2005,US,West,Utah,"Salt Lake City, Utah",12996.0
2005,US,West,Washington,"Bellingham, Washington",28454.0
2005,US,West,Washington,"Bingen-White Salmon, Washington",832.0
2005,US,West,Washington,"Centralia, Washington",9527.0
2005,US,West,Washington,"Edmonds, Washington",14642.0
2005,US,West,Washington,"Ephrata, Washington",1208.0
2005,US,West,Washington,"Everett, Washington",20650.0
2005,US,West,Washington,"Kelso-Longview, Washington",10514.0
2005,US,West,Washington,"Leavenworth, Washington",4440.0
2005,US,West,Washington,"Mount Vernon, Washington",9147.0
2005,US,West,Washington,"Olympia/Lacey, Washington",20990.0
2005,US,West,Washington,"Pasco, Washington",9873.0
2005,US,West,Washington,"Seattle, Washington",307290.0
2005,US,West,Washington,"Spokane, Washington",20676.0
2005,US,West,Washington,"Tacoma, Washington",53390.0
2005,US,West,Washington,"Tukwila, Washington",6305.0
2005,US,West,Washington,"Vancouver, Washington",37253.0
2005,US,West,Washington,"Wenatchee, Washington",7005.0
2005,US,West,Washington,"Wishram, Washington",1157.0
2006,US,Midwest,Illinois,"Alton, Illinois",17863.0
2006,US,Midwest,Illinois,"Bloomington/Normal, Illinois",51413.0
2006,US,Midwest,Illinois,"Carbondale, Illinois",39301.0
2006,US,Midwest,Illinois,"Carlinville, Illinois",2871.0
2006,US,Midwest,Illinois,"Centralia, Illinois",5870.0
2006,US,Midwest,Illinois,"Champaign-Urbana, Illinois",42366.0
2006,US,Midwest,Illinois,"Chicago, Illinois",1265504.0
2006,US,Midwest,Illinois,"Du Quoin, Illinois",2584.0
2006,US,Midwest,Illinois,"Dwight, Illinois",2796.0
2006,US,Midwest,Illinois,"Effingham, Illinois",5688.0
2006,US,Midwest,Illinois,"Galena, Illinois",1364.0
2006,US,Midwest,Illinois,"Galesburg, Illinois",37155.0
2006,US,Midwest,Illinois,"Gilman, Illinois",450.0
2006,US,Midwest,Illinois,"Glenview, Illinois",23872.0
2006,US,Midwest,Illinois,"Homewood, Illinois",11220.0
2006,US,Midwest,Illinois,"Joliet, Illinois",12349.0
2006,US,Midwest,Illinois,"Kankakee, Illinois",3801.0
2006,US,Midwest,Illinois,"Kewanee, Illinois",3717.0
2006,US,Midwest,Illinois,"La Grange Road, Illinois",3344.0
2006,US,Midwest,Illinois,"Lincoln, Illinois",7540.0
2006,US,Midwest,Illinois,"Macomb, Illinois",19482.0
2006,US,Midwest,Illinois,"Mattoon, Illinois",8794.0
2006,US,Midwest,Illinois,"Mendota, Illinois",6214.0
2006,US,Midwest,Illinois,"Naperville, Illinois",17669.0
2006,US,Midwest,Illinois,"Plano, Illinois",1166.0
2006,US,Midwest,Illinois,"Pontiac, Illinois",4168.0
2006,US,Midwest,Illinois,"Princeton, Illinois",9617.0
2006,US,Midwest,Illinois,"Quincy, Illinois",15150.0
2006,US,Midwest,Illinois,"Rantoul, Illinois",491.0
2006,US,Midwest,Illinois,"Springfield, Illinois",54349.0
2006,US,Midwest,Illinois,"Summit, Illinois",1746.0
2006,US,Midwest,Indiana,"Albany/Rensselaer, Indiana",533.0
2006,US,Midwest,Indiana,"Connersville, Indiana",370.0
2006,US,Midwest,Indiana,"Crawfordsville (Bus), Indiana",1805.0
2006,US,Midwest,Indiana,"Dyer, Indiana",636.0
2006,US,Midwest,Indiana,"Elkhart, Indiana",4891.0
2006,US,Midwest,Indiana,"Hammond-Whiting, Indiana",2998.0
2006,US,Midwest,Indiana,"Indianapolis, Indiana",19936.0
2006,US,Midwest,Indiana,"Lafayette, Indiana",7288.0
2006,US,Midwest,Indiana,"Michigan City, Indiana",844.0
2006,US,Midwest,Indiana,"South Bend, Indiana",8621.0
2006,US,Midwest,Indiana,"Waterloo, Indiana",8365.0
2006,US,Midwest,Iowa,"Burlington, Iowa",2932.0
2006,US,Midwest,Iowa,"Creston, Iowa",2658.0
2006,US,Midwest,Iowa,"Fort Madison, Iowa",4983.0
2006,US,Midwest,Iowa,"Mt. Pleasant, Iowa",6072.0
2006,US,Midwest,Iowa,"Osceola, Iowa",8057.0
2006,US,Midwest,Iowa,"Ottumwa, Iowa",5567.0
2006,US,Midwest,Kansas,"Dodge City, Kansas",2027.0
2006,US,Midwest,Kansas,"Garden City, Kansas",3229.0
2006,US,Midwest,Kansas,"Hutchinson, Kansas",1819.0
2006,US,Midwest,Kansas,"Lawrence, Kansas",1559.0
2006,US,Midwest,Kansas,"Newton, Kansas",6512.0
2006,US,Midwest,Kansas,"Topeka, Kansas",3236.0
2006,US,Midwest,Michigan,"Albion, Michigan",689.0
2006,US,Midwest,Michigan,"Ann Arbor, Michigan",70948.0
2006,US,Midwest,Michigan,"Bangor, Michigan",1879.0
2006,US,Midwest,Michigan,"Battle Creek, Michigan",27442.0
2006,US,Midwest,Michigan,"Birmingham, Michigan",9833.0
2006,US,Midwest,Michigan,"Dearborn, Michigan",36314.0
2006,US,Midwest,Michigan,"Detroit, Michigan",27642.0
2006,US,Midwest,Michigan,"Dowagiac, Michigan",1115.0
2006,US,Midwest,Michigan,"Durand, Michigan",4243.0
2006,US,Midwest,Michigan,"East Lansing, Michigan",22615.0
2006,US,Midwest,Michigan,"Flint, Michigan",12117.0
2006,US,Midwest,Michigan,"Grand Rapids, Michigan",26652.0
2006,US,Midwest,Michigan,"Greenfield Village, Michigan",45.0
2006,US,Midwest,Michigan,"Holland, Michigan",19159.0
2006,US,Midwest,Michigan,"Jackson, Michigan",13187.0
2006,US,Midwest,Michigan,"Kalamazoo, Michigan",49900.0
2006,US,Midwest,Michigan,"Lapeer, Michigan",3354.0
2006,US,Midwest,Michigan,"New Buffalo, Michigan",1050.0
2006,US,Midwest,Michigan,"Niles, Michigan",8755.0
2006,US,Midwest,Michigan,"Pontiac, Michigan",8900.0
2006,US,Midwest,Michigan,"Port Huron, Michigan",5825.0
2006,US,Midwest,Michigan,"Royal Oak, Michigan",12607.0
2006,US,Midwest,Michigan,"St. Joseph/Benton Harbor, Michigan",3974.0
2006,US,Midwest,Minnesota,"Detroit Lakes, Minnesota",1841.0
2006,US,Midwest,Minnesota,"Red Wing, Minnesota",4455.0
2006,US,Midwest,Minnesota,"St. Cloud, Minnesota",6051.0
2006,US,Midwest,Minnesota,"St. Paul-Minneapolis, Minnesota",71571.0
2006,US,Midwest,Minnesota,"Staples, Minnesota",2843.0
2006,US,Midwest,Minnesota,"Winona, Minnesota",10571.0
2006,US,Midwest,Missouri,"Hermann, Missouri",4181.0
2006,US,Midwest,Missouri,"Independence, Missouri",2499.0
2006,US,Midwest,Missouri,"Jefferson City, Missouri",22033.0
2006,US,Midwest,Missouri,"Kansas City, Missouri",54697.0
2006,US,Midwest,Missouri,"Kirkwood, Missouri",17407.0
2006,US,Midwest,Missouri,"La Plata, Missouri",4459.0
2006,US,Midwest,Missouri,"Lee’s Summit, Missouri",8811.0
2006,US,Midwest,Missouri,"Poplar Bluff, Missouri",1553.0
2006,US,Midwest,Missouri,"Sedalia, Missouri",3809.0
2006,US,Midwest,Missouri,"St. Louis, Missouri",84202.0
2006,US,Midwest,Missouri,"Warrensburg, Missouri",5008.0
2006,US,Midwest,Missouri,"Washington, Missouri",4081.0
2006,US,Midwest,Nebraska,"Hastings, Nebraska",2068.0
2006,US,Midwest,Nebraska,"Holdrege, Nebraska",790.0
2006,US,Midwest,Nebraska,"Lincoln, Nebraska",5154.0
2006,US,Midwest,Nebraska,"McCook, Nebraska",1528.0
2006,US,Midwest,Nebraska,"Omaha, Nebraska",12748.0
2006,US,Midwest,North Dakota,"Devils Lake, North Dakota",3101.0
2006,US,Midwest,North Dakota,"Fargo, North Dakota",10198.0
2006,US,Midwest,North Dakota,"Grand Forks, North Dakota",9783.0
2006,US,Midwest,North Dakota,"Minot, North Dakota",18169.0
2006,US,Midwest,North Dakota,"Rugby, North Dakota",2974.0
2006,US,Midwest,North Dakota,"Stanley, North Dakota",1339.0
2006,US,Midwest,North Dakota,"Williston, North Dakota",10731.0
2006,US,Midwest,Ohio,"Alliance, Ohio",1694.0
2006,US,Midwest,Ohio,"Bryan, Ohio",3003.0
2006,US,Midwest,Ohio,"Cincinnati, Ohio",7101.0
2006,US,Midwest,Ohio,"Cleveland, Ohio",14627.0
2006,US,Midwest,Ohio,"Elyria, Ohio",1308.0
2006,US,Midwest,Ohio,"Hamilton, Ohio",27.0
2006,US,Midwest,Ohio,"Sandusky, Ohio",2142.0
2006,US,Midwest,Ohio,"Toledo, Ohio",27925.0
2006,US,Midwest,Wisconsin,"Columbus, Wisconsin",8074.0
2006,US,Midwest,Wisconsin,"La Crosse, Wisconsin",12585.0
2006,US,Midwest,Wisconsin,"Milwaukee Airport, Wisconsin",40161.0
2006,US,Midwest,Wisconsin,"Milwaukee, Wisconsin",241523.0
2006,US,Midwest,Wisconsin,"Portage, Wisconsin",3322.0
2006,US,Midwest,Wisconsin,"Sturtevant, Wisconsin",29136.0
2006,US,Midwest,Wisconsin,"Tomah, Wisconsin",4100.0
2006,US,Midwest,Wisconsin,"Wisconsin Dells, Wisconsin",5654.0
2006,US,Northeast,Connecticut,"Berlin, Connecticut",11685.0
2006,US,Northeast,Connecticut,"Bridgeport, Connecticut",29977.0
2006,US,Northeast,Connecticut,"Hartford, Connecticut",76065.0
2006,US,Northeast,Connecticut,"Meriden, Connecticut",14290.0
2006,US,Northeast,Connecticut,"Mystic, Connecticut",7154.0
2006,US,Northeast,Connecticut,"New Haven, Connecticut",317651.0
2006,US,Northeast,Connecticut,"New London, Connecticut",75564.0
2006,US,Northeast,Connecticut,"Old Saybrook, Connecticut",28750.0
2006,US,Northeast,Connecticut,"Stamford, Connecticut",149298.0
2006,US,Northeast,Connecticut,"Wallingford, Connecticut",5228.0
2006,US,Northeast,Connecticut,"Windsor Locks, Connecticut",5173.0
2006,US,Northeast,Connecticut,"Windsor, Connecticut",4322.0
2006,US,Northeast,Maine,"Old Orchard Beach, Maine",3982.0
2006,US,Northeast,Maine,"Portland, Maine",70980.0
2006,US,Northeast,Maine,"Saco-Biddeford, Maine",11340.0
2006,US,Northeast,Maine,"Wells, Maine",16154.0
2006,US,Northeast,Massachusetts,"Amherst, Massachusetts",4041.0
2006,US,Northeast,Massachusetts,"Boston-Back Bay, Massachusetts",646534.0
2006,US,Northeast,Massachusetts,"Boston-North Station, Massachusetts",146065.0
2006,US,Northeast,Massachusetts,"Framingham, Massachusetts",823.0
2006,US,Northeast,Massachusetts,"Haverhill, Massachusetts",8435.0
2006,US,Northeast,Massachusetts,"Pittsfield, Massachusetts",1768.0
2006,US,Northeast,Massachusetts,"Route 128 (Boston), Massachusetts",162518.0
2006,US,Northeast,Massachusetts,"Springfield, Massachusetts",55538.0
2006,US,Northeast,Massachusetts,"Woburn, Massachusetts",5500.0
2006,US,Northeast,Massachusetts,"Worcester, Massachusetts",2889.0
2006,US,Northeast,New Hampshire,"Claremont, New Hampshire",672.0
2006,US,Northeast,New Hampshire,"Dover, New Hampshire",19831.0
2006,US,Northeast,New Hampshire,"Durham-UNH, New Hampshire",26396.0
2006,US,Northeast,New Hampshire,"Exeter, New Hampshire",29238.0
2006,US,Northeast,New Jersey,"Metropark, New Jersey",179687.0
2006,US,Northeast,New Jersey,"New Brunswick, New Jersey",3550.0
2006,US,Northeast,New Jersey,"Newark Airport, New Jersey",42122.0
2006,US,Northeast,New Jersey,"Newark, New Jersey",307042.0
2006,US,Northeast,New Jersey,"Princeton Junction, New Jersey",32086.0
2006,US,Northeast,New Jersey,"Trenton, New Jersey",217747.0
2006,US,Northeast,New York,"Albany-Rensselaer, New York",382263.0
2006,US,Northeast,New York,"Amsterdam, New York",3307.0
2006,US,Northeast,New York,"Buffalo-Depew, New York",36598.0
2006,US,Northeast,New York,"Buffalo-Exchange Street, New York",9013.0
2006,US,Northeast,New York,"Croton-Harmon, New York",18655.0
2006,US,Northeast,New York,"Fort Edward, New York",2990.0
2006,US,Northeast,New York,"Hudson, New York",74310.0
2006,US,Northeast,New York,"New Rochelle, New York",36638.0
2006,US,Northeast,New York,"New York City (Penn Station), New York",3774701.0
2006,US,Northeast,New York,"Niagara Falls, New York",12536.0
2006,US,Northeast,New York,"Plattsburgh, New York",4306.0
2006,US,Northeast,New York,"Port Henry, New York",852.0
2006,US,Northeast,New York,"Port Kent, New York",223.0
2006,US,Northeast,New York,"Poughkeepsie, New York",27914.0
2006,US,Northeast,New York,"Rhinecliff, New York",81695.0
2006,US,Northeast,New York,"Rochester, New York",38986.0
2006,US,Northeast,New York,"Rome, New York",3284.0
2006,US,Northeast,New York,"Rouses Point, New York",466.0
2006,US,Northeast,New York,"Saratoga Springs, New York",13316.0
2006,US,Northeast,New York,"Schenectady, New York",22175.0
2006,US,Northeast,New York,"Syracuse, New York",51521.0
2006,US,Northeast,New York,"Ticonderoga, New York",683.0
2006,US,Northeast,New York,"Utica, New York",22904.0
2006,US,Northeast,New York,"Westport, New York",2403.0
2006,US,Northeast,New York,"Whitehall, New York",770.0
2006,US,Northeast,New York,"Yonkers, New York",7520.0
2006,US,Northeast,Pennsylvania,"Altoona, Pennsylvania",10450.0
2006,US,Northeast,Pennsylvania,"Ardmore, Pennsylvania",22378.0
2006,US,Northeast,Pennsylvania,"Coatesville, Pennsylvania",3554.0
2006,US,Northeast,Pennsylvania,"Connellsville, Pennsylvania",1912.0
2006,US,Northeast,Pennsylvania,"Cornwells Heights, Pennsylvania",6340.0
2006,US,Northeast,Pennsylvania,"Downingtown, Pennsylvania",16082.0
2006,US,Northeast,Pennsylvania,"Elizabethtown, Pennsylvania",30327.0
2006,US,Northeast,Pennsylvania,"Erie, Pennsylvania",4111.0
2006,US,Northeast,Pennsylvania,"Exton, Pennsylvania",22491.0
2006,US,Northeast,Pennsylvania,"Greensburg, Pennsylvania",6078.0
2006,US,Northeast,Pennsylvania,"Harrisburg, Pennsylvania",192415.0
2006,US,Northeast,Pennsylvania,"Huntingdon, Pennsylvania",2581.0
2006,US,Northeast,Pennsylvania,"Johnstown, Pennsylvania",8067.0
2006,US,Northeast,Pennsylvania,"Lancaster, Pennsylvania",183817.0
2006,US,Northeast,Pennsylvania,"Latrobe, Pennsylvania",1797.0
2006,US,Northeast,Pennsylvania,"Lewistown, Pennsylvania",4148.0
2006,US,Northeast,Pennsylvania,"Middletown, Pennsylvania",16415.0
2006,US,Northeast,Pennsylvania,"Mount Joy, Pennsylvania",18896.0
2006,US,Northeast,Pennsylvania,"Paoli, Pennsylvania",41802.0
2006,US,Northeast,Pennsylvania,"Parkesburg, Pennsylvania",13354.0
2006,US,Northeast,Pennsylvania,"Philadelphia William H. Gray III 30th Street, Pennsylvania",1773626.0
2006,US,Northeast,Pennsylvania,"Philadelphia-North, Pennsylvania",269.0
2006,US,Northeast,Pennsylvania,"Pittsburgh, Pennsylvania",58979.0
2006,US,Northeast,Pennsylvania,"Scranton, Pennsylvania",200.0
2006,US,Northeast,Pennsylvania,"Tyrone, Pennsylvania",930.0
2006,US,Northeast,Rhode Island,"Kingston, Rhode Island",67959.0
2006,US,Northeast,Rhode Island,"Providence, Rhode Island",254417.0
2006,US,Northeast,Rhode Island,"Westerly, Rhode Island",15482.0
2006,US,Northeast,Vermont,"Bellows Falls, Vermont",1311.0
2006,US,Northeast,Vermont,"Brattleboro, Vermont",4256.0
2006,US,Northeast,Vermont,"Essex Junction, Vermont",4668.0
2006,US,Northeast,Vermont,"Fair Haven, Vermont",841.0
2006,US,Northeast,Vermont,"Montpelier, Vermont",1909.0
2006,US,Northeast,Vermont,"Randolph, Vermont",534.0
2006,US,Northeast,Vermont,"Rutland, Vermont",7853.0
2006,US,Northeast,Vermont,"St. Albans, Vermont",1455.0
2006,US,Northeast,Vermont,"Waterbury, Vermont",1316.0
2006,US,Northeast,Vermont,"White River Junction, Vermont",6083.0
2006,US,Northeast,Vermont,"Windsor, Vermont",329.0
2006,US,South,Alabama,"Anniston, Alabama",1907.0
2006,US,South,Alabama,"Birmingham, Alabama",12044.0
2006,US,South,Alabama,"Tuscaloosa, Alabama",3603.0
2006,US,South,Arkansas,"Arkadelphia, Arkansas",493.0
2006,US,South,Arkansas,"Little Rock, Arkansas",7759.0
2006,US,South,Arkansas,"Malvern, Arkansas",645.0
2006,US,South,Arkansas,"Texarkana, Arkansas",3012.0
2006,US,South,Arkansas,"Walnut Ridge, Arkansas",1444.0
2006,US,South,Delaware,"Newark, Delaware",2787.0
2006,US,South,Delaware,"Wilmington, Delaware",355373.0
2006,US,South,District of Columbia,"Washington Union Station, District of Columbia",1943778.0
2006,US,South,Florida,"DeLand, Florida",10269.0
2006,US,South,Florida,"Deerfield Beach, Florida",10541.0
2006,US,South,Florida,"Delray Beach, Florida",3268.0
2006,US,South,Florida,"Fort Lauderdale, Florida",16985.0
2006,US,South,Florida,"Hollywood, Florida",13739.0
2006,US,South,Florida,"Jacksonville, Florida",27467.0
2006,US,South,Florida,"Kissimmee, Florida",14925.0
2006,US,South,Florida,"Lakeland, Florida",7857.0
2006,US,South,Florida,"Miami, Florida",29580.0
2006,US,South,Florida,"Okeechobee, Florida",1351.0
2006,US,South,Florida,"Orlando, Florida",59340.0
2006,US,South,Florida,"Palatka, Florida",4942.0
2006,US,South,Florida,"Sanford (Auto Train Station), Florida",99710.0
2006,US,South,Florida,"Sebring, Florida",6963.0
2006,US,South,Florida,"Tampa, Florida",30096.0
2006,US,South,Florida,"West Palm Beach, Florida",20676.0
2006,US,South,Florida,"Winter Haven, Florida",8939.0
2006,US,South,Florida,"Winter Park, Florida",11204.0
2006,US,South,Georgia,"Atlanta, Georgia",48291.0
2006,US,South,Georgia,"Gainesville, Georgia",2018.0
2006,US,South,Georgia,"Jesup, Georgia",3582.0
2006,US,South,Georgia,"Savannah, Georgia",22841.0
2006,US,South,Georgia,"Toccoa, Georgia",1470.0
2006,US,South,Kentucky,"Ashland, Kentucky",1579.0
2006,US,South,Kentucky,"Fulton, Kentucky",1050.0
2006,US,South,Kentucky,"Louisville, Kentucky",50.0
2006,US,South,Kentucky,"Maysville, Kentucky",823.0
2006,US,South,Kentucky,"South Shore-South Portsmouth, Kentucky",447.0
2006,US,South,Louisiana,"Hammond, Louisiana",7037.0
2006,US,South,Louisiana,"Lafayette, Louisiana",1283.0
2006,US,South,Louisiana,"Lake Charles, Louisiana",589.0
2006,US,South,Louisiana,"New Iberia, Louisiana",298.0
2006,US,South,Louisiana,"New Orleans, Louisiana",53245.0
2006,US,South,Louisiana,"Schriever, Louisiana",266.0
2006,US,South,Louisiana,"Slidell, Louisiana",2903.0
2006,US,South,Maryland,"Aberdeen, Maryland",18008.0
2006,US,South,Maryland,"BWI Thurgood Marshall Airport, Maryland",282491.0
2006,US,South,Maryland,"Baltimore, Maryland",451691.0
2006,US,South,Maryland,"Cumberland, Maryland",4036.0
2006,US,South,Maryland,"New Carrollton, Maryland",106057.0
2006,US,South,Maryland,"Rockville, Maryland",1496.0
2006,US,South,Mississippi,"Brookhaven, Mississippi",2068.0
2006,US,South,Mississippi,"Greenwood, Mississippi",5719.0
2006,US,South,Mississippi,"Hattiesburg, Mississippi",3785.0
2006,US,South,Mississippi,"Hazlehurst, Mississippi",682.0
2006,US,South,Mississippi,"Jackson, Mississippi",16337.0
2006,US,South,Mississippi,"Laurel, Mississippi",1727.0
2006,US,South,Mississippi,"McComb, Mississippi",3142.0
2006,US,South,Mississippi,"Meridian, Mississippi",5168.0
2006,US,South,Mississippi,"Picayune, Mississippi",1051.0
2006,US,South,Mississippi,"Yazoo City, Mississippi",1405.0
2006,US,South,North Carolina,"Burlington, North Carolina",5272.0
2006,US,South,North Carolina,"Cary, North Carolina",10184.0
2006,US,South,North Carolina,"Charlotte, North Carolina",57544.0
2006,US,South,North Carolina,"Durham, North Carolina",20062.0
2006,US,South,North Carolina,"Fayetteville, North Carolina",22143.0
2006,US,South,North Carolina,"Gastonia, North Carolina",753.0
2006,US,South,North Carolina,"Greensboro, North Carolina",36895.0
2006,US,South,North Carolina,"Hamlet, North Carolina",2030.0
2006,US,South,North Carolina,"High Point, North Carolina",8409.0
2006,US,South,North Carolina,"Kannapolis, North Carolina",4267.0
2006,US,South,North Carolina,"Lexington, North Carolina (Special Stop)",160.0
2006,US,South,North Carolina,"North Carolina State Fair, North Carolina",2323.0
2006,US,South,North Carolina,"Raleigh, North Carolina",61867.0
2006,US,South,North Carolina,"Rocky Mount, North Carolina",23657.0
2006,US,South,North Carolina,"Salisbury, North Carolina",7617.0
2006,US,South,North Carolina,"Selma-Smithfield, North Carolina",4552.0
2006,US,South,North Carolina,"Southern Pines, North Carolina",2166.0
2006,US,South,North Carolina,"Wilson, North Carolina",16940.0
2006,US,South,Oklahoma,"Ardmore, Oklahoma",4506.0
2006,US,South,Oklahoma,"Guthrie, Oklahoma",32.0
2006,US,South,Oklahoma,"Norman, Oklahoma",5923.0
2006,US,South,Oklahoma,"Oklahoma City, Oklahoma",20425.0
2006,US,South,Oklahoma,"Pauls Valley, Oklahoma",2790.0
2006,US,South,Oklahoma,"Purcell, Oklahoma",1295.0
2006,US,South,South Carolina,"Camden, South Carolina",1729.0
2006,US,South,South Carolina,"Charleston, South Carolina",33381.0
2006,US,South,South Carolina,"Clemson, South Carolina",2494.0
2006,US,South,South Carolina,"Columbia, South Carolina",17753.0
2006,US,South,South Carolina,"Denmark, South Carolina",2262.0
2006,US,South,South Carolina,"Dillon, South Carolina",2986.0
2006,US,South,South Carolina,"Florence, South Carolina",21107.0
2006,US,South,South Carolina,"Greenville, South Carolina",6046.0
2006,US,South,South Carolina,"Kingstree, South Carolina",6581.0
2006,US,South,South Carolina,"Spartanburg, South Carolina",2110.0
2006,US,South,South Carolina,"Yemassee, South Carolina",5442.0
2006,US,South,Tennessee,"Memphis, Tennessee",21671.0
2006,US,South,Tennessee,"Newbern-Dyersberg, Tennessee",1228.0
2006,US,South,Texas,"Alpine, Texas",916.0
2006,US,South,Texas,"Austin, Texas",10547.0
2006,US,South,Texas,"Beaumont, Texas",401.0
2006,US,South,Texas,"Cleburne, Texas",944.0
2006,US,South,Texas,"Dallas, Texas",15789.0
2006,US,South,Texas,"Del Rio, Texas",845.0
2006,US,South,Texas,"El Paso, Texas",4354.0
2006,US,South,Texas,"Fort Worth, Texas",40743.0
2006,US,South,Texas,"Gainesville, Texas",4533.0
2006,US,South,Texas,"Houston, Texas",5141.0
2006,US,South,Texas,"Longview, Texas",12144.0
2006,US,South,Texas,"Marshall, Texas",3040.0
2006,US,South,Texas,"McGregor, Texas",982.0
2006,US,South,Texas,"Mineola, Texas",1699.0
2006,US,South,Texas,"San Antonio, Texas",21750.0
2006,US,South,Texas,"San Marcos, Texas",1791.0
2006,US,South,Texas,"Sanderson, Texas",75.0
2006,US,South,Texas,"Taylor, Texas",2478.0
2006,US,South,Texas,"Temple, Texas",5461.0
2006,US,South,Virginia,"Alexandria, Virginia",42703.0
2006,US,South,Virginia,"Ashland, Virginia",5957.0
2006,US,South,Virginia,"Charlottesville, Virginia",21777.0
2006,US,South,Virginia,"Clifton Forge, Virginia",1757.0
2006,US,South,Virginia,"Culpeper, Virginia",1993.0
2006,US,South,Virginia,"Danville, Virginia",1814.0
2006,US,South,Virginia,"Franconia-Springfield, Virginia",380.0
2006,US,South,Virginia,"Fredericksburg, Virginia",32158.0
2006,US,South,Virginia,"Lorton (Auto Train), Virginia",107834.0
2006,US,South,Virginia,"Lynchburg, Virginia",8117.0
2006,US,South,Virginia,"Manassas, Virginia",3392.0
2006,US,South,Virginia,"Newport News, Virginia",45754.0
2006,US,South,Virginia,"Petersburg, Virginia",8906.0
2006,US,South,Virginia,"Quantico, Virginia",15387.0
2006,US,South,Virginia,"Richmond - Main Street, Virginia",5450.0
2006,US,South,Virginia,"Richmond - Staples Mill, Virginia",115329.0
2006,US,South,Virginia,"Staunton, Virginia",2970.0
2006,US,South,Virginia,"Williamsburg, Virginia",19374.0
2006,US,South,Virginia,"Woodbridge, Virginia",8765.0
2006,US,South,West Virginia,"Alderson, West Virginia",279.0
2006,US,South,West Virginia,"Charleston, West Virginia",4440.0
2006,US,South,West Virginia,"Harpers Ferry, West Virginia",1570.0
2006,US,South,West Virginia,"Hinton, West Virginia",1521.0
2006,US,South,West Virginia,"Huntington, West Virginia",2629.0
2006,US,South,West Virginia,"Martinsburg, West Virginia",2828.0
2006,US,South,West Virginia,"Montgomery, West Virginia",352.0
2006,US,South,West Virginia,"Prince, West Virginia",1569.0
2006,US,South,West Virginia,"Thurmond, West Virginia",85.0
2006,US,South,West Virginia,"White Sulphur Springs, West Virginia",1665.0
2006,US,West,Arizona,"Benson, Arizona",412.0
2006,US,West,Arizona,"Flagstaff, Arizona",17511.0
2006,US,West,Arizona,"Kingman, Arizona",5152.0
2006,US,West,Arizona,"Maricopa, Arizona",2453.0
2006,US,West,Arizona,"Tucson, Arizona",5807.0
2006,US,West,Arizona,"Williams Junction, Arizona",3319.0
2006,US,West,Arizona,"Winslow, Arizona",1569.0
2006,US,West,Arizona,"Yuma, Arizona",1105.0
2006,US,West,California,"Anaheim, California",163067.0
2006,US,West,California,"Antioch-Pittsburg, California",10557.0
2006,US,West,California,"Auburn, California",16687.0
2006,US,West,California,"Bakersfield, California",188788.0
2006,US,West,California,"Barstow, California",1650.0
2006,US,West,California,"Berkeley, California",40383.0
2006,US,West,California,"Burbank, California",17501.0
2006,US,West,California,"Camarillo, California",11735.0
2006,US,West,California,"Carpinteria, California",8651.0
2006,US,West,California,"Chatsworth, California",22193.0
2006,US,West,California,"Chico, California",2948.0
2006,US,West,California,"Colfax, California",1619.0
2006,US,West,California,"Corcoran, California",11952.0
2006,US,West,California,"Davis, California",184526.0
2006,US,West,California,"Dunsmuir, California",1945.0
2006,US,West,California,"Emeryville, California",238101.0
2006,US,West,California,"Fremont, California",13554.0
2006,US,West,California,"Fresno, California",139468.0
2006,US,West,California,"Fullerton, California",209476.0
2006,US,West,California,"Glendale, California",17225.0
2006,US,West,California,"Goleta, California",30476.0
2006,US,West,California,"Great America (Santa Clara), California",37994.0
2006,US,West,California,"Grover Beach, California",7628.0
2006,US,West,California,"Guadalupe-Santa Maria, California",4787.0
2006,US,West,California,"Hanford, California",73713.0
2006,US,West,California,"Hayward, California",11585.0
2006,US,West,California,"Irvine, California",295778.0
2006,US,West,California,"Lodi, California",3291.0
2006,US,West,California,"Lompoc-Surf, California",3497.0
2006,US,West,California,"Los Angeles, California",707250.0
2006,US,West,California,"Madera, California",6071.0
2006,US,West,California,"Martinez, California",144605.0
2006,US,West,California,"Merced, California",39591.0
2006,US,West,California,"Modesto, California",38394.0
2006,US,West,California,"Moorpark, California",5942.0
2006,US,West,California,"Moreno Valley, California",3412.0
2006,US,West,California,"Needles, California",3052.0
2006,US,West,California,"Oakland Coliseum, California",4630.0
2006,US,West,California,"Oakland, California",139186.0
2006,US,West,California,"Oceanside, California",158277.0
2006,US,West,California,"Ontario, California",1696.0
2006,US,West,California,"Oxnard, California",37627.0
2006,US,West,California,"Palm Springs, California",1130.0
2006,US,West,California,"Paso Robles, California",2248.0
2006,US,West,California,"Pomona, California",359.0
2006,US,West,California,"Redding, California",3254.0
2006,US,West,California,"Richmond, California",114971.0
2006,US,West,California,"Rocklin, California",15293.0
2006,US,West,California,"Roseville, California",25660.0
2006,US,West,California,"Sacramento, California",467472.0
2006,US,West,California,"Salinas, California",4764.0
2006,US,West,California,"San Bernardino, California",4447.0
2006,US,West,California,"San Clemente Pier, California",3130.0
2006,US,West,California,"San Diego, California",446274.0
2006,US,West,California,"San Diego-Old Town, California",7928.0
2006,US,West,California,"San Jose, California",76103.0
2006,US,West,California,"San Juan Capistrano, California",127355.0
2006,US,West,California,"San Luis Obispo, California",41833.0
2006,US,West,California,"Santa Ana, California",84401.0
2006,US,West,California,"Santa Barbara, California",133195.0
2006,US,West,California,"Simi Valley, California",16580.0
2006,US,West,California,"Solana Beach, California",213866.0
2006,US,West,California,"Stockton (Downtown), California",8721.0
2006,US,West,California,"Stockton (San Joaquin St.), California",93842.0
2006,US,West,California,"Suisun-Fairfield, California",55838.0
2006,US,West,California,"Truckee, California",2663.0
2006,US,West,California,"Turlock-Denair, California",6946.0
2006,US,West,California,"Van Nuys, California",36710.0
2006,US,West,California,"Ventura, California",19070.0
2006,US,West,California,"Victorville, California",2101.0
2006,US,West,California,"Wasco, California",5507.0
2006,US,West,Colorado,"Denver, Colorado",61136.0
2006,US,West,Colorado,"Fort Morgan, Colorado",1311.0
2006,US,West,Colorado,"Glenwood Springs, Colorado",13207.0
2006,US,West,Colorado,"Granby, Colorado",1238.0
2006,US,West,Colorado,"Grand Junction, Colorado",10574.0
2006,US,West,Colorado,"La Junta, Colorado",3439.0
2006,US,West,Colorado,"Lamar, Colorado",946.0
2006,US,West,Colorado,"Trinidad, Colorado",2294.0
2006,US,West,Colorado,"Winter Park-Fraser, Colorado",4169.0
2006,US,West,Idaho,"Sandpoint, Idaho",2815.0
2006,US,West,Montana,"Browning (winter only), Montana",1234.0
2006,US,West,Montana,"Cut Bank, Montana",1313.0
2006,US,West,Montana,"East Glacier (summer only), Montana",5366.0
2006,US,West,Montana,"Essex, Montana",1771.0
2006,US,West,Montana,"Glasgow, Montana",3235.0
2006,US,West,Montana,"Havre, Montana",8630.0
2006,US,West,Montana,"Libby, Montana",2814.0
2006,US,West,Montana,"Malta, Montana",1790.0
2006,US,West,Montana,"Shelby, Montana",8233.0
2006,US,West,Montana,"West Glacier, Montana",2812.0
2006,US,West,Montana,"Whitefish, Montana",34526.0
2006,US,West,Montana,"Wolf Point, Montana",3896.0
2006,US,West,Nevada,"Elko, Nevada",2649.0
2006,US,West,Nevada,"Reno, Nevada",22068.0
2006,US,West,Nevada,"Sparks, Nevada (Train Stop)",11778.0
2006,US,West,Nevada,"Winnemucca, Nevada",1081.0
2006,US,West,New Mexico,"Albuquerque, New Mexico",32371.0
2006,US,West,New Mexico,"Deming, New Mexico",263.0
2006,US,West,New Mexico,"Gallup, New Mexico",5437.0
2006,US,West,New Mexico,"Lamy, New Mexico",6148.0
2006,US,West,New Mexico,"Las Vegas, New Mexico",1965.0
2006,US,West,New Mexico,"Lordsburg, New Mexico",173.0
2006,US,West,New Mexico,"Raton, New Mexico",8539.0
2006,US,West,Oregon,"Albany, Oregon",13084.0
2006,US,West,Oregon,"Bend, Oregon",680.0
2006,US,West,Oregon,"Chemult, Oregon",4116.0
2006,US,West,Oregon,"Eugene, Oregon",41272.0
2006,US,West,Oregon,"Klamath Falls, Oregon",12238.0
2006,US,West,Oregon,"Oregon City, Oregon",3158.0
2006,US,West,Oregon,"Portland, Oregon",242380.0
2006,US,West,Oregon,"Salem, Oregon",23471.0
2006,US,West,Utah,"Green River, Utah",561.0
2006,US,West,Utah,"Helper, Utah",805.0
2006,US,West,Utah,"Ogden, Utah",1025.0
2006,US,West,Utah,"Provo, Utah",1246.0
2006,US,West,Utah,"Salt Lake City, Utah",12822.0
2006,US,West,Washington,"Bellingham, Washington",27351.0
2006,US,West,Washington,"Bingen-White Salmon, Washington",959.0
2006,US,West,Washington,"Centralia, Washington",9447.0
2006,US,West,Washington,"Edmonds, Washington",14690.0
2006,US,West,Washington,"Ephrata, Washington",1393.0
2006,US,West,Washington,"Everett, Washington",20522.0
2006,US,West,Washington,"Kelso-Longview, Washington",10244.0
2006,US,West,Washington,"Leavenworth, Washington",4440.0
2006,US,West,Washington,"Mount Vernon, Washington",10231.0
2006,US,West,Washington,"Olympia/Lacey, Washington",21392.0
2006,US,West,Washington,"Pasco, Washington",12912.0
2006,US,West,Washington,"Seattle, Washington",295861.0
2006,US,West,Washington,"Spokane, Washington",20904.0
2006,US,West,Washington,"Tacoma, Washington",51281.0
2006,US,West,Washington,"Tukwila, Washington",7276.0
2006,US,West,Washington,"Vancouver, Washington",36706.0
2006,US,West,Washington,"Wenatchee, Washington",7883.0
2006,US,West,Washington,"Wishram, Washington",692.0
2007,US,Midwest,Illinois,"Alton, Illinois",46717.0
2007,US,Midwest,Illinois,"Bloomington/Normal, Illinois",151376.0
2007,US,Midwest,Illinois,"Carbondale, Illinois",96981.0
2007,US,Midwest,Illinois,"Carlinville, Illinois",8938.0
2007,US,Midwest,Illinois,"Centralia, Illinois",16585.0
2007,US,Midwest,Illinois,"Champaign-Urbana, Illinois",129959.0
2007,US,Midwest,Illinois,"Chicago, Illinois",2774651.0
2007,US,Midwest,Illinois,"Du Quoin, Illinois",7445.0
2007,US,Midwest,Illinois,"Dwight, Illinois",7387.0
2007,US,Midwest,Illinois,"Effingham, Illinois",20152.0
2007,US,Midwest,Illinois,"Galesburg, Illinois",87004.0
2007,US,Midwest,Illinois,"Gilman, Illinois",1815.0
2007,US,Midwest,Illinois,"Glenview, Illinois",49663.0
2007,US,Midwest,Illinois,"Homewood, Illinois",27389.0
2007,US,Midwest,Illinois,"Joliet, Illinois",34749.0
2007,US,Midwest,Illinois,"Kankakee, Illinois",12088.0
2007,US,Midwest,Illinois,"Kewanee, Illinois",10113.0
2007,US,Midwest,Illinois,"La Grange Road, Illinois",10991.0
2007,US,Midwest,Illinois,"Lincoln, Illinois",19497.0
2007,US,Midwest,Illinois,"Macomb, Illinois",58262.0
2007,US,Midwest,Illinois,"Mattoon, Illinois",27336.0
2007,US,Midwest,Illinois,"Mendota, Illinois",15510.0
2007,US,Midwest,Illinois,"Naperville, Illinois",42986.0
2007,US,Midwest,Illinois,"Plano, Illinois",3930.0
2007,US,Midwest,Illinois,"Pontiac, Illinois",11219.0
2007,US,Midwest,Illinois,"Princeton, Illinois",23050.0
2007,US,Midwest,Illinois,"Quincy, Illinois",43315.0
2007,US,Midwest,Illinois,"Rantoul, Illinois",2438.0
2007,US,Midwest,Illinois,"Springfield, Illinois",141936.0
2007,US,Midwest,Illinois,"Summit, Illinois",5095.0
2007,US,Midwest,Indiana,"Albany/Rensselaer, Indiana",1630.0
2007,US,Midwest,Indiana,"Connellsville, Indiana",497.0
2007,US,Midwest,Indiana,"Crawfordsville (Bus), Indiana",4431.0
2007,US,Midwest,Indiana,"Dyer, Indiana",1723.0
2007,US,Midwest,Indiana,"Elkhart, Indiana",11718.0
2007,US,Midwest,Indiana,"Hammond-Whiting, Indiana",6457.0
2007,US,Midwest,Indiana,"Indianapolis, Indiana",29110.0
2007,US,Midwest,Indiana,"Lafayette, Indiana",18483.0
2007,US,Midwest,Indiana,"Michigan City, Indiana",1941.0
2007,US,Midwest,Indiana,"South Bend, Indiana",15856.0
2007,US,Midwest,Indiana,"Waterloo, Indiana",16217.0
2007,US,Midwest,Iowa,"Creston, Iowa",5011.0
2007,US,Midwest,Iowa,"Fort Madison, Iowa",10797.0
2007,US,Midwest,Iowa,"Mt. Pleasant, Iowa",13239.0
2007,US,Midwest,Iowa,"Osceola, Iowa",15976.0
2007,US,Midwest,Iowa,"Ottumwa, Iowa",10679.0
2007,US,Midwest,Kansas,"Dodge City, Kansas",4063.0
2007,US,Midwest,Kansas,"Garden City, Kansas",6166.0
2007,US,Midwest,Kansas,"Hutchinson, Kansas",4056.0
2007,US,Midwest,Kansas,"Lawrence, Kansas",3732.0
2007,US,Midwest,Kansas,"Newton, Kansas",14126.0
2007,US,Midwest,Kansas,"Topeka, Kansas",6937.0
2007,US,Midwest,Michigan,"Albion, Michigan",1490.0
2007,US,Midwest,Michigan,"Ann Arbor, Michigan",144114.0
2007,US,Midwest,Michigan,"Bangor, Michigan",3786.0
2007,US,Midwest,Michigan,"Battle Creek, Michigan",53197.0
2007,US,Midwest,Michigan,"Birmingham, Michigan",19404.0
2007,US,Midwest,Michigan,"Dearborn, Michigan",72158.0
2007,US,Midwest,Michigan,"Detroit, Michigan",56548.0
2007,US,Midwest,Michigan,"Dowagiac, Michigan",2579.0
2007,US,Midwest,Michigan,"Durand, Michigan",8361.0
2007,US,Midwest,Michigan,"East Lansing, Michigan",48518.0
2007,US,Midwest,Michigan,"Flint, Michigan",23718.0
2007,US,Midwest,Michigan,"Grand Rapids, Michigan",53260.0
2007,US,Midwest,Michigan,"Holland, Michigan",38457.0
2007,US,Midwest,Michigan,"Jackson, Michigan",62925.0
2007,US,Midwest,Michigan,"Kalamazoo, Michigan",107251.0
2007,US,Midwest,Michigan,"Lapeer, Michigan",6695.0
2007,US,Midwest,Michigan,"Meridian, Michigan",11386.0
2007,US,Midwest,Michigan,"New Buffalo, Michigan",2476.0
2007,US,Midwest,Michigan,"Niles, Michigan",18061.0
2007,US,Midwest,Michigan,"Pontiac, Michigan",16453.0
2007,US,Midwest,Michigan,"Port Huron, Michigan",12544.0
2007,US,Midwest,Michigan,"Royal Oak, Michigan",25556.0
2007,US,Midwest,Michigan,"St. Joseph/Benton Harbor, Michigan",8445.0
2007,US,Midwest,Minnesota,"Detroit Lakes, Minnesota",4148.0
2007,US,Midwest,Minnesota,"Red Wing, Minnesota",10134.0
2007,US,Midwest,Minnesota,"St. Cloud, Minnesota",12641.0
2007,US,Midwest,Minnesota,"St. Paul-Minneapolis, Minnesota",133100.0
2007,US,Midwest,Minnesota,"Staples, Minnesota",5943.0
2007,US,Midwest,Minnesota,"Winona, Minnesota",23171.0
2007,US,Midwest,Missouri,"Hermann, Missouri",6365.0
2007,US,Midwest,Missouri,"Independence, Missouri",5466.0
2007,US,Midwest,Missouri,"Jefferson City, Missouri",38170.0
2007,US,Midwest,Missouri,"Kansas City, Missouri",117155.0
2007,US,Midwest,Missouri,"Kirkwood, Missouri",32370.0
2007,US,Midwest,Missouri,"La Plata, Missouri",10232.0
2007,US,Midwest,Missouri,"Lee’s Summit, Missouri",16253.0
2007,US,Midwest,Missouri,"Poplar Bluff, Missouri",3842.0
2007,US,Midwest,Missouri,"Sedalia, Missouri",8010.0
2007,US,Midwest,Missouri,"St. Louis, Missouri",219593.0
2007,US,Midwest,Missouri,"Warrensburg, Missouri",10112.0
2007,US,Midwest,Missouri,"Washington, Missouri",8536.0
2007,US,Midwest,Nebraska,"Elko, Nevada",3957.0
2007,US,Midwest,Nebraska,"Hastings, Nebraska",4068.0
2007,US,Midwest,Nebraska,"Holdrege, Nebraska",1752.0
2007,US,Midwest,Nebraska,"Lincoln, Nebraska",11937.0
2007,US,Midwest,Nebraska,"McCook, Nebraska",3017.0
2007,US,Midwest,Nebraska,"Omaha, Nebraska",25982.0
2007,US,Midwest,Nebraska,"Reno, Nevada",62509.0
2007,US,Midwest,Nebraska,"Sparks, Nevada (Train Stop)",1686.0
2007,US,Midwest,Nebraska,"Winnemucca, Nevada",2197.0
2007,US,Midwest,North Dakota,"Devils Lake, North Dakota",6536.0
2007,US,Midwest,North Dakota,"Fargo, North Dakota",22259.0
2007,US,Midwest,North Dakota,"Grand Forks, North Dakota",19916.0
2007,US,Midwest,North Dakota,"Minot, North Dakota",38254.0
2007,US,Midwest,North Dakota,"Rugby, North Dakota",6783.0
2007,US,Midwest,North Dakota,"Stanley, North Dakota",3190.0
2007,US,Midwest,North Dakota,"Williston, North Dakota",22648.0
2007,US,Midwest,Ohio,"Alliance, Ohio",3402.0
2007,US,Midwest,Ohio,"Bryan, Ohio",5205.0
2007,US,Midwest,Ohio,"Cincinnati, Ohio",13032.0
2007,US,Midwest,Ohio,"Cleveland, Ohio",31147.0
2007,US,Midwest,Ohio,"Elyria, Ohio",2885.0
2007,US,Midwest,Ohio,"Sandusky, Ohio",5439.0
2007,US,Midwest,Ohio,"Toledo, Ohio",49215.0
2007,US,Midwest,Wisconsin,"Burlington, Wisconsin",6654.0
2007,US,Midwest,Wisconsin,"Columbus, Wisconsin",16850.0
2007,US,Midwest,Wisconsin,"La Crosse, Wisconsin",27616.0
2007,US,Midwest,Wisconsin,"Milwaukee Airport, Wisconsin",98008.0
2007,US,Midwest,Wisconsin,"Milwaukee, Wisconsin",471752.0
2007,US,Midwest,Wisconsin,"Portage, Wisconsin",6956.0
2007,US,Midwest,Wisconsin,"Sturtevant, Wisconsin",61672.0
2007,US,Midwest,Wisconsin,"Tomah, Wisconsin",9477.0
2007,US,Midwest,Wisconsin,"Wisconsin Dells, Wisconsin",12562.0
2007,US,Northeast,Connecticut,"Berlin, Connecticut",22570.0
2007,US,Northeast,Connecticut,"Bridgeport, Connecticut",66292.0
2007,US,Northeast,Connecticut,"Hartford, Connecticut",150088.0
2007,US,Northeast,Connecticut,"Meriden, Connecticut",30114.0
2007,US,Northeast,Connecticut,"Mystic, Connecticut",17423.0
2007,US,Northeast,Connecticut,"New Haven, Connecticut",640281.0
2007,US,Northeast,Connecticut,"New London, Connecticut",161658.0
2007,US,Northeast,Connecticut,"Old Saybrook, Connecticut",62713.0
2007,US,Northeast,Connecticut,"Stamford, Connecticut",339932.0
2007,US,Northeast,Connecticut,"Wallingford, Connecticut",13187.0
2007,US,Northeast,Connecticut,"Windsor Locks, Connecticut",12957.0
2007,US,Northeast,Connecticut,"Windsor, Connecticut",8984.0
2007,US,Northeast,Maine,"Old Orchard Beach, Maine",8873.0
2007,US,Northeast,Maine,"Portland, Maine",137720.0
2007,US,Northeast,Maine,"Saco-Biddeford, Maine",23391.0
2007,US,Northeast,Maine,"Wells, Maine",34522.0
2007,US,Northeast,Massachusetts,"Amherst, Massachusetts",11432.0
2007,US,Northeast,Massachusetts,"Boston-Back Bay, Massachusetts",345970.0
2007,US,Northeast,Massachusetts,"Boston-North Station, Massachusetts",319648.0
2007,US,Northeast,Massachusetts,"Boston-South Station, Massachusetts",1154178.0
2007,US,Northeast,Massachusetts,"Framingham, Massachusetts",1576.0
2007,US,Northeast,Massachusetts,"Haverhill, Massachusetts",25332.0
2007,US,Northeast,Massachusetts,"Pittsfield, Massachusetts",5311.0
2007,US,Northeast,Massachusetts,"Route 128 (Boston), Massachusetts",375838.0
2007,US,Northeast,Massachusetts,"Springfield, Massachusetts",112314.0
2007,US,Northeast,Massachusetts,"Woburn, Massachusetts",10413.0
2007,US,Northeast,Massachusetts,"Worcester, Massachusetts",5406.0
2007,US,Northeast,New Hampshire,"Claremont, New Hampshire",1498.0
2007,US,Northeast,New Hampshire,"Dover, New Hampshire",39497.0
2007,US,Northeast,New Hampshire,"Durham-UNH, New Hampshire",50367.0
2007,US,Northeast,New Hampshire,"Exeter, New Hampshire",73505.0
2007,US,Northeast,New Jersey,"Metropark, New Jersey",380912.0
2007,US,Northeast,New Jersey,"New Brunswick, New Jersey",6820.0
2007,US,Northeast,New Jersey,"Newark Airport, New Jersey",111078.0
2007,US,Northeast,New Jersey,"Newark, New Jersey",625853.0
2007,US,Northeast,New Jersey,"Princeton Junction, New Jersey",59681.0
2007,US,Northeast,New Jersey,"Trenton, New Jersey",418112.0
2007,US,Northeast,New York,"Albany-Rensselaer, New York",774458.0
2007,US,Northeast,New York,"Amsterdam, New York",7445.0
2007,US,Northeast,New York,"Buffalo-Depew, New York",77135.0
2007,US,Northeast,New York,"Buffalo-Exchange Street, New York",16391.0
2007,US,Northeast,New York,"Croton-Harmon, New York",39018.0
2007,US,Northeast,New York,"Fort Edward, New York",6382.0
2007,US,Northeast,New York,"Hudson, New York",148153.0
2007,US,Northeast,New York,"New Rochelle, New York",79100.0
2007,US,Northeast,New York,"New York City (Penn Station), New York",8027976.0
2007,US,Northeast,New York,"Niagara Falls, New York",22047.0
2007,US,Northeast,New York,"Plattsburgh, New York",9841.0
2007,US,Northeast,New York,"Port Henry, New York",2205.0
2007,US,Northeast,New York,"Port Kent, New York",655.0
2007,US,Northeast,New York,"Poughkeepsie, New York",59987.0
2007,US,Northeast,New York,"Rhinecliff, New York",160929.0
2007,US,Northeast,New York,"Rochester, New York",76425.0
2007,US,Northeast,New York,"Rome, New York",6707.0
2007,US,Northeast,New York,"Rouses Point, New York",1176.0
2007,US,Northeast,New York,"Saratoga Springs, New York",28847.0
2007,US,Northeast,New York,"Schenectady, New York",45554.0
2007,US,Northeast,New York,"Syracuse, New York",98267.0
2007,US,Northeast,New York,"Ticonderoga, New York",1550.0
2007,US,Northeast,New York,"Utica, New York",47767.0
2007,US,Northeast,New York,"Westport, New York",5424.0
2007,US,Northeast,New York,"Whitehall, New York",1605.0
2007,US,Northeast,New York,"Yonkers, New York",17096.0
2007,US,Northeast,Pennsylvania,"Altoona, Pennsylvania",23909.0
2007,US,Northeast,Pennsylvania,"Ardmore, Pennsylvania",40581.0
2007,US,Northeast,Pennsylvania,"Coatesville, Pennsylvania",9089.0
2007,US,Northeast,Pennsylvania,"Connellsville, Pennsylvania",3886.0
2007,US,Northeast,Pennsylvania,"Cornwells Heights, Pennsylvania",7721.0
2007,US,Northeast,Pennsylvania,"Downingtown, Pennsylvania",37941.0
2007,US,Northeast,Pennsylvania,"Elizabethtown, Pennsylvania",74091.0
2007,US,Northeast,Pennsylvania,"Erie, Pennsylvania",10182.0
2007,US,Northeast,Pennsylvania,"Exton, Pennsylvania",57696.0
2007,US,Northeast,Pennsylvania,"Greensburg, Pennsylvania",10296.0
2007,US,Northeast,Pennsylvania,"Harrisburg, Pennsylvania",464924.0
2007,US,Northeast,Pennsylvania,"Huntingdon, Pennsylvania",5303.0
2007,US,Northeast,Pennsylvania,"Johnstown, Pennsylvania",17368.0
2007,US,Northeast,Pennsylvania,"Lancaster, Pennsylvania",420524.0
2007,US,Northeast,Pennsylvania,"Latrobe, Pennsylvania",3155.0
2007,US,Northeast,Pennsylvania,"Lewistown, Pennsylvania",11005.0
2007,US,Northeast,Pennsylvania,"Middletown, Pennsylvania",39319.0
2007,US,Northeast,Pennsylvania,"Mount Joy, Pennsylvania",46109.0
2007,US,Northeast,Pennsylvania,"Paoli, Pennsylvania",102650.0
2007,US,Northeast,Pennsylvania,"Parkesburg, Pennsylvania",33158.0
2007,US,Northeast,Pennsylvania,"Philadelphia William H. Gray III 30th Street, Pennsylvania",3674255.0
2007,US,Northeast,Pennsylvania,"Philadelphia-North, Pennsylvania",257.0
2007,US,Northeast,Pennsylvania,"Pittsburgh, Pennsylvania",120188.0
2007,US,Northeast,Pennsylvania,"Tyrone, Pennsylvania",2369.0
2007,US,Northeast,Rhode Island,"Kingston, Rhode Island",150339.0
2007,US,Northeast,Rhode Island,"Providence, Rhode Island",565701.0
2007,US,Northeast,Rhode Island,"Westerly, Rhode Island",34483.0
2007,US,Northeast,Vermont,"Bellows Falls, Vermont",3427.0
2007,US,Northeast,Vermont,"Brattleboro, Vermont",10983.0
2007,US,Northeast,Vermont,"Essex Junction, Vermont",12422.0
2007,US,Northeast,Vermont,"Fair Haven, Vermont",2205.0
2007,US,Northeast,Vermont,"Montpelier, Vermont",4866.0
2007,US,Northeast,Vermont,"Randolph, Vermont",1298.0
2007,US,Northeast,Vermont,"Rutland, Vermont",16680.0
2007,US,Northeast,Vermont,"St. Albans, Vermont",2374.0
2007,US,Northeast,Vermont,"Waterbury, Vermont",3427.0
2007,US,Northeast,Vermont,"White River Junction, Vermont",14317.0
2007,US,Northeast,Vermont,"Windsor, Vermont",823.0
2007,US,South,Alabama,"Anniston, Alabama",4652.0
2007,US,South,Alabama,"Birmingham, Alabama",27325.0
2007,US,South,Alabama,"Tuscaloosa, Alabama",8091.0
2007,US,South,Arkansas,"Arkadelphia, Arkansas",1130.0
2007,US,South,Arkansas,"Little Rock, Arkansas",16308.0
2007,US,South,Arkansas,"Malvern, Arkansas",1547.0
2007,US,South,Arkansas,"Texarkana, Arkansas",5760.0
2007,US,South,Arkansas,"Walnut Ridge, Arkansas",3552.0
2007,US,South,Delaware,"Newark, Delaware",7183.0
2007,US,South,Delaware,"Wilmington, Delaware",704387.0
2007,US,South,District of Columbia,"Washington Union Station, District of Columbia",4108569.0
2007,US,South,Florida,"DeLand, Florida",22077.0
2007,US,South,Florida,"Deerfield Beach, Florida",22218.0
2007,US,South,Florida,"Delray Beach, Florida",8045.0
2007,US,South,Florida,"Fort Lauderdale, Florida",38654.0
2007,US,South,Florida,"Hollywood, Florida",29174.0
2007,US,South,Florida,"Jacksonville, Florida",57777.0
2007,US,South,Florida,"Kissimmee, Florida",34828.0
2007,US,South,Florida,"Lakeland, Florida",20276.0
2007,US,South,Florida,"Miami, Florida",67629.0
2007,US,South,Florida,"Okeechobee, Florida",3067.0
2007,US,South,Florida,"Orlando, Florida",129469.0
2007,US,South,Florida,"Palatka, Florida",10791.0
2007,US,South,Florida,"Sanford (Auto Train Station), Florida",217822.0
2007,US,South,Florida,"Sebring, Florida",15227.0
2007,US,South,Florida,"Tampa, Florida",74984.0
2007,US,South,Florida,"West Palm Beach, Florida",43643.0
2007,US,South,Florida,"Winter Haven, Florida",17923.0
2007,US,South,Florida,"Winter Park, Florida",26491.0
2007,US,South,Georgia,"Atlanta, Georgia",97594.0
2007,US,South,Georgia,"Gainesville, Georgia",5261.0
2007,US,South,Georgia,"Jesup, Georgia",7937.0
2007,US,South,Georgia,"Savannah, Georgia",48556.0
2007,US,South,Georgia,"Toccoa, Georgia",2899.0
2007,US,South,Kentucky,"Ashland, Kentucky",2829.0
2007,US,South,Kentucky,"Fulton, Kentucky",2743.0
2007,US,South,Kentucky,"Maysville, Kentucky",1772.0
2007,US,South,Kentucky,"South Shore-South Portsmouth, Kentucky",715.0
2007,US,South,Louisiana,"Hammond, Louisiana",14199.0
2007,US,South,Louisiana,"Lafayette, Louisiana",3206.0
2007,US,South,Louisiana,"Lake Charles, Louisiana",1806.0
2007,US,South,Louisiana,"New Iberia, Louisiana",775.0
2007,US,South,Louisiana,"New Orleans, Louisiana",125978.0
2007,US,South,Louisiana,"Schriever, Louisiana",744.0
2007,US,South,Louisiana,"Slidell, Louisiana",5761.0
2007,US,South,Maryland,"Aberdeen, Maryland",38702.0
2007,US,South,Maryland,"BWI Thurgood Marshall Airport, Maryland",587845.0
2007,US,South,Maryland,"Baltimore, Maryland",977379.0
2007,US,South,Maryland,"Cumberland, Maryland",9182.0
2007,US,South,Maryland,"New Carrollton, Maryland",204008.0
2007,US,South,Maryland,"Rockville, Maryland",2905.0
2007,US,South,Mississippi,"Brookhaven, Mississippi",4798.0
2007,US,South,Mississippi,"Greenwood, Mississippi",12892.0
2007,US,South,Mississippi,"Hattiesburg, Mississippi",9292.0
2007,US,South,Mississippi,"Hazlehurst, Mississippi",1867.0
2007,US,South,Mississippi,"Laurel, Mississippi",4956.0
2007,US,South,Mississippi,"McComb, Mississippi",6634.0
2007,US,South,Mississippi,"Picayune, Mississippi",2605.0
2007,US,South,Mississippi,"Yazoo City, Mississippi",3200.0
2007,US,South,North Carolina,"Burlington, North Carolina",13646.0
2007,US,South,North Carolina,"Cary, North Carolina",22919.0
2007,US,South,North Carolina,"Charlotte, North Carolina",109347.0
2007,US,South,North Carolina,"Durham, North Carolina",39436.0
2007,US,South,North Carolina,"Fayetteville, North Carolina",46986.0
2007,US,South,North Carolina,"Gastonia, North Carolina",1716.0
2007,US,South,North Carolina,"Greensboro, North Carolina",72947.0
2007,US,South,North Carolina,"Hamlet, North Carolina",4153.0
2007,US,South,North Carolina,"High Point, North Carolina",19003.0
2007,US,South,North Carolina,"Kannapolis, North Carolina",9081.0
2007,US,South,North Carolina,"Raleigh, North Carolina",119024.0
2007,US,South,North Carolina,"Rocky Mount, North Carolina",51195.0
2007,US,South,North Carolina,"Salisbury, North Carolina",17126.0
2007,US,South,North Carolina,"Selma-Smithfield, North Carolina",10436.0
2007,US,South,North Carolina,"Southern Pines, North Carolina",4500.0
2007,US,South,North Carolina,"Wilson, North Carolina",38054.0
2007,US,South,Oklahoma,"Ardmore, Oklahoma",9642.0
2007,US,South,Oklahoma,"Norman, Oklahoma",11033.0
2007,US,South,Oklahoma,"Oklahoma City, Oklahoma",43293.0
2007,US,South,Oklahoma,"Pauls Valley, Oklahoma",6357.0
2007,US,South,Oklahoma,"Purcell, Oklahoma",2801.0
2007,US,South,South Carolina,"Camden, South Carolina",3702.0
2007,US,South,South Carolina,"Charleston, South Carolina",66655.0
2007,US,South,South Carolina,"Clemson, South Carolina",5416.0
2007,US,South,South Carolina,"Columbia, South Carolina",34613.0
2007,US,South,South Carolina,"Denmark, South Carolina",4680.0
2007,US,South,South Carolina,"Dillon, South Carolina",7461.0
2007,US,South,South Carolina,"Florence, South Carolina",44828.0
2007,US,South,South Carolina,"Greenville, South Carolina",11700.0
2007,US,South,South Carolina,"Kingstree, South Carolina",13888.0
2007,US,South,South Carolina,"Spartanburg, South Carolina",4245.0
2007,US,South,South Carolina,"Yemassee, South Carolina",11762.0
2007,US,South,Tennessee,"Memphis, Tennessee",50049.0
2007,US,South,Tennessee,"Newbern-Dyersberg, Tennessee",2826.0
2007,US,South,Texas,"Alpine, Texas",2659.0
2007,US,South,Texas,"Austin, Texas",19388.0
2007,US,South,Texas,"Beaumont, Texas",1384.0
2007,US,South,Texas,"Cleburne, Texas",1831.0
2007,US,South,Texas,"Dallas, Texas",27374.0
2007,US,South,Texas,"Del Rio, Texas",1590.0
2007,US,South,Texas,"El Paso, Texas",8672.0
2007,US,South,Texas,"Fort Worth, Texas",85069.0
2007,US,South,Texas,"Gainesville, Texas",9589.0
2007,US,South,Texas,"Houston, Texas",13214.0
2007,US,South,Texas,"Longview, Texas",21610.0
2007,US,South,Texas,"Marshall, Texas",5469.0
2007,US,South,Texas,"McGregor, Texas",2382.0
2007,US,South,Texas,"Mineola, Texas",3888.0
2007,US,South,Texas,"San Antonio, Texas",40908.0
2007,US,South,Texas,"San Marcos, Texas",3084.0
2007,US,South,Texas,"Sanderson, Texas",157.0
2007,US,South,Texas,"Taylor, Texas",3464.0
2007,US,South,Texas,"Temple, Texas",10349.0
2007,US,South,Virginia,"Alexandria, Virginia",97734.0
2007,US,South,Virginia,"Ashland, Virginia",12909.0
2007,US,South,Virginia,"Charlottesville, Virginia",48190.0
2007,US,South,Virginia,"Clifton Forge, Virginia",3216.0
2007,US,South,Virginia,"Culpeper, Virginia",4151.0
2007,US,South,Virginia,"Danville, Virginia",4662.0
2007,US,South,Virginia,"Franconia-Springfield, Virginia",1695.0
2007,US,South,Virginia,"Fredericksburg, Virginia",61615.0
2007,US,South,Virginia,"Lorton (Auto Train), Virginia",217822.0
2007,US,South,Virginia,"Lynchburg, Virginia",18744.0
2007,US,South,Virginia,"Manassas, Virginia",8178.0
2007,US,South,Virginia,"Newport News, Virginia",96473.0
2007,US,South,Virginia,"Petersburg, Virginia",18725.0
2007,US,South,Virginia,"Quantico, Virginia",28078.0
2007,US,South,Virginia,"Richmond - Main Street, Virginia",12757.0
2007,US,South,Virginia,"Richmond - Staples Mill, Virginia",234670.0
2007,US,South,Virginia,"Staunton, Virginia",6345.0
2007,US,South,Virginia,"Williamsburg, Virginia",41941.0
2007,US,South,Virginia,"Woodbridge, Virginia",15361.0
2007,US,South,West Virginia,"Alderson, West Virginia",475.0
2007,US,South,West Virginia,"Charleston, West Virginia",8608.0
2007,US,South,West Virginia,"Harpers Ferry, West Virginia",3315.0
2007,US,South,West Virginia,"Hinton, West Virginia",8705.0
2007,US,South,West Virginia,"Huntington, West Virginia",11080.0
2007,US,South,West Virginia,"Martinsburg, West Virginia",5910.0
2007,US,South,West Virginia,"Montgomery, West Virginia",733.0
2007,US,South,West Virginia,"Prince, West Virginia",3247.0
2007,US,South,West Virginia,"Thurmond, West Virginia",372.0
2007,US,South,West Virginia,"White Sulphur Springs, West Virginia",3762.0
2007,US,West,Arizona,"Benson, Arizona",937.0
2007,US,West,Arizona,"Flagstaff, Arizona",36029.0
2007,US,West,Arizona,"Kingman, Arizona",11001.0
2007,US,West,Arizona,"Maricopa, Arizona",5764.0
2007,US,West,Arizona,"Tucson, Arizona",13067.0
2007,US,West,Arizona,"Williams Junction, Arizona",7193.0
2007,US,West,Arizona,"Winslow, Arizona",3970.0
2007,US,West,Arizona,"Yuma, Arizona",2409.0
2007,US,West,California,"Anaheim, California",332125.0
2007,US,West,California,"Antioch-Pittsburg, California",24416.0
2007,US,West,California,"Auburn, California",32194.0
2007,US,West,California,"Bakersfield, California",370783.0
2007,US,West,California,"Barstow, California",3376.0
2007,US,West,California,"Berkeley, California",105995.0
2007,US,West,California,"Burbank, California",42249.0
2007,US,West,California,"Camarillo, California",26963.0
2007,US,West,California,"Carpinteria, California",18030.0
2007,US,West,California,"Chatsworth, California",49108.0
2007,US,West,California,"Chico, California",6935.0
2007,US,West,California,"Colfax, California",3176.0
2007,US,West,California,"Corcoran, California",23352.0
2007,US,West,California,"Davis, California",401138.0
2007,US,West,California,"Dunsmuir, California",3879.0
2007,US,West,California,"Emeryville, California",482777.0
2007,US,West,California,"Fremont, California",37764.0
2007,US,West,California,"Fresno, California",278985.0
2007,US,West,California,"Fullerton, California",425469.0
2007,US,West,California,"Glendale, California",38098.0
2007,US,West,California,"Goleta, California",72311.0
2007,US,West,California,"Great America (Santa Clara), California",98669.0
2007,US,West,California,"Grover Beach, California",15445.0
2007,US,West,California,"Guadalupe-Santa Maria, California",8826.0
2007,US,West,California,"Hanford, California",154988.0
2007,US,West,California,"Hayward, California",24961.0
2007,US,West,California,"Irvine, California",623292.0
2007,US,West,California,"Laguna Niguel, California",0.0
2007,US,West,California,"Lodi, California",5799.0
2007,US,West,California,"Lompoc-Surf, California",7175.0
2007,US,West,California,"Los Angeles, California",1464289.0
2007,US,West,California,"Madera, California",14362.0
2007,US,West,California,"Martinez, California",380477.0
2007,US,West,California,"Merced, California",82136.0
2007,US,West,California,"Metrolink Station Orange, California 92866",0.0
2007,US,West,California,"Modesto, California",78634.0
2007,US,West,California,"Moorpark, California",11287.0
2007,US,West,California,"Moreno Valley, California",8121.0
2007,US,West,California,"Needles, California",7138.0
2007,US,West,California,"Oakland Coliseum, California",16749.0
2007,US,West,California,"Oakland, California",348493.0
2007,US,West,California,"Oceanside, California",296053.0
2007,US,West,California,"Ontario, California",4228.0
2007,US,West,California,"Oxnard, California",69432.0
2007,US,West,California,"Palm Springs, California",4012.0
2007,US,West,California,"Paso Robles, California",6849.0
2007,US,West,California,"Pomona, California",1063.0
2007,US,West,California,"Redding, California",7461.0
2007,US,West,California,"Richmond, California",230996.0
2007,US,West,California,"Rocklin, California",32070.0
2007,US,West,California,"Roseville, California",56433.0
2007,US,West,California,"Sacramento, California",970939.0
2007,US,West,California,"Salinas, California",13257.0
2007,US,West,California,"San Bernardino, California",8846.0
2007,US,West,California,"San Clemente Pier, California",7831.0
2007,US,West,California,"San Diego, California",867456.0
2007,US,West,California,"San Diego-Old Town, California",22911.0
2007,US,West,California,"San Jose, California",188498.0
2007,US,West,California,"San Juan Capistrano, California",259876.0
2007,US,West,California,"San Luis Obispo, California",90541.0
2007,US,West,California,"Santa Ana, California",165972.0
2007,US,West,California,"Santa Barbara, California",264840.0
2007,US,West,California,"Simi Valley, California",37212.0
2007,US,West,California,"Solana Beach, California",424789.0
2007,US,West,California,"Stockton (Downtown), California",20991.0
2007,US,West,California,"Stockton (San Joaquin St.), California",192193.0
2007,US,West,California,"Suisun-Fairfield, California",125092.0
2007,US,West,California,"Truckee, California",5815.0
2007,US,West,California,"Turlock-Denair, California",15992.0
2007,US,West,California,"Van Nuys, California",70812.0
2007,US,West,California,"Ventura, California",42697.0
2007,US,West,California,"Victorville, California",4821.0
2007,US,West,California,"Wasco, California",14729.0
2007,US,West,Colorado,"Denver, Colorado",123273.0
2007,US,West,Colorado,"Fort Morgan, Colorado",2920.0
2007,US,West,Colorado,"Glenwood Springs, Colorado",32697.0
2007,US,West,Colorado,"Granby, Colorado",3508.0
2007,US,West,Colorado,"Grand Junction, Colorado",25115.0
2007,US,West,Colorado,"La Junta, Colorado",6556.0
2007,US,West,Colorado,"Lamar, Colorado",1683.0
2007,US,West,Colorado,"Trinidad, Colorado",3956.0
2007,US,West,Colorado,"Winter Park-Fraser, Colorado",8844.0
2007,US,West,Idaho,"Sandpoint, Idaho",5908.0
2007,US,West,Montana,"Browning (winter only), Montana",2263.0
2007,US,West,Montana,"Cut Bank, Montana",3030.0
2007,US,West,Montana,"East Glacier (summer only), Montana",13663.0
2007,US,West,Montana,"Essex, Montana",4194.0
2007,US,West,Montana,"Glasgow, Montana",6416.0
2007,US,West,Montana,"Havre, Montana",16836.0
2007,US,West,Montana,"Libby, Montana",5360.0
2007,US,West,Montana,"Malta, Montana",3661.0
2007,US,West,Montana,"Shelby, Montana",16463.0
2007,US,West,Montana,"West Glacier, Montana",6416.0
2007,US,West,Montana,"Whitefish, Montana",66922.0
2007,US,West,Montana,"Wolf Point, Montana",7947.0
2007,US,West,New Mexico,"Albuquerque, New Mexico",66946.0
2007,US,West,New Mexico,"Deming, New Mexico",722.0
2007,US,West,New Mexico,"Gallup, New Mexico",10965.0
2007,US,West,New Mexico,"Lamy, New Mexico",12506.0
2007,US,West,New Mexico,"Las Vegas, New Mexico",4290.0
2007,US,West,New Mexico,"Lordsburg, New Mexico",397.0
2007,US,West,New Mexico,"Raton, New Mexico",18245.0
2007,US,West,Oregon,"Albany, Oregon",30756.0
2007,US,West,Oregon,"Chemult, Oregon",8140.0
2007,US,West,Oregon,"Eugene, Oregon",89454.0
2007,US,West,Oregon,"Klamath Falls, Oregon",29983.0
2007,US,West,Oregon,"Oregon City, Oregon",7156.0
2007,US,West,Oregon,"Portland, Oregon",532645.0
2007,US,West,Oregon,"Salem, Oregon",51387.0
2007,US,West,Utah,"Green River, Utah",1606.0
2007,US,West,Utah,"Helper, Utah",1645.0
2007,US,West,Utah,"Provo, Utah",3460.0
2007,US,West,Utah,"Salt Lake City, Utah",27292.0
2007,US,West,Washington,"Bellingham, Washington",53444.0
2007,US,West,Washington,"Bingen-White Salmon, Washington",2118.0
2007,US,West,Washington,"Centralia, Washington",21049.0
2007,US,West,Washington,"Edmonds, Washington",28462.0
2007,US,West,Washington,"Ephrata, Washington",3571.0
2007,US,West,Washington,"Everett, Washington",40475.0
2007,US,West,Washington,"Kelso-Longview, Washington",23329.0
2007,US,West,Washington,"Mount Vernon, Washington",20088.0
2007,US,West,Washington,"Olympia/Lacey, Washington",49913.0
2007,US,West,Washington,"Pasco, Washington",23445.0
2007,US,West,Washington,"Seattle, Washington",584753.0
2007,US,West,Washington,"Spokane, Washington",43900.0
2007,US,West,Washington,"Tacoma, Washington",111038.0
2007,US,West,Washington,"Tukwila, Washington",18900.0
2007,US,West,Washington,"Vancouver, Washington",84245.0
2007,US,West,Washington,"Wenatchee, Washington",16553.0
2007,US,West,Washington,"Wishram, Washington",1596.0
2008,US,Midwest,Illinois,"Alton, Illinois",53741.0
2008,US,Midwest,Illinois,"Bloomington/Normal, Illinois",180589.0
2008,US,Midwest,Illinois,"Carbondale, Illinois",112096.0
2008,US,Midwest,Illinois,"Carlinville, Illinois",10261.0
2008,US,Midwest,Illinois,"Centralia, Illinois",18822.0
2008,US,Midwest,Illinois,"Champaign-Urbana, Illinois",151732.0
2008,US,Midwest,Illinois,"Chicago, Illinois",3104151.0
2008,US,Midwest,Illinois,"Du Quoin, Illinois",8331.0
2008,US,Midwest,Illinois,"Dwight, Illinois",7768.0
2008,US,Midwest,Illinois,"Effingham, Illinois",22367.0
2008,US,Midwest,Illinois,"Galesburg, Illinois",98419.0
2008,US,Midwest,Illinois,"Gilman, Illinois",2016.0
2008,US,Midwest,Illinois,"Glenview, Illinois",65769.0
2008,US,Midwest,Illinois,"Homewood, Illinois",31123.0
2008,US,Midwest,Illinois,"Joliet, Illinois",43087.0
2008,US,Midwest,Illinois,"Kankakee, Illinois",15669.0
2008,US,Midwest,Illinois,"Kewanee, Illinois",11430.0
2008,US,Midwest,Illinois,"La Grange Road, Illinois",14304.0
2008,US,Midwest,Illinois,"Lincoln, Illinois",20703.0
2008,US,Midwest,Illinois,"Macomb, Illinois",69193.0
2008,US,Midwest,Illinois,"Mattoon, Illinois",31078.0
2008,US,Midwest,Illinois,"Mendota, Illinois",20677.0
2008,US,Midwest,Illinois,"Naperville, Illinois",49389.0
2008,US,Midwest,Illinois,"Plano, Illinois",4605.0
2008,US,Midwest,Illinois,"Pontiac, Illinois",12642.0
2008,US,Midwest,Illinois,"Princeton, Illinois",28042.0
2008,US,Midwest,Illinois,"Quincy, Illinois",50298.0
2008,US,Midwest,Illinois,"Rantoul, Illinois",2978.0
2008,US,Midwest,Illinois,"Springfield, Illinois",157540.0
2008,US,Midwest,Illinois,"Summit, Illinois",5661.0
2008,US,Midwest,Indiana,"Albany/Rensselaer, Indiana",1830.0
2008,US,Midwest,Indiana,"Connellsville, Indiana",647.0
2008,US,Midwest,Indiana,"Crawfordsville (Bus), Indiana",5040.0
2008,US,Midwest,Indiana,"Dyer, Indiana",2162.0
2008,US,Midwest,Indiana,"Elkhart, Indiana",14115.0
2008,US,Midwest,Indiana,"Hammond-Whiting, Indiana",6289.0
2008,US,Midwest,Indiana,"Indianapolis, Indiana",34089.0
2008,US,Midwest,Indiana,"Lafayette, Indiana",23083.0
2008,US,Midwest,Indiana,"Michigan City, Indiana",2176.0
2008,US,Midwest,Indiana,"South Bend, Indiana",17576.0
2008,US,Midwest,Indiana,"Waterloo, Indiana",17881.0
2008,US,Midwest,Iowa,"Creston, Iowa",4444.0
2008,US,Midwest,Iowa,"Fort Madison, Iowa",9307.0
2008,US,Midwest,Iowa,"Mt. Pleasant, Iowa",14422.0
2008,US,Midwest,Iowa,"Osceola, Iowa",17811.0
2008,US,Midwest,Iowa,"Ottumwa, Iowa",10993.0
2008,US,Midwest,Kansas,"Dodge City, Kansas",4612.0
2008,US,Midwest,Kansas,"Garden City, Kansas",6840.0
2008,US,Midwest,Kansas,"Hutchinson, Kansas",4289.0
2008,US,Midwest,Kansas,"Lawrence, Kansas",4008.0
2008,US,Midwest,Kansas,"Newton, Kansas",14563.0
2008,US,Midwest,Kansas,"Topeka, Kansas",7554.0
2008,US,Midwest,Michigan,"Albion, Michigan",1817.0
2008,US,Midwest,Michigan,"Ann Arbor, Michigan",148594.0
2008,US,Midwest,Michigan,"Bangor, Michigan",3710.0
2008,US,Midwest,Michigan,"Battle Creek, Michigan",57264.0
2008,US,Midwest,Michigan,"Birmingham, Michigan",19714.0
2008,US,Midwest,Michigan,"Dearborn, Michigan",75840.0
2008,US,Midwest,Michigan,"Detroit, Michigan",59973.0
2008,US,Midwest,Michigan,"Dowagiac, Michigan",2919.0
2008,US,Midwest,Michigan,"Durand, Michigan",9310.0
2008,US,Midwest,Michigan,"East Lansing, Michigan",51012.0
2008,US,Midwest,Michigan,"Flint, Michigan",26134.0
2008,US,Midwest,Michigan,"Grand Rapids, Michigan",57465.0
2008,US,Midwest,Michigan,"Holland, Michigan",40463.0
2008,US,Midwest,Michigan,"Jackson, Michigan",27902.0
2008,US,Midwest,Michigan,"Kalamazoo, Michigan",119121.0
2008,US,Midwest,Michigan,"Lapeer, Michigan",7473.0
2008,US,Midwest,Michigan,"New Buffalo, Michigan",3297.0
2008,US,Midwest,Michigan,"Niles, Michigan",19286.0
2008,US,Midwest,Michigan,"Pontiac, Michigan",16546.0
2008,US,Midwest,Michigan,"Port Huron, Michigan",14115.0
2008,US,Midwest,Michigan,"Royal Oak, Michigan",30362.0
2008,US,Midwest,Michigan,"St. Joseph/Benton Harbor, Michigan",8521.0
2008,US,Midwest,Minnesota,"Detroit Lakes, Minnesota",4659.0
2008,US,Midwest,Minnesota,"Red Wing, Minnesota",10584.0
2008,US,Midwest,Minnesota,"St. Cloud, Minnesota",14206.0
2008,US,Midwest,Minnesota,"St. Paul-Minneapolis, Minnesota",147791.0
2008,US,Midwest,Minnesota,"Staples, Minnesota",8606.0
2008,US,Midwest,Minnesota,"Winona, Minnesota",26351.0
2008,US,Midwest,Missouri,"Hermann, Missouri",10816.0
2008,US,Midwest,Missouri,"Independence, Missouri",7261.0
2008,US,Midwest,Missouri,"Jefferson City, Missouri",45032.0
2008,US,Midwest,Missouri,"Kansas City, Missouri",130459.0
2008,US,Midwest,Missouri,"Kirkwood, Missouri",43359.0
2008,US,Midwest,Missouri,"La Plata, Missouri",10544.0
2008,US,Midwest,Missouri,"Lee’s Summit, Missouri",22359.0
2008,US,Midwest,Missouri,"Poplar Bluff, Missouri",4631.0
2008,US,Midwest,Missouri,"Sedalia, Missouri",9643.0
2008,US,Midwest,Missouri,"St. Louis, Missouri",271997.0
2008,US,Midwest,Missouri,"Warrensburg, Missouri",12314.0
2008,US,Midwest,Missouri,"Washington, Missouri",12071.0
2008,US,Midwest,Nebraska,"Elko, Nevada",4607.0
2008,US,Midwest,Nebraska,"Hastings, Nebraska",4623.0
2008,US,Midwest,Nebraska,"Holdrege, Nebraska",1794.0
2008,US,Midwest,Nebraska,"Lincoln, Nebraska",11935.0
2008,US,Midwest,Nebraska,"McCook, Nebraska",2987.0
2008,US,Midwest,Nebraska,"Omaha, Nebraska",25841.0
2008,US,Midwest,Nebraska,"Reno, Nevada",69620.0
2008,US,Midwest,Nebraska,"Sparks, Nevada (Train Stop)",2095.0
2008,US,Midwest,Nebraska,"Winnemucca, Nevada",2730.0
2008,US,Midwest,North Dakota,"Devils Lake, North Dakota",6860.0
2008,US,Midwest,North Dakota,"Fargo, North Dakota",24142.0
2008,US,Midwest,North Dakota,"Grand Forks, North Dakota",22842.0
2008,US,Midwest,North Dakota,"Minot, North Dakota",42801.0
2008,US,Midwest,North Dakota,"Rugby, North Dakota",7048.0
2008,US,Midwest,North Dakota,"Stanley, North Dakota",3694.0
2008,US,Midwest,North Dakota,"Williston, North Dakota",23619.0
2008,US,Midwest,Ohio,"Alliance, Ohio",3720.0
2008,US,Midwest,Ohio,"Bryan, Ohio",5507.0
2008,US,Midwest,Ohio,"Cincinnati, Ohio",15067.0
2008,US,Midwest,Ohio,"Cleveland, Ohio",36977.0
2008,US,Midwest,Ohio,"Elyria, Ohio",3426.0
2008,US,Midwest,Ohio,"Sandusky, Ohio",5832.0
2008,US,Midwest,Ohio,"Toledo, Ohio",50490.0
2008,US,Midwest,Wisconsin,"Burlington, Wisconsin",7283.0
2008,US,Midwest,Wisconsin,"Columbus, Wisconsin",18617.0
2008,US,Midwest,Wisconsin,"La Crosse, Wisconsin",31221.0
2008,US,Midwest,Wisconsin,"Milwaukee Airport, Wisconsin",149824.0
2008,US,Midwest,Wisconsin,"Milwaukee, Wisconsin",565009.0
2008,US,Midwest,Wisconsin,"Portage, Wisconsin",7453.0
2008,US,Midwest,Wisconsin,"Sturtevant, Wisconsin",74176.0
2008,US,Midwest,Wisconsin,"Tomah, Wisconsin",10147.0
2008,US,Midwest,Wisconsin,"Wisconsin Dells, Wisconsin",13288.0
2008,US,Northeast,Connecticut,"Berlin, Connecticut",24532.0
2008,US,Northeast,Connecticut,"Bridgeport, Connecticut",75487.0
2008,US,Northeast,Connecticut,"Hartford, Connecticut",168435.0
2008,US,Northeast,Connecticut,"Meriden, Connecticut",33137.0
2008,US,Northeast,Connecticut,"Mystic, Connecticut",19272.0
2008,US,Northeast,Connecticut,"New Haven, Connecticut",705458.0
2008,US,Northeast,Connecticut,"New London, Connecticut",171022.0
2008,US,Northeast,Connecticut,"Old Saybrook, Connecticut",66048.0
2008,US,Northeast,Connecticut,"Stamford, Connecticut",368918.0
2008,US,Northeast,Connecticut,"Wallingford, Connecticut",14232.0
2008,US,Northeast,Connecticut,"Windsor Locks, Connecticut",15607.0
2008,US,Northeast,Connecticut,"Windsor, Connecticut",11102.0
2008,US,Northeast,Maine,"Old Orchard Beach, Maine",12226.0
2008,US,Northeast,Maine,"Portland, Maine",170105.0
2008,US,Northeast,Maine,"Saco-Biddeford, Maine",35346.0
2008,US,Northeast,Maine,"Wells, Maine",48452.0
2008,US,Northeast,Massachusetts,"Amherst, Massachusetts",12679.0
2008,US,Northeast,Massachusetts,"Boston-Back Bay, Massachusetts",424605.0
2008,US,Northeast,Massachusetts,"Boston-North Station, Massachusetts",414835.0
2008,US,Northeast,Massachusetts,"Boston-South Station, Massachusetts",1393691.0
2008,US,Northeast,Massachusetts,"Framingham, Massachusetts",1735.0
2008,US,Northeast,Massachusetts,"Haverhill, Massachusetts",36050.0
2008,US,Northeast,Massachusetts,"Pittsfield, Massachusetts",6893.0
2008,US,Northeast,Massachusetts,"Route 128 (Boston), Massachusetts",404908.0
2008,US,Northeast,Massachusetts,"Springfield, Massachusetts",113955.0
2008,US,Northeast,Massachusetts,"Woburn, Massachusetts",14406.0
2008,US,Northeast,Massachusetts,"Worcester, Massachusetts",6183.0
2008,US,Northeast,New Hampshire,"Claremont, New Hampshire",1799.0
2008,US,Northeast,New Hampshire,"Dover, New Hampshire",56187.0
2008,US,Northeast,New Hampshire,"Durham-UNH, New Hampshire",66173.0
2008,US,Northeast,New Hampshire,"Exeter, New Hampshire",95204.0
2008,US,Northeast,New Jersey,"Metropark, New Jersey",406287.0
2008,US,Northeast,New Jersey,"New Brunswick, New Jersey",7538.0
2008,US,Northeast,New Jersey,"Newark Airport, New Jersey",679279.0
2008,US,Northeast,New Jersey,"Newark, New Jersey",116979.0
2008,US,Northeast,New Jersey,"Princeton Junction, New Jersey",46816.0
2008,US,Northeast,New Jersey,"Trenton, New Jersey",451090.0
2008,US,Northeast,New York,"Albany-Rensselaer, New York",830740.0
2008,US,Northeast,New York,"Amsterdam, New York",7948.0
2008,US,Northeast,New York,"Buffalo-Depew, New York",94619.0
2008,US,Northeast,New York,"Buffalo-Exchange Street, New York",20797.0
2008,US,Northeast,New York,"Croton-Harmon, New York",39893.0
2008,US,Northeast,New York,"Fort Edward, New York",6934.0
2008,US,Northeast,New York,"Hudson, New York",151457.0
2008,US,Northeast,New York,"New Rochelle, New York",87463.0
2008,US,Northeast,New York,"New York City (Penn Station), New York",8739345.0
2008,US,Northeast,New York,"Niagara Falls, New York",25491.0
2008,US,Northeast,New York,"Plattsburgh, New York",10004.0
2008,US,Northeast,New York,"Port Henry, New York",2647.0
2008,US,Northeast,New York,"Port Kent, New York",750.0
2008,US,Northeast,New York,"Poughkeepsie, New York",65860.0
2008,US,Northeast,New York,"Rhinecliff, New York",159541.0
2008,US,Northeast,New York,"Rochester, New York",96395.0
2008,US,Northeast,New York,"Rome, New York",7608.0
2008,US,Northeast,New York,"Rouses Point, New York",964.0
2008,US,Northeast,New York,"Saratoga Springs, New York",31137.0
2008,US,Northeast,New York,"Schenectady, New York",49659.0
2008,US,Northeast,New York,"Syracuse, New York",124980.0
2008,US,Northeast,New York,"Ticonderoga, New York",1693.0
2008,US,Northeast,New York,"Utica, New York",54145.0
2008,US,Northeast,New York,"Westport, New York",5431.0
2008,US,Northeast,New York,"Whitehall, New York",1477.0
2008,US,Northeast,New York,"Yonkers, New York",18720.0
2008,US,Northeast,Pennsylvania,"Altoona, Pennsylvania",25415.0
2008,US,Northeast,Pennsylvania,"Ardmore, Pennsylvania",46333.0
2008,US,Northeast,Pennsylvania,"Coatesville, Pennsylvania",12705.0
2008,US,Northeast,Pennsylvania,"Connellsville, Pennsylvania",4531.0
2008,US,Northeast,Pennsylvania,"Cornwells Heights, Pennsylvania",6843.0
2008,US,Northeast,Pennsylvania,"Downingtown, Pennsylvania",50255.0
2008,US,Northeast,Pennsylvania,"Elizabethtown, Pennsylvania",90644.0
2008,US,Northeast,Pennsylvania,"Erie, Pennsylvania",11855.0
2008,US,Northeast,Pennsylvania,"Exton, Pennsylvania",74913.0
2008,US,Northeast,Pennsylvania,"Greensburg, Pennsylvania",12882.0
2008,US,Northeast,Pennsylvania,"Harrisburg, Pennsylvania",527056.0
2008,US,Northeast,Pennsylvania,"Huntingdon, Pennsylvania",5290.0
2008,US,Northeast,Pennsylvania,"Johnstown, Pennsylvania",19206.0
2008,US,Northeast,Pennsylvania,"Lancaster, Pennsylvania",484102.0
2008,US,Northeast,Pennsylvania,"Latrobe, Pennsylvania",4253.0
2008,US,Northeast,Pennsylvania,"Lewistown, Pennsylvania",10674.0
2008,US,Northeast,Pennsylvania,"Middletown, Pennsylvania",51149.0
2008,US,Northeast,Pennsylvania,"Mount Joy, Pennsylvania",53828.0
2008,US,Northeast,Pennsylvania,"Paoli, Pennsylvania",130744.0
2008,US,Northeast,Pennsylvania,"Parkesburg, Pennsylvania",40650.0
2008,US,Northeast,Pennsylvania,"Philadelphia William H. Gray III 30th Street, Pennsylvania",3968278.0
2008,US,Northeast,Pennsylvania,"Philadelphia-North, Pennsylvania",349.0
2008,US,Northeast,Pennsylvania,"Pittsburgh, Pennsylvania",142828.0
2008,US,Northeast,Pennsylvania,"Tyrone, Pennsylvania",2985.0
2008,US,Northeast,Rhode Island,"Kingston, Rhode Island",160420.0
2008,US,Northeast,Rhode Island,"Providence, Rhode Island",608417.0
2008,US,Northeast,Rhode Island,"Westerly, Rhode Island",36430.0
2008,US,Northeast,Vermont,"Bellows Falls, Vermont",4050.0
2008,US,Northeast,Vermont,"Brattleboro, Vermont",11544.0
2008,US,Northeast,Vermont,"Essex Junction, Vermont",15823.0
2008,US,Northeast,Vermont,"Fair Haven, Vermont",2582.0
2008,US,Northeast,Vermont,"Montpelier, Vermont",5830.0
2008,US,Northeast,Vermont,"Randolph, Vermont",1617.0
2008,US,Northeast,Vermont,"Rutland, Vermont",16732.0
2008,US,Northeast,Vermont,"St. Albans, Vermont",2564.0
2008,US,Northeast,Vermont,"Waterbury, Vermont",4421.0
2008,US,Northeast,Vermont,"White River Junction, Vermont",16033.0
2008,US,Northeast,Vermont,"Windsor, Vermont",1020.0
2008,US,South,Alabama,"Anniston, Alabama",5181.0
2008,US,South,Alabama,"Birmingham, Alabama",32733.0
2008,US,South,Alabama,"Tuscaloosa, Alabama",10030.0
2008,US,South,Arkansas,"Arkadelphia, Arkansas",1480.0
2008,US,South,Arkansas,"Little Rock, Arkansas",19724.0
2008,US,South,Arkansas,"Malvern, Arkansas",1716.0
2008,US,South,Arkansas,"Texarkana, Arkansas",6972.0
2008,US,South,Arkansas,"Walnut Ridge, Arkansas",4057.0
2008,US,South,Delaware,"Newark, Delaware",7883.0
2008,US,South,Delaware,"Wilmington, Delaware",731539.0
2008,US,South,District of Columbia,"Washington Union Station, District of Columbia",4489955.0
2008,US,South,Florida,"DeLand, Florida",24854.0
2008,US,South,Florida,"Deerfield Beach, Florida",26044.0
2008,US,South,Florida,"Delray Beach, Florida",9448.0
2008,US,South,Florida,"Fort Lauderdale, Florida",45979.0
2008,US,South,Florida,"Hollywood, Florida",33372.0
2008,US,South,Florida,"Jacksonville, Florida",61758.0
2008,US,South,Florida,"Kissimmee, Florida",38495.0
2008,US,South,Florida,"Lakeland, Florida",24179.0
2008,US,South,Florida,"Miami, Florida",80348.0
2008,US,South,Florida,"Okeechobee, Florida",3297.0
2008,US,South,Florida,"Orlando, Florida",147491.0
2008,US,South,Florida,"Palatka, Florida",12082.0
2008,US,South,Florida,"Sanford (Auto Train Station), Florida",234839.0
2008,US,South,Florida,"Sebring, Florida",17945.0
2008,US,South,Florida,"Tampa, Florida",100119.0
2008,US,South,Florida,"West Palm Beach, Florida",52249.0
2008,US,South,Florida,"Winter Haven, Florida",21079.0
2008,US,South,Florida,"Winter Park, Florida",29514.0
2008,US,South,Georgia,"Atlanta, Georgia",101084.0
2008,US,South,Georgia,"Gainesville, Georgia",5541.0
2008,US,South,Georgia,"Jesup, Georgia",8784.0
2008,US,South,Georgia,"Savannah, Georgia",54168.0
2008,US,South,Georgia,"Toccoa, Georgia",3278.0
2008,US,South,Kentucky,"Ashland, Kentucky",2909.0
2008,US,South,Kentucky,"Fulton, Kentucky",3683.0
2008,US,South,Kentucky,"Maysville, Kentucky",1707.0
2008,US,South,Kentucky,"South Shore-South Portsmouth, Kentucky",811.0
2008,US,South,Louisiana,"Hammond, Louisiana",14695.0
2008,US,South,Louisiana,"Lafayette, Louisiana",3835.0
2008,US,South,Louisiana,"Lake Charles, Louisiana",2200.0
2008,US,South,Louisiana,"New Iberia, Louisiana",1181.0
2008,US,South,Louisiana,"New Orleans, Louisiana",154532.0
2008,US,South,Louisiana,"Schriever, Louisiana",1029.0
2008,US,South,Louisiana,"Slidell, Louisiana",6221.0
2008,US,South,Maryland,"Aberdeen, Maryland",45052.0
2008,US,South,Maryland,"BWI Thurgood Marshall Airport, Maryland",644640.0
2008,US,South,Maryland,"Baltimore, Maryland",1020304.0
2008,US,South,Maryland,"Cumberland, Maryland",11257.0
2008,US,South,Maryland,"New Carrollton, Maryland",203449.0
2008,US,South,Maryland,"Rockville, Maryland",3178.0
2008,US,South,North Carolina,"Burlington, North Carolina",15766.0
2008,US,South,North Carolina,"Cary, North Carolina",32897.0
2008,US,South,North Carolina,"Charlotte, North Carolina",135435.0
2008,US,South,North Carolina,"Durham, North Carolina",49986.0
2008,US,South,North Carolina,"Fayetteville, North Carolina",52227.0
2008,US,South,North Carolina,"Gastonia, North Carolina",1815.0
2008,US,South,North Carolina,"Greensboro, North Carolina",89675.0
2008,US,South,North Carolina,"Hamlet, North Carolina",4571.0
2008,US,South,North Carolina,"High Point, North Carolina",23231.0
2008,US,South,North Carolina,"Kannapolis, North Carolina",11603.0
2008,US,South,North Carolina,"Raleigh, North Carolina",141291.0
2008,US,South,North Carolina,"Rocky Mount, North Carolina",53169.0
2008,US,South,North Carolina,"Salisbury, North Carolina",23891.0
2008,US,South,North Carolina,"Selma-Smithfield, North Carolina",12498.0
2008,US,South,North Carolina,"Southern Pines, North Carolina",5389.0
2008,US,South,North Carolina,"Wilson, North Carolina",40846.0
2008,US,South,Oklahoma,"Ardmore, Oklahoma",8607.0
2008,US,South,Oklahoma,"Norman, Oklahoma",13414.0
2008,US,South,Oklahoma,"Oklahoma City, Oklahoma",55015.0
2008,US,South,Oklahoma,"Pauls Valley, Oklahoma",5942.0
2008,US,South,Oklahoma,"Purcell, Oklahoma",2086.0
2008,US,South,South Carolina,"Camden, South Carolina",3809.0
2008,US,South,South Carolina,"Charleston, South Carolina",69942.0
2008,US,South,South Carolina,"Clemson, South Carolina",5841.0
2008,US,South,South Carolina,"Columbia, South Carolina",38578.0
2008,US,South,South Carolina,"Denmark, South Carolina",4903.0
2008,US,South,South Carolina,"Dillon, South Carolina",7693.0
2008,US,South,South Carolina,"Florence, South Carolina",47163.0
2008,US,South,South Carolina,"Greenville, South Carolina",16897.0
2008,US,South,South Carolina,"Kingstree, South Carolina",13186.0
2008,US,South,South Carolina,"Spartanburg, South Carolina",4238.0
2008,US,South,South Carolina,"Yemassee, South Carolina",12064.0
2008,US,South,Tennessee,"Memphis, Tennessee",54879.0
2008,US,South,Tennessee,"Newbern-Dyersberg, Tennessee",3423.0
2008,US,South,Texas,"Alpine, Texas",3519.0
2008,US,South,Texas,"Austin, Texas",23829.0
2008,US,South,Texas,"Beaumont, Texas",1662.0
2008,US,South,Texas,"Cleburne, Texas",2135.0
2008,US,South,Texas,"Dallas, Texas",35860.0
2008,US,South,Texas,"Del Rio, Texas",1665.0
2008,US,South,Texas,"El Paso, Texas",9605.0
2008,US,South,Texas,"Fort Worth, Texas",109012.0
2008,US,South,Texas,"Gainesville, Texas",9249.0
2008,US,South,Texas,"Houston, Texas",14891.0
2008,US,South,Texas,"Longview, Texas",27920.0
2008,US,South,Texas,"Marshall, Texas",7406.0
2008,US,South,Texas,"McGregor, Texas",3141.0
2008,US,South,Texas,"Mineola, Texas",4376.0
2008,US,South,Texas,"San Antonio, Texas",48151.0
2008,US,South,Texas,"San Marcos, Texas",3741.0
2008,US,South,Texas,"Sanderson, Texas",153.0
2008,US,South,Texas,"Taylor, Texas",3981.0
2008,US,South,Texas,"Temple, Texas",12914.0
2008,US,South,Virginia,"Alexandria, Virginia",120153.0
2008,US,South,Virginia,"Ashland, Virginia",16497.0
2008,US,South,Virginia,"Charlottesville, Virginia",53038.0
2008,US,South,Virginia,"Clifton Forge, Virginia",3867.0
2008,US,South,Virginia,"Culpeper, Virginia",5166.0
2008,US,South,Virginia,"Danville, Virginia",6141.0
2008,US,South,Virginia,"Franconia-Springfield, Virginia",2598.0
2008,US,South,Virginia,"Fredericksburg, Virginia",52300.0
2008,US,South,Virginia,"Lorton (Auto Train), Virginia",234839.0
2008,US,South,Virginia,"Lynchburg, Virginia",25383.0
2008,US,South,Virginia,"Manassas, Virginia",9644.0
2008,US,South,Virginia,"Newport News, Virginia",117154.0
2008,US,South,Virginia,"Petersburg, Virginia",20909.0
2008,US,South,Virginia,"Quantico, Virginia",21113.0
2008,US,South,Virginia,"Richmond - Main Street, Virginia",19360.0
2008,US,South,Virginia,"Richmond - Staples Mill, Virginia",275479.0
2008,US,South,Virginia,"Staunton, Virginia",6265.0
2008,US,South,Virginia,"Williamsburg, Virginia",49685.0
2008,US,South,Virginia,"Woodbridge, Virginia",10426.0
2008,US,South,West Virginia,"Alderson, West Virginia",550.0
2008,US,South,West Virginia,"Charleston, West Virginia",9178.0
2008,US,South,West Virginia,"Harpers Ferry, West Virginia",3967.0
2008,US,South,West Virginia,"Hinton, West Virginia",10162.0
2008,US,South,West Virginia,"Huntington, West Virginia",12610.0
2008,US,South,West Virginia,"Martinsburg, West Virginia",7068.0
2008,US,South,West Virginia,"Montgomery, West Virginia",886.0
2008,US,South,West Virginia,"Prince, West Virginia",3495.0
2008,US,South,West Virginia,"Thurmond, West Virginia",405.0
2008,US,South,West Virginia,"White Sulphur Springs, West Virginia",4896.0
2008,US,West,Arizona,"Benson, Arizona",1064.0
2008,US,West,Arizona,"Flagstaff, Arizona",39723.0
2008,US,West,Arizona,"Kingman, Arizona",10322.0
2008,US,West,Arizona,"Maricopa, Arizona",6393.0
2008,US,West,Arizona,"Tucson, Arizona",14780.0
2008,US,West,Arizona,"Williams Junction, Arizona",8199.0
2008,US,West,Arizona,"Winslow, Arizona",4767.0
2008,US,West,Arizona,"Yuma, Arizona",3057.0
2008,US,West,California,"Anaheim, California",357906.0
2008,US,West,California,"Antioch-Pittsburg, California",29129.0
2008,US,West,California,"Auburn, California",39023.0
2008,US,West,California,"Bakersfield, California",427087.0
2008,US,West,California,"Barstow, California",3334.0
2008,US,West,California,"Berkeley, California",122133.0
2008,US,West,California,"Burbank, California",45061.0
2008,US,West,California,"Camarillo, California",31620.0
2008,US,West,California,"Carpinteria, California",20944.0
2008,US,West,California,"Chatsworth, California",53350.0
2008,US,West,California,"Chico, California",6171.0
2008,US,West,California,"Colfax, California",3610.0
2008,US,West,California,"Corcoran, California",26018.0
2008,US,West,California,"Davis, California",451995.0
2008,US,West,California,"Dunsmuir, California",3402.0
2008,US,West,California,"Emeryville, California",528203.0
2008,US,West,California,"Fremont, California",46146.0
2008,US,West,California,"Fresno, California",335298.0
2008,US,West,California,"Fullerton, California",443953.0
2008,US,West,California,"Glendale, California",40084.0
2008,US,West,California,"Goleta, California",74111.0
2008,US,West,California,"Great America (Santa Clara), California",110534.0
2008,US,West,California,"Grover Beach, California",18275.0
2008,US,West,California,"Guadalupe-Santa Maria, California",10914.0
2008,US,West,California,"Hanford, California",184930.0
2008,US,West,California,"Hayward, California",30583.0
2008,US,West,California,"Irvine, California",669405.0
2008,US,West,California,"Laguna Niguel, California",1479.0
2008,US,West,California,"Lodi, California",7657.0
2008,US,West,California,"Lompoc-Surf, California",8190.0
2008,US,West,California,"Los Angeles, California",1582364.0
2008,US,West,California,"Madera, California",17875.0
2008,US,West,California,"Martinez, California",398683.0
2008,US,West,California,"Merced, California",96406.0
2008,US,West,California,"Metrolink Station Orange, California 92866",1178.0
2008,US,West,California,"Modesto, California",93426.0
2008,US,West,California,"Moorpark, California",12779.0
2008,US,West,California,"Moreno Valley, California",9399.0
2008,US,West,California,"Needles, California",8093.0
2008,US,West,California,"Oakland Coliseum, California",19736.0
2008,US,West,California,"Oakland, California",379580.0
2008,US,West,California,"Oceanside, California",325877.0
2008,US,West,California,"Ontario, California",3590.0
2008,US,West,California,"Oxnard, California",77965.0
2008,US,West,California,"Palm Springs, California",5237.0
2008,US,West,California,"Paso Robles, California",8160.0
2008,US,West,California,"Pomona, California",1588.0
2008,US,West,California,"Redding, California",6781.0
2008,US,West,California,"Richmond, California",306657.0
2008,US,West,California,"Rocklin, California",47748.0
2008,US,West,California,"Roseville, California",81478.0
2008,US,West,California,"Sacramento, California",1146308.0
2008,US,West,California,"Salinas, California",15909.0
2008,US,West,California,"San Bernardino, California",8707.0
2008,US,West,California,"San Clemente Pier, California",10092.0
2008,US,West,California,"San Diego, California",912096.0
2008,US,West,California,"San Diego-Old Town, California",22531.0
2008,US,West,California,"San Jose, California",228564.0
2008,US,West,California,"San Juan Capistrano, California",263945.0
2008,US,West,California,"San Luis Obispo, California",103914.0
2008,US,West,California,"Santa Ana, California",174903.0
2008,US,West,California,"Santa Barbara, California",294968.0
2008,US,West,California,"Simi Valley, California",40821.0
2008,US,West,California,"Solana Beach, California",448081.0
2008,US,West,California,"Stockton (Downtown), California",29498.0
2008,US,West,California,"Stockton (San Joaquin St.), California",226311.0
2008,US,West,California,"Suisun-Fairfield, California",152984.0
2008,US,West,California,"Truckee, California",7801.0
2008,US,West,California,"Turlock-Denair, California",19434.0
2008,US,West,California,"Van Nuys, California",73353.0
2008,US,West,California,"Ventura, California",47732.0
2008,US,West,California,"Victorville, California",4904.0
2008,US,West,California,"Wasco, California",18635.0
2008,US,West,Colorado,"Denver, Colorado",129773.0
2008,US,West,Colorado,"Fort Morgan, Colorado",3178.0
2008,US,West,Colorado,"Glenwood Springs, Colorado",36484.0
2008,US,West,Colorado,"Granby, Colorado",3629.0
2008,US,West,Colorado,"Grand Junction, Colorado",28302.0
2008,US,West,Colorado,"La Junta, Colorado",7475.0
2008,US,West,Colorado,"Lamar, Colorado",1644.0
2008,US,West,Colorado,"Trinidad, Colorado",4628.0
2008,US,West,Colorado,"Winter Park-Fraser, Colorado",9400.0
2008,US,West,Idaho,"Sandpoint, Idaho",6181.0
2008,US,West,Montana,"Browning (winter only), Montana",2269.0
2008,US,West,Montana,"Cut Bank, Montana",3455.0
2008,US,West,Montana,"East Glacier (summer only), Montana",15759.0
2008,US,West,Montana,"Essex, Montana",4941.0
2008,US,West,Montana,"Glasgow, Montana",6351.0
2008,US,West,Montana,"Havre, Montana",17759.0
2008,US,West,Montana,"Libby, Montana",6062.0
2008,US,West,Montana,"Malta, Montana",4095.0
2008,US,West,Montana,"Shelby, Montana",18881.0
2008,US,West,Montana,"West Glacier, Montana",7396.0
2008,US,West,Montana,"Whitefish, Montana",72207.0
2008,US,West,Montana,"Wolf Point, Montana",8280.0
2008,US,West,New Mexico,"Albuquerque, New Mexico",72434.0
2008,US,West,New Mexico,"Deming, New Mexico",812.0
2008,US,West,New Mexico,"Gallup, New Mexico",12517.0
2008,US,West,New Mexico,"Lamy, New Mexico",13976.0
2008,US,West,New Mexico,"Las Vegas, New Mexico",4280.0
2008,US,West,New Mexico,"Lordsburg, New Mexico",393.0
2008,US,West,New Mexico,"Raton, New Mexico",15037.0
2008,US,West,Oregon,"Albany, Oregon",31870.0
2008,US,West,Oregon,"Chemult, Oregon",7030.0
2008,US,West,Oregon,"Eugene, Oregon",100211.0
2008,US,West,Oregon,"Klamath Falls, Oregon",31908.0
2008,US,West,Oregon,"Oregon City, Oregon",8061.0
2008,US,West,Oregon,"Portland, Oregon",598633.0
2008,US,West,Oregon,"Salem, Oregon",56436.0
2008,US,West,Utah,"Green River, Utah",1568.0
2008,US,West,Utah,"Helper, Utah",2070.0
2008,US,West,Utah,"Provo, Utah",3965.0
2008,US,West,Utah,"Salt Lake City, Utah",30937.0
2008,US,West,Washington,"Bellingham, Washington",63363.0
2008,US,West,Washington,"Bingen-White Salmon, Washington",2908.0
2008,US,West,Washington,"Centralia, Washington",22552.0
2008,US,West,Washington,"Edmonds, Washington",30876.0
2008,US,West,Washington,"Ephrata, Washington",4178.0
2008,US,West,Washington,"Everett, Washington",44514.0
2008,US,West,Washington,"Kelso-Longview, Washington",27236.0
2008,US,West,Washington,"Mount Vernon, Washington",21993.0
2008,US,West,Washington,"Olympia/Lacey, Washington",56481.0
2008,US,West,Washington,"Pasco, Washington",26517.0
2008,US,West,Washington,"Seattle, Washington",617067.0
2008,US,West,Washington,"Spokane, Washington",53196.0
2008,US,West,Washington,"Tacoma, Washington",122118.0
2008,US,West,Washington,"Tukwila, Washington",21900.0
2008,US,West,Washington,"Vancouver, Washington",97026.0
2008,US,West,Washington,"Wenatchee, Washington",19275.0
2008,US,West,Washington,"Wishram, Washington",1865.0
2009,US,Midwest,Illinois,"Alton, Illinois",57974.0
2009,US,Midwest,Illinois,"Bloomington/Normal, Illinois",192682.0
2009,US,Midwest,Illinois,"Carbondale, Illinois",107929.0
2009,US,Midwest,Illinois,"Carlinville, Illinois",10200.0
2009,US,Midwest,Illinois,"Centralia, Illinois",18738.0
2009,US,Midwest,Illinois,"Champaign-Urbana, Illinois",141745.0
2009,US,Midwest,Illinois,"Chicago, Illinois",3080564.0
2009,US,Midwest,Illinois,"Du Quoin, Illinois",8097.0
2009,US,Midwest,Illinois,"Dwight, Illinois",7897.0
2009,US,Midwest,Illinois,"Effingham, Illinois",23138.0
2009,US,Midwest,Illinois,"Galesburg, Illinois",97013.0
2009,US,Midwest,Illinois,"Gilman, Illinois",2026.0
2009,US,Midwest,Illinois,"Glenview, Illinois",66962.0
2009,US,Midwest,Illinois,"Homewood, Illinois",30865.0
2009,US,Midwest,Illinois,"Joliet, Illinois",45749.0
2009,US,Midwest,Illinois,"Kankakee, Illinois",14962.0
2009,US,Midwest,Illinois,"Kewanee, Illinois",12335.0
2009,US,Midwest,Illinois,"La Grange Road, Illinois",13813.0
2009,US,Midwest,Illinois,"Lincoln, Illinois",21431.0
2009,US,Midwest,Illinois,"Macomb, Illinois",69795.0
2009,US,Midwest,Illinois,"Mattoon, Illinois",29587.0
2009,US,Midwest,Illinois,"Mendota, Illinois",21108.0
2009,US,Midwest,Illinois,"Naperville, Illinois",47532.0
2009,US,Midwest,Illinois,"Plano, Illinois",5168.0
2009,US,Midwest,Illinois,"Pontiac, Illinois",13462.0
2009,US,Midwest,Illinois,"Princeton, Illinois",30787.0
2009,US,Midwest,Illinois,"Quincy, Illinois",46515.0
2009,US,Midwest,Illinois,"Rantoul, Illinois",3177.0
2009,US,Midwest,Illinois,"Springfield, Illinois",170550.0
2009,US,Midwest,Illinois,"Summit, Illinois",6634.0
2009,US,Midwest,Indiana,"Albany/Rensselaer, Indiana",1820.0
2009,US,Midwest,Indiana,"Connellsville, Indiana",546.0
2009,US,Midwest,Indiana,"Crawfordsville (Bus), Indiana",5298.0
2009,US,Midwest,Indiana,"Dyer, Indiana",2324.0
2009,US,Midwest,Indiana,"Elkhart, Indiana",13375.0
2009,US,Midwest,Indiana,"Hammond-Whiting, Indiana",6012.0
2009,US,Midwest,Indiana,"Indianapolis, Indiana",32546.0
2009,US,Midwest,Indiana,"Lafayette, Indiana",24677.0
2009,US,Midwest,Indiana,"Michigan City, Indiana",2288.0
2009,US,Midwest,Indiana,"South Bend, Indiana",18436.0
2009,US,Midwest,Indiana,"Waterloo, Indiana",19074.0
2009,US,Midwest,Iowa,"Burlington, Iowa",7487.0
2009,US,Midwest,Iowa,"Creston, Iowa",4831.0
2009,US,Midwest,Iowa,"Fort Madison, Iowa",7813.0
2009,US,Midwest,Iowa,"Mt. Pleasant, Iowa",15176.0
2009,US,Midwest,Iowa,"Osceola, Iowa",19423.0
2009,US,Midwest,Iowa,"Ottumwa, Iowa",11556.0
2009,US,Midwest,Kansas,"Dodge City, Kansas",4248.0
2009,US,Midwest,Kansas,"Garden City, Kansas",6930.0
2009,US,Midwest,Kansas,"Hutchinson, Kansas",4045.0
2009,US,Midwest,Kansas,"Lawrence, Kansas",4500.0
2009,US,Midwest,Kansas,"Newton, Kansas",12751.0
2009,US,Midwest,Kansas,"Topeka, Kansas",7513.0
2009,US,Midwest,Michigan,"Albion, Michigan",1539.0
2009,US,Midwest,Michigan,"Ann Arbor, Michigan",133454.0
2009,US,Midwest,Michigan,"Bangor, Michigan",3397.0
2009,US,Midwest,Michigan,"Battle Creek, Michigan",51571.0
2009,US,Midwest,Michigan,"Birmingham, Michigan",18695.0
2009,US,Midwest,Michigan,"Dearborn, Michigan",72407.0
2009,US,Midwest,Michigan,"Detroit, Michigan",60684.0
2009,US,Midwest,Michigan,"Dowagiac, Michigan",2435.0
2009,US,Midwest,Michigan,"Durand, Michigan",9283.0
2009,US,Midwest,Michigan,"East Lansing, Michigan",52010.0
2009,US,Midwest,Michigan,"Flint, Michigan",26108.0
2009,US,Midwest,Michigan,"Grand Rapids, Michigan",52393.0
2009,US,Midwest,Michigan,"Holland, Michigan",36804.0
2009,US,Midwest,Michigan,"Jackson, Michigan",27432.0
2009,US,Midwest,Michigan,"Kalamazoo, Michigan",112804.0
2009,US,Midwest,Michigan,"Lapeer, Michigan",7023.0
2009,US,Midwest,Michigan,"New Buffalo, Michigan",3952.0
2009,US,Midwest,Michigan,"Niles, Michigan",18329.0
2009,US,Midwest,Michigan,"Pontiac, Michigan",14512.0
2009,US,Midwest,Michigan,"Port Huron, Michigan",13967.0
2009,US,Midwest,Michigan,"Royal Oak, Michigan",29382.0
2009,US,Midwest,Michigan,"St. Joseph/Benton Harbor, Michigan",8470.0
2009,US,Midwest,Minnesota,"Detroit Lakes, Minnesota",4522.0
2009,US,Midwest,Minnesota,"Red Wing, Minnesota",10642.0
2009,US,Midwest,Minnesota,"St. Cloud, Minnesota",11952.0
2009,US,Midwest,Minnesota,"St. Paul-Minneapolis, Minnesota",133674.0
2009,US,Midwest,Minnesota,"Staples, Minnesota",6269.0
2009,US,Midwest,Minnesota,"Winona, Minnesota",24886.0
2009,US,Midwest,Missouri,"Hermann, Missouri",11559.0
2009,US,Midwest,Missouri,"Independence, Missouri",7310.0
2009,US,Midwest,Missouri,"Jefferson City, Missouri",48114.0
2009,US,Midwest,Missouri,"Kansas City, Missouri",123789.0
2009,US,Midwest,Missouri,"Kirkwood, Missouri",41967.0
2009,US,Midwest,Missouri,"La Plata, Missouri",10579.0
2009,US,Midwest,Missouri,"Lee’s Summit, Missouri",21360.0
2009,US,Midwest,Missouri,"Poplar Bluff, Missouri",4170.0
2009,US,Midwest,Missouri,"Sedalia, Missouri",9912.0
2009,US,Midwest,Missouri,"St. Louis, Missouri",278778.0
2009,US,Midwest,Missouri,"Warrensburg, Missouri",11695.0
2009,US,Midwest,Missouri,"Washington, Missouri",12694.0
2009,US,Midwest,Nebraska,"Hastings, Nebraska",4633.0
2009,US,Midwest,Nebraska,"Holdrege, Nebraska",1739.0
2009,US,Midwest,Nebraska,"Lincoln, Nebraska",10968.0
2009,US,Midwest,Nebraska,"McCook, Nebraska",2899.0
2009,US,Midwest,Nebraska,"Omaha, Nebraska",22846.0
2009,US,Midwest,North Dakota,"Devils Lake, North Dakota",5740.0
2009,US,Midwest,North Dakota,"Fargo, North Dakota",21514.0
2009,US,Midwest,North Dakota,"Grand Forks, North Dakota",17928.0
2009,US,Midwest,North Dakota,"Minot, North Dakota",39136.0
2009,US,Midwest,North Dakota,"Rugby, North Dakota",5906.0
2009,US,Midwest,North Dakota,"Stanley, North Dakota",3921.0
2009,US,Midwest,North Dakota,"Williston, North Dakota",21793.0
2009,US,Midwest,Ohio,"Alliance, Ohio",3364.0
2009,US,Midwest,Ohio,"Bryan, Ohio",5942.0
2009,US,Midwest,Ohio,"Cincinnati, Ohio",14777.0
2009,US,Midwest,Ohio,"Cleveland, Ohio",39371.0
2009,US,Midwest,Ohio,"Elyria, Ohio",3719.0
2009,US,Midwest,Ohio,"Sandusky, Ohio",6513.0
2009,US,Midwest,Ohio,"Toledo, Ohio",54488.0
2009,US,Midwest,Wisconsin,"Columbus, Wisconsin",17338.0
2009,US,Midwest,Wisconsin,"La Crosse, Wisconsin",30569.0
2009,US,Midwest,Wisconsin,"Milwaukee Airport, Wisconsin",147299.0
2009,US,Midwest,Wisconsin,"Milwaukee, Wisconsin",553475.0
2009,US,Midwest,Wisconsin,"Portage, Wisconsin",6965.0
2009,US,Midwest,Wisconsin,"Sturtevant, Wisconsin",71369.0
2009,US,Midwest,Wisconsin,"Tomah, Wisconsin",10225.0
2009,US,Midwest,Wisconsin,"Wisconsin Dells, Wisconsin",13549.0
2009,US,Northeast,Connecticut,"Berlin, Connecticut",20555.0
2009,US,Northeast,Connecticut,"Bridgeport, Connecticut",70765.0
2009,US,Northeast,Connecticut,"Hartford, Connecticut",157791.0
2009,US,Northeast,Connecticut,"Meriden, Connecticut",31571.0
2009,US,Northeast,Connecticut,"Mystic, Connecticut",19776.0
2009,US,Northeast,Connecticut,"New Haven, Connecticut",661656.0
2009,US,Northeast,Connecticut,"New London, Connecticut",159317.0
2009,US,Northeast,Connecticut,"Old Saybrook, Connecticut",61997.0
2009,US,Northeast,Connecticut,"Stamford, Connecticut",337674.0
2009,US,Northeast,Connecticut,"Wallingford, Connecticut",14867.0
2009,US,Northeast,Connecticut,"Windsor Locks, Connecticut",14527.0
2009,US,Northeast,Connecticut,"Windsor, Connecticut",9793.0
2009,US,Northeast,Maine,"Old Orchard Beach, Maine",12120.0
2009,US,Northeast,Maine,"Portland, Maine",163983.0
2009,US,Northeast,Maine,"Saco-Biddeford, Maine",38464.0
2009,US,Northeast,Maine,"Wells, Maine",46177.0
2009,US,Northeast,Massachusetts,"Amherst, Massachusetts",13581.0
2009,US,Northeast,Massachusetts,"Boston-Back Bay, Massachusetts",398240.0
2009,US,Northeast,Massachusetts,"Boston-North Station, Massachusetts",403203.0
2009,US,Northeast,Massachusetts,"Boston-South Station, Massachusetts",1287615.0
2009,US,Northeast,Massachusetts,"Framingham, Massachusetts",1778.0
2009,US,Northeast,Massachusetts,"Haverhill, Massachusetts",36159.0
2009,US,Northeast,Massachusetts,"Pittsfield, Massachusetts",6700.0
2009,US,Northeast,Massachusetts,"Route 128 (Boston), Massachusetts",366649.0
2009,US,Northeast,Massachusetts,"Springfield, Massachusetts",111215.0
2009,US,Northeast,Massachusetts,"Woburn, Massachusetts",14620.0
2009,US,Northeast,Massachusetts,"Worcester, Massachusetts",6701.0
2009,US,Northeast,New Hampshire,"Claremont, New Hampshire",1773.0
2009,US,Northeast,New Hampshire,"Dover, New Hampshire",53681.0
2009,US,Northeast,New Hampshire,"Durham-UNH, New Hampshire",61262.0
2009,US,Northeast,New Hampshire,"Exeter, New Hampshire",91279.0
2009,US,Northeast,New Jersey,"Metropark, New Jersey",369477.0
2009,US,Northeast,New Jersey,"New Brunswick, New Jersey",7204.0
2009,US,Northeast,New Jersey,"Newark Airport, New Jersey",109517.0
2009,US,Northeast,New Jersey,"Newark, New Jersey",630939.0
2009,US,Northeast,New Jersey,"Princeton Junction, New Jersey",40623.0
2009,US,Northeast,New Jersey,"Trenton, New Jersey",411869.0
2009,US,Northeast,New York,"Albany-Rensselaer, New York",723913.0
2009,US,Northeast,New York,"Amsterdam, New York",7628.0
2009,US,Northeast,New York,"Buffalo-Depew, New York",94973.0
2009,US,Northeast,New York,"Buffalo-Exchange Street, New York",23742.0
2009,US,Northeast,New York,"Croton-Harmon, New York",42003.0
2009,US,Northeast,New York,"Fort Edward, New York",6641.0
2009,US,Northeast,New York,"Hudson, New York",143821.0
2009,US,Northeast,New York,"New Rochelle, New York",79674.0
2009,US,Northeast,New York,"New York City (Penn Station), New York",7832874.0
2009,US,Northeast,New York,"Niagara Falls, New York",23754.0
2009,US,Northeast,New York,"Plattsburgh, New York",10265.0
2009,US,Northeast,New York,"Port Henry, New York",2493.0
2009,US,Northeast,New York,"Port Kent, New York",867.0
2009,US,Northeast,New York,"Poughkeepsie, New York",67492.0
2009,US,Northeast,New York,"Rhinecliff, New York",148764.0
2009,US,Northeast,New York,"Rochester, New York",105206.0
2009,US,Northeast,New York,"Rome, New York",7733.0
2009,US,Northeast,New York,"Rouses Point, New York",1046.0
2009,US,Northeast,New York,"Saratoga Springs, New York",29859.0
2009,US,Northeast,New York,"Schenectady, New York",51882.0
2009,US,Northeast,New York,"Syracuse, New York",128254.0
2009,US,Northeast,New York,"Ticonderoga, New York",1560.0
2009,US,Northeast,New York,"Utica, New York",56247.0
2009,US,Northeast,New York,"Westport, New York",4639.0
2009,US,Northeast,New York,"Whitehall, New York",1362.0
2009,US,Northeast,New York,"Yonkers, New York",18850.0
2009,US,Northeast,Pennsylvania,"Altoona, Pennsylvania",26669.0
2009,US,Northeast,Pennsylvania,"Ardmore, Pennsylvania",47775.0
2009,US,Northeast,Pennsylvania,"Coatesville, Pennsylvania",12597.0
2009,US,Northeast,Pennsylvania,"Connellsville, Pennsylvania",4481.0
2009,US,Northeast,Pennsylvania,"Cornwells Heights, Pennsylvania",5860.0
2009,US,Northeast,Pennsylvania,"Downingtown, Pennsylvania",51822.0
2009,US,Northeast,Pennsylvania,"Elizabethtown, Pennsylvania",95173.0
2009,US,Northeast,Pennsylvania,"Erie, Pennsylvania",12668.0
2009,US,Northeast,Pennsylvania,"Exton, Pennsylvania",72914.0
2009,US,Northeast,Pennsylvania,"Greensburg, Pennsylvania",12393.0
2009,US,Northeast,Pennsylvania,"Harrisburg, Pennsylvania",539167.0
2009,US,Northeast,Pennsylvania,"Huntingdon, Pennsylvania",5187.0
2009,US,Northeast,Pennsylvania,"Johnstown, Pennsylvania",20485.0
2009,US,Northeast,Pennsylvania,"Lancaster, Pennsylvania",492629.0
2009,US,Northeast,Pennsylvania,"Latrobe, Pennsylvania",4224.0
2009,US,Northeast,Pennsylvania,"Lewistown, Pennsylvania",10118.0
2009,US,Northeast,Pennsylvania,"Middletown, Pennsylvania",58453.0
2009,US,Northeast,Pennsylvania,"Mount Joy, Pennsylvania",56796.0
2009,US,Northeast,Pennsylvania,"Paoli, Pennsylvania",138817.0
2009,US,Northeast,Pennsylvania,"Parkesburg, Pennsylvania",45233.0
2009,US,Northeast,Pennsylvania,"Philadelphia William H. Gray III 30th Street, Pennsylvania",3675761.0
2009,US,Northeast,Pennsylvania,"Philadelphia-North, Pennsylvania",254.0
2009,US,Northeast,Pennsylvania,"Pittsburgh, Pennsylvania",135642.0
2009,US,Northeast,Pennsylvania,"Tyrone, Pennsylvania",3573.0
2009,US,Northeast,Rhode Island,"Kingston, Rhode Island",153023.0
2009,US,Northeast,Rhode Island,"Providence, Rhode Island",582296.0
2009,US,Northeast,Rhode Island,"Westerly, Rhode Island",38792.0
2009,US,Northeast,Vermont,"Bellows Falls, Vermont",4092.0
2009,US,Northeast,Vermont,"Brattleboro, Vermont",13087.0
2009,US,Northeast,Vermont,"Castleton, Vermont",0.0
2009,US,Northeast,Vermont,"Essex Junction, Vermont",16702.0
2009,US,Northeast,Vermont,"Fair Haven, Vermont",2763.0
2009,US,Northeast,Vermont,"Montpelier, Vermont",5788.0
2009,US,Northeast,Vermont,"Randolph, Vermont",1668.0
2009,US,Northeast,Vermont,"Rutland, Vermont",14818.0
2009,US,Northeast,Vermont,"St. Albans, Vermont",2737.0
2009,US,Northeast,Vermont,"Waterbury, Vermont",4275.0
2009,US,Northeast,Vermont,"White River Junction, Vermont",15686.0
2009,US,Northeast,Vermont,"Windsor, Vermont",1051.0
2009,US,South,Alabama,"Anniston, Alabama",4909.0
2009,US,South,Alabama,"Birmingham, Alabama",33413.0
2009,US,South,Alabama,"Tuscaloosa, Alabama",9635.0
2009,US,South,Arkansas,"Arkadelphia, Arkansas",1365.0
2009,US,South,Arkansas,"Little Rock, Arkansas",19731.0
2009,US,South,Arkansas,"Malvern, Arkansas",1702.0
2009,US,South,Arkansas,"Texarkana, Arkansas",6681.0
2009,US,South,Arkansas,"Walnut Ridge, Arkansas",3785.0
2009,US,South,Delaware,"Newark, Delaware",9479.0
2009,US,South,Delaware,"Wilmington, Delaware",664429.0
2009,US,South,District of Columbia,"Washington Union Station, District of Columbia",4278930.0
2009,US,South,Florida,"DeLand, Florida",25965.0
2009,US,South,Florida,"Deerfield Beach, Florida",27506.0
2009,US,South,Florida,"Delray Beach, Florida",10232.0
2009,US,South,Florida,"Fort Lauderdale, Florida",49609.0
2009,US,South,Florida,"Hollywood, Florida",34532.0
2009,US,South,Florida,"Jacksonville, Florida",65051.0
2009,US,South,Florida,"Kissimmee, Florida",41054.0
2009,US,South,Florida,"Lakeland, Florida",22212.0
2009,US,South,Florida,"Miami, Florida",81582.0
2009,US,South,Florida,"Okeechobee, Florida",3521.0
2009,US,South,Florida,"Orlando, Florida",145775.0
2009,US,South,Florida,"Palatka, Florida",12522.0
2009,US,South,Florida,"Sanford (Auto Train Station), Florida",232955.0
2009,US,South,Florida,"Sebring, Florida",16982.0
2009,US,South,Florida,"Tampa, Florida",110857.0
2009,US,South,Florida,"West Palm Beach, Florida",54119.0
2009,US,South,Florida,"Winter Haven, Florida",22881.0
2009,US,South,Florida,"Winter Park, Florida",30948.0
2009,US,South,Georgia,"Atlanta, Georgia",96453.0
2009,US,South,Georgia,"Gainesville, Georgia",5056.0
2009,US,South,Georgia,"Jesup, Georgia",8712.0
2009,US,South,Georgia,"Savannah, Georgia",56171.0
2009,US,South,Georgia,"Toccoa, Georgia",3204.0
2009,US,South,Kentucky,"Ashland, Kentucky",2925.0
2009,US,South,Kentucky,"Fulton, Kentucky",3445.0
2009,US,South,Kentucky,"Maysville, Kentucky",1855.0
2009,US,South,Kentucky,"South Shore-South Portsmouth, Kentucky",771.0
2009,US,South,Louisiana,"Hammond, Louisiana",14717.0
2009,US,South,Louisiana,"Lafayette, Louisiana",4606.0
2009,US,South,Louisiana,"Lake Charles, Louisiana",2716.0
2009,US,South,Louisiana,"New Iberia, Louisiana",1270.0
2009,US,South,Louisiana,"New Orleans, Louisiana",157574.0
2009,US,South,Louisiana,"Schriever, Louisiana",1072.0
2009,US,South,Louisiana,"Slidell, Louisiana",6276.0
2009,US,South,Maryland,"Aberdeen, Maryland",44495.0
2009,US,South,Maryland,"BWI Thurgood Marshall Airport, Maryland",617349.0
2009,US,South,Maryland,"Baltimore, Maryland",932827.0
2009,US,South,Maryland,"Cumberland, Maryland",11484.0
2009,US,South,Maryland,"New Carrollton, Maryland",179344.0
2009,US,South,Maryland,"Rockville, Maryland",3345.0
2009,US,South,Mississippi,"Brookhaven, Mississippi",5150.0
2009,US,South,Mississippi,"Greenwood, Mississippi",14409.0
2009,US,South,Mississippi,"Hattiesburg, Mississippi",11168.0
2009,US,South,Mississippi,"Hazlehurst, Mississippi",2056.0
2009,US,South,Mississippi,"Jackson, Mississippi",45030.0
2009,US,South,Mississippi,"Laurel, Mississippi",5367.0
2009,US,South,Mississippi,"McComb, Mississippi",7174.0
2009,US,South,Mississippi,"Meridian, Mississippi",11646.0
2009,US,South,Mississippi,"Picayune, Mississippi",2757.0
2009,US,South,Mississippi,"Yazoo City, Mississippi",3945.0
2009,US,South,North Carolina,"Burlington, North Carolina",15685.0
2009,US,South,North Carolina,"Cary, North Carolina",31980.0
2009,US,South,North Carolina,"Charlotte, North Carolina",134173.0
2009,US,South,North Carolina,"Durham, North Carolina",52444.0
2009,US,South,North Carolina,"Fayetteville, North Carolina",48924.0
2009,US,South,North Carolina,"Gastonia, North Carolina",1546.0
2009,US,South,North Carolina,"Greensboro, North Carolina",90290.0
2009,US,South,North Carolina,"Hamlet, North Carolina",5197.0
2009,US,South,North Carolina,"High Point, North Carolina",25273.0
2009,US,South,North Carolina,"Kannapolis, North Carolina",11916.0
2009,US,South,North Carolina,"Raleigh, North Carolina",141234.0
2009,US,South,North Carolina,"Rocky Mount, North Carolina",58487.0
2009,US,South,North Carolina,"Salisbury, North Carolina",23201.0
2009,US,South,North Carolina,"Selma-Smithfield, North Carolina",11241.0
2009,US,South,North Carolina,"Southern Pines, North Carolina",6239.0
2009,US,South,North Carolina,"Wilson, North Carolina",40091.0
2009,US,South,Oklahoma,"Ardmore, Oklahoma",9094.0
2009,US,South,Oklahoma,"Norman, Oklahoma",12573.0
2009,US,South,Oklahoma,"Oklahoma City, Oklahoma",48434.0
2009,US,South,Oklahoma,"Pauls Valley, Oklahoma",5393.0
2009,US,South,Oklahoma,"Purcell, Oklahoma",2073.0
2009,US,South,South Carolina,"Camden, South Carolina",3940.0
2009,US,South,South Carolina,"Charleston, South Carolina",68868.0
2009,US,South,South Carolina,"Clemson, South Carolina",5988.0
2009,US,South,South Carolina,"Columbia, South Carolina",37065.0
2009,US,South,South Carolina,"Denmark, South Carolina",4617.0
2009,US,South,South Carolina,"Dillon, South Carolina",7126.0
2009,US,South,South Carolina,"Florence, South Carolina",45478.0
2009,US,South,South Carolina,"Greenville, South Carolina",15874.0
2009,US,South,South Carolina,"Kingstree, South Carolina",12733.0
2009,US,South,South Carolina,"Spartanburg, South Carolina",4102.0
2009,US,South,South Carolina,"Yemassee, South Carolina",12346.0
2009,US,South,Tennessee,"Memphis, Tennessee",52507.0
2009,US,South,Tennessee,"Newbern-Dyersberg, Tennessee",3016.0
2009,US,South,Texas,"Alpine, Texas",3497.0
2009,US,South,Texas,"Austin, Texas",25404.0
2009,US,South,Texas,"Beaumont, Texas",1769.0
2009,US,South,Texas,"Cleburne, Texas",2455.0
2009,US,South,Texas,"Dallas, Texas",39592.0
2009,US,South,Texas,"Del Rio, Texas",1849.0
2009,US,South,Texas,"El Paso, Texas",9397.0
2009,US,South,Texas,"Fort Worth, Texas",104107.0
2009,US,South,Texas,"Gainesville, Texas",8018.0
2009,US,South,Texas,"Houston, Texas",16191.0
2009,US,South,Texas,"Longview, Texas",28828.0
2009,US,South,Texas,"Marshall, Texas",6988.0
2009,US,South,Texas,"McGregor, Texas",4238.0
2009,US,South,Texas,"Mineola, Texas",4952.0
2009,US,South,Texas,"San Antonio, Texas",48804.0
2009,US,South,Texas,"San Marcos, Texas",4339.0
2009,US,South,Texas,"Sanderson, Texas",205.0
2009,US,South,Texas,"Taylor, Texas",3908.0
2009,US,South,Texas,"Temple, Texas",15163.0
2009,US,South,Virginia,"Alexandria, Virginia",120815.0
2009,US,South,Virginia,"Ashland, Virginia",16634.0
2009,US,South,Virginia,"Burke Centre, Virginia",0.0
2009,US,South,Virginia,"Charlottesville, Virginia",52546.0
2009,US,South,Virginia,"Clifton Forge, Virginia",3703.0
2009,US,South,Virginia,"Culpeper, Virginia",4814.0
2009,US,South,Virginia,"Danville, Virginia",5870.0
2009,US,South,Virginia,"Franconia-Springfield, Virginia",2674.0
2009,US,South,Virginia,"Fredericksburg, Virginia",54053.0
2009,US,South,Virginia,"Lorton (Auto Train), Virginia",232955.0
2009,US,South,Virginia,"Lynchburg, Virginia",23641.0
2009,US,South,Virginia,"Manassas, Virginia",9204.0
2009,US,South,Virginia,"Newport News, Virginia",110226.0
2009,US,South,Virginia,"Petersburg, Virginia",20558.0
2009,US,South,Virginia,"Quantico, Virginia",22114.0
2009,US,South,Virginia,"Richmond - Main Street, Virginia",23576.0
2009,US,South,Virginia,"Richmond - Staples Mill, Virginia",256006.0
2009,US,South,Virginia,"Staunton, Virginia",6105.0
2009,US,South,Virginia,"Williamsburg, Virginia",48688.0
2009,US,South,Virginia,"Woodbridge, Virginia",10848.0
2009,US,South,West Virginia,"Alderson, West Virginia",624.0
2009,US,South,West Virginia,"Charleston, West Virginia",9733.0
2009,US,South,West Virginia,"Harpers Ferry, West Virginia",4259.0
2009,US,South,West Virginia,"Hinton, West Virginia",10036.0
2009,US,South,West Virginia,"Huntington, West Virginia",12706.0
2009,US,South,West Virginia,"Martinsburg, West Virginia",6956.0
2009,US,South,West Virginia,"Montgomery, West Virginia",474.0
2009,US,South,West Virginia,"Prince, West Virginia",3292.0
2009,US,South,West Virginia,"Thurmond, West Virginia",277.0
2009,US,South,West Virginia,"White Sulphur Springs, West Virginia",4438.0
2009,US,West,Arizona,"Benson, Arizona",1098.0
2009,US,West,Arizona,"Flagstaff, Arizona",36852.0
2009,US,West,Arizona,"Kingman, Arizona",9537.0
2009,US,West,Arizona,"Maricopa, Arizona",7662.0
2009,US,West,Arizona,"Tucson, Arizona",18031.0
2009,US,West,Arizona,"Williams Junction, Arizona",6341.0
2009,US,West,Arizona,"Winslow, Arizona",4834.0
2009,US,West,Arizona,"Yuma, Arizona",3689.0
2009,US,West,California,"Anaheim, California",335562.0
2009,US,West,California,"Antioch-Pittsburg, California",28889.0
2009,US,West,California,"Auburn, California",31765.0
2009,US,West,California,"Bakersfield, California",395254.0
2009,US,West,California,"Barstow, California",3531.0
2009,US,West,California,"Berkeley, California",124218.0
2009,US,West,California,"Burbank, California",39994.0
2009,US,West,California,"Camarillo, California",29716.0
2009,US,West,California,"Carpinteria, California",18565.0
2009,US,West,California,"Chatsworth, California",47943.0
2009,US,West,California,"Chico, California",8526.0
2009,US,West,California,"Colfax, California",3792.0
2009,US,West,California,"Corcoran, California",25749.0
2009,US,West,California,"Davis, California",434779.0
2009,US,West,California,"Dunsmuir, California",3950.0
2009,US,West,California,"Emeryville, California",520969.0
2009,US,West,California,"Fremont, California",38402.0
2009,US,West,California,"Fresno, California",334966.0
2009,US,West,California,"Fullerton, California",417649.0
2009,US,West,California,"Glendale, California",36293.0
2009,US,West,California,"Goleta, California",55198.0
2009,US,West,California,"Great America (Santa Clara), California",99289.0
2009,US,West,California,"Grover Beach, California",16703.0
2009,US,West,California,"Guadalupe-Santa Maria, California",9836.0
2009,US,West,California,"Hanford, California",182446.0
2009,US,West,California,"Hayward, California",29976.0
2009,US,West,California,"Irvine, California",629748.0
2009,US,West,California,"Laguna Niguel, California",2110.0
2009,US,West,California,"Lodi, California",7396.0
2009,US,West,California,"Lompoc-Surf, California",7274.0
2009,US,West,California,"Los Angeles, California",1475920.0
2009,US,West,California,"Madera, California",17071.0
2009,US,West,California,"Martinez, California",394814.0
2009,US,West,California,"Merced, California",96488.0
2009,US,West,California,"Metrolink Station Orange, California 92866",1804.0
2009,US,West,California,"Modesto, California",91565.0
2009,US,West,California,"Moorpark, California",13772.0
2009,US,West,California,"Moreno Valley, California",9769.0
2009,US,West,California,"Needles, California",8225.0
2009,US,West,California,"Oakland Coliseum, California",19440.0
2009,US,West,California,"Oakland, California",347538.0
2009,US,West,California,"Oceanside, California",303546.0
2009,US,West,California,"Ontario, California",4415.0
2009,US,West,California,"Oxnard, California",74256.0
2009,US,West,California,"Palm Springs, California",5916.0
2009,US,West,California,"Paso Robles, California",9513.0
2009,US,West,California,"Pomona, California",1764.0
2009,US,West,California,"Redding, California",8985.0
2009,US,West,California,"Richmond, California",282357.0
2009,US,West,California,"Rocklin, California",38758.0
2009,US,West,California,"Roseville, California",78299.0
2009,US,West,California,"Sacramento, California",1109351.0
2009,US,West,California,"Salinas, California",17316.0
2009,US,West,California,"San Bernardino, California",9161.0
2009,US,West,California,"San Clemente Pier, California",9963.0
2009,US,West,California,"San Diego, California",731394.0
2009,US,West,California,"San Diego-Old Town, California",18121.0
2009,US,West,California,"San Jose, California",206971.0
2009,US,West,California,"San Juan Capistrano, California",224924.0
2009,US,West,California,"San Luis Obispo, California",92204.0
2009,US,West,California,"Santa Ana, California",153811.0
2009,US,West,California,"Santa Barbara, California",262774.0
2009,US,West,California,"Simi Valley, California",36696.0
2009,US,West,California,"Solana Beach, California",411687.0
2009,US,West,California,"Stockton (Downtown), California",32952.0
2009,US,West,California,"Stockton (San Joaquin St.), California",223268.0
2009,US,West,California,"Suisun-Fairfield, California",165283.0
2009,US,West,California,"Truckee, California",8446.0
2009,US,West,California,"Turlock-Denair, California",18726.0
2009,US,West,California,"Van Nuys, California",67822.0
2009,US,West,California,"Ventura, California",42618.0
2009,US,West,California,"Victorville, California",5078.0
2009,US,West,California,"Wasco, California",17291.0
2009,US,West,Colorado,"Denver, Colorado",120236.0
2009,US,West,Colorado,"Fort Morgan, Colorado",2979.0
2009,US,West,Colorado,"Glenwood Springs, Colorado",29371.0
2009,US,West,Colorado,"Granby, Colorado",3021.0
2009,US,West,Colorado,"Grand Junction, Colorado",23392.0
2009,US,West,Colorado,"La Junta, Colorado",6809.0
2009,US,West,Colorado,"Lamar, Colorado",1722.0
2009,US,West,Colorado,"Trinidad, Colorado",3923.0
2009,US,West,Colorado,"Winter Park-Fraser, Colorado",8390.0
2009,US,West,Idaho,"Sandpoint, Idaho",5675.0
2009,US,West,Montana,"Browning (winter only), Montana",1975.0
2009,US,West,Montana,"Cut Bank, Montana",2931.0
2009,US,West,Montana,"East Glacier (summer only), Montana",13146.0
2009,US,West,Montana,"Essex, Montana",4280.0
2009,US,West,Montana,"Glasgow, Montana",5749.0
2009,US,West,Montana,"Havre, Montana",16928.0
2009,US,West,Montana,"Libby, Montana",5393.0
2009,US,West,Montana,"Malta, Montana",3611.0
2009,US,West,Montana,"Shelby, Montana",15972.0
2009,US,West,Montana,"West Glacier, Montana",6644.0
2009,US,West,Montana,"Whitefish, Montana",62492.0
2009,US,West,Montana,"Wolf Point, Montana",7457.0
2009,US,West,Nevada,"Elko, Nevada",5279.0
2009,US,West,Nevada,"Reno, Nevada",67310.0
2009,US,West,Nevada,"Sparks, Nevada (Train Stop)",1168.0
2009,US,West,Nevada,"Winnemucca, Nevada",2750.0
2009,US,West,New Mexico,"Albuquerque, New Mexico",67751.0
2009,US,West,New Mexico,"Deming, New Mexico",844.0
2009,US,West,New Mexico,"Gallup, New Mexico",12340.0
2009,US,West,New Mexico,"Lamy, New Mexico",13012.0
2009,US,West,New Mexico,"Las Vegas, New Mexico",4456.0
2009,US,West,New Mexico,"Lordsburg, New Mexico",404.0
2009,US,West,New Mexico,"Raton, New Mexico",15066.0
2009,US,West,Oregon,"Albany, Oregon",35735.0
2009,US,West,Oregon,"Chemult, Oregon",8717.0
2009,US,West,Oregon,"Eugene, Oregon",104481.0
2009,US,West,Oregon,"Klamath Falls, Oregon",29382.0
2009,US,West,Oregon,"Oregon City, Oregon",7787.0
2009,US,West,Oregon,"Portland, Oregon",618131.0
2009,US,West,Oregon,"Salem, Oregon",61783.0
2009,US,West,Utah,"Green River, Utah",1585.0
2009,US,West,Utah,"Helper, Utah",1441.0
2009,US,West,Utah,"Provo, Utah",3561.0
2009,US,West,Utah,"Salt Lake City, Utah",31319.0
2009,US,West,Washington,"Bellingham, Washington",63805.0
2009,US,West,Washington,"Bingen-White Salmon, Washington",2825.0
2009,US,West,Washington,"Centralia, Washington",24163.0
2009,US,West,Washington,"Edmonds, Washington",31225.0
2009,US,West,Washington,"Ephrata, Washington",3941.0
2009,US,West,Washington,"Everett, Washington",42982.0
2009,US,West,Washington,"Kelso-Longview, Washington",27480.0
2009,US,West,Washington,"Leavenworth, Washington",80.0
2009,US,West,Washington,"Mount Vernon, Washington",22079.0
2009,US,West,Washington,"Olympia/Lacey, Washington",60604.0
2009,US,West,Washington,"Pasco, Washington",25006.0
2009,US,West,Washington,"Seattle, Washington",615735.0
2009,US,West,Washington,"Spokane, Washington",47891.0
2009,US,West,Washington,"Tacoma, Washington",124291.0
2009,US,West,Washington,"Tukwila, Washington",22075.0
2009,US,West,Washington,"Vancouver, Washington",99086.0
2009,US,West,Washington,"Wenatchee, Washington",17519.0
2009,US,West,Washington,"Wishram, Washington",1400.0
2010,US,Midwest,Illinois,"Alton, Illinois",64674.0
2010,US,Midwest,Illinois,"Bloomington/Normal, Illinois",209629.0
2010,US,Midwest,Illinois,"Carbondale, Illinois",116094.0
2010,US,Midwest,Illinois,"Carlinville, Illinois",11364.0
2010,US,Midwest,Illinois,"Centralia, Illinois",22009.0
2010,US,Midwest,Illinois,"Champaign-Urbana, Illinois",142406.0
2010,US,Midwest,Illinois,"Chicago, Illinois",3288054.0
2010,US,Midwest,Illinois,"Du Quoin, Illinois",9250.0
2010,US,Midwest,Illinois,"Dwight, Illinois",9911.0
2010,US,Midwest,Illinois,"Effingham, Illinois",22394.0
2010,US,Midwest,Illinois,"Galesburg, Illinois",102851.0
2010,US,Midwest,Illinois,"Gilman, Illinois",2172.0
2010,US,Midwest,Illinois,"Glenview, Illinois",66629.0
2010,US,Midwest,Illinois,"Homewood, Illinois",34233.0
2010,US,Midwest,Illinois,"Joliet, Illinois",53322.0
2010,US,Midwest,Illinois,"Kankakee, Illinois",17519.0
2010,US,Midwest,Illinois,"Kewanee, Illinois",13635.0
2010,US,Midwest,Illinois,"La Grange Road, Illinois",14252.0
2010,US,Midwest,Illinois,"Lincoln, Illinois",23723.0
2010,US,Midwest,Illinois,"Macomb, Illinois",72717.0
2010,US,Midwest,Illinois,"Mattoon, Illinois",32818.0
2010,US,Midwest,Illinois,"Mendota, Illinois",21082.0
2010,US,Midwest,Illinois,"Naperville, Illinois",50733.0
2010,US,Midwest,Illinois,"Plano, Illinois",5481.0
2010,US,Midwest,Illinois,"Pontiac, Illinois",15478.0
2010,US,Midwest,Illinois,"Princeton, Illinois",31644.0
2010,US,Midwest,Illinois,"Quincy, Illinois",46279.0
2010,US,Midwest,Illinois,"Rantoul, Illinois",4085.0
2010,US,Midwest,Illinois,"Springfield, Illinois",190172.0
2010,US,Midwest,Illinois,"Summit, Illinois",7912.0
2010,US,Midwest,Indiana,"Albany/Rensselaer, Indiana",1848.0
2010,US,Midwest,Indiana,"Connellsville, Indiana",659.0
2010,US,Midwest,Indiana,"Crawfordsville (Bus), Indiana",5488.0
2010,US,Midwest,Indiana,"Dyer, Indiana",2257.0
2010,US,Midwest,Indiana,"Elkhart, Indiana",16080.0
2010,US,Midwest,Indiana,"Hammond-Whiting, Indiana",6638.0
2010,US,Midwest,Indiana,"Indianapolis, Indiana",32125.0
2010,US,Midwest,Indiana,"Lafayette, Indiana",25805.0
2010,US,Midwest,Indiana,"Michigan City, Indiana",3395.0
2010,US,Midwest,Indiana,"South Bend, Indiana",21063.0
2010,US,Midwest,Indiana,"Waterloo, Indiana",21372.0
2010,US,Midwest,Iowa,"Burlington, Iowa",8744.0
2010,US,Midwest,Iowa,"Creston, Iowa",4803.0
2010,US,Midwest,Iowa,"Fort Madison, Iowa",7656.0
2010,US,Midwest,Iowa,"Mt. Pleasant, Iowa",16063.0
2010,US,Midwest,Iowa,"Osceola, Iowa",19095.0
2010,US,Midwest,Iowa,"Ottumwa, Iowa",12383.0
2010,US,Midwest,Kansas,"Dodge City, Kansas",4847.0
2010,US,Midwest,Kansas,"Garden City, Kansas",7075.0
2010,US,Midwest,Kansas,"Hutchinson, Kansas",4519.0
2010,US,Midwest,Kansas,"Lawrence, Kansas",5096.0
2010,US,Midwest,Kansas,"Newton, Kansas",13926.0
2010,US,Midwest,Kansas,"Topeka, Kansas",8618.0
2010,US,Midwest,Michigan,"Albion, Michigan",1636.0
2010,US,Midwest,Michigan,"Ann Arbor, Michigan",140735.0
2010,US,Midwest,Michigan,"Bangor, Michigan",3803.0
2010,US,Midwest,Michigan,"Battle Creek, Michigan",52057.0
2010,US,Midwest,Michigan,"Birmingham, Michigan",22286.0
2010,US,Midwest,Michigan,"Dearborn, Michigan",80502.0
2010,US,Midwest,Michigan,"Detroit, Michigan",67971.0
2010,US,Midwest,Michigan,"Dowagiac, Michigan",3169.0
2010,US,Midwest,Michigan,"Durand, Michigan",10198.0
2010,US,Midwest,Michigan,"East Lansing, Michigan",59812.0
2010,US,Midwest,Michigan,"Flint, Michigan",30261.0
2010,US,Midwest,Michigan,"Grand Rapids, Michigan",52273.0
2010,US,Midwest,Michigan,"Holland, Michigan",37273.0
2010,US,Midwest,Michigan,"Jackson, Michigan",28506.0
2010,US,Midwest,Michigan,"Kalamazoo, Michigan",113061.0
2010,US,Midwest,Michigan,"Lapeer, Michigan",8152.0
2010,US,Midwest,Michigan,"New Buffalo, Michigan",9967.0
2010,US,Midwest,Michigan,"Niles, Michigan",18488.0
2010,US,Midwest,Michigan,"Pontiac, Michigan",15981.0
2010,US,Midwest,Michigan,"Port Huron, Michigan",17580.0
2010,US,Midwest,Michigan,"Royal Oak, Michigan",34306.0
2010,US,Midwest,Michigan,"St. Joseph/Benton Harbor, Michigan",9999.0
2010,US,Midwest,Minnesota,"Detroit Lakes, Minnesota",4792.0
2010,US,Midwest,Minnesota,"Red Wing, Minnesota",10691.0
2010,US,Midwest,Minnesota,"St. Cloud, Minnesota",12459.0
2010,US,Midwest,Minnesota,"St. Paul-Minneapolis, Minnesota",128658.0
2010,US,Midwest,Minnesota,"Staples, Minnesota",5157.0
2010,US,Midwest,Minnesota,"Winona, Minnesota",27124.0
2010,US,Midwest,Missouri,"Hermann, Missouri",12615.0
2010,US,Midwest,Missouri,"Independence, Missouri",9128.0
2010,US,Midwest,Missouri,"Jefferson City, Missouri",49371.0
2010,US,Midwest,Missouri,"Kansas City, Missouri",142769.0
2010,US,Midwest,Missouri,"Kirkwood, Missouri",48314.0
2010,US,Midwest,Missouri,"La Plata, Missouri",10990.0
2010,US,Midwest,Missouri,"Lee’s Summit, Missouri",26139.0
2010,US,Midwest,Missouri,"Poplar Bluff, Missouri",4688.0
2010,US,Midwest,Missouri,"Sedalia, Missouri",11136.0
2010,US,Midwest,Missouri,"St. Louis, Missouri",321629.0
2010,US,Midwest,Missouri,"Warrensburg, Missouri",13402.0
2010,US,Midwest,Missouri,"Washington, Missouri",13211.0
2010,US,Midwest,Nebraska,"Hastings, Nebraska",4765.0
2010,US,Midwest,Nebraska,"Holdrege, Nebraska",1963.0
2010,US,Midwest,Nebraska,"Lincoln, Nebraska",11779.0
2010,US,Midwest,Nebraska,"McCook, Nebraska",3218.0
2010,US,Midwest,Nebraska,"Omaha, Nebraska",23212.0
2010,US,Midwest,North Dakota,"Devils Lake, North Dakota",6148.0
2010,US,Midwest,North Dakota,"Fargo, North Dakota",21286.0
2010,US,Midwest,North Dakota,"Grand Forks, North Dakota",19751.0
2010,US,Midwest,North Dakota,"Minot, North Dakota",40360.0
2010,US,Midwest,North Dakota,"Rugby, North Dakota",6409.0
2010,US,Midwest,North Dakota,"Stanley, North Dakota",4549.0
2010,US,Midwest,North Dakota,"Williston, North Dakota",24586.0
2010,US,Midwest,Ohio,"Alliance, Ohio",3641.0
2010,US,Midwest,Ohio,"Bryan, Ohio",6562.0
2010,US,Midwest,Ohio,"Cincinnati, Ohio",14228.0
2010,US,Midwest,Ohio,"Cleveland, Ohio",44075.0
2010,US,Midwest,Ohio,"Elyria, Ohio",4862.0
2010,US,Midwest,Ohio,"Sandusky, Ohio",7826.0
2010,US,Midwest,Ohio,"Toledo, Ohio",65667.0
2010,US,Midwest,Wisconsin,"Columbus, Wisconsin",18025.0
2010,US,Midwest,Wisconsin,"La Crosse, Wisconsin",31666.0
2010,US,Midwest,Wisconsin,"Milwaukee Airport, Wisconsin",155726.0
2010,US,Midwest,Wisconsin,"Milwaukee, Wisconsin",588617.0
2010,US,Midwest,Wisconsin,"Portage, Wisconsin",7483.0
2010,US,Midwest,Wisconsin,"Sturtevant, Wisconsin",70737.0
2010,US,Midwest,Wisconsin,"Tomah, Wisconsin",10892.0
2010,US,Midwest,Wisconsin,"Wisconsin Dells, Wisconsin",13609.0
2010,US,Northeast,Connecticut,"Berlin, Connecticut",23196.0
2010,US,Northeast,Connecticut,"Bridgeport, Connecticut",72809.0
2010,US,Northeast,Connecticut,"Hartford, Connecticut",170060.0
2010,US,Northeast,Connecticut,"Meriden, Connecticut",35904.0
2010,US,Northeast,Connecticut,"Mystic, Connecticut",20787.0
2010,US,Northeast,Connecticut,"New Haven, Connecticut",723287.0
2010,US,Northeast,Connecticut,"New London, Connecticut",162396.0
2010,US,Northeast,Connecticut,"Old Saybrook, Connecticut",63929.0
2010,US,Northeast,Connecticut,"Stamford, Connecticut",355232.0
2010,US,Northeast,Connecticut,"Wallingford, Connecticut",15190.0
2010,US,Northeast,Connecticut,"Windsor Locks, Connecticut",15812.0
2010,US,Northeast,Connecticut,"Windsor, Connecticut",10219.0
2010,US,Northeast,Maine,"Old Orchard Beach, Maine",14182.0
2010,US,Northeast,Maine,"Portland, Maine",180465.0
2010,US,Northeast,Maine,"Saco-Biddeford, Maine",40922.0
2010,US,Northeast,Maine,"Wells, Maine",48473.0
2010,US,Northeast,Massachusetts,"Amherst, Massachusetts",14600.0
2010,US,Northeast,Massachusetts,"Boston-Back Bay, Massachusetts",445074.0
2010,US,Northeast,Massachusetts,"Boston-North Station, Massachusetts",418993.0
2010,US,Northeast,Massachusetts,"Boston-South Station, Massachusetts",1311205.0
2010,US,Northeast,Massachusetts,"Framingham, Massachusetts",2131.0
2010,US,Northeast,Massachusetts,"Haverhill, Massachusetts",36460.0
2010,US,Northeast,Massachusetts,"Pittsfield, Massachusetts",7979.0
2010,US,Northeast,Massachusetts,"Route 128 (Boston), Massachusetts",394674.0
2010,US,Northeast,Massachusetts,"Springfield, Massachusetts",130790.0
2010,US,Northeast,Massachusetts,"Woburn, Massachusetts",15290.0
2010,US,Northeast,Massachusetts,"Worcester, Massachusetts",7398.0
2010,US,Northeast,New Hampshire,"Claremont, New Hampshire",1967.0
2010,US,Northeast,New Hampshire,"Dover, New Hampshire",57241.0
2010,US,Northeast,New Hampshire,"Durham-UNH, New Hampshire",54777.0
2010,US,Northeast,New Hampshire,"Exeter, New Hampshire",90123.0
2010,US,Northeast,New Jersey,"Metropark, New Jersey",388371.0
2010,US,Northeast,New Jersey,"New Brunswick, New Jersey",6609.0
2010,US,Northeast,New Jersey,"Newark Airport, New Jersey",116526.0
2010,US,Northeast,New Jersey,"Newark, New Jersey",658089.0
2010,US,Northeast,New Jersey,"Princeton Junction, New Jersey",40692.0
2010,US,Northeast,New Jersey,"Trenton, New Jersey",420533.0
2010,US,Northeast,New York,"Albany-Rensselaer, New York",737259.0
2010,US,Northeast,New York,"Amsterdam, New York",9174.0
2010,US,Northeast,New York,"Buffalo-Depew, New York",111513.0
2010,US,Northeast,New York,"Buffalo-Exchange Street, New York",30171.0
2010,US,Northeast,New York,"Croton-Harmon, New York",41570.0
2010,US,Northeast,New York,"Fort Edward, New York",8504.0
2010,US,Northeast,New York,"Hudson, New York",150197.0
2010,US,Northeast,New York,"New Rochelle, New York",78876.0
2010,US,Northeast,New York,"New York City (Penn Station), New York",8377944.0
2010,US,Northeast,New York,"Niagara Falls, New York",27270.0
2010,US,Northeast,New York,"Plattsburgh, New York",11863.0
2010,US,Northeast,New York,"Port Henry, New York",1764.0
2010,US,Northeast,New York,"Port Kent, New York",909.0
2010,US,Northeast,New York,"Poughkeepsie, New York",75775.0
2010,US,Northeast,New York,"Rhinecliff, New York",158534.0
2010,US,Northeast,New York,"Rochester, New York",128935.0
2010,US,Northeast,New York,"Rome, New York",9100.0
2010,US,Northeast,New York,"Rouses Point, New York",1287.0
2010,US,Northeast,New York,"Saratoga Springs, New York",30261.0
2010,US,Northeast,New York,"Schenectady, New York",56125.0
2010,US,Northeast,New York,"Syracuse, New York",139175.0
2010,US,Northeast,New York,"Ticonderoga, New York",1703.0
2010,US,Northeast,New York,"Utica, New York",61108.0
2010,US,Northeast,New York,"Westport, New York",5230.0
2010,US,Northeast,New York,"Whitehall, New York",1739.0
2010,US,Northeast,New York,"Yonkers, New York",20433.0
2010,US,Northeast,Pennsylvania,"Altoona, Pennsylvania",25185.0
2010,US,Northeast,Pennsylvania,"Ardmore, Pennsylvania",53245.0
2010,US,Northeast,Pennsylvania,"Coatesville, Pennsylvania",14382.0
2010,US,Northeast,Pennsylvania,"Connellsville, Pennsylvania",4754.0
2010,US,Northeast,Pennsylvania,"Cornwells Heights, Pennsylvania",4890.0
2010,US,Northeast,Pennsylvania,"Downingtown, Pennsylvania",59129.0
2010,US,Northeast,Pennsylvania,"Elizabethtown, Pennsylvania",95096.0
2010,US,Northeast,Pennsylvania,"Erie, Pennsylvania",14833.0
2010,US,Northeast,Pennsylvania,"Exton, Pennsylvania",91093.0
2010,US,Northeast,Pennsylvania,"Greensburg, Pennsylvania",14000.0
2010,US,Northeast,Pennsylvania,"Harrisburg, Pennsylvania",547257.0
2010,US,Northeast,Pennsylvania,"Huntingdon, Pennsylvania",5794.0
2010,US,Northeast,Pennsylvania,"Johnstown, Pennsylvania",22779.0
2010,US,Northeast,Pennsylvania,"Lancaster, Pennsylvania",514971.0
2010,US,Northeast,Pennsylvania,"Latrobe, Pennsylvania",4118.0
2010,US,Northeast,Pennsylvania,"Lewistown, Pennsylvania",9238.0
2010,US,Northeast,Pennsylvania,"Middletown, Pennsylvania",64354.0
2010,US,Northeast,Pennsylvania,"Mount Joy, Pennsylvania",59650.0
2010,US,Northeast,Pennsylvania,"Paoli, Pennsylvania",153154.0
2010,US,Northeast,Pennsylvania,"Parkesburg, Pennsylvania",48784.0
2010,US,Northeast,Pennsylvania,"Philadelphia William H. Gray III 30th Street, Pennsylvania",3787331.0
2010,US,Northeast,Pennsylvania,"Philadelphia-North, Pennsylvania",345.0
2010,US,Northeast,Pennsylvania,"Pittsburgh, Pennsylvania",136333.0
2010,US,Northeast,Pennsylvania,"Tyrone, Pennsylvania",3322.0
2010,US,Northeast,Rhode Island,"Kingston, Rhode Island",151954.0
2010,US,Northeast,Rhode Island,"Providence, Rhode Island",602474.0
2010,US,Northeast,Rhode Island,"Westerly, Rhode Island",38589.0
2010,US,Northeast,Vermont,"Bellows Falls, Vermont",4652.0
2010,US,Northeast,Vermont,"Brattleboro, Vermont",15479.0
2010,US,Northeast,Vermont,"Castleton, Vermont",1733.0
2010,US,Northeast,Vermont,"Essex Junction, Vermont",22857.0
2010,US,Northeast,Vermont,"Fair Haven, Vermont",827.0
2010,US,Northeast,Vermont,"Montpelier, Vermont",7497.0
2010,US,Northeast,Vermont,"Randolph, Vermont",1860.0
2010,US,Northeast,Vermont,"Rutland, Vermont",16235.0
2010,US,Northeast,Vermont,"St. Albans, Vermont",3481.0
2010,US,Northeast,Vermont,"Waterbury, Vermont",5129.0
2010,US,Northeast,Vermont,"White River Junction, Vermont",16352.0
2010,US,Northeast,Vermont,"Windsor, Vermont",1154.0
2010,US,South,Alabama,"Anniston, Alabama",5955.0
2010,US,South,Alabama,"Birmingham, Alabama",45089.0
2010,US,South,Alabama,"Tuscaloosa, Alabama",12533.0
2010,US,South,Arkansas,"Arkadelphia, Arkansas",1486.0
2010,US,South,Arkansas,"Little Rock, Arkansas",22218.0
2010,US,South,Arkansas,"Malvern, Arkansas",1833.0
2010,US,South,Arkansas,"Texarkana, Arkansas",7867.0
2010,US,South,Arkansas,"Walnut Ridge, Arkansas",4565.0
2010,US,South,Delaware,"Newark, Delaware",9300.0
2010,US,South,Delaware,"Wilmington, Delaware",696979.0
2010,US,South,District of Columbia,"Washington Union Station, District of Columbia",4572878.0
2010,US,South,Florida,"DeLand, Florida",25982.0
2010,US,South,Florida,"Deerfield Beach, Florida",29955.0
2010,US,South,Florida,"Delray Beach, Florida",11626.0
2010,US,South,Florida,"Fort Lauderdale, Florida",54434.0
2010,US,South,Florida,"Hollywood, Florida",37967.0
2010,US,South,Florida,"Jacksonville, Florida",70728.0
2010,US,South,Florida,"Kissimmee, Florida",43163.0
2010,US,South,Florida,"Lakeland, Florida",24220.0
2010,US,South,Florida,"Miami, Florida",90561.0
2010,US,South,Florida,"Okeechobee, Florida",3536.0
2010,US,South,Florida,"Orlando, Florida",159533.0
2010,US,South,Florida,"Palatka, Florida",13323.0
2010,US,South,Florida,"Sanford (Auto Train Station), Florida",244252.0
2010,US,South,Florida,"Sebring, Florida",18951.0
2010,US,South,Florida,"Tampa, Florida",131054.0
2010,US,South,Florida,"West Palm Beach, Florida",62233.0
2010,US,South,Florida,"Winter Haven, Florida",22992.0
2010,US,South,Florida,"Winter Park, Florida",31962.0
2010,US,South,Georgia,"Atlanta, Georgia",112364.0
2010,US,South,Georgia,"Gainesville, Georgia",5187.0
2010,US,South,Georgia,"Jesup, Georgia",9106.0
2010,US,South,Georgia,"Savannah, Georgia",65656.0
2010,US,South,Georgia,"Toccoa, Georgia",3497.0
2010,US,South,Kentucky,"Ashland, Kentucky",2771.0
2010,US,South,Kentucky,"Fulton, Kentucky",3578.0
2010,US,South,Kentucky,"Maysville, Kentucky",1933.0
2010,US,South,Kentucky,"South Shore-South Portsmouth, Kentucky",1019.0
2010,US,South,Louisiana,"Hammond, Louisiana",14404.0
2010,US,South,Louisiana,"Lafayette, Louisiana",6122.0
2010,US,South,Louisiana,"Lake Charles, Louisiana",2909.0
2010,US,South,Louisiana,"New Iberia, Louisiana",1250.0
2010,US,South,Louisiana,"New Orleans, Louisiana",200249.0
2010,US,South,Louisiana,"Schriever, Louisiana",1292.0
2010,US,South,Louisiana,"Slidell, Louisiana",7369.0
2010,US,South,Maryland,"Aberdeen, Maryland",41114.0
2010,US,South,Maryland,"BWI Thurgood Marshall Airport, Maryland",654151.0
2010,US,South,Maryland,"Baltimore, Maryland",926245.0
2010,US,South,Maryland,"Cumberland, Maryland",12492.0
2010,US,South,Maryland,"New Carrollton, Maryland",170848.0
2010,US,South,Maryland,"Rockville, Maryland",3798.0
2010,US,South,Mississippi,"Brookhaven, Mississippi",5241.0
2010,US,South,Mississippi,"Greenwood, Mississippi",16455.0
2010,US,South,Mississippi,"Hattiesburg, Mississippi",11868.0
2010,US,South,Mississippi,"Hazlehurst, Mississippi",2635.0
2010,US,South,Mississippi,"Jackson, Mississippi",52307.0
2010,US,South,Mississippi,"Laurel, Mississippi",5647.0
2010,US,South,Mississippi,"McComb, Mississippi",7586.0
2010,US,South,Mississippi,"Meridian, Mississippi",13923.0
2010,US,South,Mississippi,"Picayune, Mississippi",2858.0
2010,US,South,Mississippi,"Yazoo City, Mississippi",3869.0
2010,US,South,North Carolina,"Burlington, North Carolina",18790.0
2010,US,South,North Carolina,"Cary, North Carolina",38934.0
2010,US,South,North Carolina,"Charlotte, North Carolina",162905.0
2010,US,South,North Carolina,"Durham, North Carolina",65192.0
2010,US,South,North Carolina,"Fayetteville, North Carolina",51947.0
2010,US,South,North Carolina,"Gastonia, North Carolina",1622.0
2010,US,South,North Carolina,"Greensboro, North Carolina",105671.0
2010,US,South,North Carolina,"Hamlet, North Carolina",4996.0
2010,US,South,North Carolina,"High Point, North Carolina",30972.0
2010,US,South,North Carolina,"Kannapolis, North Carolina",14579.0
2010,US,South,North Carolina,"Raleigh, North Carolina",164745.0
2010,US,South,North Carolina,"Rocky Mount, North Carolina",52959.0
2010,US,South,North Carolina,"Salisbury, North Carolina",27182.0
2010,US,South,North Carolina,"Selma-Smithfield, North Carolina",12256.0
2010,US,South,North Carolina,"Southern Pines, North Carolina",6392.0
2010,US,South,North Carolina,"Wilson, North Carolina",44054.0
2010,US,South,Oklahoma,"Ardmore, Oklahoma",9324.0
2010,US,South,Oklahoma,"Norman, Oklahoma",14119.0
2010,US,South,Oklahoma,"Oklahoma City, Oklahoma",55230.0
2010,US,South,Oklahoma,"Pauls Valley, Oklahoma",5777.0
2010,US,South,Oklahoma,"Purcell, Oklahoma",2263.0
2010,US,South,South Carolina,"Camden, South Carolina",3588.0
2010,US,South,South Carolina,"Charleston, South Carolina",79806.0
2010,US,South,South Carolina,"Clemson, South Carolina",6941.0
2010,US,South,South Carolina,"Columbia, South Carolina",36297.0
2010,US,South,South Carolina,"Denmark, South Carolina",4485.0
2010,US,South,South Carolina,"Dillon, South Carolina",8463.0
2010,US,South,South Carolina,"Florence, South Carolina",47344.0
2010,US,South,South Carolina,"Greenville, South Carolina",17490.0
2010,US,South,South Carolina,"Kingstree, South Carolina",14153.0
2010,US,South,South Carolina,"Spartanburg, South Carolina",4955.0
2010,US,South,South Carolina,"Yemassee, South Carolina",13516.0
2010,US,South,Tennessee,"Memphis, Tennessee",62915.0
2010,US,South,Tennessee,"Newbern-Dyersberg, Tennessee",3504.0
2010,US,South,Texas,"Alpine, Texas",3862.0
2010,US,South,Texas,"Austin, Texas",31968.0
2010,US,South,Texas,"Beaumont, Texas",2135.0
2010,US,South,Texas,"Cleburne, Texas",3130.0
2010,US,South,Texas,"Dallas, Texas",47053.0
2010,US,South,Texas,"Del Rio, Texas",1881.0
2010,US,South,Texas,"El Paso, Texas",10415.0
2010,US,South,Texas,"Fort Worth, Texas",118199.0
2010,US,South,Texas,"Gainesville, Texas",8603.0
2010,US,South,Texas,"Houston, Texas",18351.0
2010,US,South,Texas,"Longview, Texas",34033.0
2010,US,South,Texas,"Marshall, Texas",8709.0
2010,US,South,Texas,"McGregor, Texas",4240.0
2010,US,South,Texas,"Mineola, Texas",6568.0
2010,US,South,Texas,"San Antonio, Texas",58131.0
2010,US,South,Texas,"San Marcos, Texas",5283.0
2010,US,South,Texas,"Sanderson, Texas",216.0
2010,US,South,Texas,"Taylor, Texas",4551.0
2010,US,South,Texas,"Temple, Texas",15426.0
2010,US,South,Virginia,"Alexandria, Virginia",139837.0
2010,US,South,Virginia,"Ashland, Virginia",19163.0
2010,US,South,Virginia,"Burke Centre, Virginia",1156.0
2010,US,South,Virginia,"Charlottesville, Virginia",91707.0
2010,US,South,Virginia,"Clifton Forge, Virginia",3022.0
2010,US,South,Virginia,"Culpeper, Virginia",8848.0
2010,US,South,Virginia,"Danville, Virginia",8658.0
2010,US,South,Virginia,"Franconia-Springfield, Virginia",2103.0
2010,US,South,Virginia,"Fredericksburg, Virginia",56427.0
2010,US,South,Virginia,"Lorton (Auto Train), Virginia",244252.0
2010,US,South,Virginia,"Lynchburg, Virginia",58348.0
2010,US,South,Virginia,"Manassas, Virginia",16239.0
2010,US,South,Virginia,"Newport News, Virginia",116229.0
2010,US,South,Virginia,"Petersburg, Virginia",22148.0
2010,US,South,Virginia,"Quantico, Virginia",23560.0
2010,US,South,Virginia,"Richmond - Main Street, Virginia",27520.0
2010,US,South,Virginia,"Richmond - Staples Mill, Virginia",266343.0
2010,US,South,Virginia,"Staunton, Virginia",5860.0
2010,US,South,Virginia,"Williamsburg, Virginia",47176.0
2010,US,South,Virginia,"Woodbridge, Virginia",11250.0
2010,US,South,West Virginia,"Alderson, West Virginia",705.0
2010,US,South,West Virginia,"Charleston, West Virginia",9507.0
2010,US,South,West Virginia,"Harpers Ferry, West Virginia",4618.0
2010,US,South,West Virginia,"Hinton, West Virginia",8803.0
2010,US,South,West Virginia,"Huntington, West Virginia",11345.0
2010,US,South,West Virginia,"Martinsburg, West Virginia",6986.0
2010,US,South,West Virginia,"Montgomery, West Virginia",936.0
2010,US,South,West Virginia,"Prince, West Virginia",3364.0
2010,US,South,West Virginia,"Thurmond, West Virginia",230.0
2010,US,South,West Virginia,"White Sulphur Springs, West Virginia",4654.0
2010,US,West,Arizona,"Benson, Arizona",1091.0
2010,US,West,Arizona,"Flagstaff, Arizona",41775.0
2010,US,West,Arizona,"Kingman, Arizona",10160.0
2010,US,West,Arizona,"Maricopa, Arizona",8764.0
2010,US,West,Arizona,"Tucson, Arizona",21095.0
2010,US,West,Arizona,"Williams Junction, Arizona",7642.0
2010,US,West,Arizona,"Winslow, Arizona",5274.0
2010,US,West,Arizona,"Yuma, Arizona",3676.0
2010,US,West,California,"Anaheim, California",331666.0
2010,US,West,California,"Antioch-Pittsburg, California",34417.0
2010,US,West,California,"Auburn, California",31092.0
2010,US,West,California,"Bakersfield, California",413172.0
2010,US,West,California,"Barstow, California",3609.0
2010,US,West,California,"Berkeley, California",133152.0
2010,US,West,California,"Burbank, California",41997.0
2010,US,West,California,"Camarillo, California",33165.0
2010,US,West,California,"Carpinteria, California",20149.0
2010,US,West,California,"Chatsworth, California",49178.0
2010,US,West,California,"Chico, California",10067.0
2010,US,West,California,"Colfax, California",4322.0
2010,US,West,California,"Corcoran, California",27375.0
2010,US,West,California,"Davis, California",409611.0
2010,US,West,California,"Dunsmuir, California",4879.0
2010,US,West,California,"Emeryville, California",529965.0
2010,US,West,California,"Fremont, California",39162.0
2010,US,West,California,"Fresno, California",352737.0
2010,US,West,California,"Fullerton, California",411489.0
2010,US,West,California,"Glendale, California",37117.0
2010,US,West,California,"Goleta, California",59911.0
2010,US,West,California,"Great America (Santa Clara), California",104041.0
2010,US,West,California,"Grover Beach, California",17944.0
2010,US,West,California,"Guadalupe-Santa Maria, California",10018.0
2010,US,West,California,"Hanford, California",187865.0
2010,US,West,California,"Hayward, California",29984.0
2010,US,West,California,"Irvine, California",630190.0
2010,US,West,California,"Laguna Niguel, California",2644.0
2010,US,West,California,"Lodi, California",7443.0
2010,US,West,California,"Lompoc-Surf, California",6422.0
2010,US,West,California,"Los Angeles, California",1517342.0
2010,US,West,California,"Madera, California",20031.0
2010,US,West,California,"Martinez, California",410968.0
2010,US,West,California,"Merced, California",103505.0
2010,US,West,California,"Metrolink Station Orange, California 92866",2439.0
2010,US,West,California,"Modesto, California",96662.0
2010,US,West,California,"Moorpark, California",12293.0
2010,US,West,California,"Moreno Valley, California",10806.0
2010,US,West,California,"Needles, California",9481.0
2010,US,West,California,"Oakland Coliseum, California",20785.0
2010,US,West,California,"Oakland, California",355128.0
2010,US,West,California,"Oceanside, California",293012.0
2010,US,West,California,"Ontario, California",4756.0
2010,US,West,California,"Oxnard, California",74468.0
2010,US,West,California,"Palm Springs, California",6061.0
2010,US,West,California,"Paso Robles, California",10372.0
2010,US,West,California,"Pomona, California",1523.0
2010,US,West,California,"Redding, California",10322.0
2010,US,West,California,"Richmond, California",271486.0
2010,US,West,California,"Rocklin, California",34263.0
2010,US,West,California,"Roseville, California",67796.0
2010,US,West,California,"Sacramento, California",1107220.0
2010,US,West,California,"Salinas, California",18935.0
2010,US,West,California,"San Bernardino, California",10080.0
2010,US,West,California,"San Clemente Pier, California",9990.0
2010,US,West,California,"San Diego, California",715043.0
2010,US,West,California,"San Diego-Old Town, California",21616.0
2010,US,West,California,"San Jose, California",202512.0
2010,US,West,California,"San Juan Capistrano, California",223580.0
2010,US,West,California,"San Luis Obispo, California",99778.0
2010,US,West,California,"Santa Ana, California",152733.0
2010,US,West,California,"Santa Barbara, California",295079.0
2010,US,West,California,"Simi Valley, California",38946.0
2010,US,West,California,"Solana Beach, California",408060.0
2010,US,West,California,"Stockton (Downtown), California",34188.0
2010,US,West,California,"Stockton (San Joaquin St.), California",238868.0
2010,US,West,California,"Suisun-Fairfield, California",171381.0
2010,US,West,California,"Truckee, California",9139.0
2010,US,West,California,"Turlock-Denair, California",21668.0
2010,US,West,California,"Van Nuys, California",70551.0
2010,US,West,California,"Ventura, California",45385.0
2010,US,West,California,"Victorville, California",5558.0
2010,US,West,California,"Wasco, California",18044.0
2010,US,West,Colorado,"Denver, Colorado",128410.0
2010,US,West,Colorado,"Fort Morgan, Colorado",3349.0
2010,US,West,Colorado,"Glenwood Springs, Colorado",34227.0
2010,US,West,Colorado,"Granby, Colorado",3655.0
2010,US,West,Colorado,"Grand Junction, Colorado",28835.0
2010,US,West,Colorado,"La Junta, Colorado",7264.0
2010,US,West,Colorado,"Lamar, Colorado",1897.0
2010,US,West,Colorado,"Trinidad, Colorado",4102.0
2010,US,West,Colorado,"Winter Park-Fraser, Colorado",7913.0
2010,US,West,Idaho,"Sandpoint, Idaho",5606.0
2010,US,West,Montana,"Browning (winter only), Montana",1884.0
2010,US,West,Montana,"Cut Bank, Montana",3363.0
2010,US,West,Montana,"East Glacier (summer only), Montana",17652.0
2010,US,West,Montana,"Essex, Montana",4746.0
2010,US,West,Montana,"Glasgow, Montana",6075.0
2010,US,West,Montana,"Havre, Montana",16077.0
2010,US,West,Montana,"Libby, Montana",5342.0
2010,US,West,Montana,"Malta, Montana",3372.0
2010,US,West,Montana,"Shelby, Montana",16534.0
2010,US,West,Montana,"West Glacier, Montana",7895.0
2010,US,West,Montana,"Whitefish, Montana",66813.0
2010,US,West,Montana,"Wolf Point, Montana",6970.0
2010,US,West,Nevada,"Elko, Nevada",6835.0
2010,US,West,Nevada,"Reno, Nevada",69236.0
2010,US,West,Nevada,"Sparks, Nevada (Train Stop)",0.0
2010,US,West,Nevada,"Winnemucca, Nevada",3558.0
2010,US,West,New Mexico,"Albuquerque, New Mexico",71848.0
2010,US,West,New Mexico,"Deming, New Mexico",869.0
2010,US,West,New Mexico,"Gallup, New Mexico",13431.0
2010,US,West,New Mexico,"Lamy, New Mexico",13056.0
2010,US,West,New Mexico,"Las Vegas, New Mexico",4491.0
2010,US,West,New Mexico,"Lordsburg, New Mexico",472.0
2010,US,West,New Mexico,"Raton, New Mexico",18025.0
2010,US,West,Oregon,"Albany, Oregon",38359.0
2010,US,West,Oregon,"Chemult, Oregon",9098.0
2010,US,West,Oregon,"Eugene, Oregon",110633.0
2010,US,West,Oregon,"Klamath Falls, Oregon",31786.0
2010,US,West,Oregon,"Oregon City, Oregon",8978.0
2010,US,West,Oregon,"Portland, Oregon",672608.0
2010,US,West,Oregon,"Salem, Oregon",61907.0
2010,US,West,Utah,"Green River, Utah",2825.0
2010,US,West,Utah,"Helper, Utah",1808.0
2010,US,West,Utah,"Provo, Utah",5133.0
2010,US,West,Utah,"Salt Lake City, Utah",38773.0
2010,US,West,Washington,"Bellingham, Washington",63683.0
2010,US,West,Washington,"Bingen-White Salmon, Washington",3245.0
2010,US,West,Washington,"Centralia, Washington",23948.0
2010,US,West,Washington,"Edmonds, Washington",32668.0
2010,US,West,Washington,"Ephrata, Washington",3543.0
2010,US,West,Washington,"Everett, Washington",45449.0
2010,US,West,Washington,"Kelso-Longview, Washington",28761.0
2010,US,West,Washington,"Leavenworth, Washington",9574.0
2010,US,West,Washington,"Mount Vernon, Washington",18849.0
2010,US,West,Washington,"Olympia/Lacey, Washington",62234.0
2010,US,West,Washington,"Pasco, Washington",25891.0
2010,US,West,Washington,"Seattle, Washington",677953.0
2010,US,West,Washington,"Spokane, Washington",50279.0
2010,US,West,Washington,"Stanwood, Washington",4396.0
2010,US,West,Washington,"Tacoma, Washington",128674.0
2010,US,West,Washington,"Tukwila, Washington",24567.0
2010,US,West,Washington,"Vancouver, Washington",100979.0
2010,US,West,Washington,"Wenatchee, Washington",16912.0
2010,US,West,Washington,"Wishram, Washington",1580.0
2011,US,Midwest,Illinois,"Alton, Illinois",50220.0
2011,US,Midwest,Illinois,"Bloomington/Normal, Illinois",244566.0
2011,US,Midwest,Illinois,"Carbondale, Illinois",136920.0
2011,US,Midwest,Illinois,"Carlinville, Illinois",7831.0
2011,US,Midwest,Illinois,"Centralia, Illinois",25275.0
2011,US,Midwest,Illinois,"Champaign-Urbana, Illinois",164404.0
2011,US,Midwest,Illinois,"Chicago, Illinois",3393695.0
2011,US,Midwest,Illinois,"Du Quoin, Illinois",10241.0
2011,US,Midwest,Illinois,"Dwight, Illinois",8937.0
2011,US,Midwest,Illinois,"Effingham, Illinois",25641.0
2011,US,Midwest,Illinois,"Galesburg, Illinois",104208.0
2011,US,Midwest,Illinois,"Gilman, Illinois",2758.0
2011,US,Midwest,Illinois,"Glenview, Illinois",70494.0
2011,US,Midwest,Illinois,"Homewood, Illinois",39443.0
2011,US,Midwest,Illinois,"Joliet, Illinois",54668.0
2011,US,Midwest,Illinois,"Kankakee, Illinois",19732.0
2011,US,Midwest,Illinois,"Kewanee, Illinois",13936.0
2011,US,Midwest,Illinois,"La Grange Road, Illinois",14868.0
2011,US,Midwest,Illinois,"Lincoln, Illinois",17541.0
2011,US,Midwest,Illinois,"Macomb, Illinois",78129.0
2011,US,Midwest,Illinois,"Mattoon, Illinois",38328.0
2011,US,Midwest,Illinois,"Mendota, Illinois",23768.0
2011,US,Midwest,Illinois,"Naperville, Illinois",53918.0
2011,US,Midwest,Illinois,"Plano, Illinois",6188.0
2011,US,Midwest,Illinois,"Pontiac, Illinois",13824.0
2011,US,Midwest,Illinois,"Princeton, Illinois",33678.0
2011,US,Midwest,Illinois,"Quincy, Illinois",50842.0
2011,US,Midwest,Illinois,"Rantoul, Illinois",4808.0
2011,US,Midwest,Illinois,"Springfield, Illinois",159444.0
2011,US,Midwest,Illinois,"Summit, Illinois",7914.0
2011,US,Midwest,Indiana,"Albany/Rensselaer, Indiana",2042.0
2011,US,Midwest,Indiana,"Connellsville, Indiana",532.0
2011,US,Midwest,Indiana,"Crawfordsville (Bus), Indiana",5897.0
2011,US,Midwest,Indiana,"Dyer, Indiana",2439.0
2011,US,Midwest,Indiana,"Elkhart, Indiana",17070.0
2011,US,Midwest,Indiana,"Hammond-Whiting, Indiana",7292.0
2011,US,Midwest,Indiana,"Indianapolis, Indiana",34265.0
2011,US,Midwest,Indiana,"Lafayette, Indiana",26827.0
2011,US,Midwest,Indiana,"Michigan City, Indiana",3702.0
2011,US,Midwest,Indiana,"South Bend, Indiana",23662.0
2011,US,Midwest,Indiana,"Waterloo, Indiana",22662.0
2011,US,Midwest,Iowa,"Burlington, Iowa",7285.0
2011,US,Midwest,Iowa,"Creston, Iowa",4229.0
2011,US,Midwest,Iowa,"Fort Madison, Iowa",7944.0
2011,US,Midwest,Iowa,"Mt. Pleasant, Iowa",13034.0
2011,US,Midwest,Iowa,"Osceola, Iowa",14891.0
2011,US,Midwest,Iowa,"Ottumwa, Iowa",10497.0
2011,US,Midwest,Kansas,"Dodge City, Kansas",5149.0
2011,US,Midwest,Kansas,"Garden City, Kansas",7511.0
2011,US,Midwest,Kansas,"Hutchinson, Kansas",5185.0
2011,US,Midwest,Kansas,"Lawrence, Kansas",6410.0
2011,US,Midwest,Kansas,"Newton, Kansas",13890.0
2011,US,Midwest,Kansas,"Topeka, Kansas",9760.0
2011,US,Midwest,Michigan,"Albion, Michigan",1625.0
2011,US,Midwest,Michigan,"Ann Arbor, Michigan",148911.0
2011,US,Midwest,Michigan,"Bangor, Michigan",3586.0
2011,US,Midwest,Michigan,"Battle Creek, Michigan",50732.0
2011,US,Midwest,Michigan,"Birmingham, Michigan",24121.0
2011,US,Midwest,Michigan,"Dearborn, Michigan",85001.0
2011,US,Midwest,Michigan,"Detroit, Michigan",69085.0
2011,US,Midwest,Michigan,"Dowagiac, Michigan",3266.0
2011,US,Midwest,Michigan,"Durand, Michigan",12250.0
2011,US,Midwest,Michigan,"East Lansing, Michigan",68554.0
2011,US,Midwest,Michigan,"Flint, Michigan",37557.0
2011,US,Midwest,Michigan,"Grand Rapids, Michigan",55545.0
2011,US,Midwest,Michigan,"Holland, Michigan",38533.0
2011,US,Midwest,Michigan,"Jackson, Michigan",32106.0
2011,US,Midwest,Michigan,"Kalamazoo, Michigan",118474.0
2011,US,Midwest,Michigan,"Lapeer, Michigan",9309.0
2011,US,Midwest,Michigan,"New Buffalo, Michigan",13118.0
2011,US,Midwest,Michigan,"Niles, Michigan",20246.0
2011,US,Midwest,Michigan,"Pontiac, Michigan",16066.0
2011,US,Midwest,Michigan,"Port Huron, Michigan",24015.0
2011,US,Midwest,Michigan,"Royal Oak, Michigan",38184.0
2011,US,Midwest,Michigan,"St. Joseph/Benton Harbor, Michigan",10680.0
2011,US,Midwest,Minnesota,"Detroit Lakes, Minnesota",3917.0
2011,US,Midwest,Minnesota,"Red Wing, Minnesota",8956.0
2011,US,Midwest,Minnesota,"St. Cloud, Minnesota",10614.0
2011,US,Midwest,Minnesota,"St. Paul-Minneapolis, Minnesota",116785.0
2011,US,Midwest,Minnesota,"Staples, Minnesota",5961.0
2011,US,Midwest,Minnesota,"Winona, Minnesota",23928.0
2011,US,Midwest,Missouri,"Hermann, Missouri",15255.0
2011,US,Midwest,Missouri,"Independence, Missouri",9550.0
2011,US,Midwest,Missouri,"Jefferson City, Missouri",48993.0
2011,US,Midwest,Missouri,"Kansas City, Missouri",155479.0
2011,US,Midwest,Missouri,"Kirkwood, Missouri",54912.0
2011,US,Midwest,Missouri,"La Plata, Missouri",10786.0
2011,US,Midwest,Missouri,"Lee’s Summit, Missouri",27647.0
2011,US,Midwest,Missouri,"Poplar Bluff, Missouri",5488.0
2011,US,Midwest,Missouri,"Sedalia, Missouri",11409.0
2011,US,Midwest,Missouri,"St. Louis, Missouri",310859.0
2011,US,Midwest,Missouri,"Warrensburg, Missouri",14352.0
2011,US,Midwest,Missouri,"Washington, Missouri",13775.0
2011,US,Midwest,Nebraska,"Hastings, Nebraska",4839.0
2011,US,Midwest,Nebraska,"Holdrege, Nebraska",1623.0
2011,US,Midwest,Nebraska,"Lincoln, Nebraska",11756.0
2011,US,Midwest,Nebraska,"McCook, Nebraska",2939.0
2011,US,Midwest,Nebraska,"Omaha, Nebraska",20668.0
2011,US,Midwest,North Dakota,"Devils Lake, North Dakota",4569.0
2011,US,Midwest,North Dakota,"Fargo, North Dakota",16968.0
2011,US,Midwest,North Dakota,"Grand Forks, North Dakota",17201.0
2011,US,Midwest,North Dakota,"Minot, North Dakota",29179.0
2011,US,Midwest,North Dakota,"Rugby, North Dakota",6106.0
2011,US,Midwest,North Dakota,"Stanley, North Dakota",6146.0
2011,US,Midwest,North Dakota,"Williston, North Dakota",29920.0
2011,US,Midwest,Ohio,"Alliance, Ohio",3824.0
2011,US,Midwest,Ohio,"Bryan, Ohio",6647.0
2011,US,Midwest,Ohio,"Cincinnati, Ohio",15451.0
2011,US,Midwest,Ohio,"Cleveland, Ohio",46416.0
2011,US,Midwest,Ohio,"Elyria, Ohio",5062.0
2011,US,Midwest,Ohio,"Sandusky, Ohio",8881.0
2011,US,Midwest,Ohio,"Toledo, Ohio",66413.0
2011,US,Midwest,Wisconsin,"Columbus, Wisconsin",15473.0
2011,US,Midwest,Wisconsin,"La Crosse, Wisconsin",28414.0
2011,US,Midwest,Wisconsin,"Milwaukee Airport, Wisconsin",162825.0
2011,US,Midwest,Wisconsin,"Milwaukee, Wisconsin",617800.0
2011,US,Midwest,Wisconsin,"Portage, Wisconsin",6115.0
2011,US,Midwest,Wisconsin,"Sturtevant, Wisconsin",69166.0
2011,US,Midwest,Wisconsin,"Tomah, Wisconsin",9715.0
2011,US,Midwest,Wisconsin,"Wisconsin Dells, Wisconsin",14265.0
2011,US,Northeast,Connecticut,"Berlin, Connecticut",23465.0
2011,US,Northeast,Connecticut,"Bridgeport, Connecticut",76653.0
2011,US,Northeast,Connecticut,"Hartford, Connecticut",173554.0
2011,US,Northeast,Connecticut,"Meriden, Connecticut",34582.0
2011,US,Northeast,Connecticut,"Mystic, Connecticut",23091.0
2011,US,Northeast,Connecticut,"New Haven, Connecticut",740902.0
2011,US,Northeast,Connecticut,"New London, Connecticut",165819.0
2011,US,Northeast,Connecticut,"Old Saybrook, Connecticut",65937.0
2011,US,Northeast,Connecticut,"Stamford, Connecticut",385069.0
2011,US,Northeast,Connecticut,"Wallingford, Connecticut",15583.0
2011,US,Northeast,Connecticut,"Windsor Locks, Connecticut",15503.0
2011,US,Northeast,Connecticut,"Windsor, Connecticut",10269.0
2011,US,Northeast,Maine,"Old Orchard Beach, Maine",14553.0
2011,US,Northeast,Maine,"Portland, Maine",208979.0
2011,US,Northeast,Maine,"Saco-Biddeford, Maine",47920.0
2011,US,Northeast,Maine,"Wells, Maine",52728.0
2011,US,Northeast,Massachusetts,"Amherst, Massachusetts",12238.0
2011,US,Northeast,Massachusetts,"Boston-Back Bay, Massachusetts",479951.0
2011,US,Northeast,Massachusetts,"Boston-North Station, Massachusetts",456198.0
2011,US,Northeast,Massachusetts,"Boston-South Station, Massachusetts",1360162.0
2011,US,Northeast,Massachusetts,"Framingham, Massachusetts",2205.0
2011,US,Northeast,Massachusetts,"Haverhill, Massachusetts",39070.0
2011,US,Northeast,Massachusetts,"Pittsfield, Massachusetts",6908.0
2011,US,Northeast,Massachusetts,"Route 128 (Boston), Massachusetts",419822.0
2011,US,Northeast,Massachusetts,"Springfield, Massachusetts",157724.0
2011,US,Northeast,Massachusetts,"Woburn, Massachusetts",16762.0
2011,US,Northeast,Massachusetts,"Worcester, Massachusetts",8402.0
2011,US,Northeast,New Hampshire,"Claremont, New Hampshire",1240.0
2011,US,Northeast,New Hampshire,"Dover, New Hampshire",59091.0
2011,US,Northeast,New Hampshire,"Durham-UNH, New Hampshire",53087.0
2011,US,Northeast,New Hampshire,"Exeter, New Hampshire",90968.0
2011,US,Northeast,New Jersey,"Metropark, New Jersey",396902.0
2011,US,Northeast,New Jersey,"New Brunswick, New Jersey",6678.0
2011,US,Northeast,New Jersey,"Newark Airport, New Jersey",120428.0
2011,US,Northeast,New Jersey,"Newark, New Jersey",683626.0
2011,US,Northeast,New Jersey,"Princeton Junction, New Jersey",39573.0
2011,US,Northeast,New Jersey,"Trenton, New Jersey",424068.0
2011,US,Northeast,New York,"Albany-Rensselaer, New York",769626.0
2011,US,Northeast,New York,"Amsterdam, New York",8682.0
2011,US,Northeast,New York,"Buffalo-Depew, New York",120631.0
2011,US,Northeast,New York,"Buffalo-Exchange Street, New York",34384.0
2011,US,Northeast,New York,"Croton-Harmon, New York",42562.0
2011,US,Northeast,New York,"Fort Edward, New York",8867.0
2011,US,Northeast,New York,"Hudson, New York",156189.0
2011,US,Northeast,New York,"New Rochelle, New York",79264.0
2011,US,Northeast,New York,"New York City (Penn Station), New York",8995551.0
2011,US,Northeast,New York,"Niagara Falls, New York",28943.0
2011,US,Northeast,New York,"Plattsburgh, New York",12401.0
2011,US,Northeast,New York,"Port Henry, New York",2160.0
2011,US,Northeast,New York,"Port Kent, New York",692.0
2011,US,Northeast,New York,"Poughkeepsie, New York",84236.0
2011,US,Northeast,New York,"Rhinecliff, New York",163205.0
2011,US,Northeast,New York,"Rochester, New York",140222.0
2011,US,Northeast,New York,"Rome, New York",9190.0
2011,US,Northeast,New York,"Rouses Point, New York",1498.0
2011,US,Northeast,New York,"Saratoga Springs, New York",29742.0
2011,US,Northeast,New York,"Schenectady, New York",58127.0
2011,US,Northeast,New York,"Syracuse, New York",155683.0
2011,US,Northeast,New York,"Ticonderoga, New York",1627.0
2011,US,Northeast,New York,"Utica, New York",63673.0
2011,US,Northeast,New York,"Westport, New York",4520.0
2011,US,Northeast,New York,"Whitehall, New York",1655.0
2011,US,Northeast,New York,"Yonkers, New York",20987.0
2011,US,Northeast,Pennsylvania,"Altoona, Pennsylvania",25800.0
2011,US,Northeast,Pennsylvania,"Ardmore, Pennsylvania",53363.0
2011,US,Northeast,Pennsylvania,"Coatesville, Pennsylvania",14981.0
2011,US,Northeast,Pennsylvania,"Connellsville, Pennsylvania",4382.0
2011,US,Northeast,Pennsylvania,"Cornwells Heights, Pennsylvania",3278.0
2011,US,Northeast,Pennsylvania,"Downingtown, Pennsylvania",64535.0
2011,US,Northeast,Pennsylvania,"Elizabethtown, Pennsylvania",99063.0
2011,US,Northeast,Pennsylvania,"Erie, Pennsylvania",15859.0
2011,US,Northeast,Pennsylvania,"Exton, Pennsylvania",101823.0
2011,US,Northeast,Pennsylvania,"Greensburg, Pennsylvania",13097.0
2011,US,Northeast,Pennsylvania,"Harrisburg, Pennsylvania",543423.0
2011,US,Northeast,Pennsylvania,"Huntingdon, Pennsylvania",5975.0
2011,US,Northeast,Pennsylvania,"Johnstown, Pennsylvania",23573.0
2011,US,Northeast,Pennsylvania,"Lancaster, Pennsylvania",539338.0
2011,US,Northeast,Pennsylvania,"Latrobe, Pennsylvania",4384.0
2011,US,Northeast,Pennsylvania,"Lewistown, Pennsylvania",8200.0
2011,US,Northeast,Pennsylvania,"Middletown, Pennsylvania",66302.0
2011,US,Northeast,Pennsylvania,"Mount Joy, Pennsylvania",62582.0
2011,US,Northeast,Pennsylvania,"Paoli, Pennsylvania",161791.0
2011,US,Northeast,Pennsylvania,"Parkesburg, Pennsylvania",48951.0
2011,US,Northeast,Pennsylvania,"Philadelphia William H. Gray III 30th Street, Pennsylvania",3872392.0
2011,US,Northeast,Pennsylvania,"Philadelphia-North, Pennsylvania",389.0
2011,US,Northeast,Pennsylvania,"Pittsburgh, Pennsylvania",133855.0
2011,US,Northeast,Pennsylvania,"Tyrone, Pennsylvania",2923.0
2011,US,Northeast,Rhode Island,"Kingston, Rhode Island",154237.0
2011,US,Northeast,Rhode Island,"Providence, Rhode Island",625995.0
2011,US,Northeast,Rhode Island,"Westerly, Rhode Island",41335.0
2011,US,Northeast,Vermont,"Bellows Falls, Vermont",4364.0
2011,US,Northeast,Vermont,"Brattleboro, Vermont",15223.0
2011,US,Northeast,Vermont,"Castleton, Vermont",3144.0
2011,US,Northeast,Vermont,"Essex Junction, Vermont",21798.0
2011,US,Northeast,Vermont,"Montpelier, Vermont",7031.0
2011,US,Northeast,Vermont,"Randolph, Vermont",1897.0
2011,US,Northeast,Vermont,"Rutland, Vermont",15848.0
2011,US,Northeast,Vermont,"St. Albans, Vermont",3023.0
2011,US,Northeast,Vermont,"Waterbury, Vermont",4818.0
2011,US,Northeast,Vermont,"White River Junction, Vermont",14109.0
2011,US,Northeast,Vermont,"Windsor, Vermont",687.0
2011,US,South,Alabama,"Anniston, Alabama",6694.0
2011,US,South,Alabama,"Birmingham, Alabama",48196.0
2011,US,South,Alabama,"Tuscaloosa, Alabama",12032.0
2011,US,South,Arkansas,"Arkadelphia, Arkansas",1574.0
2011,US,South,Arkansas,"Little Rock, Arkansas",23336.0
2011,US,South,Arkansas,"Malvern, Arkansas",1750.0
2011,US,South,Arkansas,"Texarkana, Arkansas",8646.0
2011,US,South,Arkansas,"Walnut Ridge, Arkansas",4311.0
2011,US,South,Delaware,"Newark, Delaware",10641.0
2011,US,South,Delaware,"Wilmington, Delaware",717772.0
2011,US,South,District of Columbia,"Washington Union Station, District of Columbia",4850685.0
2011,US,South,Florida,"DeLand, Florida",28663.0
2011,US,South,Florida,"Deerfield Beach, Florida",31338.0
2011,US,South,Florida,"Delray Beach, Florida",12696.0
2011,US,South,Florida,"Fort Lauderdale, Florida",58907.0
2011,US,South,Florida,"Hollywood, Florida",39069.0
2011,US,South,Florida,"Jacksonville, Florida",74733.0
2011,US,South,Florida,"Kissimmee, Florida",47823.0
2011,US,South,Florida,"Lakeland, Florida",24696.0
2011,US,South,Florida,"Miami, Florida",94556.0
2011,US,South,Florida,"Okeechobee, Florida",3976.0
2011,US,South,Florida,"Orlando, Florida",179142.0
2011,US,South,Florida,"Palatka, Florida",13872.0
2011,US,South,Florida,"Sanford (Auto Train Station), Florida",259944.0
2011,US,South,Florida,"Sebring, Florida",19988.0
2011,US,South,Florida,"Tampa, Florida",140785.0
2011,US,South,Florida,"West Palm Beach, Florida",66303.0
2011,US,South,Florida,"Winter Haven, Florida",26188.0
2011,US,South,Florida,"Winter Park, Florida",34858.0
2011,US,South,Georgia,"Atlanta, Georgia",114938.0
2011,US,South,Georgia,"Gainesville, Georgia",5921.0
2011,US,South,Georgia,"Jesup, Georgia",9900.0
2011,US,South,Georgia,"Savannah, Georgia",69379.0
2011,US,South,Georgia,"Toccoa, Georgia",3826.0
2011,US,South,Kentucky,"Ashland, Kentucky",2820.0
2011,US,South,Kentucky,"Fulton, Kentucky",3548.0
2011,US,South,Kentucky,"Maysville, Kentucky",1817.0
2011,US,South,Kentucky,"South Shore-South Portsmouth, Kentucky",856.0
2011,US,South,Louisiana,"Hammond, Louisiana",15249.0
2011,US,South,Louisiana,"Lafayette, Louisiana",6295.0
2011,US,South,Louisiana,"Lake Charles, Louisiana",3127.0
2011,US,South,Louisiana,"New Iberia, Louisiana",1667.0
2011,US,South,Louisiana,"New Orleans, Louisiana",210465.0
2011,US,South,Louisiana,"Schriever, Louisiana",1383.0
2011,US,South,Louisiana,"Slidell, Louisiana",7316.0
2011,US,South,Maryland,"Aberdeen, Maryland",39878.0
2011,US,South,Maryland,"BWI Thurgood Marshall Airport, Maryland",662453.0
2011,US,South,Maryland,"Baltimore, Maryland",953170.0
2011,US,South,Maryland,"Cumberland, Maryland",11465.0
2011,US,South,Maryland,"New Carrollton, Maryland",171663.0
2011,US,South,Maryland,"Rockville, Maryland",4015.0
2011,US,South,Mississippi,"Brookhaven, Mississippi",5019.0
2011,US,South,Mississippi,"Greenwood, Mississippi",15151.0
2011,US,South,Mississippi,"Hattiesburg, Mississippi",12771.0
2011,US,South,Mississippi,"Hazlehurst, Mississippi",2163.0
2011,US,South,Mississippi,"Jackson, Mississippi",52127.0
2011,US,South,Mississippi,"Laurel, Mississippi",5603.0
2011,US,South,Mississippi,"McComb, Mississippi",6979.0
2011,US,South,Mississippi,"Meridian, Mississippi",12989.0
2011,US,South,Mississippi,"Picayune, Mississippi",3253.0
2011,US,South,Mississippi,"Yazoo City, Mississippi",3626.0
2011,US,South,North Carolina,"Burlington, North Carolina",22476.0
2011,US,South,North Carolina,"Cary, North Carolina",44962.0
2011,US,South,North Carolina,"Charlotte, North Carolina",181566.0
2011,US,South,North Carolina,"Durham, North Carolina",74783.0
2011,US,South,North Carolina,"Fayetteville, North Carolina",55758.0
2011,US,South,North Carolina,"Gastonia, North Carolina",1664.0
2011,US,South,North Carolina,"Greensboro, North Carolina",124396.0
2011,US,South,North Carolina,"Hamlet, North Carolina",4820.0
2011,US,South,North Carolina,"High Point, North Carolina",33744.0
2011,US,South,North Carolina,"Kannapolis, North Carolina",16951.0
2011,US,South,North Carolina,"Raleigh, North Carolina",192434.0
2011,US,South,North Carolina,"Rocky Mount, North Carolina",56400.0
2011,US,South,North Carolina,"Salisbury, North Carolina",26109.0
2011,US,South,North Carolina,"Selma-Smithfield, North Carolina",13248.0
2011,US,South,North Carolina,"Southern Pines, North Carolina",7234.0
2011,US,South,North Carolina,"Wilson, North Carolina",43845.0
2011,US,South,Oklahoma,"Ardmore, Oklahoma",9941.0
2011,US,South,Oklahoma,"Norman, Oklahoma",14364.0
2011,US,South,Oklahoma,"Oklahoma City, Oklahoma",56368.0
2011,US,South,Oklahoma,"Pauls Valley, Oklahoma",6067.0
2011,US,South,Oklahoma,"Purcell, Oklahoma",2152.0
2011,US,South,South Carolina,"Camden, South Carolina",3923.0
2011,US,South,South Carolina,"Charleston, South Carolina",81180.0
2011,US,South,South Carolina,"Clemson, South Carolina",6466.0
2011,US,South,South Carolina,"Columbia, South Carolina",36786.0
2011,US,South,South Carolina,"Denmark, South Carolina",4344.0
2011,US,South,South Carolina,"Dillon, South Carolina",9490.0
2011,US,South,South Carolina,"Florence, South Carolina",49569.0
2011,US,South,South Carolina,"Greenville, South Carolina",17366.0
2011,US,South,South Carolina,"Kingstree, South Carolina",13539.0
2011,US,South,South Carolina,"Spartanburg, South Carolina",4469.0
2011,US,South,South Carolina,"Yemassee, South Carolina",13748.0
2011,US,South,Tennessee,"Memphis, Tennessee",65769.0
2011,US,South,Tennessee,"Newbern-Dyersberg, Tennessee",3960.0
2011,US,South,Texas,"Alpine, Texas",4322.0
2011,US,South,Texas,"Austin, Texas",39167.0
2011,US,South,Texas,"Beaumont, Texas",2401.0
2011,US,South,Texas,"Cleburne, Texas",3590.0
2011,US,South,Texas,"Dallas, Texas",54498.0
2011,US,South,Texas,"Del Rio, Texas",2242.0
2011,US,South,Texas,"El Paso, Texas",11470.0
2011,US,South,Texas,"Fort Worth, Texas",128894.0
2011,US,South,Texas,"Gainesville, Texas",8099.0
2011,US,South,Texas,"Houston, Texas",19637.0
2011,US,South,Texas,"Longview, Texas",35469.0
2011,US,South,Texas,"Marshall, Texas",9021.0
2011,US,South,Texas,"McGregor, Texas",4644.0
2011,US,South,Texas,"Mineola, Texas",7165.0
2011,US,South,Texas,"San Antonio, Texas",67168.0
2011,US,South,Texas,"San Marcos, Texas",6555.0
2011,US,South,Texas,"Sanderson, Texas",344.0
2011,US,South,Texas,"Taylor, Texas",4752.0
2011,US,South,Texas,"Temple, Texas",16471.0
2011,US,South,Virginia,"Alexandria, Virginia",161687.0
2011,US,South,Virginia,"Ashland, Virginia",22359.0
2011,US,South,Virginia,"Burke Centre, Virginia",2967.0
2011,US,South,Virginia,"Charlottesville, Virginia",111602.0
2011,US,South,Virginia,"Clifton Forge, Virginia",3060.0
2011,US,South,Virginia,"Culpeper, Virginia",10930.0
2011,US,South,Virginia,"Danville, Virginia",9024.0
2011,US,South,Virginia,"Fredericksburg, Virginia",71110.0
2011,US,South,Virginia,"Lorton (Auto Train), Virginia",259944.0
2011,US,South,Virginia,"Lynchburg, Virginia",76179.0
2011,US,South,Virginia,"Manassas, Virginia",20264.0
2011,US,South,Virginia,"Newport News, Virginia",122438.0
2011,US,South,Virginia,"Petersburg, Virginia",22065.0
2011,US,South,Virginia,"Quantico, Virginia",31311.0
2011,US,South,Virginia,"Richmond - Main Street, Virginia",32628.0
2011,US,South,Virginia,"Richmond - Staples Mill, Virginia",320239.0
2011,US,South,Virginia,"Staunton, Virginia",6217.0
2011,US,South,Virginia,"Williamsburg, Virginia",53056.0
2011,US,South,Virginia,"Woodbridge, Virginia",17612.0
2011,US,South,West Virginia,"Alderson, West Virginia",659.0
2011,US,South,West Virginia,"Charleston, West Virginia",9783.0
2011,US,South,West Virginia,"Harpers Ferry, West Virginia",5006.0
2011,US,South,West Virginia,"Hinton, West Virginia",8632.0
2011,US,South,West Virginia,"Huntington, West Virginia",11721.0
2011,US,South,West Virginia,"Martinsburg, West Virginia",7734.0
2011,US,South,West Virginia,"Montgomery, West Virginia",473.0
2011,US,South,West Virginia,"Prince, West Virginia",3197.0
2011,US,South,West Virginia,"Thurmond, West Virginia",254.0
2011,US,South,West Virginia,"White Sulphur Springs, West Virginia",6056.0
2011,US,West,Arizona,"Benson, Arizona",1208.0
2011,US,West,Arizona,"Flagstaff, Arizona",41252.0
2011,US,West,Arizona,"Kingman, Arizona",10944.0
2011,US,West,Arizona,"Maricopa, Arizona",9819.0
2011,US,West,Arizona,"Tucson, Arizona",23340.0
2011,US,West,Arizona,"Williams Junction, Arizona",7646.0
2011,US,West,Arizona,"Winslow, Arizona",5399.0
2011,US,West,Arizona,"Yuma, Arizona",3386.0
2011,US,West,California,"Anaheim, California",352363.0
2011,US,West,California,"Antioch-Pittsburg, California",34794.0
2011,US,West,California,"Auburn, California",29438.0
2011,US,West,California,"Bakersfield, California",476767.0
2011,US,West,California,"Barstow, California",3870.0
2011,US,West,California,"Berkeley, California",142510.0
2011,US,West,California,"Burbank, California",47928.0
2011,US,West,California,"Camarillo, California",36686.0
2011,US,West,California,"Carpinteria, California",20064.0
2011,US,West,California,"Chatsworth, California",52401.0
2011,US,West,California,"Chico, California",9843.0
2011,US,West,California,"Colfax, California",4036.0
2011,US,West,California,"Corcoran, California",27424.0
2011,US,West,California,"Davis, California",443168.0
2011,US,West,California,"Dunsmuir, California",5370.0
2011,US,West,California,"Emeryville, California",583865.0
2011,US,West,California,"Fremont, California",43515.0
2011,US,West,California,"Fresno, California",371875.0
2011,US,West,California,"Fullerton, California",436383.0
2011,US,West,California,"Glendale, California",39913.0
2011,US,West,California,"Goleta, California",62310.0
2011,US,West,California,"Great America (Santa Clara), California",115989.0
2011,US,West,California,"Grover Beach, California",17326.0
2011,US,West,California,"Guadalupe-Santa Maria, California",10649.0
2011,US,West,California,"Hanford, California",199291.0
2011,US,West,California,"Hayward, California",30603.0
2011,US,West,California,"Irvine, California",664263.0
2011,US,West,California,"Laguna Niguel, California",2938.0
2011,US,West,California,"Lodi, California",7422.0
2011,US,West,California,"Lompoc-Surf, California",5950.0
2011,US,West,California,"Los Angeles, California",1606121.0
2011,US,West,California,"Madera, California",21739.0
2011,US,West,California,"Martinez, California",446507.0
2011,US,West,California,"Merced, California",114401.0
2011,US,West,California,"Metrolink Station Orange, California 92866",3025.0
2011,US,West,California,"Modesto, California",104647.0
2011,US,West,California,"Moorpark, California",13191.0
2011,US,West,California,"Moreno Valley, California",11679.0
2011,US,West,California,"Needles, California",8840.0
2011,US,West,California,"Oakland Coliseum, California",22113.0
2011,US,West,California,"Oakland, California",379851.0
2011,US,West,California,"Oceanside, California",311834.0
2011,US,West,California,"Ontario, California",5422.0
2011,US,West,California,"Oxnard, California",78085.0
2011,US,West,California,"Palm Springs, California",5897.0
2011,US,West,California,"Paso Robles, California",10122.0
2011,US,West,California,"Pomona, California",1517.0
2011,US,West,California,"Redding, California",11440.0
2011,US,West,California,"Richmond, California",276114.0
2011,US,West,California,"Rocklin, California",36329.0
2011,US,West,California,"Roseville, California",67831.0
2011,US,West,California,"Sacramento, California",1175046.0
2011,US,West,California,"Salinas, California",18164.0
2011,US,West,California,"San Bernardino, California",10552.0
2011,US,West,California,"San Clemente Pier, California",9223.0
2011,US,West,California,"San Diego, California",753739.0
2011,US,West,California,"San Diego-Old Town, California",22867.0
2011,US,West,California,"San Jose, California",224756.0
2011,US,West,California,"San Juan Capistrano, California",230481.0
2011,US,West,California,"San Luis Obispo, California",101659.0
2011,US,West,California,"Santa Ana, California",170036.0
2011,US,West,California,"Santa Barbara, California",317617.0
2011,US,West,California,"Simi Valley, California",41136.0
2011,US,West,California,"Solana Beach, California",443386.0
2011,US,West,California,"Stockton (Downtown), California",38401.0
2011,US,West,California,"Stockton (San Joaquin St.), California",260115.0
2011,US,West,California,"Suisun-Fairfield, California",192471.0
2011,US,West,California,"Truckee, California",8399.0
2011,US,West,California,"Turlock-Denair, California",23454.0
2011,US,West,California,"Van Nuys, California",74163.0
2011,US,West,California,"Ventura, California",47457.0
2011,US,West,California,"Victorville, California",6488.0
2011,US,West,California,"Wasco, California",18209.0
2011,US,West,Colorado,"Denver, Colorado",115342.0
2011,US,West,Colorado,"Fort Morgan, Colorado",3191.0
2011,US,West,Colorado,"Glenwood Springs, Colorado",33776.0
2011,US,West,Colorado,"Granby, Colorado",3621.0
2011,US,West,Colorado,"Grand Junction, Colorado",29218.0
2011,US,West,Colorado,"La Junta, Colorado",6653.0
2011,US,West,Colorado,"Lamar, Colorado",1840.0
2011,US,West,Colorado,"Trinidad, Colorado",4535.0
2011,US,West,Colorado,"Winter Park-Fraser, Colorado",8252.0
2011,US,West,Idaho,"Sandpoint, Idaho",5296.0
2011,US,West,Montana,"Browning (winter only), Montana",1834.0
2011,US,West,Montana,"Cut Bank, Montana",2985.0
2011,US,West,Montana,"East Glacier (summer only), Montana",11950.0
2011,US,West,Montana,"Essex, Montana",3568.0
2011,US,West,Montana,"Glasgow, Montana",4370.0
2011,US,West,Montana,"Havre, Montana",14007.0
2011,US,West,Montana,"Libby, Montana",5072.0
2011,US,West,Montana,"Malta, Montana",2934.0
2011,US,West,Montana,"Shelby, Montana",13358.0
2011,US,West,Montana,"West Glacier, Montana",5018.0
2011,US,West,Montana,"Whitefish, Montana",57823.0
2011,US,West,Montana,"Wolf Point, Montana",6059.0
2011,US,West,Nevada,"Elko, Nevada",7125.0
2011,US,West,Nevada,"Reno, Nevada",69257.0
2011,US,West,Nevada,"Winnemucca, Nevada",3441.0
2011,US,West,New Mexico,"Albuquerque, New Mexico",75779.0
2011,US,West,New Mexico,"Deming, New Mexico",1047.0
2011,US,West,New Mexico,"Gallup, New Mexico",14433.0
2011,US,West,New Mexico,"Lamy, New Mexico",12579.0
2011,US,West,New Mexico,"Las Vegas, New Mexico",4952.0
2011,US,West,New Mexico,"Lordsburg, New Mexico",510.0
2011,US,West,New Mexico,"Raton, New Mexico",16794.0
2011,US,West,Oregon,"Albany, Oregon",38693.0
2011,US,West,Oregon,"Chemult, Oregon",9766.0
2011,US,West,Oregon,"Eugene, Oregon",112528.0
2011,US,West,Oregon,"Klamath Falls, Oregon",31921.0
2011,US,West,Oregon,"Oregon City, Oregon",9165.0
2011,US,West,Oregon,"Portland, Oregon",665677.0
2011,US,West,Oregon,"Salem, Oregon",66761.0
2011,US,West,Utah,"Green River, Utah",2367.0
2011,US,West,Utah,"Helper, Utah",2088.0
2011,US,West,Utah,"Provo, Utah",4996.0
2011,US,West,Utah,"Salt Lake City, Utah",38571.0
2011,US,West,Washington,"Bellingham, Washington",59490.0
2011,US,West,Washington,"Bingen-White Salmon, Washington",2420.0
2011,US,West,Washington,"Centralia, Washington",21998.0
2011,US,West,Washington,"Edmonds, Washington",30472.0
2011,US,West,Washington,"Ephrata, Washington",3063.0
2011,US,West,Washington,"Everett, Washington",42288.0
2011,US,West,Washington,"Kelso-Longview, Washington",26972.0
2011,US,West,Washington,"Leavenworth, Washington",8028.0
2011,US,West,Washington,"Mount Vernon, Washington",18747.0
2011,US,West,Washington,"Olympia/Lacey, Washington",58094.0
2011,US,West,Washington,"Pasco, Washington",22598.0
2011,US,West,Washington,"Seattle, Washington",672485.0
2011,US,West,Washington,"Spokane, Washington",46798.0
2011,US,West,Washington,"Stanwood, Washington",4134.0
2011,US,West,Washington,"Tacoma, Washington",124252.0
2011,US,West,Washington,"Tukwila, Washington",26549.0
2011,US,West,Washington,"Vancouver, Washington",99001.0
2011,US,West,Washington,"Wenatchee, Washington",13664.0
2011,US,West,Washington,"Wishram, Washington",2128.0
2012,US,Midwest,Illinois,"Alton, Illinois",63027.0
2012,US,Midwest,Illinois,"Bloomington/Normal, Illinois",239981.0
2012,US,Midwest,Illinois,"Carbondale, Illinois",140093.0
2012,US,Midwest,Illinois,"Carlinville, Illinois",10557.0
2012,US,Midwest,Illinois,"Centralia, Illinois",26496.0
2012,US,Midwest,Illinois,"Champaign-Urbana, Illinois",178353.0
2012,US,Midwest,Illinois,"Chicago, Illinois",3483313.0
2012,US,Midwest,Illinois,"Du Quoin, Illinois",10776.0
2012,US,Midwest,Illinois,"Dwight, Illinois",10184.0
2012,US,Midwest,Illinois,"Effingham, Illinois",28530.0
2012,US,Midwest,Illinois,"Galesburg, Illinois",106491.0
2012,US,Midwest,Illinois,"Gilman, Illinois",2862.0
2012,US,Midwest,Illinois,"Glenview, Illinois",71827.0
2012,US,Midwest,Illinois,"Homewood, Illinois",43055.0
2012,US,Midwest,Illinois,"Joliet, Illinois",63102.0
2012,US,Midwest,Illinois,"Kankakee, Illinois",22110.0
2012,US,Midwest,Illinois,"Kewanee, Illinois",16504.0
2012,US,Midwest,Illinois,"La Grange Road, Illinois",15120.0
2012,US,Midwest,Illinois,"Lincoln, Illinois",22473.0
2012,US,Midwest,Illinois,"Macomb, Illinois",80000.0
2012,US,Midwest,Illinois,"Mattoon, Illinois",42011.0
2012,US,Midwest,Illinois,"Mendota, Illinois",24250.0
2012,US,Midwest,Illinois,"Naperville, Illinois",54213.0
2012,US,Midwest,Illinois,"Plano, Illinois",6344.0
2012,US,Midwest,Illinois,"Pontiac, Illinois",14429.0
2012,US,Midwest,Illinois,"Princeton, Illinois",34713.0
2012,US,Midwest,Illinois,"Quincy, Illinois",53633.0
2012,US,Midwest,Illinois,"Rantoul, Illinois",4909.0
2012,US,Midwest,Illinois,"Springfield, Illinois",192216.0
2012,US,Midwest,Illinois,"Summit, Illinois",9072.0
2012,US,Midwest,Indiana,"Albany/Rensselaer, Indiana",2342.0
2012,US,Midwest,Indiana,"Connellsville, Indiana",700.0
2012,US,Midwest,Indiana,"Crawfordsville (Bus), Indiana",6003.0
2012,US,Midwest,Indiana,"Dyer, Indiana",2756.0
2012,US,Midwest,Indiana,"Elkhart, Indiana",18141.0
2012,US,Midwest,Indiana,"Hammond-Whiting, Indiana",6411.0
2012,US,Midwest,Indiana,"Indianapolis, Indiana",34863.0
2012,US,Midwest,Indiana,"Lafayette, Indiana",27363.0
2012,US,Midwest,Indiana,"Michigan City, Indiana",3293.0
2012,US,Midwest,Indiana,"South Bend, Indiana",24799.0
2012,US,Midwest,Indiana,"Waterloo, Indiana",24064.0
2012,US,Midwest,Iowa,"Burlington, Iowa",7646.0
2012,US,Midwest,Iowa,"Creston, Iowa",4531.0
2012,US,Midwest,Iowa,"Fort Madison, Iowa",7003.0
2012,US,Midwest,Iowa,"Mt. Pleasant, Iowa",13634.0
2012,US,Midwest,Iowa,"Osceola, Iowa",14681.0
2012,US,Midwest,Iowa,"Ottumwa, Iowa",11674.0
2012,US,Midwest,Kansas,"Dodge City, Kansas",5174.0
2012,US,Midwest,Kansas,"Garden City, Kansas",7887.0
2012,US,Midwest,Kansas,"Hutchinson, Kansas",5239.0
2012,US,Midwest,Kansas,"Lawrence, Kansas",6608.0
2012,US,Midwest,Kansas,"Newton, Kansas",14131.0
2012,US,Midwest,Kansas,"Topeka, Kansas",10459.0
2012,US,Midwest,Michigan,"Albion, Michigan",1980.0
2012,US,Midwest,Michigan,"Ann Arbor, Michigan",144707.0
2012,US,Midwest,Michigan,"Bangor, Michigan",3616.0
2012,US,Midwest,Michigan,"Battle Creek, Michigan",50511.0
2012,US,Midwest,Michigan,"Birmingham, Michigan",19712.0
2012,US,Midwest,Michigan,"Dearborn, Michigan",81417.0
2012,US,Midwest,Michigan,"Detroit, Michigan",66571.0
2012,US,Midwest,Michigan,"Dowagiac, Michigan",3740.0
2012,US,Midwest,Michigan,"Durand, Michigan",12912.0
2012,US,Midwest,Michigan,"East Lansing, Michigan",68147.0
2012,US,Midwest,Michigan,"Flint, Michigan",37764.0
2012,US,Midwest,Michigan,"Grand Rapids, Michigan",56832.0
2012,US,Midwest,Michigan,"Holland, Michigan",39763.0
2012,US,Midwest,Michigan,"Jackson, Michigan",29987.0
2012,US,Midwest,Michigan,"Kalamazoo, Michigan",125212.0
2012,US,Midwest,Michigan,"Lapeer, Michigan",9940.0
2012,US,Midwest,Michigan,"New Buffalo, Michigan",14817.0
2012,US,Midwest,Michigan,"Niles, Michigan",19915.0
2012,US,Midwest,Michigan,"Pontiac, Michigan",16307.0
2012,US,Midwest,Michigan,"Port Huron, Michigan",26696.0
2012,US,Midwest,Michigan,"Royal Oak, Michigan",32814.0
2012,US,Midwest,Michigan,"St. Joseph/Benton Harbor, Michigan",10981.0
2012,US,Midwest,Minnesota,"Detroit Lakes, Minnesota",4602.0
2012,US,Midwest,Minnesota,"Red Wing, Minnesota",10289.0
2012,US,Midwest,Minnesota,"St. Cloud, Minnesota",13740.0
2012,US,Midwest,Minnesota,"St. Paul-Minneapolis, Minnesota",120515.0
2012,US,Midwest,Minnesota,"Staples, Minnesota",7931.0
2012,US,Midwest,Minnesota,"Winona, Minnesota",24458.0
2012,US,Midwest,Missouri,"Hermann, Missouri",17948.0
2012,US,Midwest,Missouri,"Independence, Missouri",9809.0
2012,US,Midwest,Missouri,"Jefferson City, Missouri",50282.0
2012,US,Midwest,Missouri,"Kansas City, Missouri",161130.0
2012,US,Midwest,Missouri,"Kirkwood, Missouri",57777.0
2012,US,Midwest,Missouri,"La Plata, Missouri",9820.0
2012,US,Midwest,Missouri,"Lee’s Summit, Missouri",30299.0
2012,US,Midwest,Missouri,"Poplar Bluff, Missouri",5938.0
2012,US,Midwest,Missouri,"Sedalia, Missouri",12194.0
2012,US,Midwest,Missouri,"St. Louis, Missouri",353696.0
2012,US,Midwest,Missouri,"Warrensburg, Missouri",16074.0
2012,US,Midwest,Missouri,"Washington, Missouri",14289.0
2012,US,Midwest,Nebraska,"Hastings, Nebraska",5358.0
2012,US,Midwest,Nebraska,"Holdrege, Nebraska",2296.0
2012,US,Midwest,Nebraska,"Lincoln, Nebraska",12468.0
2012,US,Midwest,Nebraska,"McCook, Nebraska",3540.0
2012,US,Midwest,Nebraska,"Omaha, Nebraska",22794.0
2012,US,Midwest,North Dakota,"Devils Lake, North Dakota",5505.0
2012,US,Midwest,North Dakota,"Fargo, North Dakota",20304.0
2012,US,Midwest,North Dakota,"Grand Forks, North Dakota",20271.0
2012,US,Midwest,North Dakota,"Minot, North Dakota",37169.0
2012,US,Midwest,North Dakota,"Rugby, North Dakota",7057.0
2012,US,Midwest,North Dakota,"Stanley, North Dakota",10234.0
2012,US,Midwest,North Dakota,"Williston, North Dakota",54324.0
2012,US,Midwest,Ohio,"Alliance, Ohio",4373.0
2012,US,Midwest,Ohio,"Bryan, Ohio",7664.0
2012,US,Midwest,Ohio,"Cincinnati, Ohio",16209.0
2012,US,Midwest,Ohio,"Cleveland, Ohio",50825.0
2012,US,Midwest,Ohio,"Elyria, Ohio",6408.0
2012,US,Midwest,Ohio,"Sandusky, Ohio",9155.0
2012,US,Midwest,Ohio,"Toledo, Ohio",69275.0
2012,US,Midwest,Wisconsin,"Columbus, Wisconsin",16259.0
2012,US,Midwest,Wisconsin,"La Crosse, Wisconsin",28872.0
2012,US,Midwest,Wisconsin,"Milwaukee Airport, Wisconsin",163772.0
2012,US,Midwest,Wisconsin,"Milwaukee, Wisconsin",632078.0
2012,US,Midwest,Wisconsin,"Portage, Wisconsin",6747.0
2012,US,Midwest,Wisconsin,"Sturtevant, Wisconsin",75052.0
2012,US,Midwest,Wisconsin,"Tomah, Wisconsin",10775.0
2012,US,Midwest,Wisconsin,"Wisconsin Dells, Wisconsin",13543.0
2012,US,Northeast,Connecticut,"Berlin, Connecticut",24108.0
2012,US,Northeast,Connecticut,"Bridgeport, Connecticut",84446.0
2012,US,Northeast,Connecticut,"Hartford, Connecticut",179536.0
2012,US,Northeast,Connecticut,"Meriden, Connecticut",34483.0
2012,US,Northeast,Connecticut,"Mystic, Connecticut",25983.0
2012,US,Northeast,Connecticut,"New Haven, Connecticut",755669.0
2012,US,Northeast,Connecticut,"New London, Connecticut",173003.0
2012,US,Northeast,Connecticut,"Old Saybrook, Connecticut",65315.0
2012,US,Northeast,Connecticut,"Stamford, Connecticut",393703.0
2012,US,Northeast,Connecticut,"Wallingford, Connecticut",18148.0
2012,US,Northeast,Connecticut,"Windsor Locks, Connecticut",18491.0
2012,US,Northeast,Connecticut,"Windsor, Connecticut",11713.0
2012,US,Northeast,Maine,"Old Orchard Beach, Maine",17389.0
2012,US,Northeast,Maine,"Portland, Maine",214713.0
2012,US,Northeast,Maine,"Saco-Biddeford, Maine",50112.0
2012,US,Northeast,Maine,"Wells, Maine",55503.0
2012,US,Northeast,Massachusetts,"Amherst, Massachusetts",12945.0
2012,US,Northeast,Massachusetts,"Boston-Back Bay, Massachusetts",528040.0
2012,US,Northeast,Massachusetts,"Boston-North Station, Massachusetts",473912.0
2012,US,Northeast,Massachusetts,"Boston-South Station, Massachusetts",1447501.0
2012,US,Northeast,Massachusetts,"Framingham, Massachusetts",2320.0
2012,US,Northeast,Massachusetts,"Haverhill, Massachusetts",41530.0
2012,US,Northeast,Massachusetts,"Pittsfield, Massachusetts",7204.0
2012,US,Northeast,Massachusetts,"Route 128 (Boston), Massachusetts",444058.0
2012,US,Northeast,Massachusetts,"Springfield, Massachusetts",143605.0
2012,US,Northeast,Massachusetts,"Woburn, Massachusetts",18860.0
2012,US,Northeast,Massachusetts,"Worcester, Massachusetts",8900.0
2012,US,Northeast,New Hampshire,"Claremont, New Hampshire",1944.0
2012,US,Northeast,New Hampshire,"Dover, New Hampshire",63896.0
2012,US,Northeast,New Hampshire,"Durham-UNH, New Hampshire",55721.0
2012,US,Northeast,New Hampshire,"Exeter, New Hampshire",91878.0
2012,US,Northeast,New Jersey,"Metropark, New Jersey",393713.0
2012,US,Northeast,New Jersey,"New Brunswick, New Jersey",8470.0
2012,US,Northeast,New Jersey,"Newark Airport, New Jersey",126705.0
2012,US,Northeast,New Jersey,"Newark, New Jersey",680803.0
2012,US,Northeast,New Jersey,"Princeton Junction, New Jersey",40947.0
2012,US,Northeast,New Jersey,"Trenton, New Jersey",419446.0
2012,US,Northeast,New York,"Albany-Rensselaer, New York",769413.0
2012,US,Northeast,New York,"Amsterdam, New York",9197.0
2012,US,Northeast,New York,"Buffalo-Depew, New York",126466.0
2012,US,Northeast,New York,"Buffalo-Exchange Street, New York",36183.0
2012,US,Northeast,New York,"Croton-Harmon, New York",45578.0
2012,US,Northeast,New York,"Fort Edward, New York",9891.0
2012,US,Northeast,New York,"Hudson, New York",167286.0
2012,US,Northeast,New York,"New Rochelle, New York",84777.0
2012,US,Northeast,New York,"New York City (Penn Station), New York",9493414.0
2012,US,Northeast,New York,"Niagara Falls, New York",32598.0
2012,US,Northeast,New York,"Plattsburgh, New York",12632.0
2012,US,Northeast,New York,"Port Henry, New York",2264.0
2012,US,Northeast,New York,"Port Kent, New York",848.0
2012,US,Northeast,New York,"Poughkeepsie, New York",88354.0
2012,US,Northeast,New York,"Rhinecliff, New York",177375.0
2012,US,Northeast,New York,"Rochester, New York",144703.0
2012,US,Northeast,New York,"Rome, New York",9315.0
2012,US,Northeast,New York,"Rouses Point, New York",1353.0
2012,US,Northeast,New York,"Saratoga Springs, New York",32513.0
2012,US,Northeast,New York,"Schenectady, New York",60811.0
2012,US,Northeast,New York,"Syracuse, New York",152957.0
2012,US,Northeast,New York,"Ticonderoga, New York",1996.0
2012,US,Northeast,New York,"Utica, New York",65916.0
2012,US,Northeast,New York,"Westport, New York",4751.0
2012,US,Northeast,New York,"Whitehall, New York",1537.0
2012,US,Northeast,New York,"Yonkers, New York",22187.0
2012,US,Northeast,Pennsylvania,"Altoona, Pennsylvania",26978.0
2012,US,Northeast,Pennsylvania,"Ardmore, Pennsylvania",59589.0
2012,US,Northeast,Pennsylvania,"Coatesville, Pennsylvania",16493.0
2012,US,Northeast,Pennsylvania,"Connellsville, Pennsylvania",4612.0
2012,US,Northeast,Pennsylvania,"Cornwells Heights, Pennsylvania",3580.0
2012,US,Northeast,Pennsylvania,"Downingtown, Pennsylvania",65345.0
2012,US,Northeast,Pennsylvania,"Elizabethtown, Pennsylvania",112198.0
2012,US,Northeast,Pennsylvania,"Erie, Pennsylvania",17794.0
2012,US,Northeast,Pennsylvania,"Exton, Pennsylvania",109980.0
2012,US,Northeast,Pennsylvania,"Greensburg, Pennsylvania",13395.0
2012,US,Northeast,Pennsylvania,"Harrisburg, Pennsylvania",571217.0
2012,US,Northeast,Pennsylvania,"Huntingdon, Pennsylvania",5837.0
2012,US,Northeast,Pennsylvania,"Johnstown, Pennsylvania",23964.0
2012,US,Northeast,Pennsylvania,"Lancaster, Pennsylvania",559364.0
2012,US,Northeast,Pennsylvania,"Latrobe, Pennsylvania",4669.0
2012,US,Northeast,Pennsylvania,"Lewistown, Pennsylvania",8315.0
2012,US,Northeast,Pennsylvania,"Middletown, Pennsylvania",73538.0
2012,US,Northeast,Pennsylvania,"Mount Joy, Pennsylvania",69025.0
2012,US,Northeast,Pennsylvania,"Paoli, Pennsylvania",167561.0
2012,US,Northeast,Pennsylvania,"Parkesburg, Pennsylvania",51296.0
2012,US,Northeast,Pennsylvania,"Philadelphia William H. Gray III 30th Street, Pennsylvania",4068540.0
2012,US,Northeast,Pennsylvania,"Philadelphia-North, Pennsylvania",294.0
2012,US,Northeast,Pennsylvania,"Pittsburgh, Pennsylvania",129372.0
2012,US,Northeast,Pennsylvania,"Tyrone, Pennsylvania",3108.0
2012,US,Northeast,Rhode Island,"Kingston, Rhode Island",162837.0
2012,US,Northeast,Rhode Island,"Providence, Rhode Island",669576.0
2012,US,Northeast,Rhode Island,"Westerly, Rhode Island",42023.0
2012,US,Northeast,Vermont,"Bellows Falls, Vermont",4620.0
2012,US,Northeast,Vermont,"Brattleboro, Vermont",17410.0
2012,US,Northeast,Vermont,"Castleton, Vermont",3649.0
2012,US,Northeast,Vermont,"Essex Junction, Vermont",20706.0
2012,US,Northeast,Vermont,"Montpelier, Vermont",7372.0
2012,US,Northeast,Vermont,"Randolph, Vermont",2004.0
2012,US,Northeast,Vermont,"Rutland, Vermont",16776.0
2012,US,Northeast,Vermont,"St. Albans, Vermont",3345.0
2012,US,Northeast,Vermont,"Waterbury, Vermont",5005.0
2012,US,Northeast,Vermont,"White River Junction, Vermont",15125.0
2012,US,Northeast,Vermont,"Windsor, Vermont",962.0
2012,US,South,Alabama,"Anniston, Alabama",6209.0
2012,US,South,Alabama,"Birmingham, Alabama",48734.0
2012,US,South,Alabama,"Tuscaloosa, Alabama",12290.0
2012,US,South,Arkansas,"Arkadelphia, Arkansas",1602.0
2012,US,South,Arkansas,"Little Rock, Arkansas",24036.0
2012,US,South,Arkansas,"Malvern, Arkansas",2105.0
2012,US,South,Arkansas,"Texarkana, Arkansas",8849.0
2012,US,South,Arkansas,"Walnut Ridge, Arkansas",4766.0
2012,US,South,Delaware,"Newark, Delaware",14682.0
2012,US,South,Delaware,"Wilmington, Delaware",737846.0
2012,US,South,District of Columbia,"Washington Union Station, District of Columbia",5013991.0
2012,US,South,Florida,"DeLand, Florida",28553.0
2012,US,South,Florida,"Deerfield Beach, Florida",32180.0
2012,US,South,Florida,"Delray Beach, Florida",13448.0
2012,US,South,Florida,"Fort Lauderdale, Florida",56913.0
2012,US,South,Florida,"Hollywood, Florida",38805.0
2012,US,South,Florida,"Jacksonville, Florida",77512.0
2012,US,South,Florida,"Kissimmee, Florida",48521.0
2012,US,South,Florida,"Lakeland, Florida",25630.0
2012,US,South,Florida,"Miami, Florida",91019.0
2012,US,South,Florida,"Okeechobee, Florida",3933.0
2012,US,South,Florida,"Orlando, Florida",172502.0
2012,US,South,Florida,"Palatka, Florida",12803.0
2012,US,South,Florida,"Sanford (Auto Train Station), Florida",264096.0
2012,US,South,Florida,"Sebring, Florida",18202.0
2012,US,South,Florida,"Tampa, Florida",150844.0
2012,US,South,Florida,"West Palm Beach, Florida",67992.0
2012,US,South,Florida,"Winter Haven, Florida",24565.0
2012,US,South,Florida,"Winter Park, Florida",33455.0
2012,US,South,Georgia,"Atlanta, Georgia",104854.0
2012,US,South,Georgia,"Gainesville, Georgia",9387.0
2012,US,South,Georgia,"Jesup, Georgia",10086.0
2012,US,South,Georgia,"Savannah, Georgia",72321.0
2012,US,South,Georgia,"Toccoa, Georgia",4434.0
2012,US,South,Kentucky,"Ashland, Kentucky",2999.0
2012,US,South,Kentucky,"Fulton, Kentucky",4038.0
2012,US,South,Kentucky,"Maysville, Kentucky",2507.0
2012,US,South,Kentucky,"South Shore-South Portsmouth, Kentucky",1037.0
2012,US,South,Louisiana,"Hammond, Louisiana",15212.0
2012,US,South,Louisiana,"Lafayette, Louisiana",5969.0
2012,US,South,Louisiana,"Lake Charles, Louisiana",3438.0
2012,US,South,Louisiana,"New Iberia, Louisiana",1670.0
2012,US,South,Louisiana,"New Orleans, Louisiana",222828.0
2012,US,South,Louisiana,"Schriever, Louisiana",1755.0
2012,US,South,Louisiana,"Slidell, Louisiana",7101.0
2012,US,South,Maryland,"Aberdeen, Maryland",43987.0
2012,US,South,Maryland,"BWI Thurgood Marshall Airport, Maryland",703604.0
2012,US,South,Maryland,"Baltimore, Maryland",1028909.0
2012,US,South,Maryland,"Cumberland, Maryland",10963.0
2012,US,South,Maryland,"New Carrollton, Maryland",174054.0
2012,US,South,Maryland,"Rockville, Maryland",4213.0
2012,US,South,Mississippi,"Brookhaven, Mississippi",4635.0
2012,US,South,Mississippi,"Greenwood, Mississippi",15648.0
2012,US,South,Mississippi,"Hattiesburg, Mississippi",12951.0
2012,US,South,Mississippi,"Hazlehurst, Mississippi",1960.0
2012,US,South,Mississippi,"Jackson, Mississippi",49804.0
2012,US,South,Mississippi,"Laurel, Mississippi",5484.0
2012,US,South,Mississippi,"McComb, Mississippi",6685.0
2012,US,South,Mississippi,"Meridian, Mississippi",12120.0
2012,US,South,Mississippi,"Picayune, Mississippi",2971.0
2012,US,South,Mississippi,"Yazoo City, Mississippi",3323.0
2012,US,South,North Carolina,"Burlington, North Carolina",25851.0
2012,US,South,North Carolina,"Cary, North Carolina",78278.0
2012,US,South,North Carolina,"Charlotte, North Carolina",193144.0
2012,US,South,North Carolina,"Durham, North Carolina",79292.0
2012,US,South,North Carolina,"Fayetteville, North Carolina",53510.0
2012,US,South,North Carolina,"Gastonia, North Carolina",1565.0
2012,US,South,North Carolina,"Greensboro, North Carolina",134888.0
2012,US,South,North Carolina,"Hamlet, North Carolina",4826.0
2012,US,South,North Carolina,"High Point, North Carolina",38358.0
2012,US,South,North Carolina,"Kannapolis, North Carolina",18748.0
2012,US,South,North Carolina,"Raleigh, North Carolina",163698.0
2012,US,South,North Carolina,"Rocky Mount, North Carolina",53779.0
2012,US,South,North Carolina,"Salisbury, North Carolina",27606.0
2012,US,South,North Carolina,"Selma-Smithfield, North Carolina",13388.0
2012,US,South,North Carolina,"Southern Pines, North Carolina",7092.0
2012,US,South,North Carolina,"Wilson, North Carolina",44158.0
2012,US,South,Oklahoma,"Ardmore, Oklahoma",10278.0
2012,US,South,Oklahoma,"Norman, Oklahoma",15207.0
2012,US,South,Oklahoma,"Oklahoma City, Oklahoma",59212.0
2012,US,South,Oklahoma,"Pauls Valley, Oklahoma",5706.0
2012,US,South,Oklahoma,"Purcell, Oklahoma",2137.0
2012,US,South,South Carolina,"Camden, South Carolina",3699.0
2012,US,South,South Carolina,"Charleston, South Carolina",84956.0
2012,US,South,South Carolina,"Clemson, South Carolina",5807.0
2012,US,South,South Carolina,"Columbia, South Carolina",37577.0
2012,US,South,South Carolina,"Denmark, South Carolina",4254.0
2012,US,South,South Carolina,"Dillon, South Carolina",8745.0
2012,US,South,South Carolina,"Florence, South Carolina",52178.0
2012,US,South,South Carolina,"Greenville, South Carolina",12565.0
2012,US,South,South Carolina,"Kingstree, South Carolina",14812.0
2012,US,South,South Carolina,"Spartanburg, South Carolina",4452.0
2012,US,South,South Carolina,"Yemassee, South Carolina",14624.0
2012,US,South,Tennessee,"Memphis, Tennessee",73116.0
2012,US,South,Tennessee,"Newbern-Dyersberg, Tennessee",4039.0
2012,US,South,Texas,"Alpine, Texas",4416.0
2012,US,South,Texas,"Austin, Texas",41638.0
2012,US,South,Texas,"Beaumont, Texas",2724.0
2012,US,South,Texas,"Cleburne, Texas",4536.0
2012,US,South,Texas,"Dallas, Texas",55764.0
2012,US,South,Texas,"Del Rio, Texas",2175.0
2012,US,South,Texas,"El Paso, Texas",12329.0
2012,US,South,Texas,"Fort Worth, Texas",141696.0
2012,US,South,Texas,"Gainesville, Texas",8055.0
2012,US,South,Texas,"Houston, Texas",20327.0
2012,US,South,Texas,"Longview, Texas",49126.0
2012,US,South,Texas,"Marshall, Texas",10025.0
2012,US,South,Texas,"McGregor, Texas",4988.0
2012,US,South,Texas,"Mineola, Texas",6956.0
2012,US,South,Texas,"San Antonio, Texas",70161.0
2012,US,South,Texas,"San Marcos, Texas",7294.0
2012,US,South,Texas,"Sanderson, Texas",255.0
2012,US,South,Texas,"Taylor, Texas",4979.0
2012,US,South,Texas,"Temple, Texas",17856.0
2012,US,South,Virginia,"Alexandria, Virginia",169746.0
2012,US,South,Virginia,"Ashland, Virginia",24041.0
2012,US,South,Virginia,"Burke Centre, Virginia",4099.0
2012,US,South,Virginia,"Charlottesville, Virginia",127524.0
2012,US,South,Virginia,"Clifton Forge, Virginia",2879.0
2012,US,South,Virginia,"Culpeper, Virginia",12608.0
2012,US,South,Virginia,"Danville, Virginia",8228.0
2012,US,South,Virginia,"Fredericksburg, Virginia",80320.0
2012,US,South,Virginia,"Lorton (Auto Train), Virginia",264096.0
2012,US,South,Virginia,"Lynchburg, Virginia",86498.0
2012,US,South,Virginia,"Manassas, Virginia",23923.0
2012,US,South,Virginia,"Newport News, Virginia",136369.0
2012,US,South,Virginia,"Petersburg, Virginia",22387.0
2012,US,South,Virginia,"Quantico, Virginia",35970.0
2012,US,South,Virginia,"Richmond - Main Street, Virginia",35002.0
2012,US,South,Virginia,"Richmond - Staples Mill, Virginia",345657.0
2012,US,South,Virginia,"Staunton, Virginia",6930.0
2012,US,South,Virginia,"Williamsburg, Virginia",58894.0
2012,US,South,Virginia,"Woodbridge, Virginia",21794.0
2012,US,South,West Virginia,"Alderson, West Virginia",603.0
2012,US,South,West Virginia,"Charleston, West Virginia",9799.0
2012,US,South,West Virginia,"Harpers Ferry, West Virginia",5483.0
2012,US,South,West Virginia,"Hinton, West Virginia",8742.0
2012,US,South,West Virginia,"Huntington, West Virginia",11743.0
2012,US,South,West Virginia,"Martinsburg, West Virginia",8641.0
2012,US,South,West Virginia,"Montgomery, West Virginia",580.0
2012,US,South,West Virginia,"Prince, West Virginia",3125.0
2012,US,South,West Virginia,"Thurmond, West Virginia",264.0
2012,US,South,West Virginia,"White Sulphur Springs, West Virginia",5985.0
2012,US,West,Arizona,"Benson, Arizona",1367.0
2012,US,West,Arizona,"Flagstaff, Arizona",41014.0
2012,US,West,Arizona,"Kingman, Arizona",10768.0
2012,US,West,Arizona,"Maricopa, Arizona",10804.0
2012,US,West,Arizona,"Tucson, Arizona",23896.0
2012,US,West,Arizona,"Williams Junction, Arizona",7487.0
2012,US,West,Arizona,"Winslow, Arizona",5034.0
2012,US,West,Arizona,"Yuma, Arizona",4011.0
2012,US,West,California,"Anaheim, California",358810.0
2012,US,West,California,"Antioch-Pittsburg, California",39001.0
2012,US,West,California,"Auburn, California",28396.0
2012,US,West,California,"Bakersfield, California",507058.0
2012,US,West,California,"Barstow, California",3433.0
2012,US,West,California,"Berkeley, California",152096.0
2012,US,West,California,"Burbank, California",47217.0
2012,US,West,California,"Camarillo, California",37393.0
2012,US,West,California,"Carpinteria, California",20587.0
2012,US,West,California,"Chatsworth, California",52543.0
2012,US,West,California,"Chico, California",11009.0
2012,US,West,California,"Colfax, California",4377.0
2012,US,West,California,"Corcoran, California",29072.0
2012,US,West,California,"Davis, California",445416.0
2012,US,West,California,"Dunsmuir, California",5385.0
2012,US,West,California,"Emeryville, California",586876.0
2012,US,West,California,"Fremont, California",43737.0
2012,US,West,California,"Fresno, California",394074.0
2012,US,West,California,"Fullerton, California",310694.0
2012,US,West,California,"Glendale, California",40070.0
2012,US,West,California,"Goleta, California",57033.0
2012,US,West,California,"Great America (Santa Clara), California",121246.0
2012,US,West,California,"Grover Beach, California",18005.0
2012,US,West,California,"Guadalupe-Santa Maria, California",11250.0
2012,US,West,California,"Hanford, California",210682.0
2012,US,West,California,"Hayward, California",35342.0
2012,US,West,California,"Irvine, California",421619.0
2012,US,West,California,"Laguna Niguel, California",2125.0
2012,US,West,California,"Lodi, California",8439.0
2012,US,West,California,"Lompoc-Surf, California",7096.0
2012,US,West,California,"Los Angeles, California",1657446.0
2012,US,West,California,"Madera, California",24770.0
2012,US,West,California,"Martinez, California",475909.0
2012,US,West,California,"Merced, California",125316.0
2012,US,West,California,"Metrolink Station Orange, California 92866",2302.0
2012,US,West,California,"Modesto, California",118226.0
2012,US,West,California,"Moorpark, California",14431.0
2012,US,West,California,"Moreno Valley, California",12197.0
2012,US,West,California,"Needles, California",9118.0
2012,US,West,California,"Oakland Coliseum, California",26272.0
2012,US,West,California,"Oakland, California",416800.0
2012,US,West,California,"Oceanside, California",344562.0
2012,US,West,California,"Ontario, California",5185.0
2012,US,West,California,"Oxnard, California",81231.0
2012,US,West,California,"Palm Springs, California",4945.0
2012,US,West,California,"Paso Robles, California",11728.0
2012,US,West,California,"Pomona, California",1614.0
2012,US,West,California,"Redding, California",12059.0
2012,US,West,California,"Richmond, California",281999.0
2012,US,West,California,"Rocklin, California",32993.0
2012,US,West,California,"Roseville, California",62233.0
2012,US,West,California,"Sacramento, California",1186958.0
2012,US,West,California,"Salinas, California",19879.0
2012,US,West,California,"San Bernardino, California",11554.0
2012,US,West,California,"San Clemente Pier, California",9912.0
2012,US,West,California,"San Diego, California",708934.0
2012,US,West,California,"San Diego-Old Town, California",61188.0
2012,US,West,California,"San Jose, California",234767.0
2012,US,West,California,"San Juan Capistrano, California",244992.0
2012,US,West,California,"San Luis Obispo, California",108439.0
2012,US,West,California,"Santa Ana, California",201842.0
2012,US,West,California,"Santa Barbara, California",304382.0
2012,US,West,California,"Santa Clara (University), California",1633.0
2012,US,West,California,"Simi Valley, California",40697.0
2012,US,West,California,"Solana Beach, California",421614.0
2012,US,West,California,"Stockton (Downtown), California",40056.0
2012,US,West,California,"Stockton (San Joaquin St.), California",277926.0
2012,US,West,California,"Suisun-Fairfield, California",200402.0
2012,US,West,California,"Truckee, California",9450.0
2012,US,West,California,"Turlock-Denair, California",25308.0
2012,US,West,California,"Van Nuys, California",73665.0
2012,US,West,California,"Ventura, California",47482.0
2012,US,West,California,"Victorville, California",6764.0
2012,US,West,California,"Wasco, California",21117.0
2012,US,West,Colorado,"Denver, Colorado",113393.0
2012,US,West,Colorado,"Fort Morgan, Colorado",3343.0
2012,US,West,Colorado,"Glenwood Springs, Colorado",33245.0
2012,US,West,Colorado,"Granby, Colorado",3528.0
2012,US,West,Colorado,"Grand Junction, Colorado",31999.0
2012,US,West,Colorado,"La Junta, Colorado",6566.0
2012,US,West,Colorado,"Lamar, Colorado",1936.0
2012,US,West,Colorado,"Trinidad, Colorado",4770.0
2012,US,West,Colorado,"Winter Park-Fraser, Colorado",7162.0
2012,US,West,Idaho,"Sandpoint, Idaho",8815.0
2012,US,West,Montana,"Browning (winter only), Montana",2171.0
2012,US,West,Montana,"Cut Bank, Montana",3236.0
2012,US,West,Montana,"East Glacier (summer only), Montana",14886.0
2012,US,West,Montana,"Essex, Montana",3354.0
2012,US,West,Montana,"Glasgow, Montana",5563.0
2012,US,West,Montana,"Havre, Montana",14198.0
2012,US,West,Montana,"Libby, Montana",6626.0
2012,US,West,Montana,"Malta, Montana",3466.0
2012,US,West,Montana,"Shelby, Montana",15501.0
2012,US,West,Montana,"West Glacier, Montana",6175.0
2012,US,West,Montana,"Whitefish, Montana",66614.0
2012,US,West,Montana,"Wolf Point, Montana",8023.0
2012,US,West,Nevada,"Elko, Nevada",8278.0
2012,US,West,Nevada,"Reno, Nevada",68626.0
2012,US,West,Nevada,"Winnemucca, Nevada",4238.0
2012,US,West,New Mexico,"Albuquerque, New Mexico",78324.0
2012,US,West,New Mexico,"Deming, New Mexico",1170.0
2012,US,West,New Mexico,"Gallup, New Mexico",16446.0
2012,US,West,New Mexico,"Lamy, New Mexico",12589.0
2012,US,West,New Mexico,"Las Vegas, New Mexico",5653.0
2012,US,West,New Mexico,"Lordsburg, New Mexico",483.0
2012,US,West,New Mexico,"Raton, New Mexico",16292.0
2012,US,West,Oregon,"Albany, Oregon",39682.0
2012,US,West,Oregon,"Chemult, Oregon",10304.0
2012,US,West,Oregon,"Eugene, Oregon",118087.0
2012,US,West,Oregon,"Klamath Falls, Oregon",32881.0
2012,US,West,Oregon,"Oregon City, Oregon",10605.0
2012,US,West,Oregon,"Portland, Oregon",668823.0
2012,US,West,Oregon,"Salem, Oregon",66148.0
2012,US,West,Utah,"Green River, Utah",2478.0
2012,US,West,Utah,"Helper, Utah",2201.0
2012,US,West,Utah,"Provo, Utah",5675.0
2012,US,West,Utah,"Salt Lake City, Utah",42502.0
2012,US,West,Washington,"Bellingham, Washington",64091.0
2012,US,West,Washington,"Bingen-White Salmon, Washington",3147.0
2012,US,West,Washington,"Centralia, Washington",23331.0
2012,US,West,Washington,"Edmonds, Washington",32896.0
2012,US,West,Washington,"Ephrata, Washington",3874.0
2012,US,West,Washington,"Everett, Washington",44576.0
2012,US,West,Washington,"Kelso-Longview, Washington",26560.0
2012,US,West,Washington,"Leavenworth, Washington",12751.0
2012,US,West,Washington,"Mount Vernon, Washington",18561.0
2012,US,West,Washington,"Olympia/Lacey, Washington",61322.0
2012,US,West,Washington,"Pasco, Washington",25535.0
2012,US,West,Washington,"Seattle, Washington",672351.0
2012,US,West,Washington,"Spokane, Washington",62773.0
2012,US,West,Washington,"Stanwood, Washington",4237.0
2012,US,West,Washington,"Tacoma, Washington",123063.0
2012,US,West,Washington,"Tukwila, Washington",26759.0
2012,US,West,Washington,"Vancouver, Washington",99363.0
2012,US,West,Washington,"Wenatchee, Washington",15895.0
2012,US,West,Washington,"Wishram, Washington",1567.0
2013,US,Midwest,Illinois,"Alton, Illinois",73043.0
2013,US,Midwest,Illinois,"Bloomington/Normal, Illinois",263235.0
2013,US,Midwest,Illinois,"Carbondale, Illinois",135891.0
2013,US,Midwest,Illinois,"Carlinville, Illinois",13418.0
2013,US,Midwest,Illinois,"Centralia, Illinois",27618.0
2013,US,Midwest,Illinois,"Champaign-Urbana, Illinois",190851.0
2013,US,Midwest,Illinois,"Chicago, Illinois",3522388.0
2013,US,Midwest,Illinois,"Du Quoin, Illinois",11481.0
2013,US,Midwest,Illinois,"Dwight, Illinois",10763.0
2013,US,Midwest,Illinois,"Effingham, Illinois",29359.0
2013,US,Midwest,Illinois,"Galesburg, Illinois",103717.0
2013,US,Midwest,Illinois,"Gilman, Illinois",3257.0
2013,US,Midwest,Illinois,"Glenview, Illinois",65849.0
2013,US,Midwest,Illinois,"Homewood, Illinois",46552.0
2013,US,Midwest,Illinois,"Joliet, Illinois",70142.0
2013,US,Midwest,Illinois,"Kankakee, Illinois",24067.0
2013,US,Midwest,Illinois,"Kewanee, Illinois",16510.0
2013,US,Midwest,Illinois,"La Grange Road, Illinois",15365.0
2013,US,Midwest,Illinois,"Lincoln, Illinois",25393.0
2013,US,Midwest,Illinois,"Macomb, Illinois",77082.0
2013,US,Midwest,Illinois,"Mattoon, Illinois",44598.0
2013,US,Midwest,Illinois,"Mendota, Illinois",25410.0
2013,US,Midwest,Illinois,"Naperville, Illinois",53135.0
2013,US,Midwest,Illinois,"Plano, Illinois",6901.0
2013,US,Midwest,Illinois,"Pontiac, Illinois",17077.0
2013,US,Midwest,Illinois,"Princeton, Illinois",36118.0
2013,US,Midwest,Illinois,"Quincy, Illinois",50378.0
2013,US,Midwest,Illinois,"Rantoul, Illinois",5823.0
2013,US,Midwest,Illinois,"Springfield, Illinois",202095.0
2013,US,Midwest,Illinois,"Summit, Illinois",11084.0
2013,US,Midwest,Indiana,"Albany/Rensselaer, Indiana",2239.0
2013,US,Midwest,Indiana,"Connellsville, Indiana",771.0
2013,US,Midwest,Indiana,"Crawfordsville (Bus), Indiana",6249.0
2013,US,Midwest,Indiana,"Dyer, Indiana",2934.0
2013,US,Midwest,Indiana,"Elkhart, Indiana",20080.0
2013,US,Midwest,Indiana,"Hammond-Whiting, Indiana",7763.0
2013,US,Midwest,Indiana,"Indianapolis, Indiana",36162.0
2013,US,Midwest,Indiana,"Lafayette, Indiana",24925.0
2013,US,Midwest,Indiana,"Michigan City, Indiana",3883.0
2013,US,Midwest,Indiana,"South Bend, Indiana",25613.0
2013,US,Midwest,Indiana,"Waterloo, Indiana",24299.0
2013,US,Midwest,Iowa,"Burlington, Iowa",8811.0
2013,US,Midwest,Iowa,"Creston, Iowa",4621.0
2013,US,Midwest,Iowa,"Fort Madison, Iowa",7246.0
2013,US,Midwest,Iowa,"Mt. Pleasant, Iowa",12613.0
2013,US,Midwest,Iowa,"Osceola, Iowa",14799.0
2013,US,Midwest,Iowa,"Ottumwa, Iowa",11735.0
2013,US,Midwest,Kansas,"Dodge City, Kansas",5149.0
2013,US,Midwest,Kansas,"Garden City, Kansas",7355.0
2013,US,Midwest,Kansas,"Hutchinson, Kansas",5303.0
2013,US,Midwest,Kansas,"Lawrence, Kansas",7204.0
2013,US,Midwest,Kansas,"Newton, Kansas",14564.0
2013,US,Midwest,Kansas,"Topeka, Kansas",10571.0
2013,US,Midwest,Michigan,"Albion, Michigan",1932.0
2013,US,Midwest,Michigan,"Ann Arbor, Michigan",158717.0
2013,US,Midwest,Michigan,"Bangor, Michigan",3856.0
2013,US,Midwest,Michigan,"Battle Creek, Michigan",49203.0
2013,US,Midwest,Michigan,"Birmingham, Michigan",23257.0
2013,US,Midwest,Michigan,"Dearborn, Michigan",81878.0
2013,US,Midwest,Michigan,"Detroit, Michigan",70626.0
2013,US,Midwest,Michigan,"Dowagiac, Michigan",4108.0
2013,US,Midwest,Michigan,"Durand, Michigan",14295.0
2013,US,Midwest,Michigan,"East Lansing, Michigan",66398.0
2013,US,Midwest,Michigan,"Flint, Michigan",36045.0
2013,US,Midwest,Michigan,"Grand Rapids, Michigan",51993.0
2013,US,Midwest,Michigan,"Holland, Michigan",39228.0
2013,US,Midwest,Michigan,"Jackson, Michigan",31481.0
2013,US,Midwest,Michigan,"Kalamazoo, Michigan",129858.0
2013,US,Midwest,Michigan,"Lapeer, Michigan",9997.0
2013,US,Midwest,Michigan,"New Buffalo, Michigan",19902.0
2013,US,Midwest,Michigan,"Niles, Michigan",21306.0
2013,US,Midwest,Michigan,"Pontiac, Michigan",16813.0
2013,US,Midwest,Michigan,"Port Huron, Michigan",29461.0
2013,US,Midwest,Michigan,"Royal Oak, Michigan",37158.0
2013,US,Midwest,Michigan,"St. Joseph/Benton Harbor, Michigan",11366.0
2013,US,Midwest,Minnesota,"Detroit Lakes, Minnesota",5103.0
2013,US,Midwest,Minnesota,"Red Wing, Minnesota",9525.0
2013,US,Midwest,Minnesota,"St. Cloud, Minnesota",13537.0
2013,US,Midwest,Minnesota,"St. Paul-Minneapolis, Minnesota",116991.0
2013,US,Midwest,Minnesota,"Staples, Minnesota",6359.0
2013,US,Midwest,Minnesota,"Winona, Minnesota",23507.0
2013,US,Midwest,Missouri,"Hermann, Missouri",18568.0
2013,US,Midwest,Missouri,"Independence, Missouri",9724.0
2013,US,Midwest,Missouri,"Jefferson City, Missouri",50598.0
2013,US,Midwest,Missouri,"Kansas City, Missouri",164859.0
2013,US,Midwest,Missouri,"Kirkwood, Missouri",59770.0
2013,US,Midwest,Missouri,"La Plata, Missouri",10031.0
2013,US,Midwest,Missouri,"Lee’s Summit, Missouri",31074.0
2013,US,Midwest,Missouri,"Poplar Bluff, Missouri",5829.0
2013,US,Midwest,Missouri,"Sedalia, Missouri",12322.0
2013,US,Midwest,Missouri,"St. Louis, Missouri",378146.0
2013,US,Midwest,Missouri,"Warrensburg, Missouri",17189.0
2013,US,Midwest,Missouri,"Washington, Missouri",15898.0
2013,US,Midwest,Nebraska,"Hastings, Nebraska",5865.0
2013,US,Midwest,Nebraska,"Holdrege, Nebraska",2335.0
2013,US,Midwest,Nebraska,"Lincoln, Nebraska",13160.0
2013,US,Midwest,Nebraska,"McCook, Nebraska",3638.0
2013,US,Midwest,Nebraska,"Omaha, Nebraska",24410.0
2013,US,Midwest,North Dakota,"Devils Lake, North Dakota",5142.0
2013,US,Midwest,North Dakota,"Fargo, North Dakota",22497.0
2013,US,Midwest,North Dakota,"Grand Forks, North Dakota",19422.0
2013,US,Midwest,North Dakota,"Minot, North Dakota",41615.0
2013,US,Midwest,North Dakota,"Rugby, North Dakota",5637.0
2013,US,Midwest,North Dakota,"Stanley, North Dakota",9411.0
2013,US,Midwest,North Dakota,"Williston, North Dakota",51076.0
2013,US,Midwest,Ohio,"Alliance, Ohio",4538.0
2013,US,Midwest,Ohio,"Bryan, Ohio",6693.0
2013,US,Midwest,Ohio,"Cincinnati, Ohio",15213.0
2013,US,Midwest,Ohio,"Cleveland, Ohio",50940.0
2013,US,Midwest,Ohio,"Elyria, Ohio",6548.0
2013,US,Midwest,Ohio,"Sandusky, Ohio",9591.0
2013,US,Midwest,Ohio,"Toledo, Ohio",68463.0
2013,US,Midwest,Wisconsin,"Columbus, Wisconsin",16188.0
2013,US,Midwest,Wisconsin,"La Crosse, Wisconsin",28128.0
2013,US,Midwest,Wisconsin,"Milwaukee Airport, Wisconsin",160254.0
2013,US,Midwest,Wisconsin,"Milwaukee, Wisconsin",617153.0
2013,US,Midwest,Wisconsin,"Portage, Wisconsin",7455.0
2013,US,Midwest,Wisconsin,"Sturtevant, Wisconsin",74031.0
2013,US,Midwest,Wisconsin,"Tomah, Wisconsin",10805.0
2013,US,Midwest,Wisconsin,"Wisconsin Dells, Wisconsin",13768.0
2013,US,Northeast,Connecticut,"Berlin, Connecticut",25594.0
2013,US,Northeast,Connecticut,"Bridgeport, Connecticut",80309.0
2013,US,Northeast,Connecticut,"Hartford, Connecticut",187357.0
2013,US,Northeast,Connecticut,"Meriden, Connecticut",35475.0
2013,US,Northeast,Connecticut,"Mystic, Connecticut",23490.0
2013,US,Northeast,Connecticut,"New Haven, Connecticut",745530.0
2013,US,Northeast,Connecticut,"New London, Connecticut",161405.0
2013,US,Northeast,Connecticut,"Old Saybrook, Connecticut",60310.0
2013,US,Northeast,Connecticut,"Stamford, Connecticut",388733.0
2013,US,Northeast,Connecticut,"Wallingford, Connecticut",17061.0
2013,US,Northeast,Connecticut,"Windsor Locks, Connecticut",18711.0
2013,US,Northeast,Connecticut,"Windsor, Connecticut",13235.0
2013,US,Northeast,Maine,"Brunswick, Maine",30187.0
2013,US,Northeast,Maine,"Freeport, Maine",15250.0
2013,US,Northeast,Maine,"Old Orchard Beach, Maine",17764.0
2013,US,Northeast,Maine,"Portland, Maine",190353.0
2013,US,Northeast,Maine,"Saco-Biddeford, Maine",50043.0
2013,US,Northeast,Maine,"Wells, Maine",52448.0
2013,US,Northeast,Massachusetts,"Amherst, Massachusetts",13357.0
2013,US,Northeast,Massachusetts,"Boston-Back Bay, Massachusetts",540770.0
2013,US,Northeast,Massachusetts,"Boston-North Station, Massachusetts",475447.0
2013,US,Northeast,Massachusetts,"Boston-South Station, Massachusetts",1434148.0
2013,US,Northeast,Massachusetts,"Framingham, Massachusetts",2674.0
2013,US,Northeast,Massachusetts,"Haverhill, Massachusetts",44660.0
2013,US,Northeast,Massachusetts,"Pittsfield, Massachusetts",7656.0
2013,US,Northeast,Massachusetts,"Route 128 (Boston), Massachusetts",426032.0
2013,US,Northeast,Massachusetts,"Springfield, Massachusetts",141947.0
2013,US,Northeast,Massachusetts,"Woburn, Massachusetts",19573.0
2013,US,Northeast,Massachusetts,"Worcester, Massachusetts",9552.0
2013,US,Northeast,New Hampshire,"Claremont, New Hampshire",2123.0
2013,US,Northeast,New Hampshire,"Dover, New Hampshire",61708.0
2013,US,Northeast,New Hampshire,"Durham-UNH, New Hampshire",60978.0
2013,US,Northeast,New Hampshire,"Exeter, New Hampshire",101543.0
2013,US,Northeast,New Jersey,"Metropark, New Jersey",383353.0
2013,US,Northeast,New Jersey,"New Brunswick, New Jersey",9052.0
2013,US,Northeast,New Jersey,"Newark Airport, New Jersey",129565.0
2013,US,Northeast,New Jersey,"Newark, New Jersey",656822.0
2013,US,Northeast,New Jersey,"Princeton Junction, New Jersey",45685.0
2013,US,Northeast,New Jersey,"Trenton, New Jersey",425075.0
2013,US,Northeast,New York,"Albany-Rensselaer, New York",764898.0
2013,US,Northeast,New York,"Amsterdam, New York",10694.0
2013,US,Northeast,New York,"Buffalo-Depew, New York",123067.0
2013,US,Northeast,New York,"Buffalo-Exchange Street, New York",38397.0
2013,US,Northeast,New York,"Croton-Harmon, New York",48694.0
2013,US,Northeast,New York,"Fort Edward, New York",9435.0
2013,US,Northeast,New York,"Hudson, New York",174968.0
2013,US,Northeast,New York,"New Rochelle, New York",81757.0
2013,US,Northeast,New York,"New York City (Penn Station), New York",9556424.0
2013,US,Northeast,New York,"Niagara Falls, New York",32549.0
2013,US,Northeast,New York,"Plattsburgh, New York",13405.0
2013,US,Northeast,New York,"Port Henry, New York",2302.0
2013,US,Northeast,New York,"Port Kent, New York",847.0
2013,US,Northeast,New York,"Poughkeepsie, New York",95083.0
2013,US,Northeast,New York,"Rhinecliff, New York",184452.0
2013,US,Northeast,New York,"Rochester, New York",141576.0
2013,US,Northeast,New York,"Rome, New York",9788.0
2013,US,Northeast,New York,"Rouses Point, New York",1205.0
2013,US,Northeast,New York,"Saratoga Springs, New York",33139.0
2013,US,Northeast,New York,"Schenectady, New York",61803.0
2013,US,Northeast,New York,"Syracuse, New York",154903.0
2013,US,Northeast,New York,"Ticonderoga, New York",2227.0
2013,US,Northeast,New York,"Utica, New York",67213.0
2013,US,Northeast,New York,"Westport, New York",5072.0
2013,US,Northeast,New York,"Whitehall, New York",1329.0
2013,US,Northeast,New York,"Yonkers, New York",24227.0
2013,US,Northeast,Pennsylvania,"Altoona, Pennsylvania",26025.0
2013,US,Northeast,Pennsylvania,"Ardmore, Pennsylvania",67942.0
2013,US,Northeast,Pennsylvania,"Coatesville, Pennsylvania",16626.0
2013,US,Northeast,Pennsylvania,"Connellsville, Pennsylvania",4815.0
2013,US,Northeast,Pennsylvania,"Cornwells Heights, Pennsylvania",3215.0
2013,US,Northeast,Pennsylvania,"Downingtown, Pennsylvania",68918.0
2013,US,Northeast,Pennsylvania,"Elizabethtown, Pennsylvania",123153.0
2013,US,Northeast,Pennsylvania,"Erie, Pennsylvania",18108.0
2013,US,Northeast,Pennsylvania,"Exton, Pennsylvania",113499.0
2013,US,Northeast,Pennsylvania,"Greensburg, Pennsylvania",14248.0
2013,US,Northeast,Pennsylvania,"Harrisburg, Pennsylvania",571940.0
2013,US,Northeast,Pennsylvania,"Huntingdon, Pennsylvania",6392.0
2013,US,Northeast,Pennsylvania,"Johnstown, Pennsylvania",23615.0
2013,US,Northeast,Pennsylvania,"Lancaster, Pennsylvania",578731.0
2013,US,Northeast,Pennsylvania,"Latrobe, Pennsylvania",4447.0
2013,US,Northeast,Pennsylvania,"Lewistown, Pennsylvania",9102.0
2013,US,Northeast,Pennsylvania,"Middletown, Pennsylvania",81030.0
2013,US,Northeast,Pennsylvania,"Mount Joy, Pennsylvania",69848.0
2013,US,Northeast,Pennsylvania,"Paoli, Pennsylvania",175299.0
2013,US,Northeast,Pennsylvania,"Parkesburg, Pennsylvania",55290.0
2013,US,Northeast,Pennsylvania,"Philadelphia William H. Gray III 30th Street, Pennsylvania",4125503.0
2013,US,Northeast,Pennsylvania,"Philadelphia-North, Pennsylvania",590.0
2013,US,Northeast,Pennsylvania,"Pittsburgh, Pennsylvania",135137.0
2013,US,Northeast,Pennsylvania,"Tyrone, Pennsylvania",3215.0
2013,US,Northeast,Rhode Island,"Kingston, Rhode Island",152403.0
2013,US,Northeast,Rhode Island,"Providence, Rhode Island",660267.0
2013,US,Northeast,Rhode Island,"Westerly, Rhode Island",39186.0
2013,US,Northeast,Vermont,"Bellows Falls, Vermont",4774.0
2013,US,Northeast,Vermont,"Brattleboro, Vermont",18661.0
2013,US,Northeast,Vermont,"Castleton, Vermont",4211.0
2013,US,Northeast,Vermont,"Essex Junction, Vermont",20579.0
2013,US,Northeast,Vermont,"Montpelier, Vermont",8081.0
2013,US,Northeast,Vermont,"Randolph, Vermont",2009.0
2013,US,Northeast,Vermont,"Rutland, Vermont",16815.0
2013,US,Northeast,Vermont,"St. Albans, Vermont",3592.0
2013,US,Northeast,Vermont,"Waterbury, Vermont",5501.0
2013,US,Northeast,Vermont,"White River Junction, Vermont",15480.0
2013,US,Northeast,Vermont,"Windsor, Vermont",1126.0
2013,US,South,Alabama,"Anniston, Alabama",5835.0
2013,US,South,Alabama,"Birmingham, Alabama",48759.0
2013,US,South,Alabama,"Tuscaloosa, Alabama",11598.0
2013,US,South,Arkansas,"Arkadelphia, Arkansas",1787.0
2013,US,South,Arkansas,"Hope, Arkansas",1310.0
2013,US,South,Arkansas,"Little Rock, Arkansas",22351.0
2013,US,South,Arkansas,"Malvern, Arkansas",2101.0
2013,US,South,Arkansas,"Texarkana, Arkansas",8903.0
2013,US,South,Arkansas,"Walnut Ridge, Arkansas",4731.0
2013,US,South,Delaware,"Newark, Delaware",12971.0
2013,US,South,Delaware,"Wilmington, Delaware",738313.0
2013,US,South,District of Columbia,"Washington Union Station, District of Columbia",5033392.0
2013,US,South,Florida,"DeLand, Florida",26502.0
2013,US,South,Florida,"Deerfield Beach, Florida",30048.0
2013,US,South,Florida,"Delray Beach, Florida",13280.0
2013,US,South,Florida,"Fort Lauderdale, Florida",53955.0
2013,US,South,Florida,"Hollywood, Florida",34869.0
2013,US,South,Florida,"Jacksonville, Florida",94277.0
2013,US,South,Florida,"Kissimmee, Florida",44906.0
2013,US,South,Florida,"Lakeland, Florida",22829.0
2013,US,South,Florida,"Miami, Florida",84293.0
2013,US,South,Florida,"Okeechobee, Florida",3851.0
2013,US,South,Florida,"Orlando, Florida",160442.0
2013,US,South,Florida,"Palatka, Florida",12749.0
2013,US,South,Florida,"Sanford (Auto Train Station), Florida",265274.0
2013,US,South,Florida,"Sebring, Florida",17111.0
2013,US,South,Florida,"Tampa, Florida",139412.0
2013,US,South,Florida,"West Palm Beach, Florida",64994.0
2013,US,South,Florida,"Winter Haven, Florida",22025.0
2013,US,South,Florida,"Winter Park, Florida",30142.0
2013,US,South,Georgia,"Atlanta, Georgia",99005.0
2013,US,South,Georgia,"Gainesville, Georgia",6464.0
2013,US,South,Georgia,"Jesup, Georgia",10692.0
2013,US,South,Georgia,"Savannah, Georgia",71658.0
2013,US,South,Georgia,"Toccoa, Georgia",4266.0
2013,US,South,Kentucky,"Ashland, Kentucky",3007.0
2013,US,South,Kentucky,"Fulton, Kentucky",4588.0
2013,US,South,Kentucky,"Maysville, Kentucky",2411.0
2013,US,South,Kentucky,"South Shore-South Portsmouth, Kentucky",1010.0
2013,US,South,Louisiana,"Hammond, Louisiana",15602.0
2013,US,South,Louisiana,"Lafayette, Louisiana",6590.0
2013,US,South,Louisiana,"Lake Charles, Louisiana",3856.0
2013,US,South,Louisiana,"New Iberia, Louisiana",1920.0
2013,US,South,Louisiana,"New Orleans, Louisiana",212426.0
2013,US,South,Louisiana,"Schriever, Louisiana",1811.0
2013,US,South,Louisiana,"Slidell, Louisiana",7596.0
2013,US,South,Maryland,"Aberdeen, Maryland",43968.0
2013,US,South,Maryland,"BWI Thurgood Marshall Airport, Maryland",710513.0
2013,US,South,Maryland,"Baltimore, Maryland",1065576.0
2013,US,South,Maryland,"Cumberland, Maryland",11835.0
2013,US,South,Maryland,"New Carrollton, Maryland",168069.0
2013,US,South,Maryland,"Rockville, Maryland",5024.0
2013,US,South,Mississippi,"Brookhaven, Mississippi",4900.0
2013,US,South,Mississippi,"Greenwood, Mississippi",15730.0
2013,US,South,Mississippi,"Hattiesburg, Mississippi",13056.0
2013,US,South,Mississippi,"Hazlehurst, Mississippi",1728.0
2013,US,South,Mississippi,"Jackson, Mississippi",48327.0
2013,US,South,Mississippi,"Laurel, Mississippi",5264.0
2013,US,South,Mississippi,"McComb, Mississippi",6496.0
2013,US,South,Mississippi,"Meridian, Mississippi",11500.0
2013,US,South,Mississippi,"Picayune, Mississippi",2992.0
2013,US,South,Mississippi,"Yazoo City, Mississippi",3772.0
2013,US,South,North Carolina,"Burlington, North Carolina",25452.0
2013,US,South,North Carolina,"Cary, North Carolina",88669.0
2013,US,South,North Carolina,"Charlotte, North Carolina",201481.0
2013,US,South,North Carolina,"Durham, North Carolina",83232.0
2013,US,South,North Carolina,"Fayetteville, North Carolina",53590.0
2013,US,South,North Carolina,"Gastonia, North Carolina",1741.0
2013,US,South,North Carolina,"Greensboro, North Carolina",139869.0
2013,US,South,North Carolina,"Hamlet, North Carolina",4882.0
2013,US,South,North Carolina,"High Point, North Carolina",40302.0
2013,US,South,North Carolina,"Kannapolis, North Carolina",19205.0
2013,US,South,North Carolina,"Raleigh, North Carolina",159584.0
2013,US,South,North Carolina,"Rocky Mount, North Carolina",52631.0
2013,US,South,North Carolina,"Salisbury, North Carolina",31539.0
2013,US,South,North Carolina,"Selma-Smithfield, North Carolina",13222.0
2013,US,South,North Carolina,"Southern Pines, North Carolina",7554.0
2013,US,South,North Carolina,"Wilson, North Carolina",52692.0
2013,US,South,Oklahoma,"Ardmore, Oklahoma",9729.0
2013,US,South,Oklahoma,"Norman, Oklahoma",13902.0
2013,US,South,Oklahoma,"Oklahoma City, Oklahoma",54952.0
2013,US,South,Oklahoma,"Pauls Valley, Oklahoma",5360.0
2013,US,South,Oklahoma,"Purcell, Oklahoma",2431.0
2013,US,South,South Carolina,"Camden, South Carolina",3584.0
2013,US,South,South Carolina,"Charleston, South Carolina",82147.0
2013,US,South,South Carolina,"Clemson, South Carolina",5597.0
2013,US,South,South Carolina,"Columbia, South Carolina",36349.0
2013,US,South,South Carolina,"Denmark, South Carolina",4364.0
2013,US,South,South Carolina,"Dillon, South Carolina",9456.0
2013,US,South,South Carolina,"Florence, South Carolina",52003.0
2013,US,South,South Carolina,"Greenville, South Carolina",12021.0
2013,US,South,South Carolina,"Kingstree, South Carolina",14669.0
2013,US,South,South Carolina,"Spartanburg, South Carolina",4545.0
2013,US,South,South Carolina,"Yemassee, South Carolina",14915.0
2013,US,South,Tennessee,"Memphis, Tennessee",76171.0
2013,US,South,Tennessee,"Newbern-Dyersberg, Tennessee",4192.0
2013,US,South,Texas,"Alpine, Texas",4921.0
2013,US,South,Texas,"Austin, Texas",38929.0
2013,US,South,Texas,"Beaumont, Texas",3458.0
2013,US,South,Texas,"Cleburne, Texas",4143.0
2013,US,South,Texas,"Dallas, Texas",56564.0
2013,US,South,Texas,"Del Rio, Texas",2443.0
2013,US,South,Texas,"El Paso, Texas",13093.0
2013,US,South,Texas,"Fort Worth, Texas",129389.0
2013,US,South,Texas,"Gainesville, Texas",6476.0
2013,US,South,Texas,"Houston, Texas",21617.0
2013,US,South,Texas,"Longview, Texas",41305.0
2013,US,South,Texas,"Marshall, Texas",10555.0
2013,US,South,Texas,"McGregor, Texas",5209.0
2013,US,South,Texas,"Mineola, Texas",7213.0
2013,US,South,Texas,"San Antonio, Texas",68268.0
2013,US,South,Texas,"San Marcos, Texas",7995.0
2013,US,South,Texas,"Sanderson, Texas",261.0
2013,US,South,Texas,"Taylor, Texas",5425.0
2013,US,South,Texas,"Temple, Texas",17690.0
2013,US,South,Virginia,"Alexandria, Virginia",180063.0
2013,US,South,Virginia,"Ashland, Virginia",28421.0
2013,US,South,Virginia,"Burke Centre, Virginia",4950.0
2013,US,South,Virginia,"Charlottesville, Virginia",131127.0
2013,US,South,Virginia,"Clifton Forge, Virginia",2750.0
2013,US,South,Virginia,"Culpeper, Virginia",13677.0
2013,US,South,Virginia,"Danville, Virginia",9697.0
2013,US,South,Virginia,"Fredericksburg, Virginia",106034.0
2013,US,South,Virginia,"Lorton (Auto Train), Virginia",265274.0
2013,US,South,Virginia,"Lynchburg, Virginia",93337.0
2013,US,South,Virginia,"Manassas, Virginia",29070.0
2013,US,South,Virginia,"Newport News, Virginia",128317.0
2013,US,South,Virginia,"Norfolk, Virginia",39181.0
2013,US,South,Virginia,"Petersburg, Virginia",27988.0
2013,US,South,Virginia,"Quantico, Virginia",38211.0
2013,US,South,Virginia,"Richmond - Main Street, Virginia",38512.0
2013,US,South,Virginia,"Richmond - Staples Mill, Virginia",372592.0
2013,US,South,Virginia,"Staunton, Virginia",7733.0
2013,US,South,Virginia,"Williamsburg, Virginia",62026.0
2013,US,South,Virginia,"Woodbridge, Virginia",28311.0
2013,US,South,West Virginia,"Alderson, West Virginia",586.0
2013,US,South,West Virginia,"Charleston, West Virginia",10038.0
2013,US,South,West Virginia,"Harpers Ferry, West Virginia",6287.0
2013,US,South,West Virginia,"Hinton, West Virginia",8897.0
2013,US,South,West Virginia,"Huntington, West Virginia",11186.0
2013,US,South,West Virginia,"Martinsburg, West Virginia",9331.0
2013,US,South,West Virginia,"Montgomery, West Virginia",614.0
2013,US,South,West Virginia,"Prince, West Virginia",3406.0
2013,US,South,West Virginia,"Thurmond, West Virginia",563.0
2013,US,South,West Virginia,"White Sulphur Springs, West Virginia",5204.0
2013,US,West,Arizona,"Benson, Arizona",1833.0
2013,US,West,Arizona,"Flagstaff, Arizona",40390.0
2013,US,West,Arizona,"Kingman, Arizona",10523.0
2013,US,West,Arizona,"Maricopa, Arizona",12945.0
2013,US,West,Arizona,"Tucson, Arizona",25921.0
2013,US,West,Arizona,"Williams Junction, Arizona",6944.0
2013,US,West,Arizona,"Winslow, Arizona",4625.0
2013,US,West,Arizona,"Yuma, Arizona",3891.0
2013,US,West,California,"Anaheim, California",342284.0
2013,US,West,California,"Antioch-Pittsburg, California",43953.0
2013,US,West,California,"Auburn, California",49686.0
2013,US,West,California,"Bakersfield, California",546439.0
2013,US,West,California,"Barstow, California",3586.0
2013,US,West,California,"Berkeley, California",153080.0
2013,US,West,California,"Burbank, California",51998.0
2013,US,West,California,"Camarillo, California",39634.0
2013,US,West,California,"Carlsbad Poinsettia, California",0.0
2013,US,West,California,"Carlsbad Village, California",0.0
2013,US,West,California,"Carpinteria, California",25496.0
2013,US,West,California,"Chatsworth, California",56493.0
2013,US,West,California,"Chico, California",12875.0
2013,US,West,California,"Colfax, California",4479.0
2013,US,West,California,"Corcoran, California",31542.0
2013,US,West,California,"Davis, California",424114.0
2013,US,West,California,"Dunsmuir, California",5912.0
2013,US,West,California,"Emeryville, California",598859.0
2013,US,West,California,"Encinitas, California",0.0
2013,US,West,California,"Fremont, California",38471.0
2013,US,West,California,"Fresno, California",399141.0
2013,US,West,California,"Fullerton, California",313949.0
2013,US,West,California,"Glendale, California",41936.0
2013,US,West,California,"Goleta, California",70291.0
2013,US,West,California,"Great America (Santa Clara), California",120140.0
2013,US,West,California,"Grover Beach, California",19169.0
2013,US,West,California,"Guadalupe-Santa Maria, California",11719.0
2013,US,West,California,"Hanford, California",225708.0
2013,US,West,California,"Hayward, California",35409.0
2013,US,West,California,"Irvine, California",425041.0
2013,US,West,California,"Laguna Niguel, California",805.0
2013,US,West,California,"Lodi, California",9695.0
2013,US,West,California,"Lompoc-Surf, California",8341.0
2013,US,West,California,"Los Angeles, California",1643706.0
2013,US,West,California,"Madera, California",27474.0
2013,US,West,California,"Martinez, California",473836.0
2013,US,West,California,"Merced, California",134138.0
2013,US,West,California,"Metrolink Station Orange, California 92866",919.0
2013,US,West,California,"Modesto, California",127886.0
2013,US,West,California,"Moorpark, California",15212.0
2013,US,West,California,"Moreno Valley, California",12431.0
2013,US,West,California,"Needles, California",8640.0
2013,US,West,California,"Oakland Coliseum, California",30133.0
2013,US,West,California,"Oakland, California",405627.0
2013,US,West,California,"Oceanside, California",384786.0
2013,US,West,California,"Ontario, California",5100.0
2013,US,West,California,"Oxnard, California",79137.0
2013,US,West,California,"Palm Springs, California",3113.0
2013,US,West,California,"Paso Robles, California",12338.0
2013,US,West,California,"Pomona, California",1461.0
2013,US,West,California,"Redding, California",13269.0
2013,US,West,California,"Richmond, California",266237.0
2013,US,West,California,"Rocklin, California",28953.0
2013,US,West,California,"Roseville, California",50338.0
2013,US,West,California,"Sacramento, California",1132750.0
2013,US,West,California,"Salinas, California",21942.0
2013,US,West,California,"San Bernardino, California",11349.0
2013,US,West,California,"San Clemente Pier, California",15017.0
2013,US,West,California,"San Diego, California",686953.0
2013,US,West,California,"San Diego-Old Town, California",135749.0
2013,US,West,California,"San Jose, California",258776.0
2013,US,West,California,"San Juan Capistrano, California",242722.0
2013,US,West,California,"San Luis Obispo, California",115028.0
2013,US,West,California,"Santa Ana, California",202919.0
2013,US,West,California,"Santa Barbara, California",322410.0
2013,US,West,California,"Santa Clara (University), California",8635.0
2013,US,West,California,"Simi Valley, California",40126.0
2013,US,West,California,"Solana Beach, California",428841.0
2013,US,West,California,"Sorrento Valley, California",0.0
2013,US,West,California,"Stockton (Downtown), California",43230.0
2013,US,West,California,"Stockton (San Joaquin St.), California",295344.0
2013,US,West,California,"Suisun-Fairfield, California",196038.0
2013,US,West,California,"Truckee, California",9855.0
2013,US,West,California,"Turlock-Denair, California",28221.0
2013,US,West,California,"Van Nuys, California",75762.0
2013,US,West,California,"Ventura, California",55434.0
2013,US,West,California,"Victorville, California",7290.0
2013,US,West,California,"Wasco, California",49245.0
2013,US,West,Colorado,"Denver, Colorado",108124.0
2013,US,West,Colorado,"Fort Morgan, Colorado",3196.0
2013,US,West,Colorado,"Glenwood Springs, Colorado",33113.0
2013,US,West,Colorado,"Granby, Colorado",3408.0
2013,US,West,Colorado,"Grand Junction, Colorado",29826.0
2013,US,West,Colorado,"La Junta, Colorado",6711.0
2013,US,West,Colorado,"Lamar, Colorado",1823.0
2013,US,West,Colorado,"Trinidad, Colorado",4765.0
2013,US,West,Colorado,"Winter Park-Fraser, Colorado",7250.0
2013,US,West,Idaho,"Sandpoint, Idaho",9196.0
2013,US,West,Montana,"Browning (winter only), Montana",2003.0
2013,US,West,Montana,"Cut Bank, Montana",2920.0
2013,US,West,Montana,"East Glacier (summer only), Montana",14814.0
2013,US,West,Montana,"Essex, Montana",3869.0
2013,US,West,Montana,"Glasgow, Montana",5416.0
2013,US,West,Montana,"Havre, Montana",13392.0
2013,US,West,Montana,"Libby, Montana",6490.0
2013,US,West,Montana,"Malta, Montana",3956.0
2013,US,West,Montana,"Shelby, Montana",14459.0
2013,US,West,Montana,"West Glacier, Montana",6434.0
2013,US,West,Montana,"Whitefish, Montana",66840.0
2013,US,West,Montana,"Wolf Point, Montana",8019.0
2013,US,West,Nevada,"Elko, Nevada",9657.0
2013,US,West,Nevada,"Reno, Nevada",78827.0
2013,US,West,Nevada,"Winnemucca, Nevada",4481.0
2013,US,West,New Mexico,"Albuquerque, New Mexico",78126.0
2013,US,West,New Mexico,"Deming, New Mexico",1382.0
2013,US,West,New Mexico,"Gallup, New Mexico",15647.0
2013,US,West,New Mexico,"Lamy, New Mexico",12551.0
2013,US,West,New Mexico,"Las Vegas, New Mexico",5376.0
2013,US,West,New Mexico,"Lordsburg, New Mexico",736.0
2013,US,West,New Mexico,"Raton, New Mexico",15733.0
2013,US,West,Oregon,"Albany, Oregon",40208.0
2013,US,West,Oregon,"Chemult, Oregon",10144.0
2013,US,West,Oregon,"Eugene, Oregon",118006.0
2013,US,West,Oregon,"Klamath Falls, Oregon",33929.0
2013,US,West,Oregon,"Oregon City, Oregon",9937.0
2013,US,West,Oregon,"Portland, Oregon",652455.0
2013,US,West,Oregon,"Salem, Oregon",71618.0
2013,US,West,Utah,"Green River, Utah",2873.0
2013,US,West,Utah,"Helper, Utah",2245.0
2013,US,West,Utah,"Provo, Utah",6262.0
2013,US,West,Utah,"Salt Lake City, Utah",43903.0
2013,US,West,Washington,"Bellingham, Washington",55325.0
2013,US,West,Washington,"Bingen-White Salmon, Washington",3629.0
2013,US,West,Washington,"Centralia, Washington",25132.0
2013,US,West,Washington,"Edmonds, Washington",29250.0
2013,US,West,Washington,"Ephrata, Washington",3750.0
2013,US,West,Washington,"Everett, Washington",43115.0
2013,US,West,Washington,"Kelso-Longview, Washington",28892.0
2013,US,West,Washington,"Leavenworth, Washington",9231.0
2013,US,West,Washington,"Mount Vernon, Washington",16719.0
2013,US,West,Washington,"Olympia/Lacey, Washington",63065.0
2013,US,West,Washington,"Pasco, Washington",25423.0
2013,US,West,Washington,"Seattle, Washington",640054.0
2013,US,West,Washington,"Spokane, Washington",63975.0
2013,US,West,Washington,"Stanwood, Washington",4255.0
2013,US,West,Washington,"Tacoma, Washington",126027.0
2013,US,West,Washington,"Tukwila, Washington",29434.0
2013,US,West,Washington,"Vancouver, Washington",98473.0
2013,US,West,Washington,"Wenatchee, Washington",14420.0
2013,US,West,Washington,"Wishram, Washington",1570.0
2014,US,Midwest,Illinois,"Alton, Illinois",68584.0
2014,US,Midwest,Illinois,"Bloomington/Normal, Illinois",261631.0
2014,US,Midwest,Illinois,"Carbondale, Illinois",129446.0
2014,US,Midwest,Illinois,"Carlinville, Illinois",11295.0
2014,US,Midwest,Illinois,"Centralia, Illinois",26674.0
2014,US,Midwest,Illinois,"Champaign-Urbana, Illinois",178487.0
2014,US,Midwest,Illinois,"Chicago, Illinois",3377259.0
2014,US,Midwest,Illinois,"Du Quoin, Illinois",11362.0
2014,US,Midwest,Illinois,"Dwight, Illinois",10995.0
2014,US,Midwest,Illinois,"Effingham, Illinois",29330.0
2014,US,Midwest,Illinois,"Galesburg, Illinois",100871.0
2014,US,Midwest,Illinois,"Gilman, Illinois",3333.0
2014,US,Midwest,Illinois,"Glenview, Illinois",58882.0
2014,US,Midwest,Illinois,"Homewood, Illinois",44624.0
2014,US,Midwest,Illinois,"Joliet, Illinois",70148.0
2014,US,Midwest,Illinois,"Kankakee, Illinois",22898.0
2014,US,Midwest,Illinois,"Kewanee, Illinois",17152.0
2014,US,Midwest,Illinois,"La Grange Road, Illinois",14076.0
2014,US,Midwest,Illinois,"Lincoln, Illinois",25587.0
2014,US,Midwest,Illinois,"Macomb, Illinois",72550.0
2014,US,Midwest,Illinois,"Mattoon, Illinois",42872.0
2014,US,Midwest,Illinois,"Mendota, Illinois",24019.0
2014,US,Midwest,Illinois,"Naperville, Illinois",49915.0
2014,US,Midwest,Illinois,"Plano, Illinois",7193.0
2014,US,Midwest,Illinois,"Pontiac, Illinois",16474.0
2014,US,Midwest,Illinois,"Princeton, Illinois",35786.0
2014,US,Midwest,Illinois,"Quincy, Illinois",47185.0
2014,US,Midwest,Illinois,"Rantoul, Illinois",5908.0
2014,US,Midwest,Illinois,"Springfield, Illinois",194762.0
2014,US,Midwest,Illinois,"Summit, Illinois",12528.0
2014,US,Midwest,Indiana,"Albany/Rensselaer, Indiana",2154.0
2014,US,Midwest,Indiana,"Connellsville, Indiana",690.0
2014,US,Midwest,Indiana,"Crawfordsville (Bus), Indiana",5748.0
2014,US,Midwest,Indiana,"Dyer, Indiana",3392.0
2014,US,Midwest,Indiana,"Elkhart, Indiana",21666.0
2014,US,Midwest,Indiana,"Hammond-Whiting, Indiana",7701.0
2014,US,Midwest,Indiana,"Indianapolis, Indiana",33033.0
2014,US,Midwest,Indiana,"Lafayette, Indiana",23609.0
2014,US,Midwest,Indiana,"Michigan City, Indiana",3994.0
2014,US,Midwest,Indiana,"South Bend, Indiana",24545.0
2014,US,Midwest,Indiana,"Waterloo, Indiana",22814.0
2014,US,Midwest,Iowa,"Burlington, Iowa",8813.0
2014,US,Midwest,Iowa,"Creston, Iowa",4314.0
2014,US,Midwest,Iowa,"Fort Madison, Iowa",6986.0
2014,US,Midwest,Iowa,"Mt. Pleasant, Iowa",12030.0
2014,US,Midwest,Iowa,"Osceola, Iowa",13986.0
2014,US,Midwest,Iowa,"Ottumwa, Iowa",11109.0
2014,US,Midwest,Kansas,"Dodge City, Kansas",5300.0
2014,US,Midwest,Kansas,"Garden City, Kansas",7870.0
2014,US,Midwest,Kansas,"Hutchinson, Kansas",5312.0
2014,US,Midwest,Kansas,"Lawrence, Kansas",8017.0
2014,US,Midwest,Kansas,"Newton, Kansas",12871.0
2014,US,Midwest,Kansas,"Topeka, Kansas",10048.0
2014,US,Midwest,Michigan,"Albion, Michigan",1727.0
2014,US,Midwest,Michigan,"Ann Arbor, Michigan",144120.0
2014,US,Midwest,Michigan,"Bangor, Michigan",4112.0
2014,US,Midwest,Michigan,"Battle Creek, Michigan",46624.0
2014,US,Midwest,Michigan,"Birmingham, Michigan",23014.0
2014,US,Midwest,Michigan,"Dearborn, Michigan",78871.0
2014,US,Midwest,Michigan,"Detroit, Michigan",62827.0
2014,US,Midwest,Michigan,"Dowagiac, Michigan",4403.0
2014,US,Midwest,Michigan,"Durand, Michigan",15067.0
2014,US,Midwest,Michigan,"East Lansing, Michigan",66402.0
2014,US,Midwest,Michigan,"Flint, Michigan",35669.0
2014,US,Midwest,Michigan,"Grand Rapids, Michigan",47874.0
2014,US,Midwest,Michigan,"Holland, Michigan",38650.0
2014,US,Midwest,Michigan,"Jackson, Michigan",27114.0
2014,US,Midwest,Michigan,"Kalamazoo, Michigan",120920.0
2014,US,Midwest,Michigan,"Lapeer, Michigan",10774.0
2014,US,Midwest,Michigan,"New Buffalo, Michigan",21751.0
2014,US,Midwest,Michigan,"Niles, Michigan",20413.0
2014,US,Midwest,Michigan,"Pontiac, Michigan",16141.0
2014,US,Midwest,Michigan,"Port Huron, Michigan",29275.0
2014,US,Midwest,Michigan,"Royal Oak, Michigan",34868.0
2014,US,Midwest,Michigan,"St. Joseph/Benton Harbor, Michigan",12426.0
2014,US,Midwest,Minnesota,"Detroit Lakes, Minnesota",4225.0
2014,US,Midwest,Minnesota,"Red Wing, Minnesota",7587.0
2014,US,Midwest,Minnesota,"St. Cloud, Minnesota",10431.0
2014,US,Midwest,Minnesota,"St. Paul-Minneapolis, Minnesota",94077.0
2014,US,Midwest,Minnesota,"Staples, Minnesota",5624.0
2014,US,Midwest,Minnesota,"Winona, Minnesota",20318.0
2014,US,Midwest,Missouri,"Hermann, Missouri",20414.0
2014,US,Midwest,Missouri,"Independence, Missouri",8991.0
2014,US,Midwest,Missouri,"Jefferson City, Missouri",49608.0
2014,US,Midwest,Missouri,"Kansas City, Missouri",157000.0
2014,US,Midwest,Missouri,"Kirkwood, Missouri",58951.0
2014,US,Midwest,Missouri,"La Plata, Missouri",10655.0
2014,US,Midwest,Missouri,"Lee’s Summit, Missouri",29396.0
2014,US,Midwest,Missouri,"Poplar Bluff, Missouri",6017.0
2014,US,Midwest,Missouri,"Sedalia, Missouri",11774.0
2014,US,Midwest,Missouri,"St. Louis, Missouri",350866.0
2014,US,Midwest,Missouri,"Warrensburg, Missouri",18450.0
2014,US,Midwest,Missouri,"Washington, Missouri",15604.0
2014,US,Midwest,Nebraska,"Hastings, Nebraska",5601.0
2014,US,Midwest,Nebraska,"Holdrege, Nebraska",2247.0
2014,US,Midwest,Nebraska,"Lincoln, Nebraska",13313.0
2014,US,Midwest,Nebraska,"McCook, Nebraska",3414.0
2014,US,Midwest,Nebraska,"Omaha, Nebraska",24336.0
2014,US,Midwest,North Dakota,"Devils Lake, North Dakota",3555.0
2014,US,Midwest,North Dakota,"Fargo, North Dakota",23314.0
2014,US,Midwest,North Dakota,"Grand Forks, North Dakota",14168.0
2014,US,Midwest,North Dakota,"Minot, North Dakota",35521.0
2014,US,Midwest,North Dakota,"Rugby, North Dakota",4053.0
2014,US,Midwest,North Dakota,"Stanley, North Dakota",7036.0
2014,US,Midwest,North Dakota,"Williston, North Dakota",44013.0
2014,US,Midwest,Ohio,"Alliance, Ohio",4691.0
2014,US,Midwest,Ohio,"Bryan, Ohio",6597.0
2014,US,Midwest,Ohio,"Cincinnati, Ohio",13681.0
2014,US,Midwest,Ohio,"Cleveland, Ohio",49327.0
2014,US,Midwest,Ohio,"Elyria, Ohio",6721.0
2014,US,Midwest,Ohio,"Sandusky, Ohio",9840.0
2014,US,Midwest,Ohio,"Toledo, Ohio",63272.0
2014,US,Midwest,Wisconsin,"Columbus, Wisconsin",12962.0
2014,US,Midwest,Wisconsin,"La Crosse, Wisconsin",24036.0
2014,US,Midwest,Wisconsin,"Milwaukee Airport, Wisconsin",159869.0
2014,US,Midwest,Wisconsin,"Milwaukee, Wisconsin",596415.0
2014,US,Midwest,Wisconsin,"Portage, Wisconsin",5847.0
2014,US,Midwest,Wisconsin,"Sturtevant, Wisconsin",70341.0
2014,US,Midwest,Wisconsin,"Tomah, Wisconsin",9426.0
2014,US,Midwest,Wisconsin,"Wisconsin Dells, Wisconsin",12742.0
2014,US,Northeast,Connecticut,"Berlin, Connecticut",23363.0
2014,US,Northeast,Connecticut,"Bridgeport, Connecticut",80571.0
2014,US,Northeast,Connecticut,"Hartford, Connecticut",179186.0
2014,US,Northeast,Connecticut,"Meriden, Connecticut",30466.0
2014,US,Northeast,Connecticut,"Mystic, Connecticut",23083.0
2014,US,Northeast,Connecticut,"New Haven, Connecticut",714146.0
2014,US,Northeast,Connecticut,"New London, Connecticut",154532.0
2014,US,Northeast,Connecticut,"Old Saybrook, Connecticut",60413.0
2014,US,Northeast,Connecticut,"Stamford, Connecticut",401414.0
2014,US,Northeast,Connecticut,"Wallingford, Connecticut",14331.0
2014,US,Northeast,Connecticut,"Windsor Locks, Connecticut",13677.0
2014,US,Northeast,Connecticut,"Windsor, Connecticut",19957.0
2014,US,Northeast,Maine,"Brunswick, Maine",33327.0
2014,US,Northeast,Maine,"Freeport, Maine",14997.0
2014,US,Northeast,Maine,"Old Orchard Beach, Maine",16814.0
2014,US,Northeast,Maine,"Portland, Maine",178460.0
2014,US,Northeast,Maine,"Saco-Biddeford, Maine",47817.0
2014,US,Northeast,Maine,"Wells, Maine",50510.0
2014,US,Northeast,Massachusetts,"Amherst, Massachusetts",14124.0
2014,US,Northeast,Massachusetts,"Boston-Back Bay, Massachusetts",566892.0
2014,US,Northeast,Massachusetts,"Boston-North Station, Massachusetts",433060.0
2014,US,Northeast,Massachusetts,"Boston-South Station, Massachusetts",1491095.0
2014,US,Northeast,Massachusetts,"Framingham, Massachusetts",2154.0
2014,US,Northeast,Massachusetts,"Haverhill, Massachusetts",38481.0
2014,US,Northeast,Massachusetts,"Pittsfield, Massachusetts",7541.0
2014,US,Northeast,Massachusetts,"Route 128 (Boston), Massachusetts",436359.0
2014,US,Northeast,Massachusetts,"Springfield, Massachusetts",135243.0
2014,US,Northeast,Massachusetts,"Woburn, Massachusetts",22754.0
2014,US,Northeast,Massachusetts,"Worcester, Massachusetts",8439.0
2014,US,Northeast,New Hampshire,"Claremont, New Hampshire",2117.0
2014,US,Northeast,New Hampshire,"Dover, New Hampshire",55144.0
2014,US,Northeast,New Hampshire,"Durham-UNH, New Hampshire",58894.0
2014,US,Northeast,New Hampshire,"Exeter, New Hampshire",79908.0
2014,US,Northeast,New Jersey,"Metropark, New Jersey",381178.0
2014,US,Northeast,New Jersey,"New Brunswick, New Jersey",8898.0
2014,US,Northeast,New Jersey,"Newark Airport, New Jersey",111919.0
2014,US,Northeast,New Jersey,"Newark, New Jersey",677175.0
2014,US,Northeast,New Jersey,"Princeton Junction, New Jersey",44007.0
2014,US,Northeast,New Jersey,"Trenton, New Jersey",419477.0
2014,US,Northeast,New York,"Albany-Rensselaer, New York",781597.0
2014,US,Northeast,New York,"Amsterdam, New York",11119.0
2014,US,Northeast,New York,"Buffalo-Depew, New York",126250.0
2014,US,Northeast,New York,"Buffalo-Exchange Street, New York",41222.0
2014,US,Northeast,New York,"Croton-Harmon, New York",50321.0
2014,US,Northeast,New York,"Fort Edward, New York",9197.0
2014,US,Northeast,New York,"Hudson, New York",187776.0
2014,US,Northeast,New York,"New Rochelle, New York",83707.0
2014,US,Northeast,New York,"New York City (Penn Station), New York",10024474.0
2014,US,Northeast,New York,"Niagara Falls, New York",32636.0
2014,US,Northeast,New York,"Plattsburgh, New York",13458.0
2014,US,Northeast,New York,"Port Henry, New York",2163.0
2014,US,Northeast,New York,"Port Kent, New York",681.0
2014,US,Northeast,New York,"Poughkeepsie, New York",98516.0
2014,US,Northeast,New York,"Rhinecliff, New York",186273.0
2014,US,Northeast,New York,"Rochester, New York",139691.0
2014,US,Northeast,New York,"Rome, New York",9743.0
2014,US,Northeast,New York,"Rouses Point, New York",1257.0
2014,US,Northeast,New York,"Saratoga Springs, New York",33814.0
2014,US,Northeast,New York,"Schenectady, New York",60677.0
2014,US,Northeast,New York,"Syracuse, New York",152222.0
2014,US,Northeast,New York,"Ticonderoga, New York",2075.0
2014,US,Northeast,New York,"Utica, New York",65022.0
2014,US,Northeast,New York,"Westport, New York",4977.0
2014,US,Northeast,New York,"Whitehall, New York",1595.0
2014,US,Northeast,New York,"Yonkers, New York",24760.0
2014,US,Northeast,Pennsylvania,"Altoona, Pennsylvania",26506.0
2014,US,Northeast,Pennsylvania,"Ardmore, Pennsylvania",56943.0
2014,US,Northeast,Pennsylvania,"Coatesville, Pennsylvania",15566.0
2014,US,Northeast,Pennsylvania,"Connellsville, Pennsylvania",4925.0
2014,US,Northeast,Pennsylvania,"Cornwells Heights, Pennsylvania",2093.0
2014,US,Northeast,Pennsylvania,"Downingtown, Pennsylvania",60105.0
2014,US,Northeast,Pennsylvania,"Elizabethtown, Pennsylvania",108722.0
2014,US,Northeast,Pennsylvania,"Erie, Pennsylvania",18312.0
2014,US,Northeast,Pennsylvania,"Exton, Pennsylvania",107015.0
2014,US,Northeast,Pennsylvania,"Greensburg, Pennsylvania",15023.0
2014,US,Northeast,Pennsylvania,"Harrisburg, Pennsylvania",498995.0
2014,US,Northeast,Pennsylvania,"Huntingdon, Pennsylvania",6801.0
2014,US,Northeast,Pennsylvania,"Johnstown, Pennsylvania",23292.0
2014,US,Northeast,Pennsylvania,"Lancaster, Pennsylvania",529409.0
2014,US,Northeast,Pennsylvania,"Latrobe, Pennsylvania",4631.0
2014,US,Northeast,Pennsylvania,"Lewistown, Pennsylvania",9375.0
2014,US,Northeast,Pennsylvania,"Middletown, Pennsylvania",67475.0
2014,US,Northeast,Pennsylvania,"Mount Joy, Pennsylvania",46391.0
2014,US,Northeast,Pennsylvania,"Paoli, Pennsylvania",170669.0
2014,US,Northeast,Pennsylvania,"Parkesburg, Pennsylvania",49642.0
2014,US,Northeast,Pennsylvania,"Philadelphia William H. Gray III 30th Street, Pennsylvania",4083704.0
2014,US,Northeast,Pennsylvania,"Philadelphia-North, Pennsylvania",644.0
2014,US,Northeast,Pennsylvania,"Pittsburgh, Pennsylvania",149224.0
2014,US,Northeast,Pennsylvania,"Tyrone, Pennsylvania",3346.0
2014,US,Northeast,Rhode Island,"Kingston, Rhode Island",154497.0
2014,US,Northeast,Rhode Island,"Providence, Rhode Island",665670.0
2014,US,Northeast,Rhode Island,"Westerly, Rhode Island",39299.0
2014,US,Northeast,Vermont,"Bellows Falls, Vermont",5463.0
2014,US,Northeast,Vermont,"Brattleboro, Vermont",20125.0
2014,US,Northeast,Vermont,"Castleton, Vermont",4404.0
2014,US,Northeast,Vermont,"Essex Junction, Vermont",21883.0
2014,US,Northeast,Vermont,"Montpelier, Vermont",8600.0
2014,US,Northeast,Vermont,"Randolph, Vermont",2302.0
2014,US,Northeast,Vermont,"Rutland, Vermont",16879.0
2014,US,Northeast,Vermont,"St. Albans, Vermont",4401.0
2014,US,Northeast,Vermont,"Waterbury, Vermont",6617.0
2014,US,Northeast,Vermont,"White River Junction, Vermont",16257.0
2014,US,Northeast,Vermont,"Windsor, Vermont",1197.0
2014,US,South,Alabama,"Anniston, Alabama",5200.0
2014,US,South,Alabama,"Birmingham, Alabama",46610.0
2014,US,South,Alabama,"Tuscaloosa, Alabama",11360.0
2014,US,South,Arkansas,"Arkadelphia, Arkansas",1527.0
2014,US,South,Arkansas,"Hope, Arkansas",1911.0
2014,US,South,Arkansas,"Little Rock, Arkansas",19652.0
2014,US,South,Arkansas,"Malvern, Arkansas",1896.0
2014,US,South,Arkansas,"Texarkana, Arkansas",7853.0
2014,US,South,Arkansas,"Walnut Ridge, Arkansas",4046.0
2014,US,South,Delaware,"Newark, Delaware",12418.0
2014,US,South,Delaware,"Wilmington, Delaware",704523.0
2014,US,South,District of Columbia,"Washington Union Station, District of Columbia",5028928.0
2014,US,South,Florida,"DeLand, Florida",26063.0
2014,US,South,Florida,"Deerfield Beach, Florida",28404.0
2014,US,South,Florida,"Delray Beach, Florida",13703.0
2014,US,South,Florida,"Fort Lauderdale, Florida",52384.0
2014,US,South,Florida,"Hollywood, Florida",32980.0
2014,US,South,Florida,"Jacksonville, Florida",78031.0
2014,US,South,Florida,"Kissimmee, Florida",43543.0
2014,US,South,Florida,"Lakeland, Florida",21816.0
2014,US,South,Florida,"Miami, Florida",78695.0
2014,US,South,Florida,"Okeechobee, Florida",4091.0
2014,US,South,Florida,"Orlando, Florida",155532.0
2014,US,South,Florida,"Palatka, Florida",12145.0
2014,US,South,Florida,"Sanford (Auto Train Station), Florida",274445.0
2014,US,South,Florida,"Sebring, Florida",17076.0
2014,US,South,Florida,"Tampa, Florida",131322.0
2014,US,South,Florida,"West Palm Beach, Florida",62990.0
2014,US,South,Florida,"Winter Haven, Florida",22273.0
2014,US,South,Florida,"Winter Park, Florida",29013.0
2014,US,South,Georgia,"Atlanta, Georgia",95630.0
2014,US,South,Georgia,"Gainesville, Georgia",6448.0
2014,US,South,Georgia,"Jesup, Georgia",10636.0
2014,US,South,Georgia,"Savannah, Georgia",63016.0
2014,US,South,Georgia,"Toccoa, Georgia",3021.0
2014,US,South,Kentucky,"Ashland, Kentucky",2784.0
2014,US,South,Kentucky,"Fulton, Kentucky",3922.0
2014,US,South,Kentucky,"Maysville, Kentucky",2316.0
2014,US,South,Kentucky,"South Shore-South Portsmouth, Kentucky",995.0
2014,US,South,Louisiana,"Hammond, Louisiana",15187.0
2014,US,South,Louisiana,"Lafayette, Louisiana",6549.0
2014,US,South,Louisiana,"Lake Charles, Louisiana",3742.0
2014,US,South,Louisiana,"New Iberia, Louisiana",1769.0
2014,US,South,Louisiana,"New Orleans, Louisiana",201476.0
2014,US,South,Louisiana,"Schriever, Louisiana",1923.0
2014,US,South,Louisiana,"Slidell, Louisiana",6846.0
2014,US,South,Maryland,"Aberdeen, Maryland",42345.0
2014,US,South,Maryland,"BWI Thurgood Marshall Airport, Maryland",692268.0
2014,US,South,Maryland,"Baltimore, Maryland",1032527.0
2014,US,South,Maryland,"Cumberland, Maryland",11760.0
2014,US,South,Maryland,"New Carrollton, Maryland",168433.0
2014,US,South,Maryland,"Rockville, Maryland",5338.0
2014,US,South,Mississippi,"Brookhaven, Mississippi",5178.0
2014,US,South,Mississippi,"Greenwood, Mississippi",15065.0
2014,US,South,Mississippi,"Hattiesburg, Mississippi",11448.0
2014,US,South,Mississippi,"Hazlehurst, Mississippi",1994.0
2014,US,South,Mississippi,"Jackson, Mississippi",47295.0
2014,US,South,Mississippi,"Laurel, Mississippi",4487.0
2014,US,South,Mississippi,"McComb, Mississippi",6464.0
2014,US,South,Mississippi,"Meridian, Mississippi",11275.0
2014,US,South,Mississippi,"Picayune, Mississippi",2517.0
2014,US,South,Mississippi,"Yazoo City, Mississippi",3764.0
2014,US,South,North Carolina,"Burlington, North Carolina",25934.0
2014,US,South,North Carolina,"Cary, North Carolina",87548.0
2014,US,South,North Carolina,"Charlotte, North Carolina",194115.0
2014,US,South,North Carolina,"Durham, North Carolina",83090.0
2014,US,South,North Carolina,"Fayetteville, North Carolina",54524.0
2014,US,South,North Carolina,"Gastonia, North Carolina",1463.0
2014,US,South,North Carolina,"Greensboro, North Carolina",134191.0
2014,US,South,North Carolina,"Hamlet, North Carolina",4744.0
2014,US,South,North Carolina,"High Point, North Carolina",38573.0
2014,US,South,North Carolina,"Kannapolis, North Carolina",18292.0
2014,US,South,North Carolina,"Raleigh, North Carolina",161342.0
2014,US,South,North Carolina,"Rocky Mount, North Carolina",52848.0
2014,US,South,North Carolina,"Salisbury, North Carolina",29338.0
2014,US,South,North Carolina,"Selma-Smithfield, North Carolina",13401.0
2014,US,South,North Carolina,"Southern Pines, North Carolina",7210.0
2014,US,South,North Carolina,"Wilson, North Carolina",57969.0
2014,US,South,Oklahoma,"Ardmore, Oklahoma",9053.0
2014,US,South,Oklahoma,"Norman, Oklahoma",13978.0
2014,US,South,Oklahoma,"Oklahoma City, Oklahoma",52099.0
2014,US,South,Oklahoma,"Pauls Valley, Oklahoma",5891.0
2014,US,South,Oklahoma,"Purcell, Oklahoma",1834.0
2014,US,South,South Carolina,"Camden, South Carolina",3264.0
2014,US,South,South Carolina,"Charleston, South Carolina",75499.0
2014,US,South,South Carolina,"Clemson, South Carolina",4987.0
2014,US,South,South Carolina,"Columbia, South Carolina",35222.0
2014,US,South,South Carolina,"Denmark, South Carolina",4094.0
2014,US,South,South Carolina,"Dillon, South Carolina",8601.0
2014,US,South,South Carolina,"Florence, South Carolina",50018.0
2014,US,South,South Carolina,"Greenville, South Carolina",13478.0
2014,US,South,South Carolina,"Kingstree, South Carolina",13684.0
2014,US,South,South Carolina,"Spartanburg, South Carolina",4451.0
2014,US,South,South Carolina,"Yemassee, South Carolina",12437.0
2014,US,South,Tennessee,"Memphis, Tennessee",69946.0
2014,US,South,Tennessee,"Newbern-Dyersberg, Tennessee",3927.0
2014,US,South,Texas,"Alpine, Texas",4756.0
2014,US,South,Texas,"Austin, Texas",32951.0
2014,US,South,Texas,"Beaumont, Texas",3412.0
2014,US,South,Texas,"Cleburne, Texas",3322.0
2014,US,South,Texas,"Dallas, Texas",50180.0
2014,US,South,Texas,"Del Rio, Texas",2385.0
2014,US,South,Texas,"El Paso, Texas",13272.0
2014,US,South,Texas,"Fort Worth, Texas",129438.0
2014,US,South,Texas,"Gainesville, Texas",7178.0
2014,US,South,Texas,"Houston, Texas",20603.0
2014,US,South,Texas,"Longview, Texas",38365.0
2014,US,South,Texas,"Marshall, Texas",10184.0
2014,US,South,Texas,"McGregor, Texas",4328.0
2014,US,South,Texas,"Mineola, Texas",6776.0
2014,US,South,Texas,"San Antonio, Texas",62002.0
2014,US,South,Texas,"San Marcos, Texas",6830.0
2014,US,South,Texas,"Sanderson, Texas",238.0
2014,US,South,Texas,"Taylor, Texas",4797.0
2014,US,South,Texas,"Temple, Texas",15390.0
2014,US,South,Virginia,"Alexandria, Virginia",180409.0
2014,US,South,Virginia,"Ashland, Virginia",27977.0
2014,US,South,Virginia,"Burke Centre, Virginia",5535.0
2014,US,South,Virginia,"Charlottesville, Virginia",132410.0
2014,US,South,Virginia,"Clifton Forge, Virginia",2432.0
2014,US,South,Virginia,"Culpeper, Virginia",14257.0
2014,US,South,Virginia,"Danville, Virginia",7741.0
2014,US,South,Virginia,"Fredericksburg, Virginia",111999.0
2014,US,South,Virginia,"Lorton (Auto Train), Virginia",274445.0
2014,US,South,Virginia,"Lynchburg, Virginia",86302.0
2014,US,South,Virginia,"Manassas, Virginia",29104.0
2014,US,South,Virginia,"Newport News, Virginia",112661.0
2014,US,South,Virginia,"Norfolk, Virginia",41843.0
2014,US,South,Virginia,"Petersburg, Virginia",29383.0
2014,US,South,Virginia,"Quantico, Virginia",36976.0
2014,US,South,Virginia,"Richmond - Main Street, Virginia",40834.0
2014,US,South,Virginia,"Richmond - Staples Mill, Virginia",358615.0
2014,US,South,Virginia,"Staunton, Virginia",6823.0
2014,US,South,Virginia,"Williamsburg, Virginia",61074.0
2014,US,South,Virginia,"Woodbridge, Virginia",29418.0
2014,US,South,West Virginia,"Alderson, West Virginia",551.0
2014,US,South,West Virginia,"Charleston, West Virginia",9675.0
2014,US,South,West Virginia,"Harpers Ferry, West Virginia",6313.0
2014,US,South,West Virginia,"Hinton, West Virginia",8502.0
2014,US,South,West Virginia,"Huntington, West Virginia",11515.0
2014,US,South,West Virginia,"Martinsburg, West Virginia",9824.0
2014,US,South,West Virginia,"Montgomery, West Virginia",641.0
2014,US,South,West Virginia,"Prince, West Virginia",3136.0
2014,US,South,West Virginia,"Thurmond, West Virginia",390.0
2014,US,South,West Virginia,"White Sulphur Springs, West Virginia",5165.0
2014,US,West,Arizona,"Benson, Arizona",1961.0
2014,US,West,Arizona,"Flagstaff, Arizona",39183.0
2014,US,West,Arizona,"Kingman, Arizona",9765.0
2014,US,West,Arizona,"Maricopa, Arizona",12729.0
2014,US,West,Arizona,"Tucson, Arizona",27917.0
2014,US,West,Arizona,"Williams Junction, Arizona",6025.0
2014,US,West,Arizona,"Winslow, Arizona",4428.0
2014,US,West,Arizona,"Yuma, Arizona",3772.0
2014,US,West,California,"Anaheim, California",254066.0
2014,US,West,California,"Antioch-Pittsburg, California",43231.0
2014,US,West,California,"Auburn, California",16383.0
2014,US,West,California,"Bakersfield, California",521423.0
2014,US,West,California,"Barstow, California",3096.0
2014,US,West,California,"Berkeley, California",133855.0
2014,US,West,California,"Burbank, California",60685.0
2014,US,West,California,"Camarillo, California",46120.0
2014,US,West,California,"Carlsbad Poinsettia, California",5977.0
2014,US,West,California,"Carlsbad Village, California",8030.0
2014,US,West,California,"Carpinteria, California",28628.0
2014,US,West,California,"Chatsworth, California",63980.0
2014,US,West,California,"Chico, California",13125.0
2014,US,West,California,"Colfax, California",4810.0
2014,US,West,California,"Corcoran, California",34539.0
2014,US,West,California,"Davis, California",358350.0
2014,US,West,California,"Dunsmuir, California",5892.0
2014,US,West,California,"Emeryville, California",578386.0
2014,US,West,California,"Encinitas, California",7151.0
2014,US,West,California,"Fremont, California",34446.0
2014,US,West,California,"Fresno, California",389543.0
2014,US,West,California,"Fullerton, California",336265.0
2014,US,West,California,"Glendale, California",48631.0
2014,US,West,California,"Goleta, California",74359.0
2014,US,West,California,"Great America (Santa Clara), California",113189.0
2014,US,West,California,"Grover Beach, California",19530.0
2014,US,West,California,"Guadalupe-Santa Maria, California",12162.0
2014,US,West,California,"Hanford, California",220144.0
2014,US,West,California,"Hayward, California",35798.0
2014,US,West,California,"Irvine, California",406451.0
2014,US,West,California,"Lodi, California",9838.0
2014,US,West,California,"Lompoc-Surf, California",8097.0
2014,US,West,California,"Los Angeles, California",1551090.0
2014,US,West,California,"Madera, California",28993.0
2014,US,West,California,"Martinez, California",359755.0
2014,US,West,California,"Merced, California",129179.0
2014,US,West,California,"Modesto, California",122998.0
2014,US,West,California,"Moorpark, California",18616.0
2014,US,West,California,"Moreno Valley, California",12105.0
2014,US,West,California,"Needles, California",8386.0
2014,US,West,California,"Oakland Coliseum, California",52260.0
2014,US,West,California,"Oakland, California",303431.0
2014,US,West,California,"Oceanside, California",412711.0
2014,US,West,California,"Ontario, California",4687.0
2014,US,West,California,"Oxnard, California",90334.0
2014,US,West,California,"Palm Springs, California",3068.0
2014,US,West,California,"Paso Robles, California",12065.0
2014,US,West,California,"Pomona, California",1616.0
2014,US,West,California,"Redding, California",13263.0
2014,US,West,California,"Richmond, California",241962.0
2014,US,West,California,"Rocklin, California",15414.0
2014,US,West,California,"Roseville, California",32539.0
2014,US,West,California,"Sacramento, California",1022322.0
2014,US,West,California,"Salinas, California",22204.0
2014,US,West,California,"San Bernardino, California",12488.0
2014,US,West,California,"San Clemente Pier, California",13206.0
2014,US,West,California,"San Diego, California",700107.0
2014,US,West,California,"San Diego-Old Town, California",196795.0
2014,US,West,California,"San Jose, California",210297.0
2014,US,West,California,"San Juan Capistrano, California",226515.0
2014,US,West,California,"San Luis Obispo, California",110415.0
2014,US,West,California,"Santa Ana, California",185327.0
2014,US,West,California,"Santa Barbara, California",319245.0
2014,US,West,California,"Santa Clara (University), California",21732.0
2014,US,West,California,"Simi Valley, California",46008.0
2014,US,West,California,"Solana Beach, California",384547.0
2014,US,West,California,"Sorrento Valley, California",9746.0
2014,US,West,California,"Stockton (Downtown), California",41488.0
2014,US,West,California,"Stockton (San Joaquin St.), California",292818.0
2014,US,West,California,"Suisun-Fairfield, California",162062.0
2014,US,West,California,"Truckee, California",10509.0
2014,US,West,California,"Turlock-Denair, California",29197.0
2014,US,West,California,"Van Nuys, California",79294.0
2014,US,West,California,"Ventura, California",58938.0
2014,US,West,California,"Victorville, California",6692.0
2014,US,West,California,"Wasco, California",42159.0
2014,US,West,Colorado,"Denver, Colorado",111426.0
2014,US,West,Colorado,"Fort Morgan, Colorado",3551.0
2014,US,West,Colorado,"Glenwood Springs, Colorado",34489.0
2014,US,West,Colorado,"Granby, Colorado",3347.0
2014,US,West,Colorado,"Grand Junction, Colorado",29672.0
2014,US,West,Colorado,"La Junta, Colorado",6918.0
2014,US,West,Colorado,"Lamar, Colorado",1812.0
2014,US,West,Colorado,"Trinidad, Colorado",4592.0
2014,US,West,Colorado,"Winter Park-Fraser, Colorado",6911.0
2014,US,West,Idaho,"Sandpoint, Idaho",8489.0
2014,US,West,Montana,"Browning (winter only), Montana",1784.0
2014,US,West,Montana,"Cut Bank, Montana",2353.0
2014,US,West,Montana,"East Glacier (summer only), Montana",11952.0
2014,US,West,Montana,"Essex, Montana",2920.0
2014,US,West,Montana,"Glasgow, Montana",3967.0
2014,US,West,Montana,"Havre, Montana",11343.0
2014,US,West,Montana,"Libby, Montana",5416.0
2014,US,West,Montana,"Malta, Montana",3165.0
2014,US,West,Montana,"Shelby, Montana",11984.0
2014,US,West,Montana,"West Glacier, Montana",5013.0
2014,US,West,Montana,"Whitefish, Montana",52012.0
2014,US,West,Montana,"Wolf Point, Montana",6301.0
2014,US,West,Nevada,"Elko, Nevada",9436.0
2014,US,West,Nevada,"Reno, Nevada",70142.0
2014,US,West,Nevada,"Winnemucca, Nevada",5060.0
2014,US,West,New Mexico,"Albuquerque, New Mexico",77021.0
2014,US,West,New Mexico,"Deming, New Mexico",1338.0
2014,US,West,New Mexico,"Gallup, New Mexico",16140.0
2014,US,West,New Mexico,"Lamy, New Mexico",11655.0
2014,US,West,New Mexico,"Las Vegas, New Mexico",5047.0
2014,US,West,New Mexico,"Lordsburg, New Mexico",729.0
2014,US,West,New Mexico,"Raton, New Mexico",15875.0
2014,US,West,Oregon,"Albany, Oregon",35100.0
2014,US,West,Oregon,"Chemult, Oregon",9839.0
2014,US,West,Oregon,"Eugene, Oregon",102214.0
2014,US,West,Oregon,"Klamath Falls, Oregon",32544.0
2014,US,West,Oregon,"Oregon City, Oregon",14046.0
2014,US,West,Oregon,"Portland, Oregon",585828.0
2014,US,West,Oregon,"Salem, Oregon",60579.0
2014,US,West,Utah,"Green River, Utah",2770.0
2014,US,West,Utah,"Helper, Utah",2034.0
2014,US,West,Utah,"Provo, Utah",5299.0
2014,US,West,Utah,"Salt Lake City, Utah",41367.0
2014,US,West,Washington,"Bellingham, Washington",54888.0
2014,US,West,Washington,"Bingen-White Salmon, Washington",2867.0
2014,US,West,Washington,"Centralia, Washington",25525.0
2014,US,West,Washington,"Edmonds, Washington",29604.0
2014,US,West,Washington,"Ephrata, Washington",3576.0
2014,US,West,Washington,"Everett, Washington",42225.0
2014,US,West,Washington,"Kelso-Longview, Washington",30326.0
2014,US,West,Washington,"Leavenworth, Washington",11307.0
2014,US,West,Washington,"Mount Vernon, Washington",18225.0
2014,US,West,Washington,"Olympia/Lacey, Washington",62828.0
2014,US,West,Washington,"Pasco, Washington",22393.0
2014,US,West,Washington,"Seattle, Washington",626623.0
2014,US,West,Washington,"Spokane, Washington",53500.0
2014,US,West,Washington,"Stanwood, Washington",4674.0
2014,US,West,Washington,"Tacoma, Washington",125984.0
2014,US,West,Washington,"Tukwila, Washington",28636.0
2014,US,West,Washington,"Vancouver, Washington",96330.0
2014,US,West,Washington,"Wenatchee, Washington",13480.0
2014,US,West,Washington,"Wishram, Washington",1512.0
2015,US,Midwest,Illinois,"Alton, Illinois",61249.0
2015,US,Midwest,Illinois,"Bloomington/Normal, Illinois",254317.0
2015,US,Midwest,Illinois,"Carbondale, Illinois",117922.0
2015,US,Midwest,Illinois,"Carlinville, Illinois",9626.0
2015,US,Midwest,Illinois,"Centralia, Illinois",24804.0
2015,US,Midwest,Illinois,"Champaign-Urbana, Illinois",172877.0
2015,US,Midwest,Illinois,"Chicago, Illinois",3295630.0
2015,US,Midwest,Illinois,"Du Quoin, Illinois",10197.0
2015,US,Midwest,Illinois,"Dwight, Illinois",10191.0
2015,US,Midwest,Illinois,"Effingham, Illinois",27195.0
2015,US,Midwest,Illinois,"Galesburg, Illinois",100503.0
2015,US,Midwest,Illinois,"Gilman, Illinois",3138.0
2015,US,Midwest,Illinois,"Glenview, Illinois",58143.0
2015,US,Midwest,Illinois,"Homewood, Illinois",41499.0
2015,US,Midwest,Illinois,"Joliet, Illinois",64349.0
2015,US,Midwest,Illinois,"Kankakee, Illinois",21736.0
2015,US,Midwest,Illinois,"Kewanee, Illinois",15849.0
2015,US,Midwest,Illinois,"La Grange Road, Illinois",13398.0
2015,US,Midwest,Illinois,"Lincoln, Illinois",23333.0
2015,US,Midwest,Illinois,"Macomb, Illinois",71231.0
2015,US,Midwest,Illinois,"Mattoon, Illinois",41956.0
2015,US,Midwest,Illinois,"Mendota, Illinois",24073.0
2015,US,Midwest,Illinois,"Naperville, Illinois",46806.0
2015,US,Midwest,Illinois,"Plano, Illinois",6771.0
2015,US,Midwest,Illinois,"Pontiac, Illinois",15312.0
2015,US,Midwest,Illinois,"Princeton, Illinois",35788.0
2015,US,Midwest,Illinois,"Quincy, Illinois",46006.0
2015,US,Midwest,Illinois,"Rantoul, Illinois",6371.0
2015,US,Midwest,Illinois,"Springfield, Illinois",184420.0
2015,US,Midwest,Illinois,"Summit, Illinois",12196.0
2015,US,Midwest,Indiana,"Albany/Rensselaer, Indiana",2090.0
2015,US,Midwest,Indiana,"Connellsville, Indiana",770.0
2015,US,Midwest,Indiana,"Crawfordsville (Bus), Indiana",5300.0
2015,US,Midwest,Indiana,"Dyer, Indiana",3463.0
2015,US,Midwest,Indiana,"Elkhart, Indiana",20741.0
2015,US,Midwest,Indiana,"Hammond-Whiting, Indiana",7463.0
2015,US,Midwest,Indiana,"Indianapolis, Indiana",30153.0
2015,US,Midwest,Indiana,"Lafayette, Indiana",18849.0
2015,US,Midwest,Indiana,"Michigan City, Indiana",3783.0
2015,US,Midwest,Indiana,"South Bend, Indiana",22867.0
2015,US,Midwest,Indiana,"Waterloo, Indiana",20030.0
2015,US,Midwest,Iowa,"Burlington, Iowa",9329.0
2015,US,Midwest,Iowa,"Creston, Iowa",5017.0
2015,US,Midwest,Iowa,"Fort Madison, Iowa",6788.0
2015,US,Midwest,Iowa,"Mt. Pleasant, Iowa",11644.0
2015,US,Midwest,Iowa,"Osceola, Iowa",13775.0
2015,US,Midwest,Iowa,"Ottumwa, Iowa",11058.0
2015,US,Midwest,Kansas,"Dodge City, Kansas",5048.0
2015,US,Midwest,Kansas,"Garden City, Kansas",7972.0
2015,US,Midwest,Kansas,"Hutchinson, Kansas",4925.0
2015,US,Midwest,Kansas,"Lawrence, Kansas",8319.0
2015,US,Midwest,Kansas,"Newton, Kansas",13010.0
2015,US,Midwest,Kansas,"Topeka, Kansas",10399.0
2015,US,Midwest,Michigan,"Albion, Michigan",1816.0
2015,US,Midwest,Michigan,"Ann Arbor, Michigan",143130.0
2015,US,Midwest,Michigan,"Bangor, Michigan",3895.0
2015,US,Midwest,Michigan,"Battle Creek, Michigan",42894.0
2015,US,Midwest,Michigan,"Birmingham, Michigan",934.0
2015,US,Midwest,Michigan,"Dearborn, Michigan",76537.0
2015,US,Midwest,Michigan,"Detroit, Michigan",61497.0
2015,US,Midwest,Michigan,"Dowagiac, Michigan",4474.0
2015,US,Midwest,Michigan,"Durand, Michigan",13577.0
2015,US,Midwest,Michigan,"East Lansing, Michigan",65355.0
2015,US,Midwest,Michigan,"Flint, Michigan",32197.0
2015,US,Midwest,Michigan,"Grand Rapids, Michigan",44249.0
2015,US,Midwest,Michigan,"Holland, Michigan",36994.0
2015,US,Midwest,Michigan,"Jackson, Michigan",26674.0
2015,US,Midwest,Michigan,"Kalamazoo, Michigan",117997.0
2015,US,Midwest,Michigan,"Lapeer, Michigan",9527.0
2015,US,Midwest,Michigan,"New Buffalo, Michigan",21911.0
2015,US,Midwest,Michigan,"Niles, Michigan",19095.0
2015,US,Midwest,Michigan,"Pontiac, Michigan",15876.0
2015,US,Midwest,Michigan,"Port Huron, Michigan",23979.0
2015,US,Midwest,Michigan,"Royal Oak, Michigan",33694.0
2015,US,Midwest,Michigan,"St. Joseph/Benton Harbor, Michigan",11976.0
2015,US,Midwest,Michigan,"Troy, Michigan",22384.0
2015,US,Midwest,Minnesota,"Detroit Lakes, Minnesota",4383.0
2015,US,Midwest,Minnesota,"Red Wing, Minnesota",8004.0
2015,US,Midwest,Minnesota,"St. Cloud, Minnesota",9950.0
2015,US,Midwest,Minnesota,"St. Paul-Minneapolis, Minnesota",92090.0
2015,US,Midwest,Minnesota,"Staples, Minnesota",5238.0
2015,US,Midwest,Minnesota,"Winona, Minnesota",18966.0
2015,US,Midwest,Missouri,"Hermann, Missouri",22377.0
2015,US,Midwest,Missouri,"Independence, Missouri",8766.0
2015,US,Midwest,Missouri,"Jefferson City, Missouri",43720.0
2015,US,Midwest,Missouri,"Kansas City, Missouri",153770.0
2015,US,Midwest,Missouri,"Kirkwood, Missouri",58375.0
2015,US,Midwest,Missouri,"La Plata, Missouri",11676.0
2015,US,Midwest,Missouri,"Lee’s Summit, Missouri",28831.0
2015,US,Midwest,Missouri,"Poplar Bluff, Missouri",5447.0
2015,US,Midwest,Missouri,"Sedalia, Missouri",10986.0
2015,US,Midwest,Missouri,"St. Louis, Missouri",323150.0
2015,US,Midwest,Missouri,"Warrensburg, Missouri",15656.0
2015,US,Midwest,Missouri,"Washington, Missouri",15875.0
2015,US,Midwest,Nebraska,"Hastings, Nebraska",5433.0
2015,US,Midwest,Nebraska,"Holdrege, Nebraska",2345.0
2015,US,Midwest,Nebraska,"Lincoln, Nebraska",15384.0
2015,US,Midwest,Nebraska,"McCook, Nebraska",3342.0
2015,US,Midwest,Nebraska,"Omaha, Nebraska",26797.0
2015,US,Midwest,North Dakota,"Devils Lake, North Dakota",3512.0
2015,US,Midwest,North Dakota,"Fargo, North Dakota",22939.0
2015,US,Midwest,North Dakota,"Grand Forks, North Dakota",12139.0
2015,US,Midwest,North Dakota,"Minot, North Dakota",32108.0
2015,US,Midwest,North Dakota,"Rugby, North Dakota",4254.0
2015,US,Midwest,North Dakota,"Stanley, North Dakota",6514.0
2015,US,Midwest,North Dakota,"Williston, North Dakota",38621.0
2015,US,Midwest,Ohio,"Alliance, Ohio",4714.0
2015,US,Midwest,Ohio,"Bryan, Ohio",5608.0
2015,US,Midwest,Ohio,"Cincinnati, Ohio",12503.0
2015,US,Midwest,Ohio,"Cleveland, Ohio",46514.0
2015,US,Midwest,Ohio,"Elyria, Ohio",6578.0
2015,US,Midwest,Ohio,"Sandusky, Ohio",8853.0
2015,US,Midwest,Ohio,"Toledo, Ohio",58592.0
2015,US,Midwest,Wisconsin,"Columbus, Wisconsin",12906.0
2015,US,Midwest,Wisconsin,"La Crosse, Wisconsin",24269.0
2015,US,Midwest,Wisconsin,"Milwaukee Airport, Wisconsin",157042.0
2015,US,Midwest,Wisconsin,"Milwaukee, Wisconsin",594076.0
2015,US,Midwest,Wisconsin,"Portage, Wisconsin",6116.0
2015,US,Midwest,Wisconsin,"Sturtevant, Wisconsin",74472.0
2015,US,Midwest,Wisconsin,"Tomah, Wisconsin",10300.0
2015,US,Midwest,Wisconsin,"Wisconsin Dells, Wisconsin",13240.0
2015,US,Northeast,Connecticut,"Berlin, Connecticut",21189.0
2015,US,Northeast,Connecticut,"Bridgeport, Connecticut",80199.0
2015,US,Northeast,Connecticut,"Hartford, Connecticut",171690.0
2015,US,Northeast,Connecticut,"Meriden, Connecticut",27602.0
2015,US,Northeast,Connecticut,"Mystic, Connecticut",23814.0
2015,US,Northeast,Connecticut,"New Haven, Connecticut",698656.0
2015,US,Northeast,Connecticut,"New London, Connecticut",154614.0
2015,US,Northeast,Connecticut,"Old Saybrook, Connecticut",60833.0
2015,US,Northeast,Connecticut,"Stamford, Connecticut",394824.0
2015,US,Northeast,Connecticut,"Wallingford, Connecticut",13245.0
2015,US,Northeast,Connecticut,"Windsor Locks, Connecticut",21082.0
2015,US,Northeast,Connecticut,"Windsor, Connecticut",12857.0
2015,US,Northeast,Maine,"Brunswick, Maine",25754.0
2015,US,Northeast,Maine,"Freeport, Maine",11370.0
2015,US,Northeast,Maine,"Old Orchard Beach, Maine",9943.0
2015,US,Northeast,Maine,"Portland, Maine",133210.0
2015,US,Northeast,Maine,"Saco-Biddeford, Maine",37561.0
2015,US,Northeast,Maine,"Wells, Maine",48674.0
2015,US,Northeast,Massachusetts,"Amherst, Massachusetts",4206.0
2015,US,Northeast,Massachusetts,"Boston-Back Bay, Massachusetts",578403.0
2015,US,Northeast,Massachusetts,"Boston-North Station, Massachusetts",358286.0
2015,US,Northeast,Massachusetts,"Boston-South Station, Massachusetts",1544169.0
2015,US,Northeast,Massachusetts,"Framingham, Massachusetts",1963.0
2015,US,Northeast,Massachusetts,"Greenfield, Massachusetts",5316.0
2015,US,Northeast,Massachusetts,"Haverhill, Massachusetts",34857.0
2015,US,Northeast,Massachusetts,"Holyoke, Massachusetts",96.0
2015,US,Northeast,Massachusetts,"Northampton, Massachusetts",11923.0
2015,US,Northeast,Massachusetts,"Pittsfield, Massachusetts",7468.0
2015,US,Northeast,Massachusetts,"Route 128 (Boston), Massachusetts",444670.0
2015,US,Northeast,Massachusetts,"Springfield, Massachusetts",124580.0
2015,US,Northeast,Massachusetts,"Woburn, Massachusetts",16901.0
2015,US,Northeast,Massachusetts,"Worcester, Massachusetts",7237.0
2015,US,Northeast,New Hampshire,"Claremont, New Hampshire",2117.0
2015,US,Northeast,New Hampshire,"Dover, New Hampshire",46834.0
2015,US,Northeast,New Hampshire,"Durham-UNH, New Hampshire",52898.0
2015,US,Northeast,New Hampshire,"Exeter, New Hampshire",65216.0
2015,US,Northeast,New Jersey,"Metropark, New Jersey",364805.0
2015,US,Northeast,New Jersey,"New Brunswick, New Jersey",8365.0
2015,US,Northeast,New Jersey,"Newark Airport, New Jersey",641346.0
2015,US,Northeast,New Jersey,"Newark, New Jersey",138724.0
2015,US,Northeast,New Jersey,"Princeton Junction, New Jersey",41610.0
2015,US,Northeast,New Jersey,"Trenton, New Jersey",412267.0
2015,US,Northeast,New York,"Albany-Rensselaer, New York",825353.0
2015,US,Northeast,New York,"Amsterdam, New York",11155.0
2015,US,Northeast,New York,"Buffalo-Depew, New York",116496.0
2015,US,Northeast,New York,"Buffalo-Exchange Street, New York",41584.0
2015,US,Northeast,New York,"Croton-Harmon, New York",48773.0
2015,US,Northeast,New York,"Fort Edward, New York",9616.0
2015,US,Northeast,New York,"Hudson, New York",196786.0
2015,US,Northeast,New York,"New Rochelle, New York",85876.0
2015,US,Northeast,New York,"New York City (Penn Station), New York",10189521.0
2015,US,Northeast,New York,"Niagara Falls, New York",31831.0
2015,US,Northeast,New York,"Plattsburgh, New York",13989.0
2015,US,Northeast,New York,"Port Henry, New York",2472.0
2015,US,Northeast,New York,"Port Kent, New York",727.0
2015,US,Northeast,New York,"Poughkeepsie, New York",100791.0
2015,US,Northeast,New York,"Rhinecliff, New York",194477.0
2015,US,Northeast,New York,"Rochester, New York",136816.0
2015,US,Northeast,New York,"Rome, New York",9972.0
2015,US,Northeast,New York,"Rouses Point, New York",1208.0
2015,US,Northeast,New York,"Saratoga Springs, New York",36299.0
2015,US,Northeast,New York,"Schenectady, New York",58551.0
2015,US,Northeast,New York,"Syracuse, New York",141396.0
2015,US,Northeast,New York,"Ticonderoga, New York",2324.0
2015,US,Northeast,New York,"Utica, New York",61145.0
2015,US,Northeast,New York,"Westport, New York",5097.0
2015,US,Northeast,New York,"Whitehall, New York",1866.0
2015,US,Northeast,New York,"Yonkers, New York",26127.0
2015,US,Northeast,Pennsylvania,"Altoona, Pennsylvania",25175.0
2015,US,Northeast,Pennsylvania,"Ardmore, Pennsylvania",61587.0
2015,US,Northeast,Pennsylvania,"Coatesville, Pennsylvania",14532.0
2015,US,Northeast,Pennsylvania,"Connellsville, Pennsylvania",4871.0
2015,US,Northeast,Pennsylvania,"Cornwells Heights, Pennsylvania",2271.0
2015,US,Northeast,Pennsylvania,"Downingtown, Pennsylvania",61442.0
2015,US,Northeast,Pennsylvania,"Elizabethtown, Pennsylvania",109834.0
2015,US,Northeast,Pennsylvania,"Erie, Pennsylvania",16633.0
2015,US,Northeast,Pennsylvania,"Exton, Pennsylvania",113974.0
2015,US,Northeast,Pennsylvania,"Greensburg, Pennsylvania",14773.0
2015,US,Northeast,Pennsylvania,"Harrisburg, Pennsylvania",508685.0
2015,US,Northeast,Pennsylvania,"Huntingdon, Pennsylvania",6616.0
2015,US,Northeast,Pennsylvania,"Johnstown, Pennsylvania",24310.0
2015,US,Northeast,Pennsylvania,"Lancaster, Pennsylvania",541252.0
2015,US,Northeast,Pennsylvania,"Latrobe, Pennsylvania",4850.0
2015,US,Northeast,Pennsylvania,"Lewistown, Pennsylvania",9125.0
2015,US,Northeast,Pennsylvania,"Middletown, Pennsylvania",68484.0
2015,US,Northeast,Pennsylvania,"Mount Joy, Pennsylvania",50664.0
2015,US,Northeast,Pennsylvania,"Paoli, Pennsylvania",176474.0
2015,US,Northeast,Pennsylvania,"Parkesburg, Pennsylvania",48563.0
2015,US,Northeast,Pennsylvania,"Philadelphia William H. Gray III 30th Street, Pennsylvania",4138777.0
2015,US,Northeast,Pennsylvania,"Philadelphia-North, Pennsylvania",832.0
2015,US,Northeast,Pennsylvania,"Pittsburgh, Pennsylvania",149587.0
2015,US,Northeast,Pennsylvania,"Tyrone, Pennsylvania",3324.0
2015,US,Northeast,Rhode Island,"Kingston, Rhode Island",157547.0
2015,US,Northeast,Rhode Island,"Providence, Rhode Island",690752.0
2015,US,Northeast,Rhode Island,"Westerly, Rhode Island",40916.0
2015,US,Northeast,Vermont,"Bellows Falls, Vermont",4828.0
2015,US,Northeast,Vermont,"Brattleboro, Vermont",18963.0
2015,US,Northeast,Vermont,"Castleton, Vermont",4587.0
2015,US,Northeast,Vermont,"Essex Junction, Vermont",21315.0
2015,US,Northeast,Vermont,"Montpelier, Vermont",8818.0
2015,US,Northeast,Vermont,"Randolph, Vermont",2073.0
2015,US,Northeast,Vermont,"Rutland, Vermont",16539.0
2015,US,Northeast,Vermont,"St. Albans, Vermont",4096.0
2015,US,Northeast,Vermont,"Waterbury, Vermont",5891.0
2015,US,Northeast,Vermont,"White River Junction, Vermont",14810.0
2015,US,Northeast,Vermont,"Windsor, Vermont",1208.0
2015,US,South,Alabama,"Anniston, Alabama",5085.0
2015,US,South,Alabama,"Birmingham, Alabama",44985.0
2015,US,South,Alabama,"Tuscaloosa, Alabama",10922.0
2015,US,South,Arkansas,"Arkadelphia, Arkansas",1308.0
2015,US,South,Arkansas,"Hope, Arkansas",1612.0
2015,US,South,Arkansas,"Little Rock, Arkansas",19676.0
2015,US,South,Arkansas,"Malvern, Arkansas",1760.0
2015,US,South,Arkansas,"Texarkana, Arkansas",6894.0
2015,US,South,Arkansas,"Walnut Ridge, Arkansas",3738.0
2015,US,South,Delaware,"Newark, Delaware",12636.0
2015,US,South,Delaware,"Wilmington, Delaware",700341.0
2015,US,South,District of Columbia,"Washington Union Station, District of Columbia",4971128.0
2015,US,South,Florida,"DeLand, Florida",24310.0
2015,US,South,Florida,"Deerfield Beach, Florida",26777.0
2015,US,South,Florida,"Delray Beach, Florida",14652.0
2015,US,South,Florida,"Fort Lauderdale, Florida",46971.0
2015,US,South,Florida,"Hollywood, Florida",28332.0
2015,US,South,Florida,"Jacksonville, Florida",71084.0
2015,US,South,Florida,"Kissimmee, Florida",41424.0
2015,US,South,Florida,"Lakeland, Florida",21526.0
2015,US,South,Florida,"Miami, Florida",70560.0
2015,US,South,Florida,"Okeechobee, Florida",4223.0
2015,US,South,Florida,"Orlando, Florida",145839.0
2015,US,South,Florida,"Palatka, Florida",12568.0
2015,US,South,Florida,"Sanford (Auto Train Station), Florida",271622.0
2015,US,South,Florida,"Sebring, Florida",17397.0
2015,US,South,Florida,"Tampa, Florida",120565.0
2015,US,South,Florida,"West Palm Beach, Florida",59071.0
2015,US,South,Florida,"Winter Haven, Florida",21965.0
2015,US,South,Florida,"Winter Park, Florida",28310.0
2015,US,South,Georgia,"Atlanta, Georgia",85252.0
2015,US,South,Georgia,"Gainesville, Georgia",6176.0
2015,US,South,Georgia,"Jesup, Georgia",10284.0
2015,US,South,Georgia,"Savannah, Georgia",59801.0
2015,US,South,Georgia,"Toccoa, Georgia",2640.0
2015,US,South,Kentucky,"Ashland, Kentucky",2581.0
2015,US,South,Kentucky,"Fulton, Kentucky",4138.0
2015,US,South,Kentucky,"Maysville, Kentucky",2279.0
2015,US,South,Kentucky,"South Shore-South Portsmouth, Kentucky",1057.0
2015,US,South,Louisiana,"Hammond, Louisiana",13905.0
2015,US,South,Louisiana,"Lafayette, Louisiana",6699.0
2015,US,South,Louisiana,"Lake Charles, Louisiana",3920.0
2015,US,South,Louisiana,"New Iberia, Louisiana",1729.0
2015,US,South,Louisiana,"New Orleans, Louisiana",189456.0
2015,US,South,Louisiana,"Schriever, Louisiana",2028.0
2015,US,South,Louisiana,"Slidell, Louisiana",6127.0
2015,US,South,Maryland,"Aberdeen, Maryland",53883.0
2015,US,South,Maryland,"BWI Thurgood Marshall Airport, Maryland",670.0
2015,US,South,Maryland,"Baltimore, Maryland",993721.0
2015,US,South,Maryland,"Cumberland, Maryland",11493.0
2015,US,South,Maryland,"New Carrollton, Maryland",165066.0
2015,US,South,Maryland,"Rockville, Maryland",4883.0
2015,US,South,Mississippi,"Brookhaven, Mississippi",5172.0
2015,US,South,Mississippi,"Greenwood, Mississippi",15294.0
2015,US,South,Mississippi,"Hattiesburg, Mississippi",9940.0
2015,US,South,Mississippi,"Hazlehurst, Mississippi",1926.0
2015,US,South,Mississippi,"Jackson, Mississippi",47900.0
2015,US,South,Mississippi,"Laurel, Mississippi",3650.0
2015,US,South,Mississippi,"McComb, Mississippi",6377.0
2015,US,South,Mississippi,"Meridian, Mississippi",10863.0
2015,US,South,Mississippi,"Picayune, Mississippi",2223.0
2015,US,South,Mississippi,"Yazoo City, Mississippi",3784.0
2015,US,South,North Carolina,"Burlington, North Carolina",24781.0
2015,US,South,North Carolina,"Cary, North Carolina",88616.0
2015,US,South,North Carolina,"Charlotte, North Carolina",184911.0
2015,US,South,North Carolina,"Durham, North Carolina",80013.0
2015,US,South,North Carolina,"Fayetteville, North Carolina",57171.0
2015,US,South,North Carolina,"Gastonia, North Carolina",1508.0
2015,US,South,North Carolina,"Greensboro, North Carolina",123080.0
2015,US,South,North Carolina,"Hamlet, North Carolina",4944.0
2015,US,South,North Carolina,"High Point, North Carolina",37225.0
2015,US,South,North Carolina,"Kannapolis, North Carolina",18713.0
2015,US,South,North Carolina,"Raleigh, North Carolina",159784.0
2015,US,South,North Carolina,"Rocky Mount, North Carolina",54331.0
2015,US,South,North Carolina,"Salisbury, North Carolina",26061.0
2015,US,South,North Carolina,"Selma-Smithfield, North Carolina",13597.0
2015,US,South,North Carolina,"Southern Pines, North Carolina",7567.0
2015,US,South,North Carolina,"Wilson, North Carolina",62404.0
2015,US,South,Oklahoma,"Ardmore, Oklahoma",7967.0
2015,US,South,Oklahoma,"Norman, Oklahoma",11781.0
2015,US,South,Oklahoma,"Oklahoma City, Oklahoma",45691.0
2015,US,South,Oklahoma,"Pauls Valley, Oklahoma",4535.0
2015,US,South,Oklahoma,"Purcell, Oklahoma",1960.0
2015,US,South,South Carolina,"Camden, South Carolina",3563.0
2015,US,South,South Carolina,"Charleston, South Carolina",71190.0
2015,US,South,South Carolina,"Clemson, South Carolina",4977.0
2015,US,South,South Carolina,"Columbia, South Carolina",33543.0
2015,US,South,South Carolina,"Denmark, South Carolina",3823.0
2015,US,South,South Carolina,"Dillon, South Carolina",8037.0
2015,US,South,South Carolina,"Florence, South Carolina",50606.0
2015,US,South,South Carolina,"Greenville, South Carolina",11913.0
2015,US,South,South Carolina,"Kingstree, South Carolina",13849.0
2015,US,South,South Carolina,"Spartanburg, South Carolina",4143.0
2015,US,South,South Carolina,"Yemassee, South Carolina",12340.0
2015,US,South,Tennessee,"Memphis, Tennessee",72044.0
2015,US,South,Tennessee,"Newbern-Dyersberg, Tennessee",3900.0
2015,US,South,Texas,"Alpine, Texas",4969.0
2015,US,South,Texas,"Austin, Texas",33195.0
2015,US,South,Texas,"Beaumont, Texas",3265.0
2015,US,South,Texas,"Cleburne, Texas",3612.0
2015,US,South,Texas,"Dallas, Texas",45132.0
2015,US,South,Texas,"Del Rio, Texas",1960.0
2015,US,South,Texas,"El Paso, Texas",13915.0
2015,US,South,Texas,"Fort Worth, Texas",109507.0
2015,US,South,Texas,"Gainesville, Texas",7132.0
2015,US,South,Texas,"Houston, Texas",20620.0
2015,US,South,Texas,"Longview, Texas",32278.0
2015,US,South,Texas,"Marshall, Texas",9390.0
2015,US,South,Texas,"McGregor, Texas",4834.0
2015,US,South,Texas,"Mineola, Texas",6423.0
2015,US,South,Texas,"San Antonio, Texas",55627.0
2015,US,South,Texas,"San Marcos, Texas",7568.0
2015,US,South,Texas,"Sanderson, Texas",316.0
2015,US,South,Texas,"Taylor, Texas",4798.0
2015,US,South,Texas,"Temple, Texas",16023.0
2015,US,South,Virginia,"Alexandria, Virginia",186841.0
2015,US,South,Virginia,"Ashland, Virginia",28141.0
2015,US,South,Virginia,"Burke Centre, Virginia",7241.0
2015,US,South,Virginia,"Charlottesville, Virginia",134485.0
2015,US,South,Virginia,"Clifton Forge, Virginia",2247.0
2015,US,South,Virginia,"Culpeper, Virginia",14508.0
2015,US,South,Virginia,"Danville, Virginia",7736.0
2015,US,South,Virginia,"Fredericksburg, Virginia",117423.0
2015,US,South,Virginia,"Lorton (Auto Train), Virginia",271622.0
2015,US,South,Virginia,"Lynchburg, Virginia",84975.0
2015,US,South,Virginia,"Manassas, Virginia",28220.0
2015,US,South,Virginia,"Newport News, Virginia",115440.0
2015,US,South,Virginia,"Norfolk, Virginia",44852.0
2015,US,South,Virginia,"Petersburg, Virginia",29892.0
2015,US,South,Virginia,"Quantico, Virginia",32754.0
2015,US,South,Virginia,"Richmond - Main Street, Virginia",45062.0
2015,US,South,Virginia,"Richmond - Staples Mill, Virginia",361996.0
2015,US,South,Virginia,"Staunton, Virginia",6735.0
2015,US,South,Virginia,"Williamsburg, Virginia",61625.0
2015,US,South,Virginia,"Woodbridge, Virginia",24212.0
2015,US,South,West Virginia,"Alderson, West Virginia",432.0
2015,US,South,West Virginia,"Charleston, West Virginia",9844.0
2015,US,South,West Virginia,"Harpers Ferry, West Virginia",6314.0
2015,US,South,West Virginia,"Hinton, West Virginia",7506.0
2015,US,South,West Virginia,"Huntington, West Virginia",10706.0
2015,US,South,West Virginia,"Martinsburg, West Virginia",10309.0
2015,US,South,West Virginia,"Montgomery, West Virginia",639.0
2015,US,South,West Virginia,"Prince, West Virginia",2925.0
2015,US,South,West Virginia,"Thurmond, West Virginia",295.0
2015,US,South,West Virginia,"White Sulphur Springs, West Virginia",5107.0
2015,US,West,Arizona,"Benson, Arizona",2073.0
2015,US,West,Arizona,"Flagstaff, Arizona",40800.0
2015,US,West,Arizona,"Kingman, Arizona",10794.0
2015,US,West,Arizona,"Maricopa, Arizona",12162.0
2015,US,West,Arizona,"Tucson, Arizona",28682.0
2015,US,West,Arizona,"Williams Junction, Arizona",6738.0
2015,US,West,Arizona,"Winslow, Arizona",5074.0
2015,US,West,Arizona,"Yuma, Arizona",4296.0
2015,US,West,California,"Anaheim, California",270819.0
2015,US,West,California,"Antioch-Pittsburg, California",43217.0
2015,US,West,California,"Auburn, California",14779.0
2015,US,West,California,"Bakersfield, California",513884.0
2015,US,West,California,"Barstow, California",3463.0
2015,US,West,California,"Berkeley, California",136997.0
2015,US,West,California,"Burbank, California",67924.0
2015,US,West,California,"Camarillo, California",51831.0
2015,US,West,California,"Carlsbad Poinsettia, California",9363.0
2015,US,West,California,"Carlsbad Village, California",13455.0
2015,US,West,California,"Carpinteria, California",29461.0
2015,US,West,California,"Chatsworth, California",72132.0
2015,US,West,California,"Chico, California",13736.0
2015,US,West,California,"Colfax, California",4631.0
2015,US,West,California,"Corcoran, California",32331.0
2015,US,West,California,"Davis, California",372554.0
2015,US,West,California,"Dunsmuir, California",6166.0
2015,US,West,California,"Emeryville, California",587926.0
2015,US,West,California,"Encinitas, California",11945.0
2015,US,West,California,"Fremont, California",35475.0
2015,US,West,California,"Fresno, California",387640.0
2015,US,West,California,"Fullerton, California",370334.0
2015,US,West,California,"Glendale, California",51009.0
2015,US,West,California,"Goleta, California",75677.0
2015,US,West,California,"Great America (Santa Clara), California",131129.0
2015,US,West,California,"Grover Beach, California",19437.0
2015,US,West,California,"Guadalupe-Santa Maria, California",12718.0
2015,US,West,California,"Hanford, California",213923.0
2015,US,West,California,"Hayward, California",40631.0
2015,US,West,California,"Irvine, California",421736.0
2015,US,West,California,"Lodi, California",10185.0
2015,US,West,California,"Lompoc-Surf, California",8158.0
2015,US,West,California,"Los Angeles, California",1589391.0
2015,US,West,California,"Madera, California",27718.0
2015,US,West,California,"Martinez, California",363717.0
2015,US,West,California,"Merced, California",128327.0
2015,US,West,California,"Modesto, California",121389.0
2015,US,West,California,"Moorpark, California",20696.0
2015,US,West,California,"Moreno Valley, California",12837.0
2015,US,West,California,"Needles, California",8656.0
2015,US,West,California,"Oakland Coliseum, California",57491.0
2015,US,West,California,"Oakland, California",319336.0
2015,US,West,California,"Oceanside, California",385128.0
2015,US,West,California,"Ontario, California",4824.0
2015,US,West,California,"Oxnard, California",96662.0
2015,US,West,California,"Palm Springs, California",3130.0
2015,US,West,California,"Paso Robles, California",12149.0
2015,US,West,California,"Pomona, California",1812.0
2015,US,West,California,"Redding, California",12345.0
2015,US,West,California,"Richmond, California",251372.0
2015,US,West,California,"Rocklin, California",15074.0
2015,US,West,California,"Roseville, California",34528.0
2015,US,West,California,"Sacramento, California",1027013.0
2015,US,West,California,"Salinas, California",21836.0
2015,US,West,California,"San Bernardino, California",12287.0
2015,US,West,California,"San Clemente Pier, California",13559.0
2015,US,West,California,"San Diego, California",773497.0
2015,US,West,California,"San Diego-Old Town, California",238288.0
2015,US,West,California,"San Jose, California",215158.0
2015,US,West,California,"San Juan Capistrano, California",226596.0
2015,US,West,California,"San Luis Obispo, California",110966.0
2015,US,West,California,"Santa Ana, California",182291.0
2015,US,West,California,"Santa Barbara, California",333994.0
2015,US,West,California,"Santa Clara (University), California",30267.0
2015,US,West,California,"Simi Valley, California",49756.0
2015,US,West,California,"Solana Beach, California",408248.0
2015,US,West,California,"Sorrento Valley, California",16523.0
2015,US,West,California,"Stockton (Downtown), California",40428.0
2015,US,West,California,"Stockton (San Joaquin St.), California",293861.0
2015,US,West,California,"Suisun-Fairfield, California",164288.0
2015,US,West,California,"Truckee, California",10846.0
2015,US,West,California,"Turlock-Denair, California",29791.0
2015,US,West,California,"Van Nuys, California",80957.0
2015,US,West,California,"Ventura, California",61812.0
2015,US,West,California,"Victorville, California",7266.0
2015,US,West,California,"Wasco, California",39678.0
2015,US,West,Colorado,"Denver, Colorado",126403.0
2015,US,West,Colorado,"Fort Morgan, Colorado",3705.0
2015,US,West,Colorado,"Glenwood Springs, Colorado",39713.0
2015,US,West,Colorado,"Granby, Colorado",3945.0
2015,US,West,Colorado,"Grand Junction, Colorado",29811.0
2015,US,West,Colorado,"La Junta, Colorado",7256.0
2015,US,West,Colorado,"Lamar, Colorado",1928.0
2015,US,West,Colorado,"Trinidad, Colorado",5158.0
2015,US,West,Colorado,"Winter Park-Fraser, Colorado",8445.0
2015,US,West,Idaho,"Sandpoint, Idaho",7867.0
2015,US,West,Montana,"Browning (winter only), Montana",1576.0
2015,US,West,Montana,"Cut Bank, Montana",2144.0
2015,US,West,Montana,"East Glacier (summer only), Montana",12043.0
2015,US,West,Montana,"Essex, Montana",2456.0
2015,US,West,Montana,"Glasgow, Montana",4109.0
2015,US,West,Montana,"Havre, Montana",11181.0
2015,US,West,Montana,"Libby, Montana",4793.0
2015,US,West,Montana,"Malta, Montana",3211.0
2015,US,West,Montana,"Shelby, Montana",11399.0
2015,US,West,Montana,"West Glacier, Montana",5761.0
2015,US,West,Montana,"Whitefish, Montana",47548.0
2015,US,West,Montana,"Wolf Point, Montana",6057.0
2015,US,West,Nevada,"Elko, Nevada",8050.0
2015,US,West,Nevada,"Reno, Nevada",56696.0
2015,US,West,Nevada,"Winnemucca, Nevada",3617.0
2015,US,West,New Mexico,"Albuquerque, New Mexico",79078.0
2015,US,West,New Mexico,"Deming, New Mexico",1453.0
2015,US,West,New Mexico,"Gallup, New Mexico",16354.0
2015,US,West,New Mexico,"Lamy, New Mexico",12390.0
2015,US,West,New Mexico,"Las Vegas, New Mexico",5345.0
2015,US,West,New Mexico,"Lordsburg, New Mexico",842.0
2015,US,West,New Mexico,"Raton, New Mexico",17686.0
2015,US,West,Oregon,"Albany, Oregon",32503.0
2015,US,West,Oregon,"Chemult, Oregon",9821.0
2015,US,West,Oregon,"Eugene, Oregon",98523.0
2015,US,West,Oregon,"Klamath Falls, Oregon",30713.0
2015,US,West,Oregon,"Oregon City, Oregon",13080.0
2015,US,West,Oregon,"Portland, Oregon",561596.0
2015,US,West,Oregon,"Salem, Oregon",57565.0
2015,US,West,Utah,"Green River, Utah",2270.0
2015,US,West,Utah,"Helper, Utah",2092.0
2015,US,West,Utah,"Provo, Utah",4403.0
2015,US,West,Utah,"Salt Lake City, Utah",37316.0
2015,US,West,Washington,"Bellingham, Washington",51915.0
2015,US,West,Washington,"Bingen-White Salmon, Washington",3081.0
2015,US,West,Washington,"Centralia, Washington",24791.0
2015,US,West,Washington,"Edmonds, Washington",30012.0
2015,US,West,Washington,"Ephrata, Washington",3443.0
2015,US,West,Washington,"Everett, Washington",40693.0
2015,US,West,Washington,"Kelso-Longview, Washington",31017.0
2015,US,West,Washington,"Leavenworth, Washington",7538.0
2015,US,West,Washington,"Mount Vernon, Washington",18193.0
2015,US,West,Washington,"Olympia/Lacey, Washington",61535.0
2015,US,West,Washington,"Pasco, Washington",22471.0
2015,US,West,Washington,"Seattle, Washington",604832.0
2015,US,West,Washington,"Spokane, Washington",50365.0
2015,US,West,Washington,"Stanwood, Washington",4499.0
2015,US,West,Washington,"Tacoma, Washington",118223.0
2015,US,West,Washington,"Tukwila, Washington",28503.0
2015,US,West,Washington,"Vancouver, Washington",93433.0
2015,US,West,Washington,"Wenatchee, Washington",12696.0
2015,US,West,Washington,"Wishram, Washington",1300.0
2016,US,Midwest,Illinois,"Alton, Illinois",59809.0
2016,US,Midwest,Illinois,"Bloomington/Normal, Illinois",226212.0
2016,US,Midwest,Illinois,"Carbondale, Illinois",101845.0
2016,US,Midwest,Illinois,"Carlinville, Illinois",10138.0
2016,US,Midwest,Illinois,"Centralia, Illinois",21297.0
2016,US,Midwest,Illinois,"Champaign-Urbana, Illinois",162050.0
2016,US,Midwest,Illinois,"Chicago, Illinois",3247117.0
2016,US,Midwest,Illinois,"Du Quoin, Illinois",8972.0
2016,US,Midwest,Illinois,"Dwight, Illinois",9361.0
2016,US,Midwest,Illinois,"Effingham, Illinois",26276.0
2016,US,Midwest,Illinois,"Galesburg, Illinois",98613.0
2016,US,Midwest,Illinois,"Gilman, Illinois",2540.0
2016,US,Midwest,Illinois,"Glenview, Illinois",55340.0
2016,US,Midwest,Illinois,"Homewood, Illinois",37102.0
2016,US,Midwest,Illinois,"Joliet, Illinois",58211.0
2016,US,Midwest,Illinois,"Kankakee, Illinois",20138.0
2016,US,Midwest,Illinois,"Kewanee, Illinois",17144.0
2016,US,Midwest,Illinois,"La Grange Road, Illinois",12181.0
2016,US,Midwest,Illinois,"Lincoln, Illinois",21245.0
2016,US,Midwest,Illinois,"Macomb, Illinois",67981.0
2016,US,Midwest,Illinois,"Mattoon, Illinois",37536.0
2016,US,Midwest,Illinois,"Mendota, Illinois",23736.0
2016,US,Midwest,Illinois,"Naperville, Illinois",46856.0
2016,US,Midwest,Illinois,"Plano, Illinois",6412.0
2016,US,Midwest,Illinois,"Pontiac, Illinois",15300.0
2016,US,Midwest,Illinois,"Princeton, Illinois",37024.0
2016,US,Midwest,Illinois,"Quincy, Illinois",41769.0
2016,US,Midwest,Illinois,"Rantoul, Illinois",5660.0
2016,US,Midwest,Illinois,"Springfield, Illinois",165484.0
2016,US,Midwest,Illinois,"Summit, Illinois",11056.0
2016,US,Midwest,Indiana,"Albany/Rensselaer, Indiana",1963.0
2016,US,Midwest,Indiana,"Connellsville, Indiana",586.0
2016,US,Midwest,Indiana,"Crawfordsville (Bus), Indiana",5774.0
2016,US,Midwest,Indiana,"Dyer, Indiana",3082.0
2016,US,Midwest,Indiana,"Elkhart, Indiana",21317.0
2016,US,Midwest,Indiana,"Hammond-Whiting, Indiana",5952.0
2016,US,Midwest,Indiana,"Indianapolis, Indiana",31470.0
2016,US,Midwest,Indiana,"Lafayette, Indiana",18391.0
2016,US,Midwest,Indiana,"Michigan City, Indiana",3573.0
2016,US,Midwest,Indiana,"South Bend, Indiana",21389.0
2016,US,Midwest,Indiana,"Waterloo, Indiana",20515.0
2016,US,Midwest,Iowa,"Burlington, Iowa",9242.0
2016,US,Midwest,Iowa,"Creston, Iowa",3843.0
2016,US,Midwest,Iowa,"Fort Madison, Iowa",6611.0
2016,US,Midwest,Iowa,"Mt. Pleasant, Iowa",13504.0
2016,US,Midwest,Iowa,"Osceola, Iowa",16019.0
2016,US,Midwest,Iowa,"Ottumwa, Iowa",12155.0
2016,US,Midwest,Kansas,"Dodge City, Kansas",4895.0
2016,US,Midwest,Kansas,"Garden City, Kansas",7378.0
2016,US,Midwest,Kansas,"Hutchinson, Kansas",4691.0
2016,US,Midwest,Kansas,"Lawrence, Kansas",8465.0
2016,US,Midwest,Kansas,"Newton, Kansas",13741.0
2016,US,Midwest,Kansas,"Topeka, Kansas",10214.0
2016,US,Midwest,Michigan,"Albion, Michigan",1603.0
2016,US,Midwest,Michigan,"Ann Arbor, Michigan",129186.0
2016,US,Midwest,Michigan,"Bangor, Michigan",3943.0
2016,US,Midwest,Michigan,"Battle Creek, Michigan",38623.0
2016,US,Midwest,Michigan,"Dearborn, Michigan",67243.0
2016,US,Midwest,Michigan,"Detroit, Michigan",50993.0
2016,US,Midwest,Michigan,"Dowagiac, Michigan",4060.0
2016,US,Midwest,Michigan,"Durand, Michigan",12699.0
2016,US,Midwest,Michigan,"East Lansing, Michigan",66313.0
2016,US,Midwest,Michigan,"Flint, Michigan",29785.0
2016,US,Midwest,Michigan,"Grand Rapids, Michigan",38782.0
2016,US,Midwest,Michigan,"Holland, Michigan",35062.0
2016,US,Midwest,Michigan,"Jackson, Michigan",22762.0
2016,US,Midwest,Michigan,"Kalamazoo, Michigan",110662.0
2016,US,Midwest,Michigan,"Lapeer, Michigan",9396.0
2016,US,Midwest,Michigan,"New Buffalo, Michigan",20780.0
2016,US,Midwest,Michigan,"Niles, Michigan",16556.0
2016,US,Midwest,Michigan,"Pontiac, Michigan",13051.0
2016,US,Midwest,Michigan,"Port Huron, Michigan",20504.0
2016,US,Midwest,Michigan,"Royal Oak, Michigan",26509.0
2016,US,Midwest,Michigan,"St. Joseph/Benton Harbor, Michigan",12651.0
2016,US,Midwest,Michigan,"Troy, Michigan",23714.0
2016,US,Midwest,Minnesota,"Detroit Lakes, Minnesota",5290.0
2016,US,Midwest,Minnesota,"Red Wing, Minnesota",8390.0
2016,US,Midwest,Minnesota,"St. Cloud, Minnesota",11457.0
2016,US,Midwest,Minnesota,"St. Paul-Minneapolis, Minnesota",96539.0
2016,US,Midwest,Minnesota,"Staples, Minnesota",6120.0
2016,US,Midwest,Minnesota,"Winona, Minnesota",18893.0
2016,US,Midwest,Missouri,"Arcadia, Missouri",0.0
2016,US,Midwest,Missouri,"Hermann, Missouri",24309.0
2016,US,Midwest,Missouri,"Independence, Missouri",7973.0
2016,US,Midwest,Missouri,"Jefferson City, Missouri",40847.0
2016,US,Midwest,Missouri,"Kansas City, Missouri",153717.0
2016,US,Midwest,Missouri,"Kirkwood, Missouri",55701.0
2016,US,Midwest,Missouri,"La Plata, Missouri",11877.0
2016,US,Midwest,Missouri,"Lee’s Summit, Missouri",26838.0
2016,US,Midwest,Missouri,"Poplar Bluff, Missouri",4764.0
2016,US,Midwest,Missouri,"Sedalia, Missouri",9900.0
2016,US,Midwest,Missouri,"St. Louis, Missouri",333266.0
2016,US,Midwest,Missouri,"Warrensburg, Missouri",13812.0
2016,US,Midwest,Missouri,"Washington, Missouri",15753.0
2016,US,Midwest,Nebraska,"Hastings, Nebraska",5104.0
2016,US,Midwest,Nebraska,"Holdrege, Nebraska",2237.0
2016,US,Midwest,Nebraska,"Lincoln, Nebraska",14726.0
2016,US,Midwest,Nebraska,"McCook, Nebraska",3049.0
2016,US,Midwest,Nebraska,"Omaha, Nebraska",30041.0
2016,US,Midwest,North Dakota,"Devils Lake, North Dakota",4223.0
2016,US,Midwest,North Dakota,"Fargo, North Dakota",21586.0
2016,US,Midwest,North Dakota,"Grand Forks, North Dakota",13882.0
2016,US,Midwest,North Dakota,"Minot, North Dakota",29829.0
2016,US,Midwest,North Dakota,"Rugby, North Dakota",4161.0
2016,US,Midwest,North Dakota,"Stanley, North Dakota",5133.0
2016,US,Midwest,North Dakota,"Williston, North Dakota",28062.0
2016,US,Midwest,Ohio,"Alliance, Ohio",5191.0
2016,US,Midwest,Ohio,"Bryan, Ohio",5787.0
2016,US,Midwest,Ohio,"Cincinnati, Ohio",12481.0
2016,US,Midwest,Ohio,"Cleveland, Ohio",47757.0
2016,US,Midwest,Ohio,"Elyria, Ohio",6018.0
2016,US,Midwest,Ohio,"Sandusky, Ohio",9593.0
2016,US,Midwest,Ohio,"Toledo, Ohio",55536.0
2016,US,Midwest,Wisconsin,"Columbus, Wisconsin",14005.0
2016,US,Midwest,Wisconsin,"La Crosse, Wisconsin",26619.0
2016,US,Midwest,Wisconsin,"Milwaukee Airport, Wisconsin",159632.0
2016,US,Midwest,Wisconsin,"Milwaukee, Wisconsin",597134.0
2016,US,Midwest,Wisconsin,"Portage, Wisconsin",7786.0
2016,US,Midwest,Wisconsin,"Sturtevant, Wisconsin",76987.0
2016,US,Midwest,Wisconsin,"Tomah, Wisconsin",13083.0
2016,US,Midwest,Wisconsin,"Wisconsin Dells, Wisconsin",14419.0
2016,US,Northeast,Connecticut,"Berlin, Connecticut",16332.0
2016,US,Northeast,Connecticut,"Bridgeport, Connecticut",83211.0
2016,US,Northeast,Connecticut,"Hartford, Connecticut",138682.0
2016,US,Northeast,Connecticut,"Meriden, Connecticut",17735.0
2016,US,Northeast,Connecticut,"Mystic, Connecticut",25704.0
2016,US,Northeast,Connecticut,"New Haven, Connecticut",642471.0
2016,US,Northeast,Connecticut,"New London, Connecticut",158700.0
2016,US,Northeast,Connecticut,"Old Saybrook, Connecticut",62269.0
2016,US,Northeast,Connecticut,"Stamford, Connecticut",401548.0
2016,US,Northeast,Connecticut,"Wallingford, Connecticut",9377.0
2016,US,Northeast,Connecticut,"Windsor Locks, Connecticut",17053.0
2016,US,Northeast,Connecticut,"Windsor, Connecticut",9167.0
2016,US,Northeast,Maine,"Brunswick, Maine",26774.0
2016,US,Northeast,Maine,"Freeport, Maine",11382.0
2016,US,Northeast,Maine,"Old Orchard Beach, Maine",15684.0
2016,US,Northeast,Maine,"Portland, Maine",168027.0
2016,US,Northeast,Maine,"Saco-Biddeford, Maine",43292.0
2016,US,Northeast,Maine,"Wells, Maine",48790.0
2016,US,Northeast,Massachusetts,"Boston-Back Bay, Massachusetts",611527.0
2016,US,Northeast,Massachusetts,"Boston-North Station, Massachusetts",424600.0
2016,US,Northeast,Massachusetts,"Boston-South Station, Massachusetts",1574450.0
2016,US,Northeast,Massachusetts,"Framingham, Massachusetts",1892.0
2016,US,Northeast,Massachusetts,"Greenfield, Massachusetts",5920.0
2016,US,Northeast,Massachusetts,"Haverhill, Massachusetts",44510.0
2016,US,Northeast,Massachusetts,"Holyoke, Massachusetts",1203.0
2016,US,Northeast,Massachusetts,"Northampton, Massachusetts",17332.0
2016,US,Northeast,Massachusetts,"Pittsfield, Massachusetts",7827.0
2016,US,Northeast,Massachusetts,"Route 128 (Boston), Massachusetts",450301.0
2016,US,Northeast,Massachusetts,"Springfield, Massachusetts",93650.0
2016,US,Northeast,Massachusetts,"Woburn, Massachusetts",21485.0
2016,US,Northeast,Massachusetts,"Worcester, Massachusetts",6152.0
2016,US,Northeast,New Hampshire,"Claremont, New Hampshire",2474.0
2016,US,Northeast,New Hampshire,"Dover, New Hampshire",52457.0
2016,US,Northeast,New Hampshire,"Durham-UNH, New Hampshire",63046.0
2016,US,Northeast,New Hampshire,"Exeter, New Hampshire",80115.0
2016,US,Northeast,New Jersey,"Metropark, New Jersey",366994.0
2016,US,Northeast,New Jersey,"New Brunswick, New Jersey",7857.0
2016,US,Northeast,New Jersey,"Newark Airport, New Jersey",661344.0
2016,US,Northeast,New Jersey,"Newark, New Jersey",138785.0
2016,US,Northeast,New Jersey,"Princeton Junction, New Jersey",42226.0
2016,US,Northeast,New Jersey,"Trenton, New Jersey",433918.0
2016,US,Northeast,New York,"Albany-Rensselaer, New York",855176.0
2016,US,Northeast,New York,"Amsterdam, New York",10410.0
2016,US,Northeast,New York,"Buffalo-Depew, New York",108111.0
2016,US,Northeast,New York,"Buffalo-Exchange Street, New York",37960.0
2016,US,Northeast,New York,"Croton-Harmon, New York",45685.0
2016,US,Northeast,New York,"Fort Edward, New York",10199.0
2016,US,Northeast,New York,"Hudson, New York",205919.0
2016,US,Northeast,New York,"New Rochelle, New York",87510.0
2016,US,Northeast,New York,"New York City (Penn Station), New York",10436909.0
2016,US,Northeast,New York,"Niagara Falls, New York",29647.0
2016,US,Northeast,New York,"Plattsburgh, New York",13423.0
2016,US,Northeast,New York,"Port Henry, New York",2395.0
2016,US,Northeast,New York,"Port Kent, New York",565.0
2016,US,Northeast,New York,"Poughkeepsie, New York",101536.0
2016,US,Northeast,New York,"Rhinecliff, New York",202406.0
2016,US,Northeast,New York,"Rochester, New York",124901.0
2016,US,Northeast,New York,"Rome, New York",9208.0
2016,US,Northeast,New York,"Rouses Point, New York",1276.0
2016,US,Northeast,New York,"Saratoga Springs, New York",37068.0
2016,US,Northeast,New York,"Schenectady, New York",56257.0
2016,US,Northeast,New York,"Syracuse, New York",128476.0
2016,US,Northeast,New York,"Ticonderoga, New York",2262.0
2016,US,Northeast,New York,"Utica, New York",59170.0
2016,US,Northeast,New York,"Westport, New York",5693.0
2016,US,Northeast,New York,"Whitehall, New York",1776.0
2016,US,Northeast,New York,"Yonkers, New York",25322.0
2016,US,Northeast,Pennsylvania,"Altoona, Pennsylvania",22164.0
2016,US,Northeast,Pennsylvania,"Ardmore, Pennsylvania",68274.0
2016,US,Northeast,Pennsylvania,"Coatesville, Pennsylvania",15527.0
2016,US,Northeast,Pennsylvania,"Connellsville, Pennsylvania",5002.0
2016,US,Northeast,Pennsylvania,"Cornwells Heights, Pennsylvania",2966.0
2016,US,Northeast,Pennsylvania,"Downingtown, Pennsylvania",77574.0
2016,US,Northeast,Pennsylvania,"Elizabethtown, Pennsylvania",106151.0
2016,US,Northeast,Pennsylvania,"Erie, Pennsylvania",16273.0
2016,US,Northeast,Pennsylvania,"Exton, Pennsylvania",135476.0
2016,US,Northeast,Pennsylvania,"Greensburg, Pennsylvania",13552.0
2016,US,Northeast,Pennsylvania,"Harrisburg, Pennsylvania",508624.0
2016,US,Northeast,Pennsylvania,"Huntingdon, Pennsylvania",6039.0
2016,US,Northeast,Pennsylvania,"Johnstown, Pennsylvania",22184.0
2016,US,Northeast,Pennsylvania,"Lancaster, Pennsylvania",560257.0
2016,US,Northeast,Pennsylvania,"Latrobe, Pennsylvania",4538.0
2016,US,Northeast,Pennsylvania,"Lewistown, Pennsylvania",9514.0
2016,US,Northeast,Pennsylvania,"Middletown, Pennsylvania",68005.0
2016,US,Northeast,Pennsylvania,"Mount Joy, Pennsylvania",50751.0
2016,US,Northeast,Pennsylvania,"Paoli, Pennsylvania",201572.0
2016,US,Northeast,Pennsylvania,"Parkesburg, Pennsylvania",46950.0
2016,US,Northeast,Pennsylvania,"Philadelphia William H. Gray III 30th Street, Pennsylvania",4328718.0
2016,US,Northeast,Pennsylvania,"Philadelphia-North, Pennsylvania",1221.0
2016,US,Northeast,Pennsylvania,"Pittsburgh, Pennsylvania",145910.0
2016,US,Northeast,Pennsylvania,"Tyrone, Pennsylvania",3068.0
2016,US,Northeast,Rhode Island,"Kingston, Rhode Island",161157.0
2016,US,Northeast,Rhode Island,"Providence, Rhode Island",717537.0
2016,US,Northeast,Rhode Island,"Westerly, Rhode Island",42560.0
2016,US,Northeast,Vermont,"Bellows Falls, Vermont",4543.0
2016,US,Northeast,Vermont,"Brattleboro, Vermont",16434.0
2016,US,Northeast,Vermont,"Castleton, Vermont",4484.0
2016,US,Northeast,Vermont,"Essex Junction, Vermont",18964.0
2016,US,Northeast,Vermont,"Montpelier, Vermont",7789.0
2016,US,Northeast,Vermont,"Randolph, Vermont",1940.0
2016,US,Northeast,Vermont,"Rutland, Vermont",14336.0
2016,US,Northeast,Vermont,"St. Albans, Vermont",3382.0
2016,US,Northeast,Vermont,"Waterbury, Vermont",5397.0
2016,US,Northeast,Vermont,"White River Junction, Vermont",13988.0
2016,US,Northeast,Vermont,"Windsor, Vermont",1165.0
2016,US,South,Alabama,"Anniston, Alabama",4871.0
2016,US,South,Alabama,"Birmingham, Alabama",42930.0
2016,US,South,Alabama,"Tuscaloosa, Alabama",10594.0
2016,US,South,Arkansas,"Arkadelphia, Arkansas",1177.0
2016,US,South,Arkansas,"Hope, Arkansas",1608.0
2016,US,South,Arkansas,"Little Rock, Arkansas",18333.0
2016,US,South,Arkansas,"Malvern, Arkansas",1729.0
2016,US,South,Arkansas,"Texarkana, Arkansas",6207.0
2016,US,South,Arkansas,"Walnut Ridge, Arkansas",3345.0
2016,US,South,Delaware,"Newark, Delaware",12896.0
2016,US,South,Delaware,"Wilmington, Delaware",691694.0
2016,US,South,District of Columbia,"Washington Union Station, District of Columbia",5098562.0
2016,US,South,Florida,"DeLand, Florida",22374.0
2016,US,South,Florida,"Deerfield Beach, Florida",24524.0
2016,US,South,Florida,"Delray Beach, Florida",13180.0
2016,US,South,Florida,"Fort Lauderdale, Florida",42684.0
2016,US,South,Florida,"Hollywood, Florida",26069.0
2016,US,South,Florida,"Jacksonville, Florida",70516.0
2016,US,South,Florida,"Kissimmee, Florida",37773.0
2016,US,South,Florida,"Lakeland, Florida",20475.0
2016,US,South,Florida,"Miami, Florida",65975.0
2016,US,South,Florida,"Okeechobee, Florida",4193.0
2016,US,South,Florida,"Orlando, Florida",138359.0
2016,US,South,Florida,"Palatka, Florida",12341.0
2016,US,South,Florida,"Sanford (Auto Train Station), Florida",238448.0
2016,US,South,Florida,"Sebring, Florida",16416.0
2016,US,South,Florida,"Tampa, Florida",109456.0
2016,US,South,Florida,"West Palm Beach, Florida",57038.0
2016,US,South,Florida,"Winter Haven, Florida",21684.0
2016,US,South,Florida,"Winter Park, Florida",28205.0
2016,US,South,Georgia,"Atlanta, Georgia",79915.0
2016,US,South,Georgia,"Gainesville, Georgia",5028.0
2016,US,South,Georgia,"Jesup, Georgia",10091.0
2016,US,South,Georgia,"Savannah, Georgia",55654.0
2016,US,South,Georgia,"Toccoa, Georgia",2516.0
2016,US,South,Kentucky,"Ashland, Kentucky",2358.0
2016,US,South,Kentucky,"Fulton, Kentucky",3710.0
2016,US,South,Kentucky,"Maysville, Kentucky",2309.0
2016,US,South,Kentucky,"South Shore-South Portsmouth, Kentucky",1123.0
2016,US,South,Louisiana,"Hammond, Louisiana",12190.0
2016,US,South,Louisiana,"Lafayette, Louisiana",6714.0
2016,US,South,Louisiana,"Lake Charles, Louisiana",3538.0
2016,US,South,Louisiana,"New Iberia, Louisiana",1850.0
2016,US,South,Louisiana,"New Orleans, Louisiana",183018.0
2016,US,South,Louisiana,"Schriever, Louisiana",1455.0
2016,US,South,Louisiana,"Slidell, Louisiana",5961.0
2016,US,South,Maryland,"Aberdeen, Maryland",59225.0
2016,US,South,Maryland,"BWI Thurgood Marshall Airport, Maryland",689042.0
2016,US,South,Maryland,"Baltimore, Maryland",1030161.0
2016,US,South,Maryland,"Cumberland, Maryland",11628.0
2016,US,South,Maryland,"New Carrollton, Maryland",173304.0
2016,US,South,Maryland,"Rockville, Maryland",5561.0
2016,US,South,Mississippi,"Brookhaven, Mississippi",4252.0
2016,US,South,Mississippi,"Greenwood, Mississippi",15053.0
2016,US,South,Mississippi,"Hattiesburg, Mississippi",9552.0
2016,US,South,Mississippi,"Hazlehurst, Mississippi",1574.0
2016,US,South,Mississippi,"Jackson, Mississippi",47443.0
2016,US,South,Mississippi,"Laurel, Mississippi",3575.0
2016,US,South,Mississippi,"McComb, Mississippi",5665.0
2016,US,South,Mississippi,"Meridian, Mississippi",10179.0
2016,US,South,Mississippi,"Picayune, Mississippi",2458.0
2016,US,South,Mississippi,"Yazoo City, Mississippi",3811.0
2016,US,South,North Carolina,"Burlington, North Carolina",23570.0
2016,US,South,North Carolina,"Cary, North Carolina",84995.0
2016,US,South,North Carolina,"Charlotte, North Carolina",178749.0
2016,US,South,North Carolina,"Durham, North Carolina",73607.0
2016,US,South,North Carolina,"Fayetteville, North Carolina",54899.0
2016,US,South,North Carolina,"Gastonia, North Carolina",1330.0
2016,US,South,North Carolina,"Greensboro, North Carolina",113638.0
2016,US,South,North Carolina,"Hamlet, North Carolina",4698.0
2016,US,South,North Carolina,"High Point, North Carolina",33570.0
2016,US,South,North Carolina,"Kannapolis, North Carolina",18375.0
2016,US,South,North Carolina,"Raleigh, North Carolina",155191.0
2016,US,South,North Carolina,"Rocky Mount, North Carolina",53934.0
2016,US,South,North Carolina,"Salisbury, North Carolina",21705.0
2016,US,South,North Carolina,"Selma-Smithfield, North Carolina",13132.0
2016,US,South,North Carolina,"Southern Pines, North Carolina",7112.0
2016,US,South,North Carolina,"Wilson, North Carolina",57787.0
2016,US,South,Oklahoma,"Ardmore, Oklahoma",7218.0
2016,US,South,Oklahoma,"Norman, Oklahoma",11748.0
2016,US,South,Oklahoma,"Oklahoma City, Oklahoma",44551.0
2016,US,South,Oklahoma,"Pauls Valley, Oklahoma",4321.0
2016,US,South,Oklahoma,"Purcell, Oklahoma",1693.0
2016,US,South,South Carolina,"Camden, South Carolina",3483.0
2016,US,South,South Carolina,"Charleston, South Carolina",63880.0
2016,US,South,South Carolina,"Clemson, South Carolina",3127.0
2016,US,South,South Carolina,"Columbia, South Carolina",32234.0
2016,US,South,South Carolina,"Denmark, South Carolina",3486.0
2016,US,South,South Carolina,"Dillon, South Carolina",7573.0
2016,US,South,South Carolina,"Florence, South Carolina",46930.0
2016,US,South,South Carolina,"Greenville, South Carolina",11935.0
2016,US,South,South Carolina,"Kingstree, South Carolina",12135.0
2016,US,South,South Carolina,"Spartanburg, South Carolina",3777.0
2016,US,South,South Carolina,"Yemassee, South Carolina",10789.0
2016,US,South,Tennessee,"Memphis, Tennessee",72127.0
2016,US,South,Tennessee,"Newbern-Dyersberg, Tennessee",3690.0
2016,US,South,Texas,"Alpine, Texas",4943.0
2016,US,South,Texas,"Austin, Texas",31088.0
2016,US,South,Texas,"Beaumont, Texas",3344.0
2016,US,South,Texas,"Cleburne, Texas",3830.0
2016,US,South,Texas,"Dallas, Texas",42118.0
2016,US,South,Texas,"Del Rio, Texas",1939.0
2016,US,South,Texas,"El Paso, Texas",14584.0
2016,US,South,Texas,"Fort Worth, Texas",103874.0
2016,US,South,Texas,"Gainesville, Texas",6337.0
2016,US,South,Texas,"Houston, Texas",19767.0
2016,US,South,Texas,"Longview, Texas",29448.0
2016,US,South,Texas,"Marshall, Texas",8005.0
2016,US,South,Texas,"McGregor, Texas",5194.0
2016,US,South,Texas,"Mineola, Texas",6110.0
2016,US,South,Texas,"San Antonio, Texas",52960.0
2016,US,South,Texas,"San Marcos, Texas",6799.0
2016,US,South,Texas,"Sanderson, Texas",184.0
2016,US,South,Texas,"Taylor, Texas",5437.0
2016,US,South,Texas,"Temple, Texas",15535.0
2016,US,South,Virginia,"Alexandria, Virginia",190185.0
2016,US,South,Virginia,"Ashland, Virginia",28075.0
2016,US,South,Virginia,"Burke Centre, Virginia",9101.0
2016,US,South,Virginia,"Charlottesville, Virginia",141827.0
2016,US,South,Virginia,"Clifton Forge, Virginia",2401.0
2016,US,South,Virginia,"Culpeper, Virginia",15088.0
2016,US,South,Virginia,"Danville, Virginia",7209.0
2016,US,South,Virginia,"Fredericksburg, Virginia",120275.0
2016,US,South,Virginia,"Lorton (Auto Train), Virginia",238448.0
2016,US,South,Virginia,"Lynchburg, Virginia",82786.0
2016,US,South,Virginia,"Manassas, Virginia",27597.0
2016,US,South,Virginia,"Newport News, Virginia",107894.0
2016,US,South,Virginia,"Norfolk, Virginia",44316.0
2016,US,South,Virginia,"Petersburg, Virginia",30060.0
2016,US,South,Virginia,"Quantico, Virginia",25474.0
2016,US,South,Virginia,"Richmond - Main Street, Virginia",42702.0
2016,US,South,Virginia,"Richmond - Staples Mill, Virginia",356189.0
2016,US,South,Virginia,"Staunton, Virginia",6250.0
2016,US,South,Virginia,"Williamsburg, Virginia",59677.0
2016,US,South,Virginia,"Woodbridge, Virginia",17456.0
2016,US,South,West Virginia,"Alderson, West Virginia",449.0
2016,US,South,West Virginia,"Charleston, West Virginia",9785.0
2016,US,South,West Virginia,"Harpers Ferry, West Virginia",7365.0
2016,US,South,West Virginia,"Hinton, West Virginia",7344.0
2016,US,South,West Virginia,"Huntington, West Virginia",10723.0
2016,US,South,West Virginia,"Martinsburg, West Virginia",11121.0
2016,US,South,West Virginia,"Montgomery, West Virginia",669.0
2016,US,South,West Virginia,"Prince, West Virginia",2943.0
2016,US,South,West Virginia,"Thurmond, West Virginia",293.0
2016,US,South,West Virginia,"White Sulphur Springs, West Virginia",5219.0
2016,US,West,Arizona,"Benson, Arizona",2013.0
2016,US,West,Arizona,"Flagstaff, Arizona",41053.0
2016,US,West,Arizona,"Kingman, Arizona",9904.0
2016,US,West,Arizona,"Maricopa, Arizona",11250.0
2016,US,West,Arizona,"Tucson, Arizona",27301.0
2016,US,West,Arizona,"Williams Junction, Arizona",8051.0
2016,US,West,Arizona,"Winslow, Arizona",4481.0
2016,US,West,Arizona,"Yuma, Arizona",4576.0
2016,US,West,California,"Anaheim, California",282700.0
2016,US,West,California,"Antioch-Pittsburg, California",39995.0
2016,US,West,California,"Auburn, California",15732.0
2016,US,West,California,"Bakersfield, California",491824.0
2016,US,West,California,"Barstow, California",3153.0
2016,US,West,California,"Berkeley, California",150636.0
2016,US,West,California,"Burbank, California",68918.0
2016,US,West,California,"Camarillo, California",52310.0
2016,US,West,California,"Carlsbad Poinsettia, California",10556.0
2016,US,West,California,"Carlsbad Village, California",14843.0
2016,US,West,California,"Carpinteria, California",30762.0
2016,US,West,California,"Chatsworth, California",71133.0
2016,US,West,California,"Chico, California",13144.0
2016,US,West,California,"Colfax, California",6277.0
2016,US,West,California,"Corcoran, California",30104.0
2016,US,West,California,"Davis, California",379073.0
2016,US,West,California,"Dunsmuir, California",5958.0
2016,US,West,California,"Emeryville, California",581573.0
2016,US,West,California,"Encinitas, California",12975.0
2016,US,West,California,"Fremont, California",40617.0
2016,US,West,California,"Fresno, California",369582.0
2016,US,West,California,"Fullerton, California",388068.0
2016,US,West,California,"Glendale, California",52395.0
2016,US,West,California,"Goleta, California",76286.0
2016,US,West,California,"Great America (Santa Clara), California",151802.0
2016,US,West,California,"Grover Beach, California",18987.0
2016,US,West,California,"Guadalupe-Santa Maria, California",12227.0
2016,US,West,California,"Hanford, California",201098.0
2016,US,West,California,"Hayward, California",47351.0
2016,US,West,California,"Irvine, California",450732.0
2016,US,West,California,"Lodi, California",8617.0
2016,US,West,California,"Lompoc-Surf, California",7921.0
2016,US,West,California,"Los Angeles, California",1635039.0
2016,US,West,California,"Madera, California",27136.0
2016,US,West,California,"Martinez, California",364372.0
2016,US,West,California,"Merced, California",121137.0
2016,US,West,California,"Modesto, California",117422.0
2016,US,West,California,"Moorpark, California",21726.0
2016,US,West,California,"Moreno Valley, California",12287.0
2016,US,West,California,"Needles, California",8017.0
2016,US,West,California,"Oakland Coliseum, California",70520.0
2016,US,West,California,"Oakland, California",344112.0
2016,US,West,California,"Oceanside, California",416021.0
2016,US,West,California,"Ontario, California",4864.0
2016,US,West,California,"Oxnard, California",92805.0
2016,US,West,California,"Palm Springs, California",3042.0
2016,US,West,California,"Paso Robles, California",12037.0
2016,US,West,California,"Pomona, California",1716.0
2016,US,West,California,"Redding, California",11208.0
2016,US,West,California,"Richmond, California",269838.0
2016,US,West,California,"Rocklin, California",16403.0
2016,US,West,California,"Roseville, California",39409.0
2016,US,West,California,"Sacramento, California",1051001.0
2016,US,West,California,"Salinas, California",21498.0
2016,US,West,California,"San Bernardino, California",11579.0
2016,US,West,California,"San Clemente Pier, California",15396.0
2016,US,West,California,"San Diego, California",777352.0
2016,US,West,California,"San Diego-Old Town, California",267481.0
2016,US,West,California,"San Jose, California",223055.0
2016,US,West,California,"San Juan Capistrano, California",229408.0
2016,US,West,California,"San Luis Obispo, California",107778.0
2016,US,West,California,"Santa Ana, California",191716.0
2016,US,West,California,"Santa Barbara, California",338069.0
2016,US,West,California,"Santa Clara (University), California",42644.0
2016,US,West,California,"Simi Valley, California",51049.0
2016,US,West,California,"Solana Beach, California",396157.0
2016,US,West,California,"Sorrento Valley, California",20720.0
2016,US,West,California,"Stockton (Downtown), California",37916.0
2016,US,West,California,"Stockton (San Joaquin St.), California",283213.0
2016,US,West,California,"Suisun-Fairfield, California",167994.0
2016,US,West,California,"Truckee, California",14675.0
2016,US,West,California,"Turlock-Denair, California",29197.0
2016,US,West,California,"Van Nuys, California",80405.0
2016,US,West,California,"Ventura, California",65328.0
2016,US,West,California,"Victorville, California",6664.0
2016,US,West,California,"Wasco, California",41424.0
2016,US,West,Colorado,"Denver, Colorado",139652.0
2016,US,West,Colorado,"Fort Morgan, Colorado",3539.0
2016,US,West,Colorado,"Glenwood Springs, Colorado",46818.0
2016,US,West,Colorado,"Granby, Colorado",4677.0
2016,US,West,Colorado,"Grand Junction, Colorado",32302.0
2016,US,West,Colorado,"La Junta, Colorado",7080.0
2016,US,West,Colorado,"Lamar, Colorado",1879.0
2016,US,West,Colorado,"Trinidad, Colorado",5747.0
2016,US,West,Colorado,"Winter Park-Fraser, Colorado",9017.0
2016,US,West,Idaho,"Sandpoint, Idaho",7510.0
2016,US,West,Montana,"Browning (winter only), Montana",1576.0
2016,US,West,Montana,"Cut Bank, Montana",2547.0
2016,US,West,Montana,"East Glacier (summer only), Montana",13809.0
2016,US,West,Montana,"Essex, Montana",3025.0
2016,US,West,Montana,"Glasgow, Montana",4762.0
2016,US,West,Montana,"Havre, Montana",11756.0
2016,US,West,Montana,"Libby, Montana",4963.0
2016,US,West,Montana,"Malta, Montana",3829.0
2016,US,West,Montana,"Shelby, Montana",10823.0
2016,US,West,Montana,"West Glacier, Montana",6261.0
2016,US,West,Montana,"Whitefish, Montana",54842.0
2016,US,West,Montana,"Wolf Point, Montana",5662.0
2016,US,West,Nevada,"Elko, Nevada",7550.0
2016,US,West,Nevada,"Reno, Nevada",70339.0
2016,US,West,Nevada,"Winnemucca, Nevada",4050.0
2016,US,West,New Mexico,"Albuquerque, New Mexico",77209.0
2016,US,West,New Mexico,"Deming, New Mexico",1452.0
2016,US,West,New Mexico,"Gallup, New Mexico",15795.0
2016,US,West,New Mexico,"Lamy, New Mexico",11373.0
2016,US,West,New Mexico,"Las Vegas, New Mexico",4851.0
2016,US,West,New Mexico,"Lordsburg, New Mexico",579.0
2016,US,West,New Mexico,"Raton, New Mexico",16502.0
2016,US,West,Oregon,"Albany, Oregon",33656.0
2016,US,West,Oregon,"Chemult, Oregon",10387.0
2016,US,West,Oregon,"Eugene, Oregon",93182.0
2016,US,West,Oregon,"Klamath Falls, Oregon",33701.0
2016,US,West,Oregon,"Oregon City, Oregon",14858.0
2016,US,West,Oregon,"Portland, Oregon",590076.0
2016,US,West,Oregon,"Salem, Oregon",61226.0
2016,US,West,Utah,"Green River, Utah",2589.0
2016,US,West,Utah,"Helper, Utah",2145.0
2016,US,West,Utah,"Provo, Utah",5537.0
2016,US,West,Utah,"Salt Lake City, Utah",41108.0
2016,US,West,Washington,"Bellingham, Washington",50896.0
2016,US,West,Washington,"Bingen-White Salmon, Washington",3691.0
2016,US,West,Washington,"Centralia, Washington",25871.0
2016,US,West,Washington,"Edmonds, Washington",31389.0
2016,US,West,Washington,"Ephrata, Washington",3509.0
2016,US,West,Washington,"Everett, Washington",41544.0
2016,US,West,Washington,"Kelso-Longview, Washington",31660.0
2016,US,West,Washington,"Leavenworth, Washington",7957.0
2016,US,West,Washington,"Mount Vernon, Washington",18319.0
2016,US,West,Washington,"Olympia/Lacey, Washington",63169.0
2016,US,West,Washington,"Pasco, Washington",23198.0
2016,US,West,Washington,"Seattle, Washington",649491.0
2016,US,West,Washington,"Spokane, Washington",51211.0
2016,US,West,Washington,"Stanwood, Washington",4975.0
2016,US,West,Washington,"Tacoma, Washington",118832.0
2016,US,West,Washington,"Tukwila, Washington",30148.0
2016,US,West,Washington,"Vancouver, Washington",96927.0
2016,US,West,Washington,"Wenatchee, Washington",15337.0
2016,US,West,Washington,"Wishram, Washington",1330.0
2017,US,Midwest,Illinois,"Alton, Illinois",64420.0
2017,US,Midwest,Illinois,"Bloomington/Normal, Illinois",241844.0
2017,US,Midwest,Illinois,"Carbondale, Illinois",100858.0
2017,US,Midwest,Illinois,"Carlinville, Illinois",10062.0
2017,US,Midwest,Illinois,"Centralia, Illinois",20710.0
2017,US,Midwest,Illinois,"Champaign-Urbana, Illinois",158951.0
2017,US,Midwest,Illinois,"Chicago, Illinois",3388051.0
2017,US,Midwest,Illinois,"Du Quoin, Illinois",8717.0
2017,US,Midwest,Illinois,"Dwight, Illinois",10058.0
2017,US,Midwest,Illinois,"Effingham, Illinois",25907.0
2017,US,Midwest,Illinois,"Galesburg, Illinois",100287.0
2017,US,Midwest,Illinois,"Gilman, Illinois",2371.0
2017,US,Midwest,Illinois,"Glenview, Illinois",55216.0
2017,US,Midwest,Illinois,"Homewood, Illinois",36850.0
2017,US,Midwest,Illinois,"Joliet, Illinois",61367.0
2017,US,Midwest,Illinois,"Kankakee, Illinois",19745.0
2017,US,Midwest,Illinois,"Kewanee, Illinois",18012.0
2017,US,Midwest,Illinois,"La Grange Road, Illinois",12754.0
2017,US,Midwest,Illinois,"Lincoln, Illinois",21896.0
2017,US,Midwest,Illinois,"Macomb, Illinois",67011.0
2017,US,Midwest,Illinois,"Mattoon, Illinois",35822.0
2017,US,Midwest,Illinois,"Mendota, Illinois",23141.0
2017,US,Midwest,Illinois,"Naperville, Illinois",45882.0
2017,US,Midwest,Illinois,"Plano, Illinois",6187.0
2017,US,Midwest,Illinois,"Pontiac, Illinois",16717.0
2017,US,Midwest,Illinois,"Princeton, Illinois",36942.0
2017,US,Midwest,Illinois,"Quincy, Illinois",41469.0
2017,US,Midwest,Illinois,"Rantoul, Illinois",4773.0
2017,US,Midwest,Illinois,"Springfield, Illinois",177241.0
2017,US,Midwest,Illinois,"Summit, Illinois",12614.0
2017,US,Midwest,Indiana,"Albany/Rensselaer, Indiana",2188.0
2017,US,Midwest,Indiana,"Connellsville, Indiana",583.0
2017,US,Midwest,Indiana,"Crawfordsville (Bus), Indiana",5932.0
2017,US,Midwest,Indiana,"Dyer, Indiana",3142.0
2017,US,Midwest,Indiana,"Elkhart, Indiana",22599.0
2017,US,Midwest,Indiana,"Hammond-Whiting, Indiana",11321.0
2017,US,Midwest,Indiana,"Indianapolis, Indiana",32725.0
2017,US,Midwest,Indiana,"Lafayette, Indiana",17667.0
2017,US,Midwest,Indiana,"Michigan City, Indiana",3699.0
2017,US,Midwest,Indiana,"South Bend, Indiana",21818.0
2017,US,Midwest,Indiana,"Waterloo, Indiana",23137.0
2017,US,Midwest,Iowa,"Burlington, Iowa",8430.0
2017,US,Midwest,Iowa,"Creston, Iowa",3797.0
2017,US,Midwest,Iowa,"Fort Madison, Iowa",6661.0
2017,US,Midwest,Iowa,"Mt. Pleasant, Iowa",13736.0
2017,US,Midwest,Iowa,"Osceola, Iowa",15752.0
2017,US,Midwest,Iowa,"Ottumwa, Iowa",12209.0
2017,US,Midwest,Kansas,"Dodge City, Kansas",5208.0
2017,US,Midwest,Kansas,"Garden City, Kansas",6966.0
2017,US,Midwest,Kansas,"Hutchinson, Kansas",4294.0
2017,US,Midwest,Kansas,"Lawrence, Kansas",9834.0
2017,US,Midwest,Kansas,"Newton, Kansas",15828.0
2017,US,Midwest,Kansas,"Topeka, Kansas",10084.0
2017,US,Midwest,Michigan,"Albion, Michigan",2194.0
2017,US,Midwest,Michigan,"Ann Arbor, Michigan",146613.0
2017,US,Midwest,Michigan,"Bangor, Michigan",4376.0
2017,US,Midwest,Michigan,"Battle Creek, Michigan",42301.0
2017,US,Midwest,Michigan,"Dearborn, Michigan",72656.0
2017,US,Midwest,Michigan,"Detroit, Michigan",62128.0
2017,US,Midwest,Michigan,"Dowagiac, Michigan",4572.0
2017,US,Midwest,Michigan,"Durand, Michigan",12947.0
2017,US,Midwest,Michigan,"East Lansing, Michigan",69599.0
2017,US,Midwest,Michigan,"Flint, Michigan",28844.0
2017,US,Midwest,Michigan,"Grand Rapids, Michigan",39376.0
2017,US,Midwest,Michigan,"Holland, Michigan",36653.0
2017,US,Midwest,Michigan,"Jackson, Michigan",23373.0
2017,US,Midwest,Michigan,"Kalamazoo, Michigan",115231.0
2017,US,Midwest,Michigan,"Lapeer, Michigan",9406.0
2017,US,Midwest,Michigan,"New Buffalo, Michigan",24868.0
2017,US,Midwest,Michigan,"Niles, Michigan",17526.0
2017,US,Midwest,Michigan,"Pontiac, Michigan",13346.0
2017,US,Midwest,Michigan,"Port Huron, Michigan",20741.0
2017,US,Midwest,Michigan,"Royal Oak, Michigan",28747.0
2017,US,Midwest,Michigan,"St. Joseph/Benton Harbor, Michigan",14006.0
2017,US,Midwest,Michigan,"Troy, Michigan",29070.0
2017,US,Midwest,Minnesota,"Detroit Lakes, Minnesota",4667.0
2017,US,Midwest,Minnesota,"Red Wing, Minnesota",8557.0
2017,US,Midwest,Minnesota,"St. Cloud, Minnesota",10325.0
2017,US,Midwest,Minnesota,"St. Paul-Minneapolis, Minnesota",92271.0
2017,US,Midwest,Minnesota,"Staples, Minnesota",5676.0
2017,US,Midwest,Minnesota,"Winona, Minnesota",17595.0
2017,US,Midwest,Missouri,"Arcadia, Missouri",1137.0
2017,US,Midwest,Missouri,"Hermann, Missouri",25633.0
2017,US,Midwest,Missouri,"Independence, Missouri",7321.0
2017,US,Midwest,Missouri,"Jefferson City, Missouri",40269.0
2017,US,Midwest,Missouri,"Kansas City, Missouri",160824.0
2017,US,Midwest,Missouri,"Kirkwood, Missouri",58620.0
2017,US,Midwest,Missouri,"La Plata, Missouri",11876.0
2017,US,Midwest,Missouri,"Lee’s Summit, Missouri",27402.0
2017,US,Midwest,Missouri,"Poplar Bluff, Missouri",4900.0
2017,US,Midwest,Missouri,"Sedalia, Missouri",9756.0
2017,US,Midwest,Missouri,"St. Louis, Missouri",365030.0
2017,US,Midwest,Missouri,"Warrensburg, Missouri",13144.0
2017,US,Midwest,Missouri,"Washington, Missouri",16112.0
2017,US,Midwest,Nebraska,"Hastings, Nebraska",5214.0
2017,US,Midwest,Nebraska,"Holdrege, Nebraska",2002.0
2017,US,Midwest,Nebraska,"Lincoln, Nebraska",15964.0
2017,US,Midwest,Nebraska,"McCook, Nebraska",2914.0
2017,US,Midwest,Nebraska,"Omaha, Nebraska",29599.0
2017,US,Midwest,North Dakota,"Devils Lake, North Dakota",4506.0
2017,US,Midwest,North Dakota,"Fargo, North Dakota",20232.0
2017,US,Midwest,North Dakota,"Grand Forks, North Dakota",13891.0
2017,US,Midwest,North Dakota,"Minot, North Dakota",30405.0
2017,US,Midwest,North Dakota,"Rugby, North Dakota",4027.0
2017,US,Midwest,North Dakota,"Stanley, North Dakota",4594.0
2017,US,Midwest,North Dakota,"Williston, North Dakota",26195.0
2017,US,Midwest,Ohio,"Alliance, Ohio",5020.0
2017,US,Midwest,Ohio,"Bryan, Ohio",5825.0
2017,US,Midwest,Ohio,"Cincinnati, Ohio",11382.0
2017,US,Midwest,Ohio,"Cleveland, Ohio",53528.0
2017,US,Midwest,Ohio,"Elyria, Ohio",7104.0
2017,US,Midwest,Ohio,"Sandusky, Ohio",10009.0
2017,US,Midwest,Ohio,"Toledo, Ohio",56275.0
2017,US,Midwest,Wisconsin,"Columbus, Wisconsin",13545.0
2017,US,Midwest,Wisconsin,"La Crosse, Wisconsin",27368.0
2017,US,Midwest,Wisconsin,"Milwaukee Airport, Wisconsin",164054.0
2017,US,Midwest,Wisconsin,"Milwaukee, Wisconsin",605351.0
2017,US,Midwest,Wisconsin,"Portage, Wisconsin",9077.0
2017,US,Midwest,Wisconsin,"Sturtevant, Wisconsin",83902.0
2017,US,Midwest,Wisconsin,"Tomah, Wisconsin",13792.0
2017,US,Midwest,Wisconsin,"Wisconsin Dells, Wisconsin",14606.0
2017,US,Northeast,Connecticut,"Berlin, Connecticut",14007.0
2017,US,Northeast,Connecticut,"Bridgeport, Connecticut",87023.0
2017,US,Northeast,Connecticut,"Hartford, Connecticut",127805.0
2017,US,Northeast,Connecticut,"Meriden, Connecticut",12703.0
2017,US,Northeast,Connecticut,"Mystic, Connecticut",25687.0
2017,US,Northeast,Connecticut,"New Haven, Connecticut",627065.0
2017,US,Northeast,Connecticut,"New London, Connecticut",161916.0
2017,US,Northeast,Connecticut,"Old Saybrook, Connecticut",64328.0
2017,US,Northeast,Connecticut,"Stamford, Connecticut",410593.0
2017,US,Northeast,Connecticut,"Wallingford, Connecticut",8258.0
2017,US,Northeast,Connecticut,"Windsor Locks, Connecticut",15155.0
2017,US,Northeast,Connecticut,"Windsor, Connecticut",8638.0
2017,US,Northeast,Maine,"Brunswick, Maine",29457.0
2017,US,Northeast,Maine,"Freeport, Maine",10481.0
2017,US,Northeast,Maine,"Old Orchard Beach, Maine",15731.0
2017,US,Northeast,Maine,"Portland, Maine",171257.0
2017,US,Northeast,Maine,"Saco-Biddeford, Maine",42082.0
2017,US,Northeast,Maine,"Wells, Maine",68752.0
2017,US,Northeast,Massachusetts,"Boston-Back Bay, Massachusetts",626003.0
2017,US,Northeast,Massachusetts,"Boston-North Station, Massachusetts",448483.0
2017,US,Northeast,Massachusetts,"Boston-South Station, Massachusetts",1567627.0
2017,US,Northeast,Massachusetts,"Framingham, Massachusetts",1954.0
2017,US,Northeast,Massachusetts,"Greenfield, Massachusetts",6290.0
2017,US,Northeast,Massachusetts,"Haverhill, Massachusetts",44827.0
2017,US,Northeast,Massachusetts,"Holyoke, Massachusetts",1487.0
2017,US,Northeast,Massachusetts,"Northampton, Massachusetts",19974.0
2017,US,Northeast,Massachusetts,"Pittsfield, Massachusetts",8464.0
2017,US,Northeast,Massachusetts,"Route 128 (Boston), Massachusetts",448784.0
2017,US,Northeast,Massachusetts,"Springfield, Massachusetts",89629.0
2017,US,Northeast,Massachusetts,"Woburn, Massachusetts",18953.0
2017,US,Northeast,Massachusetts,"Worcester, Massachusetts",6665.0
2017,US,Northeast,New Hampshire,"Claremont, New Hampshire",2560.0
2017,US,Northeast,New Hampshire,"Dover, New Hampshire",59060.0
2017,US,Northeast,New Hampshire,"Durham-UNH, New Hampshire",58804.0
2017,US,Northeast,New Hampshire,"Exeter, New Hampshire",84217.0
2017,US,Northeast,New Jersey,"Metropark, New Jersey",369088.0
2017,US,Northeast,New Jersey,"New Brunswick, New Jersey",7392.0
2017,US,Northeast,New Jersey,"Newark Airport, New Jersey",150054.0
2017,US,Northeast,New Jersey,"Newark, New Jersey",682020.0
2017,US,Northeast,New Jersey,"Princeton Junction, New Jersey",40550.0
2017,US,Northeast,New Jersey,"Trenton, New Jersey",435900.0
2017,US,Northeast,New York,"Albany-Rensselaer, New York",803348.0
2017,US,Northeast,New York,"Amsterdam, New York",10475.0
2017,US,Northeast,New York,"Buffalo-Depew, New York",106815.0
2017,US,Northeast,New York,"Buffalo-Exchange Street, New York",35528.0
2017,US,Northeast,New York,"Croton-Harmon, New York",46057.0
2017,US,Northeast,New York,"Fort Edward, New York",9917.0
2017,US,Northeast,New York,"Hudson, New York",217970.0
2017,US,Northeast,New York,"New Rochelle, New York",91058.0
2017,US,Northeast,New York,"New York (Grand Central), New York",23838.0
2017,US,Northeast,New York,"New York City (Penn Station), New York",10397729.0
2017,US,Northeast,New York,"Niagara Falls, New York",31169.0
2017,US,Northeast,New York,"Plattsburgh, New York",13711.0
2017,US,Northeast,New York,"Port Henry, New York",2488.0
2017,US,Northeast,New York,"Port Kent, New York",657.0
2017,US,Northeast,New York,"Poughkeepsie, New York",102070.0
2017,US,Northeast,New York,"Rhinecliff, New York",201667.0
2017,US,Northeast,New York,"Rochester, New York",127203.0
2017,US,Northeast,New York,"Rome, New York",8580.0
2017,US,Northeast,New York,"Rouses Point, New York",1253.0
2017,US,Northeast,New York,"Saratoga Springs, New York",36835.0
2017,US,Northeast,New York,"Schenectady, New York",54388.0
2017,US,Northeast,New York,"Syracuse, New York",131881.0
2017,US,Northeast,New York,"Ticonderoga, New York",1770.0
2017,US,Northeast,New York,"Utica, New York",59868.0
2017,US,Northeast,New York,"Westport, New York",5699.0
2017,US,Northeast,New York,"Whitehall, New York",1638.0
2017,US,Northeast,New York,"Yonkers, New York",27009.0
2017,US,Northeast,Pennsylvania,"Altoona, Pennsylvania",21705.0
2017,US,Northeast,Pennsylvania,"Ardmore, Pennsylvania",66497.0
2017,US,Northeast,Pennsylvania,"Coatesville, Pennsylvania",17770.0
2017,US,Northeast,Pennsylvania,"Connellsville, Pennsylvania",4762.0
2017,US,Northeast,Pennsylvania,"Cornwells Heights, Pennsylvania",3073.0
2017,US,Northeast,Pennsylvania,"Downingtown, Pennsylvania",87443.0
2017,US,Northeast,Pennsylvania,"Elizabethtown, Pennsylvania",101246.0
2017,US,Northeast,Pennsylvania,"Erie, Pennsylvania",16766.0
2017,US,Northeast,Pennsylvania,"Exton, Pennsylvania",151346.0
2017,US,Northeast,Pennsylvania,"Greensburg, Pennsylvania",13634.0
2017,US,Northeast,Pennsylvania,"Harrisburg, Pennsylvania",504192.0
2017,US,Northeast,Pennsylvania,"Huntingdon, Pennsylvania",5673.0
2017,US,Northeast,Pennsylvania,"Johnstown, Pennsylvania",21916.0
2017,US,Northeast,Pennsylvania,"Lancaster, Pennsylvania",556836.0
2017,US,Northeast,Pennsylvania,"Latrobe, Pennsylvania",4246.0
2017,US,Northeast,Pennsylvania,"Lewistown, Pennsylvania",9147.0
2017,US,Northeast,Pennsylvania,"Middletown, Pennsylvania",68132.0
2017,US,Northeast,Pennsylvania,"Mount Joy, Pennsylvania",46101.0
2017,US,Northeast,Pennsylvania,"Paoli, Pennsylvania",218311.0
2017,US,Northeast,Pennsylvania,"Parkesburg, Pennsylvania",44568.0
2017,US,Northeast,Pennsylvania,"Philadelphia William H. Gray III 30th Street, Pennsylvania",4411662.0
2017,US,Northeast,Pennsylvania,"Philadelphia-North, Pennsylvania",1037.0
2017,US,Northeast,Pennsylvania,"Pittsburgh, Pennsylvania",145362.0
2017,US,Northeast,Pennsylvania,"Tyrone, Pennsylvania",3050.0
2017,US,Northeast,Rhode Island,"Kingston, Rhode Island",164263.0
2017,US,Northeast,Rhode Island,"Providence, Rhode Island",745703.0
2017,US,Northeast,Rhode Island,"Westerly, Rhode Island",43670.0
2017,US,Northeast,Vermont,"Bellows Falls, Vermont",4752.0
2017,US,Northeast,Vermont,"Brattleboro, Vermont",16702.0
2017,US,Northeast,Vermont,"Castleton, Vermont",4198.0
2017,US,Northeast,Vermont,"Essex Junction, Vermont",19893.0
2017,US,Northeast,Vermont,"Montpelier, Vermont",8186.0
2017,US,Northeast,Vermont,"Randolph, Vermont",1833.0
2017,US,Northeast,Vermont,"Rutland, Vermont",14267.0
2017,US,Northeast,Vermont,"St. Albans, Vermont",3742.0
2017,US,Northeast,Vermont,"Waterbury, Vermont",5830.0
2017,US,Northeast,Vermont,"White River Junction, Vermont",13554.0
2017,US,Northeast,Vermont,"Windsor, Vermont",1200.0
2017,US,South,Alabama,"Anniston, Alabama",4255.0
2017,US,South,Alabama,"Birmingham, Alabama",42512.0
2017,US,South,Alabama,"Tuscaloosa, Alabama",10571.0
2017,US,South,Arkansas,"Arkadelphia, Arkansas",1390.0
2017,US,South,Arkansas,"Hope, Arkansas",1691.0
2017,US,South,Arkansas,"Little Rock, Arkansas",20574.0
2017,US,South,Arkansas,"Malvern, Arkansas",1688.0
2017,US,South,Arkansas,"Texarkana, Arkansas",6231.0
2017,US,South,Arkansas,"Walnut Ridge, Arkansas",3486.0
2017,US,South,Delaware,"Newark, Delaware",13614.0
2017,US,South,Delaware,"Wilmington, Delaware",688432.0
2017,US,South,District of Columbia,"Washington Union Station, District of Columbia",5225460.0
2017,US,South,Florida,"DeLand, Florida",20827.0
2017,US,South,Florida,"Deerfield Beach, Florida",23836.0
2017,US,South,Florida,"Delray Beach, Florida",13782.0
2017,US,South,Florida,"Fort Lauderdale, Florida",41377.0
2017,US,South,Florida,"Hollywood, Florida",24621.0
2017,US,South,Florida,"Jacksonville, Florida",70539.0
2017,US,South,Florida,"Kissimmee, Florida",35737.0
2017,US,South,Florida,"Lakeland, Florida",19479.0
2017,US,South,Florida,"Miami, Florida",66110.0
2017,US,South,Florida,"Okeechobee, Florida",3935.0
2017,US,South,Florida,"Orlando, Florida",133248.0
2017,US,South,Florida,"Palatka, Florida",12579.0
2017,US,South,Florida,"Sanford (Auto Train Station), Florida",228943.0
2017,US,South,Florida,"Sebring, Florida",15214.0
2017,US,South,Florida,"Tampa, Florida",110577.0
2017,US,South,Florida,"West Palm Beach, Florida",54828.0
2017,US,South,Florida,"Winter Haven, Florida",20598.0
2017,US,South,Florida,"Winter Park, Florida",27253.0
2017,US,South,Georgia,"Atlanta, Georgia",77751.0
2017,US,South,Georgia,"Gainesville, Georgia",5493.0
2017,US,South,Georgia,"Jesup, Georgia",9648.0
2017,US,South,Georgia,"Savannah, Georgia",57180.0
2017,US,South,Georgia,"Toccoa, Georgia",3407.0
2017,US,South,Kentucky,"Ashland, Kentucky",2419.0
2017,US,South,Kentucky,"Fulton, Kentucky",3562.0
2017,US,South,Kentucky,"Maysville, Kentucky",2214.0
2017,US,South,Kentucky,"South Shore-South Portsmouth, Kentucky",1095.0
2017,US,South,Louisiana,"Hammond, Louisiana",10839.0
2017,US,South,Louisiana,"Lafayette, Louisiana",6154.0
2017,US,South,Louisiana,"Lake Charles, Louisiana",3719.0
2017,US,South,Louisiana,"New Iberia, Louisiana",1602.0
2017,US,South,Louisiana,"New Orleans, Louisiana",189189.0
2017,US,South,Louisiana,"Schriever, Louisiana",1294.0
2017,US,South,Louisiana,"Slidell, Louisiana",10644.0
2017,US,South,Maryland,"Aberdeen, Maryland",55387.0
2017,US,South,Maryland,"BWI Thurgood Marshall Airport, Maryland",724865.0
2017,US,South,Maryland,"Baltimore, Maryland",1063628.0
2017,US,South,Maryland,"Cumberland, Maryland",11858.0
2017,US,South,Maryland,"New Carrollton, Maryland",176409.0
2017,US,South,Maryland,"Rockville, Maryland",5605.0
2017,US,South,Mississippi,"Brookhaven, Mississippi",4131.0
2017,US,South,Mississippi,"Greenwood, Mississippi",14471.0
2017,US,South,Mississippi,"Hattiesburg, Mississippi",8588.0
2017,US,South,Mississippi,"Hazlehurst, Mississippi",1660.0
2017,US,South,Mississippi,"Jackson, Mississippi",48678.0
2017,US,South,Mississippi,"Laurel, Mississippi",3614.0
2017,US,South,Mississippi,"McComb, Mississippi",5033.0
2017,US,South,Mississippi,"Meridian, Mississippi",9417.0
2017,US,South,Mississippi,"Picayune, Mississippi",2363.0
2017,US,South,Mississippi,"Yazoo City, Mississippi",3587.0
2017,US,South,North Carolina,"Burlington, North Carolina",21404.0
2017,US,South,North Carolina,"Cary, North Carolina",81685.0
2017,US,South,North Carolina,"Charlotte, North Carolina",168144.0
2017,US,South,North Carolina,"Durham, North Carolina",71924.0
2017,US,South,North Carolina,"Fayetteville, North Carolina",49976.0
2017,US,South,North Carolina,"Gastonia, North Carolina",1345.0
2017,US,South,North Carolina,"Greensboro, North Carolina",111187.0
2017,US,South,North Carolina,"Hamlet, North Carolina",4376.0
2017,US,South,North Carolina,"High Point, North Carolina",30818.0
2017,US,South,North Carolina,"Kannapolis, North Carolina",18043.0
2017,US,South,North Carolina,"Raleigh, North Carolina",150919.0
2017,US,South,North Carolina,"Rocky Mount, North Carolina",52343.0
2017,US,South,North Carolina,"Salisbury, North Carolina",22148.0
2017,US,South,North Carolina,"Selma-Smithfield, North Carolina",13724.0
2017,US,South,North Carolina,"Southern Pines, North Carolina",7065.0
2017,US,South,North Carolina,"Wilson, North Carolina",55579.0
2017,US,South,Oklahoma,"Ardmore, Oklahoma",7287.0
2017,US,South,Oklahoma,"Norman, Oklahoma",13039.0
2017,US,South,Oklahoma,"Oklahoma City, Oklahoma",47644.0
2017,US,South,Oklahoma,"Pauls Valley, Oklahoma",4740.0
2017,US,South,Oklahoma,"Purcell, Oklahoma",1860.0
2017,US,South,South Carolina,"Camden, South Carolina",3531.0
2017,US,South,South Carolina,"Charleston, South Carolina",66759.0
2017,US,South,South Carolina,"Clemson, South Carolina",0.0
2017,US,South,South Carolina,"Columbia, South Carolina",32695.0
2017,US,South,South Carolina,"Denmark, South Carolina",3604.0
2017,US,South,South Carolina,"Dillon, South Carolina",6692.0
2017,US,South,South Carolina,"Florence, South Carolina",43304.0
2017,US,South,South Carolina,"Greenville, South Carolina",14135.0
2017,US,South,South Carolina,"Kingstree, South Carolina",11187.0
2017,US,South,South Carolina,"Spartanburg, South Carolina",3548.0
2017,US,South,South Carolina,"Yemassee, South Carolina",10451.0
2017,US,South,Tennessee,"Memphis, Tennessee",73637.0
2017,US,South,Tennessee,"Newbern-Dyersberg, Tennessee",3788.0
2017,US,South,Texas,"Alpine, Texas",4999.0
2017,US,South,Texas,"Austin, Texas",34513.0
2017,US,South,Texas,"Beaumont, Texas",3377.0
2017,US,South,Texas,"Cleburne, Texas",3890.0
2017,US,South,Texas,"Dallas, Texas",47488.0
2017,US,South,Texas,"Del Rio, Texas",1764.0
2017,US,South,Texas,"El Paso, Texas",14922.0
2017,US,South,Texas,"Fort Worth, Texas",114231.0
2017,US,South,Texas,"Gainesville, Texas",6328.0
2017,US,South,Texas,"Houston, Texas",19786.0
2017,US,South,Texas,"Longview, Texas",33936.0
2017,US,South,Texas,"Marshall, Texas",8404.0
2017,US,South,Texas,"McGregor, Texas",5124.0
2017,US,South,Texas,"Mineola, Texas",7156.0
2017,US,South,Texas,"San Antonio, Texas",57048.0
2017,US,South,Texas,"San Marcos, Texas",8380.0
2017,US,South,Texas,"Sanderson, Texas",193.0
2017,US,South,Texas,"Taylor, Texas",5484.0
2017,US,South,Texas,"Temple, Texas",16461.0
2017,US,South,Virginia,"Alexandria, Virginia",200373.0
2017,US,South,Virginia,"Ashland, Virginia",30892.0
2017,US,South,Virginia,"Burke Centre, Virginia",9939.0
2017,US,South,Virginia,"Charlottesville, Virginia",145140.0
2017,US,South,Virginia,"Clifton Forge, Virginia",2339.0
2017,US,South,Virginia,"Culpeper, Virginia",15498.0
2017,US,South,Virginia,"Danville, Virginia",6575.0
2017,US,South,Virginia,"Fredericksburg, Virginia",119065.0
2017,US,South,Virginia,"Lorton (Auto Train), Virginia",228943.0
2017,US,South,Virginia,"Lynchburg, Virginia",82251.0
2017,US,South,Virginia,"Manassas, Virginia",28619.0
2017,US,South,Virginia,"Newport News, Virginia",106692.0
2017,US,South,Virginia,"Norfolk, Virginia",47493.0
2017,US,South,Virginia,"Petersburg, Virginia",30801.0
2017,US,South,Virginia,"Quantico, Virginia",24036.0
2017,US,South,Virginia,"Richmond - Main Street, Virginia",46354.0
2017,US,South,Virginia,"Richmond - Staples Mill, Virginia",373832.0
2017,US,South,Virginia,"Staunton, Virginia",6487.0
2017,US,South,Virginia,"Williamsburg, Virginia",60316.0
2017,US,South,Virginia,"Woodbridge, Virginia",16712.0
2017,US,South,West Virginia,"Alderson, West Virginia",449.0
2017,US,South,West Virginia,"Charleston, West Virginia",9812.0
2017,US,South,West Virginia,"Harpers Ferry, West Virginia",8267.0
2017,US,South,West Virginia,"Hinton, West Virginia",4463.0
2017,US,South,West Virginia,"Huntington, West Virginia",6925.0
2017,US,South,West Virginia,"Martinsburg, West Virginia",11267.0
2017,US,South,West Virginia,"Montgomery, West Virginia",500.0
2017,US,South,West Virginia,"Prince, West Virginia",2988.0
2017,US,South,West Virginia,"Thurmond, West Virginia",345.0
2017,US,South,West Virginia,"White Sulphur Springs, West Virginia",5878.0
2017,US,West,Arizona,"Benson, Arizona",2036.0
2017,US,West,Arizona,"Flagstaff, Arizona",39803.0
2017,US,West,Arizona,"Kingman, Arizona",9944.0
2017,US,West,Arizona,"Maricopa, Arizona",11849.0
2017,US,West,Arizona,"Tucson, Arizona",29146.0
2017,US,West,Arizona,"Williams Junction, Arizona",9672.0
2017,US,West,Arizona,"Winslow, Arizona",4187.0
2017,US,West,Arizona,"Yuma, Arizona",4605.0
2017,US,West,California,"Anaheim, California",287415.0
2017,US,West,California,"Antioch-Pittsburg, California",38103.0
2017,US,West,California,"Auburn, California",13352.0
2017,US,West,California,"Bakersfield, California",482276.0
2017,US,West,California,"Barstow, California",3509.0
2017,US,West,California,"Berkeley, California",156226.0
2017,US,West,California,"Burbank, California",73814.0
2017,US,West,California,"Camarillo, California",54582.0
2017,US,West,California,"Carlsbad Poinsettia, California",10074.0
2017,US,West,California,"Carlsbad Village, California",14522.0
2017,US,West,California,"Carpinteria, California",32701.0
2017,US,West,California,"Chatsworth, California",72278.0
2017,US,West,California,"Chico, California",12154.0
2017,US,West,California,"Colfax, California",7035.0
2017,US,West,California,"Corcoran, California",28440.0
2017,US,West,California,"Davis, California",375626.0
2017,US,West,California,"Dunsmuir, California",5330.0
2017,US,West,California,"Emeryville, California",581138.0
2017,US,West,California,"Encinitas, California",13224.0
2017,US,West,California,"Fremont, California",41751.0
2017,US,West,California,"Fresno, California",374479.0
2017,US,West,California,"Fullerton, California",399695.0
2017,US,West,California,"Glendale, California",55032.0
2017,US,West,California,"Goleta, California",78365.0
2017,US,West,California,"Great America (Santa Clara), California",167475.0
2017,US,West,California,"Grover Beach, California",18879.0
2017,US,West,California,"Guadalupe-Santa Maria, California",12430.0
2017,US,West,California,"Hanford, California",196702.0
2017,US,West,California,"Hayward, California",50361.0
2017,US,West,California,"Irvine, California",440986.0
2017,US,West,California,"Lodi, California",7978.0
2017,US,West,California,"Lompoc-Surf, California",7823.0
2017,US,West,California,"Los Angeles, California",1716392.0
2017,US,West,California,"Madera, California",27751.0
2017,US,West,California,"Martinez, California",347095.0
2017,US,West,California,"Merced, California",126148.0
2017,US,West,California,"Modesto, California",115672.0
2017,US,West,California,"Moorpark, California",21881.0
2017,US,West,California,"Moreno Valley, California",12029.0
2017,US,West,California,"Needles, California",9176.0
2017,US,West,California,"Oakland Coliseum, California",77057.0
2017,US,West,California,"Oakland, California",371257.0
2017,US,West,California,"Oceanside, California",394122.0
2017,US,West,California,"Ontario, California",4575.0
2017,US,West,California,"Oxnard, California",94000.0
2017,US,West,California,"Palm Springs, California",3142.0
2017,US,West,California,"Paso Robles, California",11377.0
2017,US,West,California,"Pomona, California",1601.0
2017,US,West,California,"Redding, California",10475.0
2017,US,West,California,"Richmond, California",292453.0
2017,US,West,California,"Rocklin, California",15926.0
2017,US,West,California,"Roseville, California",38638.0
2017,US,West,California,"Sacramento, California",1073584.0
2017,US,West,California,"Salinas, California",20564.0
2017,US,West,California,"San Bernardino, California",12035.0
2017,US,West,California,"San Clemente Pier, California",14926.0
2017,US,West,California,"San Diego, California",777961.0
2017,US,West,California,"San Diego-Old Town, California",300245.0
2017,US,West,California,"San Jose, California",223028.0
2017,US,West,California,"San Juan Capistrano, California",229153.0
2017,US,West,California,"San Luis Obispo, California",105156.0
2017,US,West,California,"Santa Ana, California",194581.0
2017,US,West,California,"Santa Barbara, California",341899.0
2017,US,West,California,"Santa Clara (University), California",45135.0
2017,US,West,California,"Simi Valley, California",52064.0
2017,US,West,California,"Solana Beach, California",387956.0
2017,US,West,California,"Sorrento Valley, California",27335.0
2017,US,West,California,"Stockton (Downtown), California",32266.0
2017,US,West,California,"Stockton (San Joaquin St.), California",297699.0
2017,US,West,California,"Suisun-Fairfield, California",164709.0
2017,US,West,California,"Truckee, California",14879.0
2017,US,West,California,"Turlock-Denair, California",29924.0
2017,US,West,California,"Van Nuys, California",82417.0
2017,US,West,California,"Ventura, California",67522.0
2017,US,West,California,"Victorville, California",6292.0
2017,US,West,California,"Wasco, California",41828.0
2017,US,West,Colorado,"Denver, Colorado",154706.0
2017,US,West,Colorado,"Fort Morgan, Colorado",3448.0
2017,US,West,Colorado,"Glenwood Springs, Colorado",46079.0
2017,US,West,Colorado,"Granby, Colorado",4950.0
2017,US,West,Colorado,"Grand Junction, Colorado",30896.0
2017,US,West,Colorado,"La Junta, Colorado",7009.0
2017,US,West,Colorado,"Lamar, Colorado",1673.0
2017,US,West,Colorado,"Trinidad, Colorado",5415.0
2017,US,West,Colorado,"Winter Park Resort (seasonal), Colorado",16568.0
2017,US,West,Colorado,"Winter Park-Fraser, Colorado",8845.0
2017,US,West,Idaho,"Sandpoint, Idaho",7366.0
2017,US,West,Montana,"Browning (winter only), Montana",1644.0
2017,US,West,Montana,"Cut Bank, Montana",2544.0
2017,US,West,Montana,"East Glacier (summer only), Montana",14348.0
2017,US,West,Montana,"Essex, Montana",3253.0
2017,US,West,Montana,"Glasgow, Montana",4945.0
2017,US,West,Montana,"Havre, Montana",11570.0
2017,US,West,Montana,"Libby, Montana",5068.0
2017,US,West,Montana,"Malta, Montana",3695.0
2017,US,West,Montana,"Shelby, Montana",10887.0
2017,US,West,Montana,"West Glacier, Montana",5495.0
2017,US,West,Montana,"Whitefish, Montana",57093.0
2017,US,West,Montana,"Wolf Point, Montana",5097.0
2017,US,West,Nevada,"Elko, Nevada",7219.0
2017,US,West,Nevada,"Reno, Nevada",76725.0
2017,US,West,Nevada,"Winnemucca, Nevada",4146.0
2017,US,West,New Mexico,"Albuquerque, New Mexico",75926.0
2017,US,West,New Mexico,"Deming, New Mexico",1469.0
2017,US,West,New Mexico,"Gallup, New Mexico",15739.0
2017,US,West,New Mexico,"Lamy, New Mexico",10768.0
2017,US,West,New Mexico,"Las Vegas, New Mexico",4487.0
2017,US,West,New Mexico,"Lordsburg, New Mexico",742.0
2017,US,West,New Mexico,"Raton, New Mexico",15122.0
2017,US,West,Oregon,"Albany, Oregon",33933.0
2017,US,West,Oregon,"Chemult, Oregon",10457.0
2017,US,West,Oregon,"Eugene, Oregon",93167.0
2017,US,West,Oregon,"Klamath Falls, Oregon",31380.0
2017,US,West,Oregon,"Oregon City, Oregon",13678.0
2017,US,West,Oregon,"Portland, Oregon",597127.0
2017,US,West,Oregon,"Salem, Oregon",63311.0
2017,US,West,Utah,"Green River, Utah",2235.0
2017,US,West,Utah,"Helper, Utah",2132.0
2017,US,West,Utah,"Provo, Utah",5095.0
2017,US,West,Utah,"Salt Lake City, Utah",40163.0
2017,US,West,Washington,"Bellingham, Washington",51219.0
2017,US,West,Washington,"Bingen-White Salmon, Washington",3825.0
2017,US,West,Washington,"Centralia, Washington",25178.0
2017,US,West,Washington,"Edmonds, Washington",31081.0
2017,US,West,Washington,"Ephrata, Washington",3742.0
2017,US,West,Washington,"Everett, Washington",41783.0
2017,US,West,Washington,"Kelso-Longview, Washington",29937.0
2017,US,West,Washington,"Leavenworth, Washington",8219.0
2017,US,West,Washington,"Mount Vernon, Washington",17776.0
2017,US,West,Washington,"Olympia/Lacey, Washington",63426.0
2017,US,West,Washington,"Pasco, Washington",24245.0
2017,US,West,Washington,"Seattle, Washington",667475.0
2017,US,West,Washington,"Spokane, Washington",50347.0
2017,US,West,Washington,"Stanwood, Washington",5172.0
2017,US,West,Washington,"Tacoma, Washington",115530.0
2017,US,West,Washington,"Tukwila, Washington",31380.0
2017,US,West,Washington,"Vancouver, Washington",97627.0
2017,US,West,Washington,"Wenatchee, Washington",15099.0
2017,US,West,Washington,"Wishram, Washington",1577.0
2018,US,Midwest,Illinois,"Alton, Illinois",67225.0
2018,US,Midwest,Illinois,"Bloomington/Normal, Illinois",238626.0
2018,US,Midwest,Illinois,"Carbondale, Illinois",91264.0
2018,US,Midwest,Illinois,"Carlinville, Illinois",12089.0
2018,US,Midwest,Illinois,"Centralia, Illinois",20783.0
2018,US,Midwest,Illinois,"Champaign-Urbana, Illinois",155614.0
2018,US,Midwest,Illinois,"Chicago, Illinois",3388307.0
2018,US,Midwest,Illinois,"Du Quoin, Illinois",8309.0
2018,US,Midwest,Illinois,"Dwight, Illinois",9913.0
2018,US,Midwest,Illinois,"Effingham, Illinois",24384.0
2018,US,Midwest,Illinois,"Galesburg, Illinois",94267.0
2018,US,Midwest,Illinois,"Gilman, Illinois",2317.0
2018,US,Midwest,Illinois,"Glenview, Illinois",55496.0
2018,US,Midwest,Illinois,"Homewood, Illinois",36151.0
2018,US,Midwest,Illinois,"Joliet, Illinois",61182.0
2018,US,Midwest,Illinois,"Kankakee, Illinois",19201.0
2018,US,Midwest,Illinois,"Kewanee, Illinois",17354.0
2018,US,Midwest,Illinois,"La Grange Road, Illinois",11003.0
2018,US,Midwest,Illinois,"Lincoln, Illinois",23581.0
2018,US,Midwest,Illinois,"Macomb, Illinois",61002.0
2018,US,Midwest,Illinois,"Mattoon, Illinois",34279.0
2018,US,Midwest,Illinois,"Mendota, Illinois",22276.0
2018,US,Midwest,Illinois,"Naperville, Illinois",42104.0
2018,US,Midwest,Illinois,"Plano, Illinois",6442.0
2018,US,Midwest,Illinois,"Pontiac, Illinois",17731.0
2018,US,Midwest,Illinois,"Princeton, Illinois",38244.0
2018,US,Midwest,Illinois,"Quincy, Illinois",37282.0
2018,US,Midwest,Illinois,"Rantoul, Illinois",4999.0
2018,US,Midwest,Illinois,"Springfield, Illinois",168969.0
2018,US,Midwest,Illinois,"Summit, Illinois",15816.0
2018,US,Midwest,Indiana,"Albany/Rensselaer, Indiana",1816.0
2018,US,Midwest,Indiana,"Connellsville, Indiana",607.0
2018,US,Midwest,Indiana,"Crawfordsville (Bus), Indiana",5716.0
2018,US,Midwest,Indiana,"Dyer, Indiana",3198.0
2018,US,Midwest,Indiana,"Elkhart, Indiana",21875.0
2018,US,Midwest,Indiana,"Hammond-Whiting, Indiana",5848.0
2018,US,Midwest,Indiana,"Indianapolis, Indiana",29431.0
2018,US,Midwest,Indiana,"Lafayette, Indiana",16997.0
2018,US,Midwest,Indiana,"Michigan City, Indiana",2720.0
2018,US,Midwest,Indiana,"South Bend, Indiana",21260.0
2018,US,Midwest,Indiana,"Waterloo, Indiana",21866.0
2018,US,Midwest,Iowa,"Burlington, Iowa",8668.0
2018,US,Midwest,Iowa,"Creston, Iowa",3745.0
2018,US,Midwest,Iowa,"Fort Madison, Iowa",5891.0
2018,US,Midwest,Iowa,"Mt. Pleasant, Iowa",12584.0
2018,US,Midwest,Iowa,"Osceola, Iowa",16188.0
2018,US,Midwest,Iowa,"Ottumwa, Iowa",11043.0
2018,US,Midwest,Kansas,"Dodge City, Kansas",5289.0
2018,US,Midwest,Kansas,"Garden City, Kansas",7056.0
2018,US,Midwest,Kansas,"Hutchinson, Kansas",4415.0
2018,US,Midwest,Kansas,"Lawrence, Kansas",8362.0
2018,US,Midwest,Kansas,"Newton, Kansas",15218.0
2018,US,Midwest,Kansas,"Topeka, Kansas",9136.0
2018,US,Midwest,Michigan,"Albion, Michigan",883.0
2018,US,Midwest,Michigan,"Ann Arbor, Michigan",158101.0
2018,US,Midwest,Michigan,"Bangor, Michigan",4180.0
2018,US,Midwest,Michigan,"Battle Creek, Michigan",41757.0
2018,US,Midwest,Michigan,"Dearborn, Michigan",73337.0
2018,US,Midwest,Michigan,"Detroit, Michigan",66143.0
2018,US,Midwest,Michigan,"Dowagiac, Michigan",4975.0
2018,US,Midwest,Michigan,"Durand, Michigan",13738.0
2018,US,Midwest,Michigan,"East Lansing, Michigan",69359.0
2018,US,Midwest,Michigan,"Flint, Michigan",28205.0
2018,US,Midwest,Michigan,"Grand Rapids, Michigan",40508.0
2018,US,Midwest,Michigan,"Holland, Michigan",36838.0
2018,US,Midwest,Michigan,"Jackson, Michigan",23700.0
2018,US,Midwest,Michigan,"Kalamazoo, Michigan",122115.0
2018,US,Midwest,Michigan,"Lapeer, Michigan",8948.0
2018,US,Midwest,Michigan,"New Buffalo, Michigan",25934.0
2018,US,Midwest,Michigan,"Niles, Michigan",17440.0
2018,US,Midwest,Michigan,"Pontiac, Michigan",14135.0
2018,US,Midwest,Michigan,"Port Huron, Michigan",19822.0
2018,US,Midwest,Michigan,"Royal Oak, Michigan",27724.0
2018,US,Midwest,Michigan,"St. Joseph/Benton Harbor, Michigan",14824.0
2018,US,Midwest,Michigan,"Troy, Michigan",32550.0
2018,US,Midwest,Minnesota,"Detroit Lakes, Minnesota",4877.0
2018,US,Midwest,Minnesota,"Red Wing, Minnesota",8263.0
2018,US,Midwest,Minnesota,"St. Cloud, Minnesota",9566.0
2018,US,Midwest,Minnesota,"St. Paul-Minneapolis, Minnesota",85627.0
2018,US,Midwest,Minnesota,"Staples, Minnesota",5723.0
2018,US,Midwest,Minnesota,"Winona, Minnesota",14711.0
2018,US,Midwest,Missouri,"Arcadia, Missouri",1018.0
2018,US,Midwest,Missouri,"Hermann, Missouri",26037.0
2018,US,Midwest,Missouri,"Independence, Missouri",6683.0
2018,US,Midwest,Missouri,"Jefferson City, Missouri",39395.0
2018,US,Midwest,Missouri,"Kansas City, Missouri",154170.0
2018,US,Midwest,Missouri,"Kirkwood, Missouri",55213.0
2018,US,Midwest,Missouri,"La Plata, Missouri",11124.0
2018,US,Midwest,Missouri,"Lee’s Summit, Missouri",26811.0
2018,US,Midwest,Missouri,"Poplar Bluff, Missouri",4640.0
2018,US,Midwest,Missouri,"Sedalia, Missouri",9289.0
2018,US,Midwest,Missouri,"St. Louis, Missouri",362172.0
2018,US,Midwest,Missouri,"Warrensburg, Missouri",12046.0
2018,US,Midwest,Missouri,"Washington, Missouri",15890.0
2018,US,Midwest,Nebraska,"Hastings, Nebraska",5304.0
2018,US,Midwest,Nebraska,"Holdrege, Nebraska",2225.0
2018,US,Midwest,Nebraska,"Lincoln, Nebraska",18474.0
2018,US,Midwest,Nebraska,"Omaha, Nebraska",27524.0
2018,US,Midwest,North Dakota,"Devils Lake, North Dakota",4217.0
2018,US,Midwest,North Dakota,"Fargo, North Dakota",18695.0
2018,US,Midwest,North Dakota,"Grand Forks, North Dakota",13346.0
2018,US,Midwest,North Dakota,"Minot, North Dakota",29854.0
2018,US,Midwest,North Dakota,"Rugby, North Dakota",4102.0
2018,US,Midwest,North Dakota,"Stanley, North Dakota",4297.0
2018,US,Midwest,North Dakota,"Williston, North Dakota",29013.0
2018,US,Midwest,Ohio,"Alliance, Ohio",4501.0
2018,US,Midwest,Ohio,"Bryan, Ohio",5218.0
2018,US,Midwest,Ohio,"Cincinnati, Ohio",8482.0
2018,US,Midwest,Ohio,"Cleveland, Ohio",48964.0
2018,US,Midwest,Ohio,"Elyria, Ohio",7275.0
2018,US,Midwest,Ohio,"Sandusky, Ohio",9138.0
2018,US,Midwest,Ohio,"Toledo, Ohio",51400.0
2018,US,Midwest,Wisconsin,"Columbus, Wisconsin",11414.0
2018,US,Midwest,Wisconsin,"La Crosse, Wisconsin",26157.0
2018,US,Midwest,Wisconsin,"Milwaukee Airport, Wisconsin",180314.0
2018,US,Midwest,Wisconsin,"Milwaukee, Wisconsin",604631.0
2018,US,Midwest,Wisconsin,"Portage, Wisconsin",7266.0
2018,US,Midwest,Wisconsin,"Sturtevant, Wisconsin",92813.0
2018,US,Midwest,Wisconsin,"Tomah, Wisconsin",12278.0
2018,US,Midwest,Wisconsin,"Wisconsin Dells, Wisconsin",13631.0
2018,US,Northeast,Connecticut,"Berlin, Connecticut",16219.0
2018,US,Northeast,Connecticut,"Bridgeport, Connecticut",90174.0
2018,US,Northeast,Connecticut,"Hartford, Connecticut",150611.0
2018,US,Northeast,Connecticut,"Meriden, Connecticut",16495.0
2018,US,Northeast,Connecticut,"Mystic, Connecticut",28017.0
2018,US,Northeast,Connecticut,"New Haven State Street, Connecticut",117.0
2018,US,Northeast,Connecticut,"New Haven, Connecticut",697603.0
2018,US,Northeast,Connecticut,"New London, Connecticut",161111.0
2018,US,Northeast,Connecticut,"Old Saybrook, Connecticut",67501.0
2018,US,Northeast,Connecticut,"Stamford, Connecticut",416315.0
2018,US,Northeast,Connecticut,"Wallingford, Connecticut",9555.0
2018,US,Northeast,Connecticut,"Windsor Locks, Connecticut",18333.0
2018,US,Northeast,Connecticut,"Windsor, Connecticut",11091.0
2018,US,Northeast,Maine,"Brunswick, Maine",33885.0
2018,US,Northeast,Maine,"Freeport, Maine",12474.0
2018,US,Northeast,Maine,"Old Orchard Beach, Maine",15572.0
2018,US,Northeast,Maine,"Portland, Maine",178661.0
2018,US,Northeast,Maine,"Saco-Biddeford, Maine",48095.0
2018,US,Northeast,Maine,"Wells, Maine",56898.0
2018,US,Northeast,Massachusetts,"Boston-Back Bay, Massachusetts",683016.0
2018,US,Northeast,Massachusetts,"Boston-North Station, Massachusetts",464988.0
2018,US,Northeast,Massachusetts,"Boston-South Station, Massachusetts",1553953.0
2018,US,Northeast,Massachusetts,"Framingham, Massachusetts",1961.0
2018,US,Northeast,Massachusetts,"Greenfield, Massachusetts",6575.0
2018,US,Northeast,Massachusetts,"Haverhill, Massachusetts",42637.0
2018,US,Northeast,Massachusetts,"Holyoke, Massachusetts",1582.0
2018,US,Northeast,Massachusetts,"Northampton, Massachusetts",21939.0
2018,US,Northeast,Massachusetts,"Pittsfield, Massachusetts",8270.0
2018,US,Northeast,Massachusetts,"Route 128 (Boston), Massachusetts",446221.0
2018,US,Northeast,Massachusetts,"Springfield, Massachusetts",101394.0
2018,US,Northeast,Massachusetts,"Woburn, Massachusetts",16846.0
2018,US,Northeast,Massachusetts,"Worcester, Massachusetts",6157.0
2018,US,Northeast,New Hampshire,"Claremont, New Hampshire",2542.0
2018,US,Northeast,New Hampshire,"Dover, New Hampshire",63921.0
2018,US,Northeast,New Hampshire,"Durham-UNH, New Hampshire",57703.0
2018,US,Northeast,New Hampshire,"Exeter, New Hampshire",88396.0
2018,US,Northeast,New Jersey,"Metropark, New Jersey",367726.0
2018,US,Northeast,New Jersey,"New Brunswick, New Jersey",6067.0
2018,US,Northeast,New Jersey,"Newark Airport, New Jersey",168581.0
2018,US,Northeast,New Jersey,"Newark, New Jersey",702182.0
2018,US,Northeast,New Jersey,"Princeton Junction, New Jersey",35418.0
2018,US,Northeast,New Jersey,"Trenton, New Jersey",434489.0
2018,US,Northeast,New York,"Albany-Rensselaer, New York",800368.0
2018,US,Northeast,New York,"Amsterdam, New York",9676.0
2018,US,Northeast,New York,"Buffalo-Depew, New York",107251.0
2018,US,Northeast,New York,"Buffalo-Exchange Street, New York",38739.0
2018,US,Northeast,New York,"Croton-Harmon, New York",44932.0
2018,US,Northeast,New York,"Fort Edward, New York",9353.0
2018,US,Northeast,New York,"Fort Ticonderoga, New York",1660.0
2018,US,Northeast,New York,"Hudson, New York",216988.0
2018,US,Northeast,New York,"New Rochelle, New York",91416.0
2018,US,Northeast,New York,"New York (Grand Central), New York",376459.0
2018,US,Northeast,New York,"New York City (Penn Station), New York",10132025.0
2018,US,Northeast,New York,"Niagara Falls, New York",31398.0
2018,US,Northeast,New York,"Plattsburgh, New York",13506.0
2018,US,Northeast,New York,"Port Henry, New York",2442.0
2018,US,Northeast,New York,"Port Kent, New York",380.0
2018,US,Northeast,New York,"Poughkeepsie, New York",97169.0
2018,US,Northeast,New York,"Rhinecliff, New York",201316.0
2018,US,Northeast,New York,"Rochester, New York",130306.0
2018,US,Northeast,New York,"Rome, New York",6146.0
2018,US,Northeast,New York,"Rouses Point, New York",1255.0
2018,US,Northeast,New York,"Saratoga Springs, New York",38170.0
2018,US,Northeast,New York,"Schenectady, New York",50950.0
2018,US,Northeast,New York,"Syracuse, New York",131487.0
2018,US,Northeast,New York,"Utica, New York",60330.0
2018,US,Northeast,New York,"Westport, New York",2626.0
2018,US,Northeast,New York,"Whitehall, New York",1653.0
2018,US,Northeast,New York,"Yonkers, New York",28223.0
2018,US,Northeast,Pennsylvania,"Altoona, Pennsylvania",19574.0
2018,US,Northeast,Pennsylvania,"Ardmore, Pennsylvania",63923.0
2018,US,Northeast,Pennsylvania,"Coatesville, Pennsylvania",16577.0
2018,US,Northeast,Pennsylvania,"Connellsville, Pennsylvania",4407.0
2018,US,Northeast,Pennsylvania,"Cornwells Heights, Pennsylvania",3673.0
2018,US,Northeast,Pennsylvania,"Downingtown, Pennsylvania",81518.0
2018,US,Northeast,Pennsylvania,"Elizabethtown, Pennsylvania",100019.0
2018,US,Northeast,Pennsylvania,"Erie, Pennsylvania",14974.0
2018,US,Northeast,Pennsylvania,"Exton, Pennsylvania",143852.0
2018,US,Northeast,Pennsylvania,"Greensburg, Pennsylvania",12643.0
2018,US,Northeast,Pennsylvania,"Harrisburg, Pennsylvania",512642.0
2018,US,Northeast,Pennsylvania,"Huntingdon, Pennsylvania",5766.0
2018,US,Northeast,Pennsylvania,"Johnstown, Pennsylvania",19621.0
2018,US,Northeast,Pennsylvania,"Lancaster, Pennsylvania",567919.0
2018,US,Northeast,Pennsylvania,"Latrobe, Pennsylvania",4068.0
2018,US,Northeast,Pennsylvania,"Lewistown, Pennsylvania",8676.0
2018,US,Northeast,Pennsylvania,"Middletown, Pennsylvania",68022.0
2018,US,Northeast,Pennsylvania,"Mount Joy, Pennsylvania",45813.0
2018,US,Northeast,Pennsylvania,"Paoli, Pennsylvania",233816.0
2018,US,Northeast,Pennsylvania,"Parkesburg, Pennsylvania",44445.0
2018,US,Northeast,Pennsylvania,"Philadelphia William H. Gray III 30th Street, Pennsylvania",4471992.0
2018,US,Northeast,Pennsylvania,"Philadelphia-North, Pennsylvania",2006.0
2018,US,Northeast,Pennsylvania,"Pittsburgh, Pennsylvania",138686.0
2018,US,Northeast,Pennsylvania,"Tyrone, Pennsylvania",2826.0
2018,US,Northeast,Rhode Island,"Kingston, Rhode Island",170394.0
2018,US,Northeast,Rhode Island,"Providence, Rhode Island",766492.0
2018,US,Northeast,Rhode Island,"Westerly, Rhode Island",44398.0
2018,US,Northeast,Vermont,"Bellows Falls, Vermont",4488.0
2018,US,Northeast,Vermont,"Brattleboro, Vermont",16933.0
2018,US,Northeast,Vermont,"Castleton, Vermont",4221.0
2018,US,Northeast,Vermont,"Essex Junction, Vermont",20649.0
2018,US,Northeast,Vermont,"Montpelier, Vermont",7978.0
2018,US,Northeast,Vermont,"Randolph, Vermont",1842.0
2018,US,Northeast,Vermont,"Rutland, Vermont",14097.0
2018,US,Northeast,Vermont,"St. Albans, Vermont",3726.0
2018,US,Northeast,Vermont,"Waterbury, Vermont",5179.0
2018,US,Northeast,Vermont,"White River Junction, Vermont",13864.0
2018,US,Northeast,Vermont,"Windsor, Vermont",1272.0
2018,US,South,Alabama,"Anniston, Alabama",3833.0
2018,US,South,Alabama,"Birmingham, Alabama",40585.0
2018,US,South,Alabama,"Tuscaloosa, Alabama",10228.0
2018,US,South,Arkansas,"Arkadelphia, Arkansas",1433.0
2018,US,South,Arkansas,"Hope, Arkansas",1650.0
2018,US,South,Arkansas,"Little Rock, Arkansas",19406.0
2018,US,South,Arkansas,"Malvern, Arkansas",1693.0
2018,US,South,Arkansas,"Texarkana, Arkansas",6133.0
2018,US,South,Arkansas,"Walnut Ridge, Arkansas",3421.0
2018,US,South,Delaware,"Newark, Delaware",13432.0
2018,US,South,Delaware,"Wilmington, Delaware",702150.0
2018,US,South,District of Columbia,"Washington Union Station, District of Columbia",5197237.0
2018,US,South,Florida,"DeLand, Florida",20677.0
2018,US,South,Florida,"Deerfield Beach, Florida",22230.0
2018,US,South,Florida,"Delray Beach, Florida",13643.0
2018,US,South,Florida,"Fort Lauderdale, Florida",40838.0
2018,US,South,Florida,"Hollywood, Florida",22592.0
2018,US,South,Florida,"Jacksonville, Florida",66471.0
2018,US,South,Florida,"Kissimmee, Florida",35028.0
2018,US,South,Florida,"Lakeland, Florida",18924.0
2018,US,South,Florida,"Miami, Florida",64729.0
2018,US,South,Florida,"Okeechobee, Florida",3988.0
2018,US,South,Florida,"Orlando, Florida",127326.0
2018,US,South,Florida,"Palatka, Florida",11598.0
2018,US,South,Florida,"Sanford (Auto Train Station), Florida",224812.0
2018,US,South,Florida,"Sebring, Florida",13847.0
2018,US,South,Florida,"Tampa, Florida",108783.0
2018,US,South,Florida,"West Palm Beach, Florida",53974.0
2018,US,South,Florida,"Winter Haven, Florida",20503.0
2018,US,South,Florida,"Winter Park, Florida",25844.0
2018,US,South,Georgia,"Atlanta, Georgia",72197.0
2018,US,South,Georgia,"Gainesville, Georgia",5032.0
2018,US,South,Georgia,"Jesup, Georgia",9461.0
2018,US,South,Georgia,"Savannah, Georgia",53769.0
2018,US,South,Georgia,"Toccoa, Georgia",2324.0
2018,US,South,Kentucky,"Ashland, Kentucky",2157.0
2018,US,South,Kentucky,"Fulton, Kentucky",3431.0
2018,US,South,Kentucky,"Maysville, Kentucky",2024.0
2018,US,South,Kentucky,"South Shore-South Portsmouth, Kentucky",875.0
2018,US,South,Louisiana,"Hammond, Louisiana",9350.0
2018,US,South,Louisiana,"Lafayette, Louisiana",6151.0
2018,US,South,Louisiana,"Lake Charles, Louisiana",3782.0
2018,US,South,Louisiana,"New Iberia, Louisiana",1602.0
2018,US,South,Louisiana,"New Orleans, Louisiana",181544.0
2018,US,South,Louisiana,"Schriever, Louisiana",1238.0
2018,US,South,Louisiana,"Slidell, Louisiana",9100.0
2018,US,South,Maryland,"Aberdeen, Maryland",56285.0
2018,US,South,Maryland,"BWI Thurgood Marshall Airport, Maryland",756533.0
2018,US,South,Maryland,"Baltimore, Maryland",1041232.0
2018,US,South,Maryland,"Cumberland, Maryland",11019.0
2018,US,South,Maryland,"New Carrollton, Maryland",175414.0
2018,US,South,Maryland,"Rockville, Maryland",5162.0
2018,US,South,Mississippi,"Brookhaven, Mississippi",4004.0
2018,US,South,Mississippi,"Greenwood, Mississippi",13907.0
2018,US,South,Mississippi,"Hattiesburg, Mississippi",8685.0
2018,US,South,Mississippi,"Hazlehurst, Mississippi",1326.0
2018,US,South,Mississippi,"Jackson, Mississippi",44645.0
2018,US,South,Mississippi,"Laurel, Mississippi",3924.0
2018,US,South,Mississippi,"Marks, Mississippi",622.0
2018,US,South,Mississippi,"McComb, Mississippi",4770.0
2018,US,South,Mississippi,"Meridian, Mississippi",9090.0
2018,US,South,Mississippi,"Picayune, Mississippi",2119.0
2018,US,South,Mississippi,"Yazoo City, Mississippi",3185.0
2018,US,South,North Carolina,"Burlington, North Carolina",21886.0
2018,US,South,North Carolina,"Cary, North Carolina",82212.0
2018,US,South,North Carolina,"Charlotte, North Carolina",172226.0
2018,US,South,North Carolina,"Durham, North Carolina",75210.0
2018,US,South,North Carolina,"Fayetteville, North Carolina",50846.0
2018,US,South,North Carolina,"Gastonia, North Carolina",1251.0
2018,US,South,North Carolina,"Greensboro, North Carolina",118176.0
2018,US,South,North Carolina,"Hamlet, North Carolina",4005.0
2018,US,South,North Carolina,"High Point, North Carolina",31011.0
2018,US,South,North Carolina,"Kannapolis, North Carolina",18858.0
2018,US,South,North Carolina,"Raleigh, North Carolina",157153.0
2018,US,South,North Carolina,"Rocky Mount, North Carolina",51341.0
2018,US,South,North Carolina,"Salisbury, North Carolina",20693.0
2018,US,South,North Carolina,"Selma-Smithfield, North Carolina",12930.0
2018,US,South,North Carolina,"Southern Pines, North Carolina",6925.0
2018,US,South,North Carolina,"Wilson, North Carolina",54110.0
2018,US,South,Oklahoma,"Ardmore, Oklahoma",6918.0
2018,US,South,Oklahoma,"Norman, Oklahoma",12469.0
2018,US,South,Oklahoma,"Oklahoma City, Oklahoma",45250.0
2018,US,South,Oklahoma,"Pauls Valley, Oklahoma",4065.0
2018,US,South,Oklahoma,"Purcell, Oklahoma",1635.0
2018,US,South,South Carolina,"Camden, South Carolina",3161.0
2018,US,South,South Carolina,"Charleston, South Carolina",61710.0
2018,US,South,South Carolina,"Clemson, South Carolina",0.0
2018,US,South,South Carolina,"Columbia, South Carolina",29805.0
2018,US,South,South Carolina,"Denmark, South Carolina",3230.0
2018,US,South,South Carolina,"Dillon, South Carolina",5841.0
2018,US,South,South Carolina,"Florence, South Carolina",40465.0
2018,US,South,South Carolina,"Greenville, South Carolina",12172.0
2018,US,South,South Carolina,"Kingstree, South Carolina",10450.0
2018,US,South,South Carolina,"Spartanburg, South Carolina",3870.0
2018,US,South,South Carolina,"Yemassee, South Carolina",9740.0
2018,US,South,Tennessee,"Memphis, Tennessee",71311.0
2018,US,South,Tennessee,"Newbern-Dyersberg, Tennessee",3557.0
2018,US,South,Texas,"Alpine, Texas",5311.0
2018,US,South,Texas,"Austin, Texas",34009.0
2018,US,South,Texas,"Beaumont, Texas",3641.0
2018,US,South,Texas,"Cleburne, Texas",3929.0
2018,US,South,Texas,"Dallas, Texas",46453.0
2018,US,South,Texas,"Del Rio, Texas",1695.0
2018,US,South,Texas,"El Paso, Texas",14267.0
2018,US,South,Texas,"Fort Worth, Texas",108675.0
2018,US,South,Texas,"Gainesville, Texas",6658.0
2018,US,South,Texas,"Houston, Texas",20205.0
2018,US,South,Texas,"Longview, Texas",34768.0
2018,US,South,Texas,"Marshall, Texas",8371.0
2018,US,South,Texas,"McGregor, Texas",5061.0
2018,US,South,Texas,"Mineola, Texas",6423.0
2018,US,South,Texas,"San Antonio, Texas",53434.0
2018,US,South,Texas,"San Marcos, Texas",7663.0
2018,US,South,Texas,"Sanderson, Texas",269.0
2018,US,South,Texas,"Taylor, Texas",5453.0
2018,US,South,Texas,"Temple, Texas",15330.0
2018,US,South,Virginia,"Alexandria, Virginia",188961.0
2018,US,South,Virginia,"Ashland, Virginia",29077.0
2018,US,South,Virginia,"Burke Centre, Virginia",7497.0
2018,US,South,Virginia,"Charlottesville, Virginia",133936.0
2018,US,South,Virginia,"Clifton Forge, Virginia",1951.0
2018,US,South,Virginia,"Culpeper, Virginia",14509.0
2018,US,South,Virginia,"Danville, Virginia",6934.0
2018,US,South,Virginia,"Fredericksburg, Virginia",97549.0
2018,US,South,Virginia,"Lorton (Auto Train), Virginia",224812.0
2018,US,South,Virginia,"Lynchburg, Virginia",58160.0
2018,US,South,Virginia,"Manassas, Virginia",30340.0
2018,US,South,Virginia,"Newport News, Virginia",99920.0
2018,US,South,Virginia,"Norfolk, Virginia",47243.0
2018,US,South,Virginia,"Petersburg, Virginia",31563.0
2018,US,South,Virginia,"Quantico, Virginia",31078.0
2018,US,South,Virginia,"Richmond - Main Street, Virginia",48384.0
2018,US,South,Virginia,"Richmond - Staples Mill, Virginia",346642.0
2018,US,South,Virginia,"Roanoke, Virginia",51698.0
2018,US,South,Virginia,"Staunton, Virginia",5160.0
2018,US,South,Virginia,"Williamsburg, Virginia",57212.0
2018,US,South,Virginia,"Woodbridge, Virginia",21799.0
2018,US,South,West Virginia,"Alderson, West Virginia",433.0
2018,US,South,West Virginia,"Charleston, West Virginia",11251.0
2018,US,South,West Virginia,"Harpers Ferry, West Virginia",7638.0
2018,US,South,West Virginia,"Hinton, West Virginia",5836.0
2018,US,South,West Virginia,"Huntington, West Virginia",10296.0
2018,US,South,West Virginia,"Martinsburg, West Virginia",10784.0
2018,US,South,West Virginia,"Montgomery, West Virginia",347.0
2018,US,South,West Virginia,"Prince, West Virginia",2162.0
2018,US,South,West Virginia,"Thurmond, West Virginia",285.0
2018,US,South,West Virginia,"White Sulphur Springs, West Virginia",5230.0
2018,US,West,Arizona,"Benson, Arizona",1939.0
2018,US,West,Arizona,"Flagstaff, Arizona",43421.0
2018,US,West,Arizona,"Kingman, Arizona",9065.0
2018,US,West,Arizona,"Maricopa, Arizona",11744.0
2018,US,West,Arizona,"Tucson, Arizona",28183.0
2018,US,West,Arizona,"Williams Junction, Arizona",2032.0
2018,US,West,Arizona,"Winslow, Arizona",4345.0
2018,US,West,Arizona,"Yuma, Arizona",4525.0
2018,US,West,California,"Anaheim, California",281379.0
2018,US,West,California,"Antioch-Pittsburg, California",35345.0
2018,US,West,California,"Auburn, California",14243.0
2018,US,West,California,"Bakersfield, California",442023.0
2018,US,West,California,"Barstow, California",3400.0
2018,US,West,California,"Berkeley, California",173579.0
2018,US,West,California,"Burbank, California",62478.0
2018,US,West,California,"Camarillo, California",54252.0
2018,US,West,California,"Carlsbad Poinsettia, California",120.0
2018,US,West,California,"Carlsbad Village, California",9904.0
2018,US,West,California,"Carpinteria, California",49813.0
2018,US,West,California,"Chatsworth, California",62354.0
2018,US,West,California,"Chico, California",10414.0
2018,US,West,California,"Colfax, California",5658.0
2018,US,West,California,"Corcoran, California",24646.0
2018,US,West,California,"Davis, California",390060.0
2018,US,West,California,"Dunsmuir, California",4654.0
2018,US,West,California,"Emeryville, California",595017.0
2018,US,West,California,"Encinitas, California",122.0
2018,US,West,California,"Fairfield-Vacaville, California",53375.0
2018,US,West,California,"Fremont, California",44371.0
2018,US,West,California,"Fresno, California",377709.0
2018,US,West,California,"Fullerton, California",304880.0
2018,US,West,California,"Glendale, California",43351.0
2018,US,West,California,"Goleta, California",108414.0
2018,US,West,California,"Great America (Santa Clara), California",176925.0
2018,US,West,California,"Grover Beach, California",12447.0
2018,US,West,California,"Guadalupe-Santa Maria, California",8706.0
2018,US,West,California,"Hanford, California",190403.0
2018,US,West,California,"Hayward, California",57815.0
2018,US,West,California,"Irvine, California",438553.0
2018,US,West,California,"Lodi, California",9278.0
2018,US,West,California,"Lompoc-Surf, California",5946.0
2018,US,West,California,"Los Angeles, California",1717405.0
2018,US,West,California,"Madera, California",28384.0
2018,US,West,California,"Martinez, California",346051.0
2018,US,West,California,"Merced, California",126793.0
2018,US,West,California,"Modesto, California",112292.0
2018,US,West,California,"Moorpark, California",18298.0
2018,US,West,California,"Needles, California",9124.0
2018,US,West,California,"Oakland Coliseum, California",87842.0
2018,US,West,California,"Oakland, California",388533.0
2018,US,West,California,"Oceanside, California",432838.0
2018,US,West,California,"Ontario, California",4655.0
2018,US,West,California,"Oxnard, California",103074.0
2018,US,West,California,"Palm Springs, California",2925.0
2018,US,West,California,"Paso Robles, California",10769.0
2018,US,West,California,"Pomona, California",1540.0
2018,US,West,California,"Redding, California",9822.0
2018,US,West,California,"Richmond, California",289928.0
2018,US,West,California,"Riverside, California",11862.0
2018,US,West,California,"Rocklin, California",16918.0
2018,US,West,California,"Roseville, California",38852.0
2018,US,West,California,"Sacramento, California",1089223.0
2018,US,West,California,"Salinas, California",19242.0
2018,US,West,California,"San Bernardino, California",10861.0
2018,US,West,California,"San Clemente Pier, California",14592.0
2018,US,West,California,"San Diego, California",699430.0
2018,US,West,California,"San Diego-Old Town, California",350518.0
2018,US,West,California,"San Jose, California",230387.0
2018,US,West,California,"San Juan Capistrano, California",237776.0
2018,US,West,California,"San Luis Obispo, California",70090.0
2018,US,West,California,"Santa Ana, California",191609.0
2018,US,West,California,"Santa Barbara, California",365077.0
2018,US,West,California,"Santa Clara (University), California",56127.0
2018,US,West,California,"Simi Valley, California",43456.0
2018,US,West,California,"Solana Beach, California",388823.0
2018,US,West,California,"Sorrento Valley, California",21413.0
2018,US,West,California,"Stockton (Downtown), California",24602.0
2018,US,West,California,"Stockton (San Joaquin St.), California",289116.0
2018,US,West,California,"Suisun-Fairfield, California",140394.0
2018,US,West,California,"Truckee, California",15251.0
2018,US,West,California,"Turlock-Denair, California",30492.0
2018,US,West,California,"Van Nuys, California",74209.0
2018,US,West,California,"Ventura, California",91741.0
2018,US,West,California,"Victorville, California",5911.0
2018,US,West,California,"Wasco, California",36559.0
2018,US,West,Colorado,"Denver, Colorado",143986.0
2018,US,West,Colorado,"Fort Morgan, Colorado",3445.0
2018,US,West,Colorado,"Glenwood Springs, Colorado",44430.0
2018,US,West,Colorado,"Granby, Colorado",5034.0
2018,US,West,Colorado,"Grand Junction, Colorado",32540.0
2018,US,West,Colorado,"La Junta, Colorado",7373.0
2018,US,West,Colorado,"Lamar, Colorado",1588.0
2018,US,West,Colorado,"Trinidad, Colorado",5635.0
2018,US,West,Colorado,"Winter Park Resort (seasonal), Colorado",13033.0
2018,US,West,Colorado,"Winter Park-Fraser, Colorado",10006.0
2018,US,West,Idaho,"Sandpoint, Idaho",7166.0
2018,US,West,Montana,"Browning (winter only), Montana",1334.0
2018,US,West,Montana,"Cut Bank, Montana",2396.0
2018,US,West,Montana,"East Glacier (summer only), Montana",14414.0
2018,US,West,Montana,"Essex, Montana",3286.0
2018,US,West,Montana,"Glasgow, Montana",5434.0
2018,US,West,Montana,"Havre, Montana",11102.0
2018,US,West,Montana,"Libby, Montana",4958.0
2018,US,West,Montana,"Malta, Montana",3570.0
2018,US,West,Montana,"Shelby, Montana",10387.0
2018,US,West,Montana,"West Glacier, Montana",4891.0
2018,US,West,Montana,"Whitefish, Montana",55473.0
2018,US,West,Montana,"Wolf Point, Montana",4447.0
2018,US,West,Nevada,"Elko, Nevada",8656.0
2018,US,West,Nevada,"Reno, Nevada",72134.0
2018,US,West,Nevada,"Winnemucca, Nevada",4525.0
2018,US,West,New Mexico,"Albuquerque, New Mexico",65539.0
2018,US,West,New Mexico,"Deming, New Mexico",1388.0
2018,US,West,New Mexico,"Gallup, New Mexico",14775.0
2018,US,West,New Mexico,"Lamy (Santa Fe), New Mexico",9731.0
2018,US,West,New Mexico,"Las Vegas, New Mexico",4630.0
2018,US,West,New Mexico,"Lordsburg, New Mexico",733.0
2018,US,West,New Mexico,"Raton, New Mexico",7392.0
2018,US,West,Oregon,"Albany, Oregon",30782.0
2018,US,West,Oregon,"Chemult, Oregon",9084.0
2018,US,West,Oregon,"Eugene, Oregon",89279.0
2018,US,West,Oregon,"Klamath Falls, Oregon",36368.0
2018,US,West,Oregon,"Oregon City, Oregon",11382.0
2018,US,West,Oregon,"Portland, Oregon",576339.0
2018,US,West,Oregon,"Salem, Oregon",55448.0
2018,US,West,Utah,"Green River, Utah",2605.0
2018,US,West,Utah,"Helper, Utah",2261.0
2018,US,West,Utah,"Provo, Utah",5120.0
2018,US,West,Utah,"Salt Lake City, Utah",45194.0
2018,US,West,Washington,"Bellingham, Washington",49669.0
2018,US,West,Washington,"Bingen-White Salmon, Washington",3272.0
2018,US,West,Washington,"Centralia, Washington",28218.0
2018,US,West,Washington,"Edmonds, Washington",28999.0
2018,US,West,Washington,"Ephrata, Washington",3503.0
2018,US,West,Washington,"Everett, Washington",38997.0
2018,US,West,Washington,"Kelso-Longview, Washington",31228.0
2018,US,West,Washington,"Leavenworth, Washington",7584.0
2018,US,West,Washington,"Mount Vernon, Washington",16815.0
2018,US,West,Washington,"Olympia/Lacey, Washington",66442.0
2018,US,West,Washington,"Pasco, Washington",23299.0
2018,US,West,Washington,"Seattle, Washington",686426.0
2018,US,West,Washington,"Spokane, Washington",47562.0
2018,US,West,Washington,"Stanwood, Washington",5078.0
2018,US,West,Washington,"Tacoma, Washington",112421.0
2018,US,West,Washington,"Tukwila, Washington",33288.0
2018,US,West,Washington,"Vancouver, Washington",119818.0
2018,US,West,Washington,"Wenatchee, Washington",17301.0
2018,US,West,Washington,"Wishram, Washington",1339.0
2019,US,Midwest,Illinois,"Alton, Illinois",63310.0
2019,US,Midwest,Illinois,"Bloomington/Normal, Illinois",229894.0
2019,US,Midwest,Illinois,"Carbondale, Illinois",84495.0
2019,US,Midwest,Illinois,"Carlinville, Illinois",11172.0
2019,US,Midwest,Illinois,"Centralia, Illinois",20606.0
2019,US,Midwest,Illinois,"Champaign-Urbana, Illinois",180427.0
2019,US,Midwest,Illinois,"Chicago, Illinois",3331513.0
2019,US,Midwest,Illinois,"Du Quoin, Illinois",7949.0
2019,US,Midwest,Illinois,"Dwight, Illinois",10073.0
2019,US,Midwest,Illinois,"Effingham, Illinois",23619.0
2019,US,Midwest,Illinois,"Galesburg, Illinois",90796.0
2019,US,Midwest,Illinois,"Gilman, Illinois",2128.0
2019,US,Midwest,Illinois,"Glenview, Illinois",62347.0
2019,US,Midwest,Illinois,"Homewood, Illinois",36588.0
2019,US,Midwest,Illinois,"Joliet, Illinois",64752.0
2019,US,Midwest,Illinois,"Kankakee, Illinois",18845.0
2019,US,Midwest,Illinois,"Kewanee, Illinois",17880.0
2019,US,Midwest,Illinois,"La Grange Road, Illinois",10773.0
2019,US,Midwest,Illinois,"Lincoln, Illinois",22869.0
2019,US,Midwest,Illinois,"Macomb, Illinois",56878.0
2019,US,Midwest,Illinois,"Mattoon, Illinois",34023.0
2019,US,Midwest,Illinois,"Mendota, Illinois",22688.0
2019,US,Midwest,Illinois,"Naperville, Illinois",40902.0
2019,US,Midwest,Illinois,"Plano, Illinois",6269.0
2019,US,Midwest,Illinois,"Pontiac, Illinois",16634.0
2019,US,Midwest,Illinois,"Princeton, Illinois",37118.0
2019,US,Midwest,Illinois,"Quincy, Illinois",37527.0
2019,US,Midwest,Illinois,"Rantoul, Illinois",4943.0
2019,US,Midwest,Illinois,"Springfield, Illinois",161319.0
2019,US,Midwest,Illinois,"Summit, Illinois",14516.0
2019,US,Midwest,Indiana,"Connersville, Indiana",448.0
2019,US,Midwest,Indiana,"Crawfordsville (Bus), Indiana",4988.0
2019,US,Midwest,Indiana,"Dyer, Indiana",2991.0
2019,US,Midwest,Indiana,"Elkhart, Indiana",20631.0
2019,US,Midwest,Indiana,"Hammond-Whiting, Indiana",5167.0
2019,US,Midwest,Indiana,"Indianapolis, Indiana",24937.0
2019,US,Midwest,Indiana,"Lafayette, Indiana",13307.0
2019,US,Midwest,Indiana,"Michigan City, Indiana",2662.0
2019,US,Midwest,Indiana,"Rensselaer, Indiana",1754.0
2019,US,Midwest,Indiana,"South Bend, Indiana",19931.0
2019,US,Midwest,Indiana,"Waterloo, Indiana",20995.0
2019,US,Midwest,Iowa,"Burlington, Iowa",7603.0
2019,US,Midwest,Iowa,"Creston, Iowa",3281.0
2019,US,Midwest,Iowa,"Fort Madison, Iowa",5775.0
2019,US,Midwest,Iowa,"Mount Pleasant, Iowa",10492.0
2019,US,Midwest,Iowa,"Osceola, Iowa",14026.0
2019,US,Midwest,Iowa,"Ottumwa, Iowa",10322.0
2019,US,Midwest,Kansas,"Dodge City, Kansas",5324.0
2019,US,Midwest,Kansas,"Garden City, Kansas",6817.0
2019,US,Midwest,Kansas,"Hutchinson, Kansas",4059.0
2019,US,Midwest,Kansas,"Lawrence, Kansas",8389.0
2019,US,Midwest,Kansas,"Newton, Kansas",13764.0
2019,US,Midwest,Kansas,"Topeka, Kansas",8129.0
2019,US,Midwest,Michigan,"Albion, Michigan",447.0
2019,US,Midwest,Michigan,"Ann Arbor, Michigan",156462.0
2019,US,Midwest,Michigan,"Bangor, Michigan",4584.0
2019,US,Midwest,Michigan,"Battle Creek, Michigan",40170.0
2019,US,Midwest,Michigan,"Dearborn, Michigan",74480.0
2019,US,Midwest,Michigan,"Detroit, Michigan",72059.0
2019,US,Midwest,Michigan,"Dowagiac, Michigan",4839.0
2019,US,Midwest,Michigan,"Durand, Michigan",13622.0
2019,US,Midwest,Michigan,"East Lansing, Michigan",69210.0
2019,US,Midwest,Michigan,"Flint, Michigan",27881.0
2019,US,Midwest,Michigan,"Grand Rapids, Michigan",40593.0
2019,US,Midwest,Michigan,"Holland, Michigan",37292.0
2019,US,Midwest,Michigan,"Jackson, Michigan",23639.0
2019,US,Midwest,Michigan,"Kalamazoo, Michigan",114056.0
2019,US,Midwest,Michigan,"Lapeer, Michigan",9008.0
2019,US,Midwest,Michigan,"New Buffalo, Michigan",26087.0
2019,US,Midwest,Michigan,"Niles, Michigan",16586.0
2019,US,Midwest,Michigan,"Pontiac, Michigan",15299.0
2019,US,Midwest,Michigan,"Port Huron, Michigan",18482.0
2019,US,Midwest,Michigan,"Royal Oak, Michigan",27615.0
2019,US,Midwest,Michigan,"St. Joseph/Benton Harbor, Michigan",14668.0
2019,US,Midwest,Michigan,"Troy, Michigan",36450.0
2019,US,Midwest,Minnesota,"Detroit Lakes, Minnesota",4697.0
2019,US,Midwest,Minnesota,"Red Wing, Minnesota",7959.0
2019,US,Midwest,Minnesota,"St. Cloud, Minnesota",9143.0
2019,US,Midwest,Minnesota,"St. Paul-Minneapolis, Minnesota",90961.0
2019,US,Midwest,Minnesota,"Staples, Minnesota",6014.0
2019,US,Midwest,Minnesota,"Winona, Minnesota",13199.0
2019,US,Midwest,Missouri,"Arcadia, Missouri",1144.0
2019,US,Midwest,Missouri,"Hermann, Missouri",23021.0
2019,US,Midwest,Missouri,"Independence, Missouri",5553.0
2019,US,Midwest,Missouri,"Jefferson City, Missouri",34757.0
2019,US,Midwest,Missouri,"Kansas City, Missouri",153527.0
2019,US,Midwest,Missouri,"Kirkwood, Missouri",48389.0
2019,US,Midwest,Missouri,"La Plata, Missouri",11487.0
2019,US,Midwest,Missouri,"Lee’s Summit, Missouri",24151.0
2019,US,Midwest,Missouri,"Poplar Bluff, Missouri",4266.0
2019,US,Midwest,Missouri,"Sedalia, Missouri",8128.0
2019,US,Midwest,Missouri,"St. Louis, Missouri",354304.0
2019,US,Midwest,Missouri,"Warrensburg, Missouri",10703.0
2019,US,Midwest,Missouri,"Washington, Missouri",12917.0
2019,US,Midwest,Nebraska,"Hastings, Nebraska",4757.0
2019,US,Midwest,Nebraska,"Holdrege, Nebraska",1779.0
2019,US,Midwest,Nebraska,"Lincoln, Nebraska",14884.0
2019,US,Midwest,Nebraska,"McCook, Nebraska",3345.0
2019,US,Midwest,Nebraska,"Omaha, Nebraska",24909.0
2019,US,Midwest,North Dakota,"Devils Lake, North Dakota",4128.0
2019,US,Midwest,North Dakota,"Fargo, North Dakota",18556.0
2019,US,Midwest,North Dakota,"Grand Forks, North Dakota",12807.0
2019,US,Midwest,North Dakota,"Minot, North Dakota",27281.0
2019,US,Midwest,North Dakota,"Rugby, North Dakota",3968.0
2019,US,Midwest,North Dakota,"Stanley, North Dakota",4463.0
2019,US,Midwest,North Dakota,"Williston, North Dakota",29916.0
2019,US,Midwest,Ohio,"Alliance, Ohio",4309.0
2019,US,Midwest,Ohio,"Bryan, Ohio",5109.0
2019,US,Midwest,Ohio,"Cincinnati, Ohio",8641.0
2019,US,Midwest,Ohio,"Cleveland, Ohio",49195.0
2019,US,Midwest,Ohio,"Elyria, Ohio",5828.0
2019,US,Midwest,Ohio,"Sandusky, Ohio",8821.0
2019,US,Midwest,Ohio,"Toledo, Ohio",50192.0
2019,US,Midwest,Wisconsin,"Columbus, Wisconsin",12537.0
2019,US,Midwest,Wisconsin,"La Crosse, Wisconsin",25587.0
2019,US,Midwest,Wisconsin,"Milwaukee Airport, Wisconsin",178962.0
2019,US,Midwest,Wisconsin,"Milwaukee, Wisconsin",639713.0
2019,US,Midwest,Wisconsin,"Portage, Wisconsin",7061.0
2019,US,Midwest,Wisconsin,"Sturtevant, Wisconsin",81846.0
2019,US,Midwest,Wisconsin,"Tomah, Wisconsin",11394.0
2019,US,Midwest,Wisconsin,"Wisconsin Dells, Wisconsin",14722.0
2019,US,Northeast,Connecticut,"Berlin, Connecticut",19904.0
2019,US,Northeast,Connecticut,"Bridgeport, Connecticut",94551.0
2019,US,Northeast,Connecticut,"Hartford, Connecticut",172178.0
2019,US,Northeast,Connecticut,"Meriden, Connecticut",17676.0
2019,US,Northeast,Connecticut,"Mystic, Connecticut",28662.0
2019,US,Northeast,Connecticut,"New Haven State Street, Connecticut",2912.0
2019,US,Northeast,Connecticut,"New Haven, Connecticut",778534.0
2019,US,Northeast,Connecticut,"New London, Connecticut",164454.0
2019,US,Northeast,Connecticut,"Old Saybrook, Connecticut",70366.0
2019,US,Northeast,Connecticut,"Stamford, Connecticut",429103.0
2019,US,Northeast,Connecticut,"Wallingford, Connecticut",9305.0
2019,US,Northeast,Connecticut,"Windsor Locks, Connecticut",25408.0
2019,US,Northeast,Connecticut,"Windsor, Connecticut",16717.0
2019,US,Northeast,Maine,"Brunswick, Maine",40055.0
2019,US,Northeast,Maine,"Freeport, Maine",15196.0
2019,US,Northeast,Maine,"Old Orchard Beach, Maine",15603.0
2019,US,Northeast,Maine,"Portland, Maine",157542.0
2019,US,Northeast,Maine,"Saco-Biddeford, Maine",49650.0
2019,US,Northeast,Maine,"Wells, Maine",57636.0
2019,US,Northeast,Massachusetts,"Boston-Back Bay, Massachusetts",720147.0
2019,US,Northeast,Massachusetts,"Boston-North Station, Massachusetts",459082.0
2019,US,Northeast,Massachusetts,"Boston-South Station, Massachusetts",1585216.0
2019,US,Northeast,Massachusetts,"Framingham, Massachusetts",1792.0
2019,US,Northeast,Massachusetts,"Greenfield, Massachusetts",6707.0
2019,US,Northeast,Massachusetts,"Haverhill, Massachusetts",44511.0
2019,US,Northeast,Massachusetts,"Holyoke, Massachusetts",1718.0
2019,US,Northeast,Massachusetts,"Northampton, Massachusetts",22284.0
2019,US,Northeast,Massachusetts,"Pittsfield, Massachusetts",8928.0
2019,US,Northeast,Massachusetts,"Route 128 (Boston), Massachusetts",464051.0
2019,US,Northeast,Massachusetts,"Springfield, Massachusetts",125433.0
2019,US,Northeast,Massachusetts,"Woburn, Massachusetts",13702.0
2019,US,Northeast,Massachusetts,"Worcester, Massachusetts",6508.0
2019,US,Northeast,New Hampshire,"Claremont, New Hampshire",4640.0
2019,US,Northeast,New Hampshire,"Dover, New Hampshire",127500.0
2019,US,Northeast,New Hampshire,"Durham-UNH, New Hampshire",114080.0
2019,US,Northeast,New Hampshire,"Exeter, New Hampshire",185950.0
2019,US,Northeast,New Jersey,"Metropark, New Jersey",380914.0
2019,US,Northeast,New Jersey,"New Brunswick, New Jersey",4466.0
2019,US,Northeast,New Jersey,"Newark Airport, New Jersey",164470.0
2019,US,Northeast,New Jersey,"Newark, New Jersey",731146.0
2019,US,Northeast,New Jersey,"Princeton Junction, New Jersey",31809.0
2019,US,Northeast,New Jersey,"Trenton, New Jersey",439564.0
2019,US,Northeast,New York,"Albany-Rensselaer, New York",806960.0
2019,US,Northeast,New York,"Amsterdam, New York",11183.0
2019,US,Northeast,New York,"Buffalo-Depew, New York",107780.0
2019,US,Northeast,New York,"Buffalo-Exchange Street, New York",43384.0
2019,US,Northeast,New York,"Croton-Harmon, New York",46403.0
2019,US,Northeast,New York,"Fort Edward, New York",9365.0
2019,US,Northeast,New York,"Fort Ticonderoga, New York",2008.0
2019,US,Northeast,New York,"Hudson, New York",237268.0
2019,US,Northeast,New York,"New Rochelle, New York",96057.0
2019,US,Northeast,New York,"New York City (Penn Station), New York",10811323.0
2019,US,Northeast,New York,"Niagara Falls, New York",34965.0
2019,US,Northeast,New York,"Plattsburgh, New York",13386.0
2019,US,Northeast,New York,"Port Henry, New York",2846.0
2019,US,Northeast,New York,"Port Kent, New York",402.0
2019,US,Northeast,New York,"Poughkeepsie, New York",109877.0
2019,US,Northeast,New York,"Rhinecliff, New York",211139.0
2019,US,Northeast,New York,"Rochester, New York",132434.0
2019,US,Northeast,New York,"Rome, New York",6924.0
2019,US,Northeast,New York,"Rouses Point, New York",1454.0
2019,US,Northeast,New York,"Saratoga Springs, New York",41611.0
2019,US,Northeast,New York,"Schenectady, New York",62180.0
2019,US,Northeast,New York,"Syracuse, New York",131515.0
2019,US,Northeast,New York,"Utica, New York",63968.0
2019,US,Northeast,New York,"Westport, New York",4733.0
2019,US,Northeast,New York,"Whitehall, New York",1893.0
2019,US,Northeast,New York,"Yonkers, New York",32109.0
2019,US,Northeast,Pennsylvania,"Altoona, Pennsylvania",18689.0
2019,US,Northeast,Pennsylvania,"Ardmore, Pennsylvania",68617.0
2019,US,Northeast,Pennsylvania,"Coatesville, Pennsylvania",14312.0
2019,US,Northeast,Pennsylvania,"Connellsville, Pennsylvania",4864.0
2019,US,Northeast,Pennsylvania,"Cornwells Heights, Pennsylvania",3103.0
2019,US,Northeast,Pennsylvania,"Downingtown, Pennsylvania",81326.0
2019,US,Northeast,Pennsylvania,"Elizabethtown, Pennsylvania",100505.0
2019,US,Northeast,Pennsylvania,"Erie, Pennsylvania",15573.0
2019,US,Northeast,Pennsylvania,"Exton, Pennsylvania",146447.0
2019,US,Northeast,Pennsylvania,"Greensburg, Pennsylvania",12645.0
2019,US,Northeast,Pennsylvania,"Harrisburg, Pennsylvania",520988.0
2019,US,Northeast,Pennsylvania,"Huntingdon, Pennsylvania",5722.0
2019,US,Northeast,Pennsylvania,"Johnstown, Pennsylvania",18848.0
2019,US,Northeast,Pennsylvania,"Lancaster, Pennsylvania",577305.0
2019,US,Northeast,Pennsylvania,"Latrobe, Pennsylvania",4523.0
2019,US,Northeast,Pennsylvania,"Lewistown, Pennsylvania",8249.0
2019,US,Northeast,Pennsylvania,"Middletown, Pennsylvania",67722.0
2019,US,Northeast,Pennsylvania,"Mount Joy, Pennsylvania",47960.0
2019,US,Northeast,Pennsylvania,"Paoli, Pennsylvania",258214.0
2019,US,Northeast,Pennsylvania,"Parkesburg, Pennsylvania",46652.0
2019,US,Northeast,Pennsylvania,"Philadelphia William H. Gray III 30th Street, Pennsylvania",4503055.0
2019,US,Northeast,Pennsylvania,"Philadelphia-North, Pennsylvania",1968.0
2019,US,Northeast,Pennsylvania,"Pittsburgh, Pennsylvania",129946.0
2019,US,Northeast,Pennsylvania,"Tyrone, Pennsylvania",2588.0
2019,US,Northeast,Rhode Island,"Kingston, Rhode Island",174747.0
2019,US,Northeast,Rhode Island,"Providence, Rhode Island",767195.0
2019,US,Northeast,Rhode Island,"Westerly, Rhode Island",45379.0
2019,US,Northeast,Vermont,"Bellows Falls, Vermont",4776.0
2019,US,Northeast,Vermont,"Brattleboro, Vermont",16765.0
2019,US,Northeast,Vermont,"Castleton, Vermont",3995.0
2019,US,Northeast,Vermont,"Essex Junction, Vermont",21029.0
2019,US,Northeast,Vermont,"Montpelier, Vermont",7909.0
2019,US,Northeast,Vermont,"Randolph, Vermont",2053.0
2019,US,Northeast,Vermont,"Rutland, Vermont",12566.0
2019,US,Northeast,Vermont,"St. Albans, Vermont",3733.0
2019,US,Northeast,Vermont,"Waterbury, Vermont",5377.0
2019,US,Northeast,Vermont,"White River Junction, Vermont",13513.0
2019,US,Northeast,Vermont,"Windsor, Vermont",1198.0
2019,US,South,Alabama,"Anniston, Alabama",4244.0
2019,US,South,Alabama,"Birmingham, Alabama",37605.0
2019,US,South,Alabama,"Tuscaloosa, Alabama",9323.0
2019,US,South,Arkansas,"Arkadelphia, Arkansas",1389.0
2019,US,South,Arkansas,"Hope, Arkansas",1579.0
2019,US,South,Arkansas,"Little Rock, Arkansas",17755.0
2019,US,South,Arkansas,"Malvern, Arkansas",1598.0
2019,US,South,Arkansas,"Texarkana, Arkansas",5214.0
2019,US,South,Arkansas,"Walnut Ridge, Arkansas",2878.0
2019,US,South,Delaware,"Newark, Delaware",12100.0
2019,US,South,Delaware,"Wilmington, Delaware",705259.0
2019,US,South,District of Columbia,"Washington Union Station, District of Columbia",5207223.0
2019,US,South,Florida,"DeLand, Florida",20453.0
2019,US,South,Florida,"Deerfield Beach, Florida",21066.0
2019,US,South,Florida,"Delray Beach, Florida",14752.0
2019,US,South,Florida,"Fort Lauderdale, Florida",41218.0
2019,US,South,Florida,"Hollywood, Florida",21652.0
2019,US,South,Florida,"Jacksonville, Florida",63969.0
2019,US,South,Florida,"Kissimmee, Florida",35726.0
2019,US,South,Florida,"Lakeland, Florida",19186.0
2019,US,South,Florida,"Miami, Florida",62497.0
2019,US,South,Florida,"Okeechobee, Florida",4109.0
2019,US,South,Florida,"Orlando, Florida",127186.0
2019,US,South,Florida,"Palatka, Florida",12313.0
2019,US,South,Florida,"Sanford (Auto Train Station), Florida",236035.0
2019,US,South,Florida,"Sebring, Florida",14083.0
2019,US,South,Florida,"Tampa, Florida",110309.0
2019,US,South,Florida,"West Palm Beach, Florida",53716.0
2019,US,South,Florida,"Winter Haven, Florida",19757.0
2019,US,South,Florida,"Winter Park, Florida",27047.0
2019,US,South,Georgia,"Atlanta, Georgia",68112.0
2019,US,South,Georgia,"Gainesville, Georgia",5227.0
2019,US,South,Georgia,"Jesup, Georgia",9767.0
2019,US,South,Georgia,"Savannah, Georgia",56220.0
2019,US,South,Georgia,"Toccoa, Georgia",2381.0
2019,US,South,Kentucky,"Ashland, Kentucky",1965.0
2019,US,South,Kentucky,"Fulton, Kentucky",3357.0
2019,US,South,Kentucky,"Maysville, Kentucky",1993.0
2019,US,South,Kentucky,"South Shore-South Portsmouth, Kentucky",1052.0
2019,US,South,Louisiana,"Hammond, Louisiana",6904.0
2019,US,South,Louisiana,"Lafayette, Louisiana",5778.0
2019,US,South,Louisiana,"Lake Charles, Louisiana",4070.0
2019,US,South,Louisiana,"New Iberia, Louisiana",1604.0
2019,US,South,Louisiana,"New Orleans, Louisiana",151977.0
2019,US,South,Louisiana,"Schriever, Louisiana",1124.0
2019,US,South,Louisiana,"Slidell, Louisiana",4702.0
2019,US,South,Maryland,"Aberdeen, Maryland",35483.0
2019,US,South,Maryland,"BWI Thurgood Marshall Airport, Maryland",751228.0
2019,US,South,Maryland,"Baltimore, Maryland",1043542.0
2019,US,South,Maryland,"Cumberland, Maryland",10371.0
2019,US,South,Maryland,"New Carrollton, Maryland",185930.0
2019,US,South,Maryland,"Rockville, Maryland",5421.0
2019,US,South,Mississippi,"Brookhaven, Mississippi",2809.0
2019,US,South,Mississippi,"Greenwood, Mississippi",12306.0
2019,US,South,Mississippi,"Hattiesburg, Mississippi",8326.0
2019,US,South,Mississippi,"Hazlehurst, Mississippi",1045.0
2019,US,South,Mississippi,"Jackson, Mississippi",74248.0
2019,US,South,Mississippi,"Laurel, Mississippi",3715.0
2019,US,South,Mississippi,"Marks, Mississippi",2542.0
2019,US,South,Mississippi,"McComb, Mississippi",3602.0
2019,US,South,Mississippi,"Meridian, Mississippi",9173.0
2019,US,South,Mississippi,"Picayune, Mississippi",1738.0
2019,US,South,Mississippi,"Yazoo City, Mississippi",3158.0
2019,US,South,North Carolina,"Burlington, North Carolina",23718.0
2019,US,South,North Carolina,"Cary, North Carolina",85392.0
2019,US,South,North Carolina,"Charlotte, North Carolina",192143.0
2019,US,South,North Carolina,"Durham, North Carolina",82935.0
2019,US,South,North Carolina,"Fayetteville, North Carolina",47975.0
2019,US,South,North Carolina,"Gastonia, North Carolina",1480.0
2019,US,South,North Carolina,"Greensboro, North Carolina",127007.0
2019,US,South,North Carolina,"Hamlet, North Carolina",4165.0
2019,US,South,North Carolina,"High Point, North Carolina",32172.0
2019,US,South,North Carolina,"Kannapolis, North Carolina",20455.0
2019,US,South,North Carolina,"Raleigh, North Carolina",172106.0
2019,US,South,North Carolina,"Rocky Mount, North Carolina",50861.0
2019,US,South,North Carolina,"Salisbury, North Carolina",21771.0
2019,US,South,North Carolina,"Selma-Smithfield, North Carolina",11804.0
2019,US,South,North Carolina,"Southern Pines, North Carolina",7351.0
2019,US,South,North Carolina,"Wilson, North Carolina",50523.0
2019,US,South,Oklahoma,"Ardmore, Oklahoma",6614.0
2019,US,South,Oklahoma,"Norman, Oklahoma",12601.0
2019,US,South,Oklahoma,"Oklahoma City, Oklahoma",45040.0
2019,US,South,Oklahoma,"Pauls Valley, Oklahoma",4282.0
2019,US,South,Oklahoma,"Purcell, Oklahoma",1885.0
2019,US,South,South Carolina,"Camden, South Carolina",3436.0
2019,US,South,South Carolina,"Charleston, South Carolina",59930.0
2019,US,South,South Carolina,"Clemson*, South Carolina",481.0
2019,US,South,South Carolina,"Columbia, South Carolina",30870.0
2019,US,South,South Carolina,"Denmark, South Carolina",3126.0
2019,US,South,South Carolina,"Dillon, South Carolina",5420.0
2019,US,South,South Carolina,"Florence, South Carolina",39726.0
2019,US,South,South Carolina,"Greenville, South Carolina",12397.0
2019,US,South,South Carolina,"Kingstree, South Carolina",10538.0
2019,US,South,South Carolina,"Spartanburg, South Carolina",3711.0
2019,US,South,South Carolina,"Yemassee, South Carolina",9428.0
2019,US,South,Tennessee,"Memphis, Tennessee",61193.0
2019,US,South,Tennessee,"Newbern-Dyersberg, Tennessee",3208.0
2019,US,South,Texas,"Alpine, Texas",5242.0
2019,US,South,Texas,"Austin, Texas",29525.0
2019,US,South,Texas,"Beaumont, Texas",3651.0
2019,US,South,Texas,"Cleburne, Texas",3747.0
2019,US,South,Texas,"Dallas, Texas",44238.0
2019,US,South,Texas,"Del Rio, Texas",1650.0
2019,US,South,Texas,"El Paso, Texas",14362.0
2019,US,South,Texas,"Fort Worth, Texas",107732.0
2019,US,South,Texas,"Gainesville, Texas",6534.0
2019,US,South,Texas,"Houston, Texas",20460.0
2019,US,South,Texas,"Longview, Texas",28836.0
2019,US,South,Texas,"Marshall, Texas",6694.0
2019,US,South,Texas,"McGregor, Texas",5365.0
2019,US,South,Texas,"Mineola, Texas",7438.0
2019,US,South,Texas,"San Antonio, Texas",50272.0
2019,US,South,Texas,"San Marcos, Texas",7553.0
2019,US,South,Texas,"Sanderson, Texas",225.0
2019,US,South,Texas,"Taylor, Texas",4978.0
2019,US,South,Texas,"Temple, Texas",15371.0
2019,US,South,Virginia,"Alexandria, Virginia",201535.0
2019,US,South,Virginia,"Ashland, Virginia",29924.0
2019,US,South,Virginia,"Burke Centre, Virginia",9062.0
2019,US,South,Virginia,"Charlottesville, Virginia",136786.0
2019,US,South,Virginia,"Clifton Forge, Virginia",2190.0
2019,US,South,Virginia,"Culpeper, Virginia",16285.0
2019,US,South,Virginia,"Danville, Virginia",7535.0
2019,US,South,Virginia,"Fredericksburg, Virginia",67540.0
2019,US,South,Virginia,"Lorton (Auto Train), Virginia",236035.0
2019,US,South,Virginia,"Lynchburg, Virginia",54632.0
2019,US,South,Virginia,"Manassas, Virginia",26234.0
2019,US,South,Virginia,"Newport News, Virginia",95510.0
2019,US,South,Virginia,"Norfolk, Virginia",64505.0
2019,US,South,Virginia,"Petersburg, Virginia",32834.0
2019,US,South,Virginia,"Quantico, Virginia",20106.0
2019,US,South,Virginia,"Richmond - Main Street, Virginia",50157.0
2019,US,South,Virginia,"Richmond - Staples Mill, Virginia",361191.0
2019,US,South,Virginia,"Roanoke, Virginia",59056.0
2019,US,South,Virginia,"Staunton, Virginia",5405.0
2019,US,South,Virginia,"Williamsburg, Virginia",54553.0
2019,US,South,Virginia,"Woodbridge, Virginia",11738.0
2019,US,South,West Virginia,"Alderson, West Virginia",578.0
2019,US,South,West Virginia,"Charleston, West Virginia",8280.0
2019,US,South,West Virginia,"Harpers Ferry, West Virginia",7920.0
2019,US,South,West Virginia,"Hinton, West Virginia",6456.0
2019,US,South,West Virginia,"Huntington, West Virginia",8870.0
2019,US,South,West Virginia,"Martinsburg, West Virginia",10917.0
2019,US,South,West Virginia,"Montgomery, West Virginia",275.0
2019,US,South,West Virginia,"Prince, West Virginia",2717.0
2019,US,South,West Virginia,"Thurmond, West Virginia",364.0
2019,US,South,West Virginia,"White Sulphur Springs, West Virginia",5191.0
2019,US,West,Arizona,"Benson, Arizona",1947.0
2019,US,West,Arizona,"Flagstaff, Arizona",43453.0
2019,US,West,Arizona,"Kingman, Arizona",8691.0
2019,US,West,Arizona,"Maricopa, Arizona",11194.0
2019,US,West,Arizona,"Tucson, Arizona",25695.0
2019,US,West,Arizona,"Winslow, Arizona",4371.0
2019,US,West,Arizona,"Yuma, Arizona",4285.0
2019,US,West,California,"Anaheim, California",239471.0
2019,US,West,California,"Antioch-Pittsburg, California",34615.0
2019,US,West,California,"Auburn, California",15325.0
2019,US,West,California,"Bakersfield, California",424157.0
2019,US,West,California,"Barstow, California",3112.0
2019,US,West,California,"Berkeley, California",174656.0
2019,US,West,California,"Burbank, California",63749.0
2019,US,West,California,"Camarillo, California",53219.0
2019,US,West,California,"Carlsbad Village, California",160.0
2019,US,West,California,"Carpinteria, California",32597.0
2019,US,West,California,"Chatsworth, California",62464.0
2019,US,West,California,"Chico, California",10580.0
2019,US,West,California,"Colfax, California",5845.0
2019,US,West,California,"Corcoran, California",26789.0
2019,US,West,California,"Davis, California",380034.0
2019,US,West,California,"Dunsmuir, California",5178.0
2019,US,West,California,"Emeryville, California",585849.0
2019,US,West,California,"Fairfield-Vacaville, California",101369.0
2019,US,West,California,"Fremont, California",48512.0
2019,US,West,California,"Fresno, California",368262.0
2019,US,West,California,"Fullerton, California",256594.0
2019,US,West,California,"Glendale, California",44390.0
2019,US,West,California,"Goleta, California",110409.0
2019,US,West,California,"Great America (Santa Clara), California",194677.0
2019,US,West,California,"Grover Beach, California",13293.0
2019,US,West,California,"Guadalupe-Santa Maria, California",9298.0
2019,US,West,California,"Hanford, California",181209.0
2019,US,West,California,"Hayward, California",70383.0
2019,US,West,California,"Irvine, California",347262.0
2019,US,West,California,"Lodi, California",11285.0
2019,US,West,California,"Lompoc-Surf, California",6610.0
2019,US,West,California,"Los Angeles, California",1413006.0
2019,US,West,California,"Madera, California",27591.0
2019,US,West,California,"Martinez, California",352068.0
2019,US,West,California,"Merced, California",133311.0
2019,US,West,California,"Modesto, California",116342.0
2019,US,West,California,"Moorpark, California",17539.0
2019,US,West,California,"Needles, California",8641.0
2019,US,West,California,"Oakland Coliseum, California",92730.0
2019,US,West,California,"Oakland, California",396640.0
2019,US,West,California,"Oceanside, California",258266.0
2019,US,West,California,"Ontario, California",4077.0
2019,US,West,California,"Oxnard, California",91436.0
2019,US,West,California,"Palm Springs, California",3045.0
2019,US,West,California,"Paso Robles, California",11808.0
2019,US,West,California,"Pomona, California",1607.0
2019,US,West,California,"Redding, California",10135.0
2019,US,West,California,"Richmond, California",291270.0
2019,US,West,California,"Riverside, California",10973.0
2019,US,West,California,"Rocklin, California",17199.0
2019,US,West,California,"Roseville, California",39289.0
2019,US,West,California,"Sacramento, California",1100550.0
2019,US,West,California,"Salinas, California",19965.0
2019,US,West,California,"San Bernardino, California",10275.0
2019,US,West,California,"San Clemente Pier, California",15753.0
2019,US,West,California,"San Diego, California",652818.0
2019,US,West,California,"San Diego-Old Town, California",362340.0
2019,US,West,California,"San Jose, California",238638.0
2019,US,West,California,"San Juan Capistrano, California",194555.0
2019,US,West,California,"San Luis Obispo, California",72922.0
2019,US,West,California,"Santa Ana, California",143020.0
2019,US,West,California,"Santa Barbara, California",317664.0
2019,US,West,California,"Santa Clara (University), California",67887.0
2019,US,West,California,"Simi Valley, California",46391.0
2019,US,West,California,"Solana Beach, California",369414.0
2019,US,West,California,"Sorrento Valley, California",463.0
2019,US,West,California,"Stockton (Downtown), California",16517.0
2019,US,West,California,"Stockton (San Joaquin St.), California",276886.0
2019,US,West,California,"Suisun-Fairfield, California",128369.0
2019,US,West,California,"Truckee, California",15104.0
2019,US,West,California,"Turlock-Denair, California",32633.0
2019,US,West,California,"Van Nuys, California",67522.0
2019,US,West,California,"Ventura, California",83095.0
2019,US,West,California,"Victorville, California",5501.0
2019,US,West,California,"Wasco, California",39232.0
2019,US,West,Colorado,"Denver, Colorado",142974.0
2019,US,West,Colorado,"Fort Morgan, Colorado",3473.0
2019,US,West,Colorado,"Glenwood Springs, Colorado",42418.0
2019,US,West,Colorado,"Granby, Colorado",4863.0
2019,US,West,Colorado,"Grand Junction, Colorado",32662.0
2019,US,West,Colorado,"La Junta, Colorado",7061.0
2019,US,West,Colorado,"Lamar, Colorado",1573.0
2019,US,West,Colorado,"Trinidad, Colorado",6060.0
2019,US,West,Colorado,"Winter Park Resort (seasonal), Colorado",18996.0
2019,US,West,Colorado,"Winter Park-Fraser, Colorado",10152.0
2019,US,West,Idaho,"Sandpoint, Idaho",6726.0
2019,US,West,Montana,"Browning (winter only), Montana",1255.0
2019,US,West,Montana,"Cut Bank, Montana",2071.0
2019,US,West,Montana,"East Glacier (summer only), Montana",14677.0
2019,US,West,Montana,"Essex, Montana",3408.0
2019,US,West,Montana,"Glasgow, Montana",4751.0
2019,US,West,Montana,"Havre, Montana",10210.0
2019,US,West,Montana,"Libby, Montana",5450.0
2019,US,West,Montana,"Malta, Montana",4265.0
2019,US,West,Montana,"Shelby, Montana",9130.0
2019,US,West,Montana,"West Glacier, Montana",5888.0
2019,US,West,Montana,"Whitefish, Montana",55642.0
2019,US,West,Montana,"Wolf Point, Montana",4603.0
2019,US,West,Nevada,"Elko, Nevada",8360.0
2019,US,West,Nevada,"Reno, Nevada",75397.0
2019,US,West,Nevada,"Winnemucca, Nevada",5203.0
2019,US,West,New Mexico,"Albuquerque, New Mexico",67354.0
2019,US,West,New Mexico,"Deming, New Mexico",1295.0
2019,US,West,New Mexico,"Gallup, New Mexico",15739.0
2019,US,West,New Mexico,"Lamy (Santa Fe), New Mexico",9064.0
2019,US,West,New Mexico,"Las Vegas, New Mexico",4648.0
2019,US,West,New Mexico,"Lordsburg, New Mexico",624.0
2019,US,West,New Mexico,"Raton, New Mexico",18062.0
2019,US,West,Oregon,"Albany, Oregon",32856.0
2019,US,West,Oregon,"Chemult, Oregon",9067.0
2019,US,West,Oregon,"Eugene, Oregon",85770.0
2019,US,West,Oregon,"Klamath Falls, Oregon",29005.0
2019,US,West,Oregon,"Oregon City, Oregon",13456.0
2019,US,West,Oregon,"Portland, Oregon",585344.0
2019,US,West,Oregon,"Salem, Oregon",56569.0
2019,US,West,Utah,"Green River, Utah",2634.0
2019,US,West,Utah,"Helper, Utah",2501.0
2019,US,West,Utah,"Provo, Utah",5634.0
2019,US,West,Utah,"Salt Lake City, Utah",46408.0
2019,US,West,Washington,"Bellingham, Washington",53659.0
2019,US,West,Washington,"Bingen-White Salmon, Washington",3060.0
2019,US,West,Washington,"Centralia, Washington",26558.0
2019,US,West,Washington,"Edmonds, Washington",29462.0
2019,US,West,Washington,"Ephrata, Washington",3977.0
2019,US,West,Washington,"Everett, Washington",40249.0
2019,US,West,Washington,"Kelso-Longview, Washington",31081.0
2019,US,West,Washington,"Leavenworth, Washington",7443.0
2019,US,West,Washington,"Mount Vernon, Washington",16367.0
2019,US,West,Washington,"Olympia/Lacey, Washington",68310.0
2019,US,West,Washington,"Pasco, Washington",22322.0
2019,US,West,Washington,"Seattle, Washington",682132.0
2019,US,West,Washington,"Spokane, Washington",46802.0
2019,US,West,Washington,"Stanwood, Washington",5856.0
2019,US,West,Washington,"Tacoma, Washington",111243.0
2019,US,West,Washington,"Tukwila, Washington",35117.0
2019,US,West,Washington,"Vancouver, Washington",103065.0
2019,US,West,Washington,"Wenatchee, Washington",13623.0
2019,US,West,Washington,"Wishram, Washington",1259.0
2020,US,Midwest,Illinois,"Alton, Illinois",29749.0
2020,US,Midwest,Illinois,"Bloomington/Normal, Illinois",116921.0
2020,US,Midwest,Illinois,"Carbondale, Illinois",50761.0
2020,US,Midwest,Illinois,"Carlinville, Illinois",5521.0
2020,US,Midwest,Illinois,"Centralia, Illinois",11132.0
2020,US,Midwest,Illinois,"Champaign-Urbana, Illinois",113548.0
2020,US,Midwest,Illinois,"Chicago, Illinois",1688452.0
2020,US,Midwest,Illinois,"Du Quoin, Illinois",4389.0
2020,US,Midwest,Illinois,"Dwight, Illinois",5249.0
2020,US,Midwest,Illinois,"Effingham, Illinois",12713.0
2020,US,Midwest,Illinois,"Galesburg, Illinois",50273.0
2020,US,Midwest,Illinois,"Gilman, Illinois",1365.0
2020,US,Midwest,Illinois,"Glenview, Illinois",31551.0
2020,US,Midwest,Illinois,"Homewood, Illinois",22994.0
2020,US,Midwest,Illinois,"Joliet, Illinois",35319.0
2020,US,Midwest,Illinois,"Kankakee, Illinois",14689.0
2020,US,Midwest,Illinois,"Kewanee, Illinois",9128.0
2020,US,Midwest,Illinois,"La Grange Road, Illinois",6673.0
2020,US,Midwest,Illinois,"Lincoln, Illinois",11764.0
2020,US,Midwest,Illinois,"Macomb, Illinois",33061.0
2020,US,Midwest,Illinois,"Mattoon, Illinois",19908.0
2020,US,Midwest,Illinois,"Mendota, Illinois",12322.0
2020,US,Midwest,Illinois,"Naperville, Illinois",22563.0
2020,US,Midwest,Illinois,"Plano, Illinois",3588.0
2020,US,Midwest,Illinois,"Pontiac, Illinois",7366.0
2020,US,Midwest,Illinois,"Princeton, Illinois",19189.0
2020,US,Midwest,Illinois,"Quincy, Illinois",19497.0
2020,US,Midwest,Illinois,"Rantoul, Illinois",3597.0
2020,US,Midwest,Illinois,"Springfield, Illinois",79796.0
2020,US,Midwest,Illinois,"Summit, Illinois",9607.0
2020,US,Midwest,Indiana,"Connersville, Indiana",366.0
2020,US,Midwest,Indiana,"Crawfordsville (Bus), Indiana",1244.0
2020,US,Midwest,Indiana,"Dyer, Indiana",1090.0
2020,US,Midwest,Indiana,"Elkhart, Indiana",14693.0
2020,US,Midwest,Indiana,"Hammond-Whiting, Indiana",2413.0
2020,US,Midwest,Indiana,"Indianapolis, Indiana",7373.0
2020,US,Midwest,Indiana,"Lafayette, Indiana",2984.0
2020,US,Midwest,Indiana,"Michigan City, Indiana",1136.0
2020,US,Midwest,Indiana,"Rensselaer, Indiana",482.0
2020,US,Midwest,Indiana,"South Bend, Indiana",12724.0
2020,US,Midwest,Indiana,"Waterloo, Indiana",11559.0
2020,US,Midwest,Iowa,"Burlington, Iowa",5446.0
2020,US,Midwest,Iowa,"Creston, Iowa",1933.0
2020,US,Midwest,Iowa,"Fort Madison, Iowa",3327.0
2020,US,Midwest,Iowa,"Mount Pleasant, Iowa",5929.0
2020,US,Midwest,Iowa,"Osceola, Iowa",8305.0
2020,US,Midwest,Iowa,"Ottumwa, Iowa",6661.0
2020,US,Midwest,Kansas,"Dodge City, Kansas",3112.0
2020,US,Midwest,Kansas,"Garden City, Kansas",4119.0
2020,US,Midwest,Kansas,"Hutchinson, Kansas",2661.0
2020,US,Midwest,Kansas,"Lawrence, Kansas",4973.0
2020,US,Midwest,Kansas,"Newton, Kansas",8618.0
2020,US,Midwest,Kansas,"Topeka, Kansas",5380.0
2020,US,Midwest,Michigan,"Albion, Michigan",1344.0
2020,US,Midwest,Michigan,"Ann Arbor, Michigan",77886.0
2020,US,Midwest,Michigan,"Bangor, Michigan",2014.0
2020,US,Midwest,Michigan,"Battle Creek, Michigan",21026.0
2020,US,Midwest,Michigan,"Dearborn, Michigan",36622.0
2020,US,Midwest,Michigan,"Detroit, Michigan",39252.0
2020,US,Midwest,Michigan,"Dowagiac, Michigan",2453.0
2020,US,Midwest,Michigan,"Durand, Michigan",6863.0
2020,US,Midwest,Michigan,"East Lansing, Michigan",38070.0
2020,US,Midwest,Michigan,"Flint, Michigan",15926.0
2020,US,Midwest,Michigan,"Grand Rapids, Michigan",21236.0
2020,US,Midwest,Michigan,"Holland, Michigan",17524.0
2020,US,Midwest,Michigan,"Jackson, Michigan",11741.0
2020,US,Midwest,Michigan,"Kalamazoo, Michigan",57958.0
2020,US,Midwest,Michigan,"Lapeer, Michigan",4940.0
2020,US,Midwest,Michigan,"New Buffalo, Michigan",11328.0
2020,US,Midwest,Michigan,"Niles, Michigan",9047.0
2020,US,Midwest,Michigan,"Pontiac, Michigan",8139.0
2020,US,Midwest,Michigan,"Port Huron, Michigan",8123.0
2020,US,Midwest,Michigan,"Royal Oak, Michigan",13169.0
2020,US,Midwest,Michigan,"St. Joseph/Benton Harbor, Michigan",6717.0
2020,US,Midwest,Michigan,"Troy, Michigan",17928.0
2020,US,Midwest,Minnesota,"Detroit Lakes, Minnesota",3150.0
2020,US,Midwest,Minnesota,"Red Wing, Minnesota",4695.0
2020,US,Midwest,Minnesota,"St. Cloud, Minnesota",5953.0
2020,US,Midwest,Minnesota,"St. Paul-Minneapolis, Minnesota",48359.0
2020,US,Midwest,Minnesota,"Staples, Minnesota",4050.0
2020,US,Midwest,Minnesota,"Winona, Minnesota",8378.0
2020,US,Midwest,Missouri,"Arcadia, Missouri",788.0
2020,US,Midwest,Missouri,"Hermann, Missouri",11790.0
2020,US,Midwest,Missouri,"Independence, Missouri",3489.0
2020,US,Midwest,Missouri,"Jefferson City, Missouri",20616.0
2020,US,Midwest,Missouri,"Kansas City, Missouri",82590.0
2020,US,Midwest,Missouri,"Kirkwood, Missouri",24650.0
2020,US,Midwest,Missouri,"La Plata, Missouri",6184.0
2020,US,Midwest,Missouri,"Lee’s Summit, Missouri",13979.0
2020,US,Midwest,Missouri,"Poplar Bluff, Missouri",3301.0
2020,US,Midwest,Missouri,"Sedalia, Missouri",4612.0
2020,US,Midwest,Missouri,"St. Louis, Missouri",174773.0
2020,US,Midwest,Missouri,"Warrensburg, Missouri",6135.0
2020,US,Midwest,Missouri,"Washington, Missouri",7191.0
2020,US,Midwest,Nebraska,"Hastings, Nebraska",2967.0
2020,US,Midwest,Nebraska,"Holdrege, Nebraska",879.0
2020,US,Midwest,Nebraska,"Lincoln, Nebraska",8805.0
2020,US,Midwest,Nebraska,"McCook, Nebraska",2211.0
2020,US,Midwest,Nebraska,"Omaha, Nebraska",14975.0
2020,US,Midwest,North Dakota,"Devils Lake, North Dakota",2560.0
2020,US,Midwest,North Dakota,"Fargo, North Dakota",12408.0
2020,US,Midwest,North Dakota,"Grand Forks, North Dakota",7674.0
2020,US,Midwest,North Dakota,"Minot, North Dakota",16469.0
2020,US,Midwest,North Dakota,"Rugby, North Dakota",2293.0
2020,US,Midwest,North Dakota,"Stanley, North Dakota",2960.0
2020,US,Midwest,North Dakota,"Williston, North Dakota",17889.0
2020,US,Midwest,Ohio,"Alliance, Ohio",2529.0
2020,US,Midwest,Ohio,"Bryan, Ohio",3252.0
2020,US,Midwest,Ohio,"Cincinnati, Ohio",5451.0
2020,US,Midwest,Ohio,"Cleveland, Ohio",32704.0
2020,US,Midwest,Ohio,"Elyria, Ohio",5098.0
2020,US,Midwest,Ohio,"Sandusky, Ohio",5360.0
2020,US,Midwest,Ohio,"Toledo, Ohio",31735.0
2020,US,Midwest,Wisconsin,"Columbus, Wisconsin",7103.0
2020,US,Midwest,Wisconsin,"La Crosse, Wisconsin",15450.0
2020,US,Midwest,Wisconsin,"Milwaukee Airport, Wisconsin",74162.0
2020,US,Midwest,Wisconsin,"Milwaukee, Wisconsin",311350.0
2020,US,Midwest,Wisconsin,"Portage, Wisconsin",4268.0
2020,US,Midwest,Wisconsin,"Sturtevant, Wisconsin",36178.0
2020,US,Midwest,Wisconsin,"Tomah, Wisconsin",8151.0
2020,US,Midwest,Wisconsin,"Wisconsin Dells, Wisconsin",8559.0
2020,US,Northeast,Connecticut,"Berlin, Connecticut",11224.0
2020,US,Northeast,Connecticut,"Bridgeport, Connecticut",54364.0
2020,US,Northeast,Connecticut,"Hartford, Connecticut",93865.0
2020,US,Northeast,Connecticut,"Meriden, Connecticut",10244.0
2020,US,Northeast,Connecticut,"Mystic, Connecticut",14623.0
2020,US,Northeast,Connecticut,"New Haven State Street, Connecticut",2273.0
2020,US,Northeast,Connecticut,"New Haven, Connecticut",425723.0
2020,US,Northeast,Connecticut,"New London, Connecticut",83353.0
2020,US,Northeast,Connecticut,"Old Saybrook, Connecticut",33980.0
2020,US,Northeast,Connecticut,"Stamford, Connecticut",210417.0
2020,US,Northeast,Connecticut,"Wallingford, Connecticut",5164.0
2020,US,Northeast,Connecticut,"Windsor Locks, Connecticut",12768.0
2020,US,Northeast,Connecticut,"Windsor, Connecticut",8532.0
2020,US,Northeast,Maine,"Brunswick, Maine",20273.0
2020,US,Northeast,Maine,"Freeport, Maine",9322.0
2020,US,Northeast,Maine,"Old Orchard Beach, Maine",2012.0
2020,US,Northeast,Maine,"Portland, Maine",73223.0
2020,US,Northeast,Maine,"Saco-Biddeford, Maine",25879.0
2020,US,Northeast,Maine,"Wells, Maine",24680.0
2020,US,Northeast,Massachusetts,"Boston-Back Bay, Massachusetts",355279.0
2020,US,Northeast,Massachusetts,"Boston-North Station, Massachusetts",219491.0
2020,US,Northeast,Massachusetts,"Boston-South Station, Massachusetts",793113.0
2020,US,Northeast,Massachusetts,"Framingham, Massachusetts",1083.0
2020,US,Northeast,Massachusetts,"Greenfield, Massachusetts",3823.0
2020,US,Northeast,Massachusetts,"Haverhill, Massachusetts",22579.0
2020,US,Northeast,Massachusetts,"Holyoke, Massachusetts",774.0
2020,US,Northeast,Massachusetts,"Northampton, Massachusetts",10943.0
2020,US,Northeast,Massachusetts,"Pittsfield, Massachusetts",6619.0
2020,US,Northeast,Massachusetts,"Route 128 (Boston), Massachusetts",230024.0
2020,US,Northeast,Massachusetts,"Springfield, Massachusetts",72024.0
2020,US,Northeast,Massachusetts,"Woburn, Massachusetts",6306.0
2020,US,Northeast,Massachusetts,"Worcester, Massachusetts",4564.0
2020,US,Northeast,New Hampshire,"Claremont, New Hampshire",1131.0
2020,US,Northeast,New Hampshire,"Dover, New Hampshire",29803.0
2020,US,Northeast,New Hampshire,"Durham-UNH, New Hampshire",31476.0
2020,US,Northeast,New Hampshire,"Exeter, New Hampshire",44647.0
2020,US,Northeast,New Jersey,"Metropark, New Jersey",183954.0
2020,US,Northeast,New Jersey,"New Brunswick, New Jersey",2193.0
2020,US,Northeast,New Jersey,"Newark Airport, New Jersey",74403.0
2020,US,Northeast,New Jersey,"Newark, New Jersey",367861.0
2020,US,Northeast,New Jersey,"Princeton Junction, New Jersey",15118.0
2020,US,Northeast,New Jersey,"Trenton, New Jersey",211156.0
2020,US,Northeast,New York,"Albany-Rensselaer, New York",450965.0
2020,US,Northeast,New York,"Amsterdam, New York",7909.0
2020,US,Northeast,New York,"Buffalo-Depew, New York",60926.0
2020,US,Northeast,New York,"Buffalo-Exchange Street, New York",29135.0
2020,US,Northeast,New York,"Croton-Harmon, New York",25891.0
2020,US,Northeast,New York,"Fort Edward, New York",3394.0
2020,US,Northeast,New York,"Fort Ticonderoga, New York",557.0
2020,US,Northeast,New York,"Hudson, New York",131357.0
2020,US,Northeast,New York,"New Rochelle, New York",51730.0
2020,US,Northeast,New York,"New York City (Penn Station), New York",5432851.0
2020,US,Northeast,New York,"Niagara Falls, New York",15983.0
2020,US,Northeast,New York,"Plattsburgh, New York",5854.0
2020,US,Northeast,New York,"Port Henry, New York",1291.0
2020,US,Northeast,New York,"Port Kent, New York",0.0
2020,US,Northeast,New York,"Poughkeepsie, New York",65910.0
2020,US,Northeast,New York,"Rhinecliff, New York",110703.0
2020,US,Northeast,New York,"Rochester, New York",83655.0
2020,US,Northeast,New York,"Rome, New York",5426.0
2020,US,Northeast,New York,"Rouses Point, New York",540.0
2020,US,Northeast,New York,"Saratoga Springs, New York",16543.0
2020,US,Northeast,New York,"Schenectady, New York",40006.0
2020,US,Northeast,New York,"Syracuse, New York",82067.0
2020,US,Northeast,New York,"Utica, New York",42319.0
2020,US,Northeast,New York,"Westport, New York",1467.0
2020,US,Northeast,New York,"Whitehall, New York",648.0
2020,US,Northeast,New York,"Yonkers, New York",21390.0
2020,US,Northeast,Pennsylvania,"Altoona, Pennsylvania",10892.0
2020,US,Northeast,Pennsylvania,"Ardmore, Pennsylvania",34001.0
2020,US,Northeast,Pennsylvania,"Coatesville, Pennsylvania",9186.0
2020,US,Northeast,Pennsylvania,"Connellsville, Pennsylvania",2656.0
2020,US,Northeast,Pennsylvania,"Cornwells Heights, Pennsylvania",1054.0
2020,US,Northeast,Pennsylvania,"Downingtown, Pennsylvania",38891.0
2020,US,Northeast,Pennsylvania,"Elizabethtown, Pennsylvania",46517.0
2020,US,Northeast,Pennsylvania,"Erie, Pennsylvania",10175.0
2020,US,Northeast,Pennsylvania,"Exton, Pennsylvania",70003.0
2020,US,Northeast,Pennsylvania,"Greensburg, Pennsylvania",6578.0
2020,US,Northeast,Pennsylvania,"Harrisburg, Pennsylvania",267349.0
2020,US,Northeast,Pennsylvania,"Huntingdon, Pennsylvania",3337.0
2020,US,Northeast,Pennsylvania,"Johnstown, Pennsylvania",12265.0
2020,US,Northeast,Pennsylvania,"Lancaster, Pennsylvania",298202.0
2020,US,Northeast,Pennsylvania,"Latrobe, Pennsylvania",2293.0
2020,US,Northeast,Pennsylvania,"Lewistown, Pennsylvania",4706.0
2020,US,Northeast,Pennsylvania,"Middletown, Pennsylvania",33404.0
2020,US,Northeast,Pennsylvania,"Mount Joy, Pennsylvania",26004.0
2020,US,Northeast,Pennsylvania,"Paoli, Pennsylvania",125104.0
2020,US,Northeast,Pennsylvania,"Parkesburg, Pennsylvania",23244.0
2020,US,Northeast,Pennsylvania,"Philadelphia William H. Gray III 30th Street, Pennsylvania",2261194.0
2020,US,Northeast,Pennsylvania,"Philadelphia-North, Pennsylvania",917.0
2020,US,Northeast,Pennsylvania,"Pittsburgh, Pennsylvania",75813.0
2020,US,Northeast,Pennsylvania,"Tyrone, Pennsylvania",1500.0
2020,US,Northeast,Rhode Island,"Kingston, Rhode Island",81369.0
2020,US,Northeast,Rhode Island,"Providence, Rhode Island",389627.0
2020,US,Northeast,Rhode Island,"Westerly, Rhode Island",19113.0
2020,US,Northeast,Vermont,"Bellows Falls, Vermont",2099.0
2020,US,Northeast,Vermont,"Brattleboro, Vermont",7844.0
2020,US,Northeast,Vermont,"Castleton, Vermont",1929.0
2020,US,Northeast,Vermont,"Essex Junction, Vermont",11070.0
2020,US,Northeast,Vermont,"Montpelier, Vermont",3791.0
2020,US,Northeast,Vermont,"Randolph, Vermont",984.0
2020,US,Northeast,Vermont,"Rutland, Vermont",6706.0
2020,US,Northeast,Vermont,"St. Albans, Vermont",1735.0
2020,US,Northeast,Vermont,"Waterbury, Vermont",2775.0
2020,US,Northeast,Vermont,"White River Junction, Vermont",5934.0
2020,US,Northeast,Vermont,"Windsor, Vermont",566.0
2020,US,South,Alabama,"Anniston, Alabama",2369.0
2020,US,South,Alabama,"Birmingham, Alabama",17474.0
2020,US,South,Alabama,"Tuscaloosa, Alabama",4871.0
2020,US,South,Arkansas,"Arkadelphia, Arkansas",811.0
2020,US,South,Arkansas,"Hope, Arkansas",1013.0
2020,US,South,Arkansas,"Little Rock, Arkansas",10538.0
2020,US,South,Arkansas,"Malvern, Arkansas",1038.0
2020,US,South,Arkansas,"Texarkana, Arkansas",3420.0
2020,US,South,Arkansas,"Walnut Ridge, Arkansas",1975.0
2020,US,South,Delaware,"Newark, Delaware",7101.0
2020,US,South,Delaware,"Wilmington, Delaware",348457.0
2020,US,South,District of Columbia,"Washington Union Station, District of Columbia",2606059.0
2020,US,South,Florida,"DeLand, Florida",12338.0
2020,US,South,Florida,"Deerfield Beach, Florida",12262.0
2020,US,South,Florida,"Delray Beach, Florida",8829.0
2020,US,South,Florida,"Fort Lauderdale, Florida",26357.0
2020,US,South,Florida,"Hollywood, Florida",13067.0
2020,US,South,Florida,"Jacksonville, Florida",39872.0
2020,US,South,Florida,"Kissimmee, Florida",20757.0
2020,US,South,Florida,"Lakeland, Florida",10733.0
2020,US,South,Florida,"Miami, Florida",39123.0
2020,US,South,Florida,"Okeechobee, Florida",2809.0
2020,US,South,Florida,"Orlando, Florida",72267.0
2020,US,South,Florida,"Palatka, Florida",7723.0
2020,US,South,Florida,"Sanford (Auto Train Station), Florida",163468.0
2020,US,South,Florida,"Sebring, Florida",9166.0
2020,US,South,Florida,"Tampa, Florida",65718.0
2020,US,South,Florida,"West Palm Beach, Florida",32819.0
2020,US,South,Florida,"Winter Haven, Florida",13321.0
2020,US,South,Florida,"Winter Park, Florida",14828.0
2020,US,South,Georgia,"Atlanta, Georgia",41277.0
2020,US,South,Georgia,"Gainesville, Georgia",3157.0
2020,US,South,Georgia,"Jesup, Georgia",6051.0
2020,US,South,Georgia,"Savannah, Georgia",33600.0
2020,US,South,Georgia,"Toccoa, Georgia",1375.0
2020,US,South,Kentucky,"Ashland, Kentucky",1210.0
2020,US,South,Kentucky,"Fulton, Kentucky",2199.0
2020,US,South,Kentucky,"Maysville, Kentucky",1475.0
2020,US,South,Kentucky,"South Shore-South Portsmouth, Kentucky",658.0
2020,US,South,Louisiana,"Hammond, Louisiana",5537.0
2020,US,South,Louisiana,"Lafayette, Louisiana",3397.0
2020,US,South,Louisiana,"Lake Charles, Louisiana",2148.0
2020,US,South,Louisiana,"New Iberia, Louisiana",926.0
2020,US,South,Louisiana,"New Orleans, Louisiana",84767.0
2020,US,South,Louisiana,"Schriever, Louisiana",710.0
2020,US,South,Louisiana,"Slidell, Louisiana",2644.0
2020,US,South,Maryland,"Aberdeen, Maryland",16891.0
2020,US,South,Maryland,"BWI Thurgood Marshall Airport, Maryland",385975.0
2020,US,South,Maryland,"Baltimore, Maryland",538330.0
2020,US,South,Maryland,"Cumberland, Maryland",6347.0
2020,US,South,Maryland,"New Carrollton, Maryland",100823.0
2020,US,South,Mississippi,"Brookhaven, Mississippi",2449.0
2020,US,South,Mississippi,"Greenwood, Mississippi",8385.0
2020,US,South,Mississippi,"Hattiesburg, Mississippi",4655.0
2020,US,South,Mississippi,"Hazlehurst, Mississippi",875.0
2020,US,South,Mississippi,"Jackson, Mississippi",25020.0
2020,US,South,Mississippi,"Laurel, Mississippi",2035.0
2020,US,South,Mississippi,"Marks, Mississippi",1871.0
2020,US,South,Mississippi,"McComb, Mississippi",3178.0
2020,US,South,Mississippi,"Meridian, Mississippi",4860.0
2020,US,South,Mississippi,"Picayune, Mississippi",1128.0
2020,US,South,Mississippi,"Yazoo City, Mississippi",2130.0
2020,US,South,North Carolina,"Burlington, North Carolina",12596.0
2020,US,South,North Carolina,"Cary, North Carolina",41755.0
2020,US,South,North Carolina,"Charlotte, North Carolina",112315.0
2020,US,South,North Carolina,"Durham, North Carolina",46126.0
2020,US,South,North Carolina,"Fayetteville, North Carolina",31344.0
2020,US,South,North Carolina,"Gastonia, North Carolina",909.0
2020,US,South,North Carolina,"Greensboro, North Carolina",75378.0
2020,US,South,North Carolina,"Hamlet, North Carolina",2526.0
2020,US,South,North Carolina,"High Point, North Carolina",18646.0
2020,US,South,North Carolina,"Kannapolis, North Carolina",11809.0
2020,US,South,North Carolina,"Raleigh, North Carolina",96337.0
2020,US,South,North Carolina,"Rocky Mount, North Carolina",30139.0
2020,US,South,North Carolina,"Salisbury, North Carolina",12511.0
2020,US,South,North Carolina,"Selma-Smithfield, North Carolina",7567.0
2020,US,South,North Carolina,"Southern Pines, North Carolina",4088.0
2020,US,South,North Carolina,"Wilson, North Carolina",32449.0
2020,US,South,Oklahoma,"Ardmore, Oklahoma",4435.0
2020,US,South,Oklahoma,"Norman, Oklahoma",6951.0
2020,US,South,Oklahoma,"Oklahoma City, Oklahoma",28761.0
2020,US,South,Oklahoma,"Pauls Valley, Oklahoma",2314.0
2020,US,South,Oklahoma,"Purcell, Oklahoma",1047.0
2020,US,South,South Carolina,"Camden, South Carolina",1934.0
2020,US,South,South Carolina,"Charleston, South Carolina",37227.0
2020,US,South,South Carolina,"Clemson, South Carolina",2259.0
2020,US,South,South Carolina,"Columbia, South Carolina",17145.0
2020,US,South,South Carolina,"Denmark, South Carolina",1887.0
2020,US,South,South Carolina,"Dillon, South Carolina",3435.0
2020,US,South,South Carolina,"Florence, South Carolina",23851.0
2020,US,South,South Carolina,"Greenville, South Carolina",6103.0
2020,US,South,South Carolina,"Kingstree, South Carolina",6101.0
2020,US,South,South Carolina,"Spartanburg, South Carolina",2310.0
2020,US,South,South Carolina,"Yemassee, South Carolina",5710.0
2020,US,South,Tennessee,"Memphis, Tennessee",32662.0
2020,US,South,Tennessee,"Newbern-Dyersberg, Tennessee",2223.0
2020,US,South,Texas,"Alpine, Texas",3010.0
2020,US,South,Texas,"Austin, Texas",18073.0
2020,US,South,Texas,"Beaumont, Texas",1885.0
2020,US,South,Texas,"Cleburne, Texas",2397.0
2020,US,South,Texas,"Dallas, Texas",27272.0
2020,US,South,Texas,"Del Rio, Texas",883.0
2020,US,South,Texas,"El Paso, Texas",8896.0
2020,US,South,Texas,"Fort Worth, Texas",64785.0
2020,US,South,Texas,"Gainesville, Texas",3943.0
2020,US,South,Texas,"Houston, Texas",11616.0
2020,US,South,Texas,"Longview, Texas",18882.0
2020,US,South,Texas,"Marshall, Texas",4305.0
2020,US,South,Texas,"McGregor, Texas",2890.0
2020,US,South,Texas,"Mineola, Texas",3646.0
2020,US,South,Texas,"San Antonio, Texas",29235.0
2020,US,South,Texas,"San Marcos, Texas",4415.0
2020,US,South,Texas,"Sanderson, Texas",151.0
2020,US,South,Texas,"Taylor, Texas",2988.0
2020,US,South,Texas,"Temple, Texas",8931.0
2020,US,South,Virginia,"Alexandria, Virginia",112231.0
2020,US,South,Virginia,"Ashland, Virginia",15585.0
2020,US,South,Virginia,"Burke Centre, Virginia",5688.0
2020,US,South,Virginia,"Charlottesville, Virginia",74885.0
2020,US,South,Virginia,"Clifton Forge, Virginia",1156.0
2020,US,South,Virginia,"Culpeper, Virginia",9119.0
2020,US,South,Virginia,"Danville, Virginia",4869.0
2020,US,South,Virginia,"Fredericksburg, Virginia",40873.0
2020,US,South,Virginia,"Lorton (Auto Train), Virginia",163468.0
2020,US,South,Virginia,"Lynchburg, Virginia",31361.0
2020,US,South,Virginia,"Manassas, Virginia",15528.0
2020,US,South,Virginia,"Newport News, Virginia",52175.0
2020,US,South,Virginia,"Norfolk, Virginia",53853.0
2020,US,South,Virginia,"Petersburg, Virginia",22020.0
2020,US,South,Virginia,"Quantico, Virginia",11057.0
2020,US,South,Virginia,"Richmond - Main Street, Virginia",30125.0
2020,US,South,Virginia,"Richmond - Staples Mill, Virginia",201624.0
2020,US,South,Virginia,"Roanoke, Virginia",35396.0
2020,US,South,Virginia,"Staunton, Virginia",3565.0
2020,US,South,Virginia,"Williamsburg, Virginia",28872.0
2020,US,South,Virginia,"Woodbridge, Virginia",7453.0
2020,US,South,West Virginia,"Alderson, West Virginia",198.0
2020,US,South,West Virginia,"Charleston*, West Virginia",5120.0
2020,US,South,West Virginia,"Harpers Ferry, West Virginia",4322.0
2020,US,South,West Virginia,"Hinton, West Virginia",2660.0
2020,US,South,West Virginia,"Huntington, West Virginia",3743.0
2020,US,South,West Virginia,"Martinsburg, West Virginia",7347.0
2020,US,South,West Virginia,"Montgomery, West Virginia",228.0
2020,US,South,West Virginia,"Prince, West Virginia",1353.0
2020,US,South,West Virginia,"Thurmond, West Virginia",220.0
2020,US,South,West Virginia,"White Sulphur Springs, West Virginia",4038.0
2020,US,West,Arizona,"Benson, Arizona",1218.0
2020,US,West,Arizona,"Flagstaff, Arizona",20981.0
2020,US,West,Arizona,"Kingman, Arizona",5536.0
2020,US,West,Arizona,"Maricopa, Arizona",7843.0
2020,US,West,Arizona,"Tucson, Arizona",15715.0
2020,US,West,Arizona,"Winslow, Arizona",2437.0
2020,US,West,Arizona,"Yuma, Arizona",3366.0
2020,US,West,California,"Anaheim, California",112054.0
2020,US,West,California,"Antioch-Pittsburg, California",22331.0
2020,US,West,California,"Auburn, California",6730.0
2020,US,West,California,"Bakersfield, California",250609.0
2020,US,West,California,"Barstow, California",2457.0
2020,US,West,California,"Berkeley, California",83958.0
2020,US,West,California,"Burbank, California",32607.0
2020,US,West,California,"Camarillo, California",27819.0
2020,US,West,California,"Carpinteria, California",15585.0
2020,US,West,California,"Chatsworth, California",28853.0
2020,US,West,California,"Chico, California",7544.0
2020,US,West,California,"Colfax, California",3370.0
2020,US,West,California,"Corcoran, California",17610.0
2020,US,West,California,"Davis, California",194029.0
2020,US,West,California,"Dunsmuir, California",3680.0
2020,US,West,California,"Emeryville, California",279498.0
2020,US,West,California,"Fairfield-Vacaville, California",61003.0
2020,US,West,California,"Fremont, California",23234.0
2020,US,West,California,"Fresno, California",194144.0
2020,US,West,California,"Fullerton, California",129611.0
2020,US,West,California,"Glendale, California",22226.0
2020,US,West,California,"Goleta, California",57055.0
2020,US,West,California,"Great America (Santa Clara), California",100196.0
2020,US,West,California,"Grover Beach, California",8815.0
2020,US,West,California,"Guadalupe-Santa Maria, California",5929.0
2020,US,West,California,"Hanford, California",93645.0
2020,US,West,California,"Hayward, California",38591.0
2020,US,West,California,"Irvine, California",184298.0
2020,US,West,California,"Lodi, California",4639.0
2020,US,West,California,"Lompoc-Surf, California",5093.0
2020,US,West,California,"Los Angeles, California",708925.0
2020,US,West,California,"Madera, California",16854.0
2020,US,West,California,"Martinez, California",197953.0
2020,US,West,California,"Merced, California",78318.0
2020,US,West,California,"Modesto, California",70147.0
2020,US,West,California,"Moorpark, California",7686.0
2020,US,West,California,"Needles, California",5682.0
2020,US,West,California,"Oakland Coliseum, California",41310.0
2020,US,West,California,"Oakland, California",211617.0
2020,US,West,California,"Oceanside, California",142524.0
2020,US,West,California,"Ontario, California",2662.0
2020,US,West,California,"Oxnard, California",49530.0
2020,US,West,California,"Palm Springs, California",2217.0
2020,US,West,California,"Paso Robles, California",6549.0
2020,US,West,California,"Pomona, California",1097.0
2020,US,West,California,"Redding, California",7801.0
2020,US,West,California,"Richmond, California",155109.0
2020,US,West,California,"Riverside, California",6706.0
2020,US,West,California,"Rocklin, California",8793.0
2020,US,West,California,"Roseville, California",21274.0
2020,US,West,California,"Sacramento, California",565196.0
2020,US,West,California,"Salinas, California",11469.0
2020,US,West,California,"San Bernardino, California",6736.0
2020,US,West,California,"San Clemente Pier, California",6707.0
2020,US,West,California,"San Diego, California",319689.0
2020,US,West,California,"San Diego-Old Town, California",174880.0
2020,US,West,California,"San Jose, California",125113.0
2020,US,West,California,"San Juan Capistrano, California",90699.0
2020,US,West,California,"San Luis Obispo, California",48229.0
2020,US,West,California,"Santa Ana, California",72968.0
2020,US,West,California,"Santa Barbara, California",160074.0
2020,US,West,California,"Santa Clara (University), California",33870.0
2020,US,West,California,"Simi Valley, California",23948.0
2020,US,West,California,"Solana Beach, California",165202.0
2020,US,West,California,"Stockton (Downtown), California",8818.0
2020,US,West,California,"Stockton (San Joaquin St.), California",183931.0
2020,US,West,California,"Suisun-Fairfield, California",70243.0
2020,US,West,California,"Truckee, California",9138.0
2020,US,West,California,"Turlock-Denair, California",18729.0
2020,US,West,California,"Van Nuys, California",34754.0
2020,US,West,California,"Ventura, California",41907.0
2020,US,West,California,"Victorville, California",3680.0
2020,US,West,California,"Wasco, California",26997.0
2020,US,West,Colorado,"Denver, Colorado",89764.0
2020,US,West,Colorado,"Fort Morgan, Colorado",2153.0
2020,US,West,Colorado,"Glenwood Springs, Colorado",25828.0
2020,US,West,Colorado,"Granby, Colorado",2904.0
2020,US,West,Colorado,"Grand Junction, Colorado",19071.0
2020,US,West,Colorado,"La Junta, Colorado",4583.0
2020,US,West,Colorado,"Lamar, Colorado",1028.0
2020,US,West,Colorado,"Trinidad, Colorado",3859.0
2020,US,West,Colorado,"Winter Park Resort (seasonal), Colorado",17114.0
2020,US,West,Colorado,"Winter Park-Fraser, Colorado",8042.0
2020,US,West,Idaho,"Sandpoint, Idaho",4186.0
2020,US,West,Montana,"Browning (winter only), Montana",1044.0
2020,US,West,Montana,"Cut Bank, Montana",1204.0
2020,US,West,Montana,"East Glacier (summer only), Montana",836.0
2020,US,West,Montana,"Essex, Montana",2255.0
2020,US,West,Montana,"Glasgow, Montana",3099.0
2020,US,West,Montana,"Havre, Montana",6284.0
2020,US,West,Montana,"Libby, Montana",3109.0
2020,US,West,Montana,"Malta, Montana",2806.0
2020,US,West,Montana,"Shelby, Montana",4964.0
2020,US,West,Montana,"West Glacier, Montana",2196.0
2020,US,West,Montana,"Whitefish, Montana",34919.0
2020,US,West,Montana,"Wolf Point, Montana",3030.0
2020,US,West,Nevada,"Elko, Nevada",5885.0
2020,US,West,Nevada,"Reno, Nevada",48294.0
2020,US,West,Nevada,"Winnemucca, Nevada",3409.0
2020,US,West,New Mexico,"Albuquerque, New Mexico",38315.0
2020,US,West,New Mexico,"Deming, New Mexico",828.0
2020,US,West,New Mexico,"Gallup, New Mexico",8504.0
2020,US,West,New Mexico,"Lamy (Santa Fe), New Mexico",4895.0
2020,US,West,New Mexico,"Las Vegas, New Mexico",3054.0
2020,US,West,New Mexico,"Lordsburg, New Mexico",455.0
2020,US,West,New Mexico,"Raton, New Mexico",6121.0
2020,US,West,Oregon,"Albany, Oregon",19082.0
2020,US,West,Oregon,"Chemult, Oregon",5455.0
2020,US,West,Oregon,"Eugene, Oregon",50005.0
2020,US,West,Oregon,"Klamath Falls, Oregon",19581.0
2020,US,West,Oregon,"Oregon City, Oregon",6905.0
2020,US,West,Oregon,"Portland, Oregon",280316.0
2020,US,West,Oregon,"Salem, Oregon",33141.0
2020,US,West,Utah,"Green River, Utah",1401.0
2020,US,West,Utah,"Helper, Utah",1311.0
2020,US,West,Utah,"Provo, Utah",3199.0
2020,US,West,Utah,"Salt Lake City, Utah",24863.0
2020,US,West,Washington,"Bellingham, Washington",23494.0
2020,US,West,Washington,"Bingen-White Salmon, Washington",2133.0
2020,US,West,Washington,"Centralia, Washington",14471.0
2020,US,West,Washington,"Edmonds, Washington",13085.0
2020,US,West,Washington,"Ephrata, Washington",2500.0
2020,US,West,Washington,"Everett, Washington",20491.0
2020,US,West,Washington,"Kelso-Longview, Washington",17015.0
2020,US,West,Washington,"Leavenworth, Washington",6044.0
2020,US,West,Washington,"Mount Vernon, Washington",6418.0
2020,US,West,Washington,"Olympia/Lacey, Washington",34995.0
2020,US,West,Washington,"Pasco, Washington",13832.0
2020,US,West,Washington,"Seattle, Washington",289180.0
2020,US,West,Washington,"Spokane, Washington",29007.0
2020,US,West,Washington,"Stanwood, Washington",2134.0
2020,US,West,Washington,"Tacoma, Washington",59143.0
2020,US,West,Washington,"Tukwila, Washington",17302.0
2020,US,West,Washington,"Vancouver, Washington",53467.0
2020,US,West,Washington,"Wenatchee, Washington",9356.0
2020,US,West,Washington,"Wishram, Washington",826.0
2021,US,Midwest,Illinois,"Alton, Illinois",23178.0
2021,US,Midwest,Illinois,"Bloomington/Normal, Illinois",91842.0
2021,US,Midwest,Illinois,"Carbondale, Illinois",40761.0
2021,US,Midwest,Illinois,"Carlinville, Illinois",4000.0
2021,US,Midwest,Illinois,"Centralia, Illinois",7945.0
2021,US,Midwest,Illinois,"Champaign-Urbana, Illinois",103739.0
2021,US,Midwest,Illinois,"Chicago, Illinois",1336525.0
2021,US,Midwest,Illinois,"Du Quoin, Illinois",3108.0
2021,US,Midwest,Illinois,"Dwight, Illinois",3871.0
2021,US,Midwest,Illinois,"Effingham, Illinois",8242.0
2021,US,Midwest,Illinois,"Galesburg, Illinois",38637.0
2021,US,Midwest,Illinois,"Gilman, Illinois",1334.0
2021,US,Midwest,Illinois,"Glenview, Illinois",20571.0
2021,US,Midwest,Illinois,"Homewood, Illinois",10299.0
2021,US,Midwest,Illinois,"Joliet, Illinois",28348.0
2021,US,Midwest,Illinois,"Kankakee, Illinois",25495.0
2021,US,Midwest,Illinois,"Kewanee, Illinois",6588.0
2021,US,Midwest,Illinois,"La Grange Road, Illinois",4712.0
2021,US,Midwest,Illinois,"Lincoln, Illinois",8147.0
2021,US,Midwest,Illinois,"Macomb, Illinois",25707.0
2021,US,Midwest,Illinois,"Mattoon, Illinois",15735.0
2021,US,Midwest,Illinois,"Mendota, Illinois",9002.0
2021,US,Midwest,Illinois,"Naperville, Illinois",16598.0
2021,US,Midwest,Illinois,"Plano, Illinois",2679.0
2021,US,Midwest,Illinois,"Pontiac, Illinois",5553.0
2021,US,Midwest,Illinois,"Princeton, Illinois",12441.0
2021,US,Midwest,Illinois,"Quincy, Illinois",14450.0
2021,US,Midwest,Illinois,"Rantoul, Illinois",3315.0
2021,US,Midwest,Illinois,"Springfield, Illinois",61866.0
2021,US,Midwest,Illinois,"Summit, Illinois",8310.0
2021,US,Midwest,Indiana,"Connersville, Indiana",419.0
2021,US,Midwest,Indiana,"Crawfordsville (Bus), Indiana",1071.0
2021,US,Midwest,Indiana,"Dyer, Indiana",1092.0
2021,US,Midwest,Indiana,"Elkhart, Indiana",10427.0
2021,US,Midwest,Indiana,"Hammond-Whiting, Indiana",445.0
2021,US,Midwest,Indiana,"Indianapolis, Indiana",9847.0
2021,US,Midwest,Indiana,"Lafayette, Indiana",3482.0
2021,US,Midwest,Indiana,"Michigan City, Indiana",338.0
2021,US,Midwest,Indiana,"Rensselaer, Indiana",521.0
2021,US,Midwest,Indiana,"South Bend, Indiana",9292.0
2021,US,Midwest,Indiana,"Waterloo, Indiana",9287.0
2021,US,Midwest,Iowa,"Burlington, Iowa",3849.0
2021,US,Midwest,Iowa,"Creston, Iowa",1420.0
2021,US,Midwest,Iowa,"Fort Madison, Iowa",2680.0
2021,US,Midwest,Iowa,"Mount Pleasant, Iowa",4507.0
2021,US,Midwest,Iowa,"Osceola, Iowa",7086.0
2021,US,Midwest,Iowa,"Ottumwa, Iowa",5001.0
2021,US,Midwest,Kansas,"Dodge City, Kansas",2187.0
2021,US,Midwest,Kansas,"Garden City, Kansas",2186.0
2021,US,Midwest,Kansas,"Hutchinson, Kansas",1797.0
2021,US,Midwest,Kansas,"Lawrence, Kansas",2752.0
2021,US,Midwest,Kansas,"Newton, Kansas",6949.0
2021,US,Midwest,Kansas,"Topeka, Kansas",3435.0
2021,US,Midwest,Michigan,"Albion, Michigan",1231.0
2021,US,Midwest,Michigan,"Ann Arbor, Michigan",46746.0
2021,US,Midwest,Michigan,"Bangor, Michigan",2468.0
2021,US,Midwest,Michigan,"Battle Creek, Michigan",16716.0
2021,US,Midwest,Michigan,"Dearborn, Michigan",26597.0
2021,US,Midwest,Michigan,"Detroit, Michigan",29663.0
2021,US,Midwest,Michigan,"Dowagiac, Michigan",2322.0
2021,US,Midwest,Michigan,"Durand, Michigan",5942.0
2021,US,Midwest,Michigan,"East Lansing, Michigan",32574.0
2021,US,Midwest,Michigan,"Flint, Michigan",17689.0
2021,US,Midwest,Michigan,"Grand Rapids, Michigan",24928.0
2021,US,Midwest,Michigan,"Holland, Michigan",17502.0
2021,US,Midwest,Michigan,"Jackson, Michigan",7823.0
2021,US,Midwest,Michigan,"Kalamazoo, Michigan",37097.0
2021,US,Midwest,Michigan,"Lapeer, Michigan",4232.0
2021,US,Midwest,Michigan,"New Buffalo, Michigan",11541.0
2021,US,Midwest,Michigan,"Niles, Michigan",7031.0
2021,US,Midwest,Michigan,"Pontiac, Michigan",5921.0
2021,US,Midwest,Michigan,"Port Huron, Michigan",5148.0
2021,US,Midwest,Michigan,"Royal Oak, Michigan",8699.0
2021,US,Midwest,Michigan,"St. Joseph/Benton Harbor, Michigan",7931.0
2021,US,Midwest,Michigan,"Troy, Michigan",10313.0
2021,US,Midwest,Minnesota,"Detroit Lakes, Minnesota",2410.0
2021,US,Midwest,Minnesota,"Red Wing, Minnesota",3802.0
2021,US,Midwest,Minnesota,"St. Cloud, Minnesota",5422.0
2021,US,Midwest,Minnesota,"St. Paul-Minneapolis, Minnesota",42662.0
2021,US,Midwest,Minnesota,"Staples, Minnesota",4339.0
2021,US,Midwest,Minnesota,"Winona, Minnesota",7192.0
2021,US,Midwest,Missouri,"Arcadia, Missouri",577.0
2021,US,Midwest,Missouri,"Hermann, Missouri",11418.0
2021,US,Midwest,Missouri,"Independence, Missouri",3225.0
2021,US,Midwest,Missouri,"Jefferson City, Missouri",18360.0
2021,US,Midwest,Missouri,"Kansas City, Missouri",65461.0
2021,US,Midwest,Missouri,"Kirkwood, Missouri",18451.0
2021,US,Midwest,Missouri,"La Plata, Missouri",4344.0
2021,US,Midwest,Missouri,"Lee’s Summit, Missouri",11634.0
2021,US,Midwest,Missouri,"Poplar Bluff, Missouri",2240.0
2021,US,Midwest,Missouri,"Sedalia, Missouri",5341.0
2021,US,Midwest,Missouri,"St. Louis, Missouri",145840.0
2021,US,Midwest,Missouri,"Warrensburg, Missouri",4836.0
2021,US,Midwest,Missouri,"Washington, Missouri",5722.0
2021,US,Midwest,Nebraska,"Hastings, Nebraska",2165.0
2021,US,Midwest,Nebraska,"Holdrege, Nebraska",805.0
2021,US,Midwest,Nebraska,"Lincoln, Nebraska",5967.0
2021,US,Midwest,Nebraska,"McCook, Nebraska",1314.0
2021,US,Midwest,Nebraska,"Omaha, Nebraska",11957.0
2021,US,Midwest,North Dakota,"Devils Lake, North Dakota",2287.0
2021,US,Midwest,North Dakota,"Fargo, North Dakota",10510.0
2021,US,Midwest,North Dakota,"Grand Forks, North Dakota",5618.0
2021,US,Midwest,North Dakota,"Minot, North Dakota",11591.0
2021,US,Midwest,North Dakota,"Rugby, North Dakota",1676.0
2021,US,Midwest,North Dakota,"Stanley, North Dakota",1739.0
2021,US,Midwest,North Dakota,"Williston, North Dakota",11529.0
2021,US,Midwest,Ohio,"Alliance, Ohio",2040.0
2021,US,Midwest,Ohio,"Bryan, Ohio",2808.0
2021,US,Midwest,Ohio,"Cincinnati, Ohio",7164.0
2021,US,Midwest,Ohio,"Cleveland, Ohio",32263.0
2021,US,Midwest,Ohio,"Elyria, Ohio",4578.0
2021,US,Midwest,Ohio,"Sandusky, Ohio",5164.0
2021,US,Midwest,Ohio,"Toledo, Ohio",28045.0
2021,US,Midwest,Wisconsin,"Columbus, Wisconsin",6019.0
2021,US,Midwest,Wisconsin,"La Crosse, Wisconsin",11169.0
2021,US,Midwest,Wisconsin,"Milwaukee Airport, Wisconsin",37580.0
2021,US,Midwest,Wisconsin,"Milwaukee, Wisconsin",198389.0
2021,US,Midwest,Wisconsin,"Portage, Wisconsin",3440.0
2021,US,Midwest,Wisconsin,"Sturtevant, Wisconsin",17977.0
2021,US,Midwest,Wisconsin,"Tomah, Wisconsin",6091.0
2021,US,Midwest,Wisconsin,"Wisconsin Dells, Wisconsin",8304.0
2021,US,Northeast,Connecticut,"Berlin, Connecticut",8981.0
2021,US,Northeast,Connecticut,"Bridgeport, Connecticut",56891.0
2021,US,Northeast,Connecticut,"Hartford, Connecticut",75866.0
2021,US,Northeast,Connecticut,"Meriden, Connecticut",8032.0
2021,US,Northeast,Connecticut,"Mystic, Connecticut",14284.0
2021,US,Northeast,Connecticut,"New Haven State Street, Connecticut",5972.0
2021,US,Northeast,Connecticut,"New Haven, Connecticut",347544.0
2021,US,Northeast,Connecticut,"New London, Connecticut",85366.0
2021,US,Northeast,Connecticut,"Old Saybrook, Connecticut",33194.0
2021,US,Northeast,Connecticut,"Stamford, Connecticut",133681.0
2021,US,Northeast,Connecticut,"Wallingford, Connecticut",3317.0
2021,US,Northeast,Connecticut,"Windsor Locks, Connecticut",8907.0
2021,US,Northeast,Connecticut,"Windsor, Connecticut",6586.0
2021,US,Northeast,Maine,"Brunswick, Maine",24929.0
2021,US,Northeast,Maine,"Freeport, Maine",11000.0
2021,US,Northeast,Maine,"Old Orchard Beach, Maine",12868.0
2021,US,Northeast,Maine,"Portland, Maine",68841.0
2021,US,Northeast,Maine,"Saco-Biddeford, Maine",21797.0
2021,US,Northeast,Maine,"Wells, Maine",21919.0
2021,US,Northeast,Massachusetts,"Boston-Back Bay, Massachusetts",322928.0
2021,US,Northeast,Massachusetts,"Boston-North Station, Massachusetts",152370.0
2021,US,Northeast,Massachusetts,"Boston-South Station, Massachusetts",679333.0
2021,US,Northeast,Massachusetts,"Framingham, Massachusetts",963.0
2021,US,Northeast,Massachusetts,"Greenfield, Massachusetts",3428.0
2021,US,Northeast,Massachusetts,"Haverhill, Massachusetts",12467.0
2021,US,Northeast,Massachusetts,"Holyoke, Massachusetts",630.0
2021,US,Northeast,Massachusetts,"Northampton, Massachusetts",8202.0
2021,US,Northeast,Massachusetts,"Pittsfield, Massachusetts",6747.0
2021,US,Northeast,Massachusetts,"Route 128 (Boston), Massachusetts",135163.0
2021,US,Northeast,Massachusetts,"Springfield, Massachusetts",62879.0
2021,US,Northeast,Massachusetts,"Woburn, Massachusetts",5897.0
2021,US,Northeast,Massachusetts,"Worcester, Massachusetts",4196.0
2021,US,Northeast,New Hampshire,"Claremont, New Hampshire",569.0
2021,US,Northeast,New Hampshire,"Dover, New Hampshire",20667.0
2021,US,Northeast,New Hampshire,"Durham-UNH, New Hampshire",19016.0
2021,US,Northeast,New Hampshire,"Exeter, New Hampshire",20685.0
2021,US,Northeast,New Jersey,"Metropark, New Jersey",109117.0
2021,US,Northeast,New Jersey,"New Brunswick, New Jersey",11289.0
2021,US,Northeast,New Jersey,"Newark Airport, New Jersey",52945.0
2021,US,Northeast,New Jersey,"Newark, New Jersey",284343.0
2021,US,Northeast,New Jersey,"Princeton Junction, New Jersey",17193.0
2021,US,Northeast,New Jersey,"Trenton, New Jersey",121909.0
2021,US,Northeast,New York,"Albany-Rensselaer, New York",379209.0
2021,US,Northeast,New York,"Amsterdam, New York",9139.0
2021,US,Northeast,New York,"Buffalo-Depew, New York",57994.0
2021,US,Northeast,New York,"Buffalo-Exchange Street, New York",34004.0
2021,US,Northeast,New York,"Croton-Harmon, New York",22123.0
2021,US,Northeast,New York,"Fort Edward, New York",1738.0
2021,US,Northeast,New York,"Hudson, New York",145187.0
2021,US,Northeast,New York,"New Rochelle, New York",52410.0
2021,US,Northeast,New York,"New York City (Penn Station), New York",4061379.0
2021,US,Northeast,New York,"New York State Fair, New York",967.0
2021,US,Northeast,New York,"Niagara Falls, New York",20245.0
2021,US,Northeast,New York,"Poughkeepsie, New York",66403.0
2021,US,Northeast,New York,"Rhinecliff, New York",104407.0
2021,US,Northeast,New York,"Rochester, New York",77964.0
2021,US,Northeast,New York,"Rome, New York",6228.0
2021,US,Northeast,New York,"Saratoga Springs, New York",4753.0
2021,US,Northeast,New York,"Schenectady, New York",34225.0
2021,US,Northeast,New York,"Syracuse, New York",78673.0
2021,US,Northeast,New York,"Utica, New York",39834.0
2021,US,Northeast,New York,"Yonkers, New York",23839.0
2021,US,Northeast,Pennsylvania,"Altoona, Pennsylvania",10281.0
2021,US,Northeast,Pennsylvania,"Ardmore, Pennsylvania",14262.0
2021,US,Northeast,Pennsylvania,"Coatesville, Pennsylvania",8106.0
2021,US,Northeast,Pennsylvania,"Connellsville, Pennsylvania",1986.0
2021,US,Northeast,Pennsylvania,"Cornwells Heights, Pennsylvania",234.0
2021,US,Northeast,Pennsylvania,"Downingtown, Pennsylvania",16719.0
2021,US,Northeast,Pennsylvania,"Elizabethtown, Pennsylvania",22232.0
2021,US,Northeast,Pennsylvania,"Erie, Pennsylvania",9001.0
2021,US,Northeast,Pennsylvania,"Exton, Pennsylvania",27159.0
2021,US,Northeast,Pennsylvania,"Greensburg, Pennsylvania",4900.0
2021,US,Northeast,Pennsylvania,"Harrisburg, Pennsylvania",161432.0
2021,US,Northeast,Pennsylvania,"Huntingdon, Pennsylvania",2566.0
2021,US,Northeast,Pennsylvania,"Johnstown, Pennsylvania",13966.0
2021,US,Northeast,Pennsylvania,"Lancaster, Pennsylvania",179294.0
2021,US,Northeast,Pennsylvania,"Latrobe, Pennsylvania",1608.0
2021,US,Northeast,Pennsylvania,"Lewistown, Pennsylvania",5016.0
2021,US,Northeast,Pennsylvania,"Middletown, Pennsylvania",16961.0
2021,US,Northeast,Pennsylvania,"Mount Joy, Pennsylvania",9148.0
2021,US,Northeast,Pennsylvania,"Paoli, Pennsylvania",41486.0
2021,US,Northeast,Pennsylvania,"Parkesburg, Pennsylvania",10179.0
2021,US,Northeast,Pennsylvania,"Philadelphia William H. Gray III 30th Street, Pennsylvania",1500043.0
2021,US,Northeast,Pennsylvania,"Pittsburgh, Pennsylvania",71015.0
2021,US,Northeast,Pennsylvania,"Tyrone, Pennsylvania",1595.0
2021,US,Northeast,Rhode Island,"Kingston, Rhode Island",79506.0
2021,US,Northeast,Rhode Island,"Providence, Rhode Island",303528.0
2021,US,Northeast,Rhode Island,"Westerly, Rhode Island",26722.0
2021,US,Northeast,Vermont,"Bellows Falls, Vermont",895.0
2021,US,Northeast,Vermont,"Brattleboro, Vermont",3341.0
2021,US,Northeast,Vermont,"Castleton, Vermont",708.0
2021,US,Northeast,Vermont,"Essex Junction, Vermont",4091.0
2021,US,Northeast,Vermont,"Montpelier, Vermont",1609.0
2021,US,Northeast,Vermont,"Randolph, Vermont",463.0
2021,US,Northeast,Vermont,"Rutland, Vermont",2415.0
2021,US,Northeast,Vermont,"St. Albans, Vermont",1081.0
2021,US,Northeast,Vermont,"Waterbury, Vermont",1005.0
2021,US,Northeast,Vermont,"White River Junction, Vermont",3132.0
2021,US,Northeast,Vermont,"Windsor, Vermont",358.0
2021,US,South,Alabama,"Anniston, Alabama",1948.0
2021,US,South,Alabama,"Birmingham, Alabama",14935.0
2021,US,South,Alabama,"Tuscaloosa, Alabama",3720.0
2021,US,South,Arkansas,"Arkadelphia, Arkansas",587.0
2021,US,South,Arkansas,"Hope, Arkansas",779.0
2021,US,South,Arkansas,"Little Rock, Arkansas",8439.0
2021,US,South,Arkansas,"Malvern, Arkansas",878.0
2021,US,South,Arkansas,"Texarkana, Arkansas",3135.0
2021,US,South,Arkansas,"Walnut Ridge, Arkansas",1565.0
2021,US,South,Delaware,"Newark, Delaware",8888.0
2021,US,South,Delaware,"Wilmington, Delaware",227919.0
2021,US,South,District of Columbia,"Washington Union Station, District of Columbia",1758409.0
2021,US,South,Florida,"DeLand, Florida",10433.0
2021,US,South,Florida,"Deerfield Beach, Florida",11094.0
2021,US,South,Florida,"Delray Beach, Florida",7194.0
2021,US,South,Florida,"Fort Lauderdale, Florida",23073.0
2021,US,South,Florida,"Hollywood, Florida",13042.0
2021,US,South,Florida,"Jacksonville, Florida",39709.0
2021,US,South,Florida,"Kissimmee, Florida",21158.0
2021,US,South,Florida,"Lakeland, Florida",7851.0
2021,US,South,Florida,"Miami, Florida",37411.0
2021,US,South,Florida,"Okeechobee, Florida",2023.0
2021,US,South,Florida,"Orlando, Florida",73327.0
2021,US,South,Florida,"Palatka, Florida",7171.0
2021,US,South,Florida,"Sanford (Auto Train Station), Florida",197708.0
2021,US,South,Florida,"Sebring, Florida",8619.0
2021,US,South,Florida,"Tampa, Florida",52376.0
2021,US,South,Florida,"West Palm Beach, Florida",28756.0
2021,US,South,Florida,"Winter Haven, Florida",15227.0
2021,US,South,Florida,"Winter Park, Florida",12993.0
2021,US,South,Georgia,"Atlanta, Georgia",34941.0
2021,US,South,Georgia,"Gainesville, Georgia",2188.0
2021,US,South,Georgia,"Jesup, Georgia",5221.0
2021,US,South,Georgia,"Savannah, Georgia",32763.0
2021,US,South,Georgia,"Toccoa, Georgia",875.0
2021,US,South,Kentucky,"Ashland, Kentucky",1165.0
2021,US,South,Kentucky,"Fulton, Kentucky",1864.0
2021,US,South,Kentucky,"Maysville, Kentucky",1174.0
2021,US,South,Kentucky,"South Shore-South Portsmouth, Kentucky",643.0
2021,US,South,Louisiana,"Hammond, Louisiana",4406.0
2021,US,South,Louisiana,"Lafayette, Louisiana",3155.0
2021,US,South,Louisiana,"Lake Charles, Louisiana",2721.0
2021,US,South,Louisiana,"New Iberia, Louisiana",929.0
2021,US,South,Louisiana,"New Orleans, Louisiana",70092.0
2021,US,South,Louisiana,"Schriever, Louisiana",678.0
2021,US,South,Louisiana,"Slidell, Louisiana",1861.0
2021,US,South,Maryland,"Aberdeen, Maryland",13841.0
2021,US,South,Maryland,"BWI Thurgood Marshall Airport, Maryland",259294.0
2021,US,South,Maryland,"Baltimore, Maryland",446914.0
2021,US,South,Maryland,"Cumberland, Maryland",5117.0
2021,US,South,Maryland,"New Carrollton, Maryland",103558.0
2021,US,South,Maryland,"Rockville, Maryland",2325.0
2021,US,South,Mississippi,"Brookhaven, Mississippi",2037.0
2021,US,South,Mississippi,"Greenwood, Mississippi",7511.0
2021,US,South,Mississippi,"Hattiesburg, Mississippi",3580.0
2021,US,South,Mississippi,"Hazlehurst, Mississippi",816.0
2021,US,South,Mississippi,"Jackson, Mississippi",19917.0
2021,US,South,Mississippi,"Laurel, Mississippi",1474.0
2021,US,South,Mississippi,"Marks, Mississippi",1804.0
2021,US,South,Mississippi,"McComb, Mississippi",1906.0
2021,US,South,Mississippi,"Meridian, Mississippi",3478.0
2021,US,South,Mississippi,"Picayune, Mississippi",867.0
2021,US,South,Mississippi,"Yazoo City, Mississippi",1835.0
2021,US,South,North Carolina,"Burlington, North Carolina",12573.0
2021,US,South,North Carolina,"Cary, North Carolina",33569.0
2021,US,South,North Carolina,"Charlotte, North Carolina",104735.0
2021,US,South,North Carolina,"Durham, North Carolina",42927.0
2021,US,South,North Carolina,"Fayetteville, North Carolina",29667.0
2021,US,South,North Carolina,"Gastonia, North Carolina",730.0
2021,US,South,North Carolina,"Greensboro, North Carolina",66808.0
2021,US,South,North Carolina,"Hamlet, North Carolina",2175.0
2021,US,South,North Carolina,"High Point, North Carolina",16442.0
2021,US,South,North Carolina,"Kannapolis, North Carolina",11072.0
2021,US,South,North Carolina,"Raleigh, North Carolina",93417.0
2021,US,South,North Carolina,"Rocky Mount, North Carolina",30529.0
2021,US,South,North Carolina,"Salisbury, North Carolina",10189.0
2021,US,South,North Carolina,"Selma-Smithfield, North Carolina",7720.0
2021,US,South,North Carolina,"Southern Pines, North Carolina",2801.0
2021,US,South,North Carolina,"Wilson, North Carolina",33805.0
2021,US,South,Oklahoma,"Ardmore, Oklahoma",4110.0
2021,US,South,Oklahoma,"Norman, Oklahoma",6751.0
2021,US,South,Oklahoma,"Oklahoma City, Oklahoma",29902.0
2021,US,South,Oklahoma,"Pauls Valley, Oklahoma",1962.0
2021,US,South,Oklahoma,"Purcell, Oklahoma",908.0
2021,US,South,South Carolina,"Camden, South Carolina",1600.0
2021,US,South,South Carolina,"Charleston, South Carolina",31831.0
2021,US,South,South Carolina,"Clemson, South Carolina",1679.0
2021,US,South,South Carolina,"Columbia, South Carolina",13148.0
2021,US,South,South Carolina,"Denmark, South Carolina",1702.0
2021,US,South,South Carolina,"Dillon, South Carolina",3071.0
2021,US,South,South Carolina,"Florence, South Carolina",20475.0
2021,US,South,South Carolina,"Greenville, South Carolina",4555.0
2021,US,South,South Carolina,"Kingstree, South Carolina",5520.0
2021,US,South,South Carolina,"Spartanburg, South Carolina",1802.0
2021,US,South,South Carolina,"Yemassee, South Carolina",5085.0
2021,US,South,Tennessee,"Memphis, Tennessee",25332.0
2021,US,South,Tennessee,"Newbern-Dyersberg, Tennessee",1792.0
2021,US,South,Texas,"Alpine, Texas",3039.0
2021,US,South,Texas,"Austin, Texas",15443.0
2021,US,South,Texas,"Beaumont, Texas",1988.0
2021,US,South,Texas,"Cleburne, Texas",1842.0
2021,US,South,Texas,"Dallas, Texas",23202.0
2021,US,South,Texas,"Del Rio, Texas",1751.0
2021,US,South,Texas,"El Paso, Texas",8554.0
2021,US,South,Texas,"Fort Worth, Texas",59393.0
2021,US,South,Texas,"Gainesville, Texas",3652.0
2021,US,South,Texas,"Houston, Texas",12824.0
2021,US,South,Texas,"Longview, Texas",14802.0
2021,US,South,Texas,"Marshall, Texas",3119.0
2021,US,South,Texas,"McGregor, Texas",2296.0
2021,US,South,Texas,"Mineola, Texas",2761.0
2021,US,South,Texas,"San Antonio, Texas",29345.0
2021,US,South,Texas,"San Marcos, Texas",3430.0
2021,US,South,Texas,"Sanderson, Texas",153.0
2021,US,South,Texas,"Taylor, Texas",2173.0
2021,US,South,Texas,"Temple, Texas",6533.0
2021,US,South,Virginia,"Alexandria, Virginia",100838.0
2021,US,South,Virginia,"Ashland, Virginia",8617.0
2021,US,South,Virginia,"Burke Centre, Virginia",5594.0
2021,US,South,Virginia,"Charlottesville, Virginia",64196.0
2021,US,South,Virginia,"Clifton Forge, Virginia",1108.0
2021,US,South,Virginia,"Culpeper, Virginia",7982.0
2021,US,South,Virginia,"Danville, Virginia",3743.0
2021,US,South,Virginia,"Fredericksburg, Virginia",41297.0
2021,US,South,Virginia,"Lorton (Auto Train), Virginia",197708.0
2021,US,South,Virginia,"Lynchburg, Virginia",28459.0
2021,US,South,Virginia,"Manassas, Virginia",15010.0
2021,US,South,Virginia,"Newport News, Virginia",71856.0
2021,US,South,Virginia,"Norfolk, Virginia",63205.0
2021,US,South,Virginia,"Petersburg, Virginia",21476.0
2021,US,South,Virginia,"Quantico, Virginia",9546.0
2021,US,South,Virginia,"Richmond - Main Street, Virginia",41687.0
2021,US,South,Virginia,"Richmond - Staples Mill, Virginia",152312.0
2021,US,South,Virginia,"Roanoke, Virginia",34110.0
2021,US,South,Virginia,"Staunton, Virginia",3610.0
2021,US,South,Virginia,"Williamsburg, Virginia",28397.0
2021,US,South,Virginia,"Woodbridge, Virginia",7324.0
2021,US,South,West Virginia,"Alderson, West Virginia",271.0
2021,US,South,West Virginia,"Charleston, West Virginia",5155.0
2021,US,South,West Virginia,"Harpers Ferry, West Virginia",4025.0
2021,US,South,West Virginia,"Hinton, West Virginia",1533.0
2021,US,South,West Virginia,"Huntington, West Virginia",2556.0
2021,US,South,West Virginia,"Martinsburg, West Virginia",5357.0
2021,US,South,West Virginia,"Montgomery, West Virginia",361.0
2021,US,South,West Virginia,"Prince, West Virginia",1293.0
2021,US,South,West Virginia,"Thurmond, West Virginia",364.0
2021,US,South,West Virginia,"White Sulphur Springs, West Virginia",2818.0
2021,US,West,Arizona,"Benson, Arizona",1224.0
2021,US,West,Arizona,"Flagstaff, Arizona",16693.0
2021,US,West,Arizona,"Kingman, Arizona",4567.0
2021,US,West,Arizona,"Maricopa, Arizona",8251.0
2021,US,West,Arizona,"Tucson, Arizona",14567.0
2021,US,West,Arizona,"Winslow, Arizona",1773.0
2021,US,West,California,"Anaheim, California",71651.0
2021,US,West,California,"Antioch-Pittsburg, California",19035.0
2021,US,West,California,"Auburn, California",1587.0
2021,US,West,California,"Bakersfield, California",196791.0
2021,US,West,California,"Barstow, California",1567.0
2021,US,West,California,"Berkeley, California",25999.0
2021,US,West,California,"Burbank, California",20653.0
2021,US,West,California,"Camarillo, California",11807.0
2021,US,West,California,"Carpinteria, California",9242.0
2021,US,West,California,"Chatsworth, California",17752.0
2021,US,West,California,"Chico, California",3383.0
2021,US,West,California,"Colfax, California",2034.0
2021,US,West,California,"Corcoran, California",9951.0
2021,US,West,California,"Davis, California",70194.0
2021,US,West,California,"Dunsmuir, California",2160.0
2021,US,West,California,"Emeryville, California",164264.0
2021,US,West,California,"Fairfield-Vacaville, California",28245.0
2021,US,West,California,"Fremont, California",9341.0
2021,US,West,California,"Fresno, California",136415.0
2021,US,West,California,"Fullerton, California",86618.0
2021,US,West,California,"Glendale, California",13227.0
2021,US,West,California,"Goleta, California",19947.0
2021,US,West,California,"Great America (Santa Clara), California",19970.0
2021,US,West,California,"Grover Beach, California",6446.0
2021,US,West,California,"Guadalupe-Santa Maria, California",5148.0
2021,US,West,California,"Hanford, California",60573.0
2021,US,West,California,"Hayward, California",10328.0
2021,US,West,California,"Irvine, California",108774.0
2021,US,West,California,"Lompoc-Surf, California",3712.0
2021,US,West,California,"Los Angeles, California",466417.0
2021,US,West,California,"Madera, California",11819.0
2021,US,West,California,"Martinez, California",124389.0
2021,US,West,California,"Merced, California",48737.0
2021,US,West,California,"Modesto, California",51281.0
2021,US,West,California,"Moorpark, California",1050.0
2021,US,West,California,"Napa, California",6.0
2021,US,West,California,"Needles, California",3633.0
2021,US,West,California,"Oakland Coliseum, California",17233.0
2021,US,West,California,"Oakland, California",97880.0
2021,US,West,California,"Oceanside, California",106892.0
2021,US,West,California,"Ontario, California",2926.0
2021,US,West,California,"Oxnard, California",36307.0
2021,US,West,California,"Palm Springs, California",1171.0
2021,US,West,California,"Paso Robles, California",3923.0
2021,US,West,California,"Pomona, California",1052.0
2021,US,West,California,"Redding, California",4382.0
2021,US,West,California,"Richmond, California",60116.0
2021,US,West,California,"Riverside, California",4926.0
2021,US,West,California,"Rocklin, California",2113.0
2021,US,West,California,"Roseville, California",7976.0
2021,US,West,California,"Sacramento, California",255183.0
2021,US,West,California,"Salinas, California",7379.0
2021,US,West,California,"San Bernardino, California",3883.0
2021,US,West,California,"San Clemente Pier, California",7563.0
2021,US,West,California,"San Diego, California",235775.0
2021,US,West,California,"San Diego-Old Town, California",113163.0
2021,US,West,California,"San Jose, California",51848.0
2021,US,West,California,"San Juan Capistrano, California",71260.0
2021,US,West,California,"San Luis Obispo, California",30449.0
2021,US,West,California,"Santa Ana, California",50733.0
2021,US,West,California,"Santa Barbara, California",123317.0
2021,US,West,California,"Santa Clara (University), California",6350.0
2021,US,West,California,"Simi Valley, California",16690.0
2021,US,West,California,"Solana Beach, California",94621.0
2021,US,West,California,"Stockton (Downtown), California",1.0
2021,US,West,California,"Stockton (San Joaquin St.), California",156622.0
2021,US,West,California,"Suisun-Fairfield, California",30771.0
2021,US,West,California,"Truckee, California",5747.0
2021,US,West,California,"Turlock-Denair, California",12378.0
2021,US,West,California,"Van Nuys, California",22171.0
2021,US,West,California,"Ventura, California",23357.0
2021,US,West,California,"Victorville, California",2584.0
2021,US,West,California,"Wasco, California",13916.0
2021,US,West,Colorado,"Denver, Colorado",61216.0
2021,US,West,Colorado,"Fort Morgan, Colorado",1614.0
2021,US,West,Colorado,"Glenwood Springs, Colorado",22968.0
2021,US,West,Colorado,"Granby, Colorado",2305.0
2021,US,West,Colorado,"Grand Junction, Colorado",14995.0
2021,US,West,Colorado,"La Junta, Colorado",3525.0
2021,US,West,Colorado,"Lamar, Colorado",673.0
2021,US,West,Colorado,"Trinidad, Colorado",3733.0
2021,US,West,Colorado,"Winter Park-Fraser, Colorado",3500.0
2021,US,West,Idaho,"Sandpoint, Idaho",3594.0
2021,US,West,Montana,"Browning (winter only), Montana",385.0
2021,US,West,Montana,"Cut Bank, Montana",912.0
2021,US,West,Montana,"East Glacier (summer only), Montana",10949.0
2021,US,West,Montana,"Essex, Montana",1740.0
2021,US,West,Montana,"Glasgow, Montana",2192.0
2021,US,West,Montana,"Havre, Montana",5158.0
2021,US,West,Montana,"Libby, Montana",2702.0
2021,US,West,Montana,"Malta, Montana",2598.0
2021,US,West,Montana,"Shelby, Montana",4027.0
2021,US,West,Montana,"West Glacier, Montana",3909.0
2021,US,West,Montana,"Whitefish, Montana",30060.0
2021,US,West,Montana,"Wolf Point, Montana",2434.0
2021,US,West,Nevada,"Elko, Nevada",3807.0
2021,US,West,Nevada,"Reno, Nevada",30088.0
2021,US,West,Nevada,"Winnemucca, Nevada",2400.0
2021,US,West,New Mexico,"Albuquerque, New Mexico",25821.0
2021,US,West,New Mexico,"Deming, New Mexico",989.0
2021,US,West,New Mexico,"Gallup, New Mexico",5084.0
2021,US,West,New Mexico,"Lamy (Santa Fe), New Mexico",3771.0
2021,US,West,New Mexico,"Las Vegas, New Mexico",1830.0
2021,US,West,New Mexico,"Lordsburg, New Mexico",519.0
2021,US,West,New Mexico,"Raton, New Mexico",8472.0
2021,US,West,Oregon,"Albany, Oregon",13918.0
2021,US,West,Oregon,"Chemult, Oregon",2642.0
2021,US,West,Oregon,"Eugene, Oregon",35570.0
2021,US,West,Oregon,"Klamath Falls, Oregon",21482.0
2021,US,West,Oregon,"Oregon City, Oregon",5262.0
2021,US,West,Oregon,"Portland, Oregon",187314.0
2021,US,West,Oregon,"Salem, Oregon",22168.0
2021,US,West,Utah,"Green River, Utah",1744.0
2021,US,West,Utah,"Helper, Utah",1244.0
2021,US,West,Utah,"Provo, Utah",3416.0
2021,US,West,Utah,"Salt Lake City, Utah",21642.0
2021,US,West,Washington,"Bingen-White Salmon, Washington",1473.0
2021,US,West,Washington,"Centralia, Washington",10039.0
2021,US,West,Washington,"Edmonds, Washington",3033.0
2021,US,West,Washington,"Ephrata, Washington",2014.0
2021,US,West,Washington,"Everett, Washington",9853.0
2021,US,West,Washington,"Kelso-Longview, Washington",11109.0
2021,US,West,Washington,"Leavenworth, Washington",3596.0
2021,US,West,Washington,"Olympia/Lacey, Washington",23306.0
2021,US,West,Washington,"Pasco, Washington",9876.0
2021,US,West,Washington,"Seattle, Washington",193076.0
2021,US,West,Washington,"Spokane, Washington",22544.0
2021,US,West,Washington,"Tacoma, Washington",40060.0
2021,US,West,Washington,"Tukwila, Washington",1193.0
2021,US,West,Washington,"Vancouver, Washington",38702.0
2021,US,West,Washington,"Wenatchee, Washington",6581.0
2021,US,West,Washington,"Wishram, Washington",712.0
2022,US,Midwest,Illinois,"Alton, Illinois",49368.0
2022,US,Midwest,Illinois,"Bloomington/Normal, Illinois",178018.0
2022,US,Midwest,Illinois,"Carbondale, Illinois",55051.0
2022,US,Midwest,Illinois,"Carlinville, Illinois",8053.0
2022,US,Midwest,Illinois,"Centralia, Illinois",11025.0
2022,US,Midwest,Illinois,"Champaign-Urbana, Illinois",173549.0
2022,US,Midwest,Illinois,"Chicago, Illinois",2359084.0
2022,US,Midwest,Illinois,"Du Quoin, Illinois",4196.0
2022,US,Midwest,Illinois,"Dwight, Illinois",4941.0
2022,US,Midwest,Illinois,"Effingham, Illinois",12798.0
2022,US,Midwest,Illinois,"Galesburg, Illinois",59510.0
2022,US,Midwest,Illinois,"Gilman, Illinois",1373.0
2022,US,Midwest,Illinois,"Glenview, Illinois",38221.0
2022,US,Midwest,Illinois,"Homewood, Illinois",26722.0
2022,US,Midwest,Illinois,"Joliet, Illinois",54905.0
2022,US,Midwest,Illinois,"Kankakee, Illinois",11135.0
2022,US,Midwest,Illinois,"Kewanee, Illinois",12073.0
2022,US,Midwest,Illinois,"La Grange Road, Illinois",8407.0
2022,US,Midwest,Illinois,"Lincoln, Illinois",15547.0
2022,US,Midwest,Illinois,"Macomb, Illinois",41675.0
2022,US,Midwest,Illinois,"Mattoon, Illinois",22004.0
2022,US,Midwest,Illinois,"Mendota, Illinois",14892.0
2022,US,Midwest,Illinois,"Naperville, Illinois",26991.0
2022,US,Midwest,Illinois,"Plano, Illinois",4746.0
2022,US,Midwest,Illinois,"Pontiac, Illinois",10627.0
2022,US,Midwest,Illinois,"Princeton, Illinois",21887.0
2022,US,Midwest,Illinois,"Quincy, Illinois",25040.0
2022,US,Midwest,Illinois,"Rantoul, Illinois",3526.0
2022,US,Midwest,Illinois,"Springfield, Illinois",118743.0
2022,US,Midwest,Illinois,"Summit, Illinois",15111.0
2022,US,Midwest,Indiana,"Connersville, Indiana",373.0
2022,US,Midwest,Indiana,"Crawfordsville (Bus), Indiana",1235.0
2022,US,Midwest,Indiana,"Dyer, Indiana",959.0
2022,US,Midwest,Indiana,"Elkhart, Indiana",16157.0
2022,US,Midwest,Indiana,"Hammond-Whiting, Indiana",3031.0
2022,US,Midwest,Indiana,"Indianapolis, Indiana",10881.0
2022,US,Midwest,Indiana,"Lafayette, Indiana",4271.0
2022,US,Midwest,Indiana,"Michigan City, Indiana",817.0
2022,US,Midwest,Indiana,"Rensselaer, Indiana",479.0
2022,US,Midwest,Indiana,"South Bend, Indiana",18848.0
2022,US,Midwest,Indiana,"Waterloo, Indiana",16945.0
2022,US,Midwest,Iowa,"Burlington, Iowa",4998.0
2022,US,Midwest,Iowa,"Creston, Iowa",1785.0
2022,US,Midwest,Iowa,"Fort Madison, Iowa",4036.0
2022,US,Midwest,Iowa,"Mount Pleasant, Iowa",6730.0
2022,US,Midwest,Iowa,"Osceola, Iowa",9377.0
2022,US,Midwest,Iowa,"Ottumwa, Iowa",6799.0
2022,US,Midwest,Kansas,"Dodge City, Kansas",3519.0
2022,US,Midwest,Kansas,"Garden City, Kansas",4945.0
2022,US,Midwest,Kansas,"Hutchinson, Kansas",2637.0
2022,US,Midwest,Kansas,"Lawrence, Kansas",5331.0
2022,US,Midwest,Kansas,"Newton, Kansas",10978.0
2022,US,Midwest,Kansas,"Topeka, Kansas",5576.0
2022,US,Midwest,Michigan,"Albion, Michigan",1890.0
2022,US,Midwest,Michigan,"Ann Arbor, Michigan",122757.0
2022,US,Midwest,Michigan,"Bangor, Michigan",3337.0
2022,US,Midwest,Michigan,"Battle Creek, Michigan",24581.0
2022,US,Midwest,Michigan,"Dearborn, Michigan",52850.0
2022,US,Midwest,Michigan,"Detroit, Michigan",54304.0
2022,US,Midwest,Michigan,"Dowagiac, Michigan",3878.0
2022,US,Midwest,Michigan,"Durand, Michigan",9535.0
2022,US,Midwest,Michigan,"East Lansing, Michigan",59224.0
2022,US,Midwest,Michigan,"Flint, Michigan",23026.0
2022,US,Midwest,Michigan,"Grand Rapids, Michigan",40753.0
2022,US,Midwest,Michigan,"Holland, Michigan",28581.0
2022,US,Midwest,Michigan,"Jackson, Michigan",15319.0
2022,US,Midwest,Michigan,"Kalamazoo, Michigan",73613.0
2022,US,Midwest,Michigan,"Lapeer, Michigan",6831.0
2022,US,Midwest,Michigan,"New Buffalo, Michigan",19564.0
2022,US,Midwest,Michigan,"Niles, Michigan",13056.0
2022,US,Midwest,Michigan,"Pontiac, Michigan",12013.0
2022,US,Midwest,Michigan,"Port Huron, Michigan",10177.0
2022,US,Midwest,Michigan,"Royal Oak, Michigan",20432.0
2022,US,Midwest,Michigan,"St. Joseph/Benton Harbor, Michigan",11741.0
2022,US,Midwest,Michigan,"Troy, Michigan",25769.0
2022,US,Midwest,Minnesota,"Detroit Lakes, Minnesota",3123.0
2022,US,Midwest,Minnesota,"Red Wing, Minnesota",4878.0
2022,US,Midwest,Minnesota,"St. Cloud, Minnesota",6156.0
2022,US,Midwest,Minnesota,"St. Paul-Minneapolis, Minnesota",59815.0
2022,US,Midwest,Minnesota,"Staples, Minnesota",5363.0
2022,US,Midwest,Minnesota,"Winona, Minnesota",9282.0
2022,US,Midwest,Missouri,"Arcadia, Missouri",876.0
2022,US,Midwest,Missouri,"Hermann, Missouri",17007.0
2022,US,Midwest,Missouri,"Independence, Missouri",4167.0
2022,US,Midwest,Missouri,"Jefferson City, Missouri",25190.0
2022,US,Midwest,Missouri,"Kansas City, Missouri",110232.0
2022,US,Midwest,Missouri,"Kirkwood, Missouri",31063.0
2022,US,Midwest,Missouri,"La Plata, Missouri",6870.0
2022,US,Midwest,Missouri,"Lee’s Summit, Missouri",17215.0
2022,US,Midwest,Missouri,"Poplar Bluff, Missouri",2835.0
2022,US,Midwest,Missouri,"Sedalia, Missouri",6558.0
2022,US,Midwest,Missouri,"St. Louis, Missouri",293338.0
2022,US,Midwest,Missouri,"Warrensburg, Missouri",6103.0
2022,US,Midwest,Missouri,"Washington, Missouri",9210.0
2022,US,Midwest,Nebraska,"Hastings, Nebraska",3240.0
2022,US,Midwest,Nebraska,"Holdrege, Nebraska",1014.0
2022,US,Midwest,Nebraska,"Lincoln, Nebraska",8860.0
2022,US,Midwest,Nebraska,"McCook, Nebraska",1840.0
2022,US,Midwest,Nebraska,"Omaha, Nebraska",17023.0
2022,US,Midwest,North Dakota,"Devils Lake, North Dakota",2803.0
2022,US,Midwest,North Dakota,"Fargo, North Dakota",14723.0
2022,US,Midwest,North Dakota,"Grand Forks, North Dakota",8181.0
2022,US,Midwest,North Dakota,"Minot, North Dakota",16529.0
2022,US,Midwest,North Dakota,"Rugby, North Dakota",2114.0
2022,US,Midwest,North Dakota,"Stanley, North Dakota",2080.0
2022,US,Midwest,North Dakota,"Williston, North Dakota",14279.0
2022,US,Midwest,Ohio,"Alliance, Ohio",3132.0
2022,US,Midwest,Ohio,"Bryan, Ohio",4262.0
2022,US,Midwest,Ohio,"Cincinnati, Ohio",8374.0
2022,US,Midwest,Ohio,"Cleveland, Ohio",48887.0
2022,US,Midwest,Ohio,"Elyria, Ohio",6697.0
2022,US,Midwest,Ohio,"Sandusky, Ohio",8400.0
2022,US,Midwest,Ohio,"Toledo, Ohio",45212.0
2022,US,Midwest,Wisconsin,"Columbus, Wisconsin",8460.0
2022,US,Midwest,Wisconsin,"La Crosse, Wisconsin",16399.0
2022,US,Midwest,Wisconsin,"Milwaukee Airport, Wisconsin",84621.0
2022,US,Midwest,Wisconsin,"Milwaukee, Wisconsin",379535.0
2022,US,Midwest,Wisconsin,"Portage, Wisconsin",4810.0
2022,US,Midwest,Wisconsin,"Sturtevant, Wisconsin",36289.0
2022,US,Midwest,Wisconsin,"Tomah, Wisconsin",8351.0
2022,US,Midwest,Wisconsin,"Wisconsin Dells, Wisconsin",10505.0
2022,US,Northeast,Connecticut,"Berlin, Connecticut",17812.0
2022,US,Northeast,Connecticut,"Bridgeport, Connecticut",98572.0
2022,US,Northeast,Connecticut,"Hartford, Connecticut",149625.0
2022,US,Northeast,Connecticut,"Meriden, Connecticut",16373.0
2022,US,Northeast,Connecticut,"Mystic, Connecticut",24160.0
2022,US,Northeast,Connecticut,"New Haven State Street, Connecticut",15727.0
2022,US,Northeast,Connecticut,"New Haven, Connecticut",617119.0
2022,US,Northeast,Connecticut,"New London, Connecticut",138728.0
2022,US,Northeast,Connecticut,"Old Saybrook, Connecticut",61265.0
2022,US,Northeast,Connecticut,"Stamford, Connecticut",269195.0
2022,US,Northeast,Connecticut,"Wallingford, Connecticut",7141.0
2022,US,Northeast,Connecticut,"Windsor Locks, Connecticut",19733.0
2022,US,Northeast,Connecticut,"Windsor, Connecticut",12987.0
2022,US,Northeast,Maine,"Brunswick, Maine",65109.0
2022,US,Northeast,Maine,"Freeport, Maine",24163.0
2022,US,Northeast,Maine,"Old Orchard Beach, Maine",18730.0
2022,US,Northeast,Maine,"Portland, Maine",145776.0
2022,US,Northeast,Maine,"Saco-Biddeford, Maine",45887.0
2022,US,Northeast,Maine,"Wells, Maine",42513.0
2022,US,Northeast,Massachusetts,"Boston-Back Bay, Massachusetts",606967.0
2022,US,Northeast,Massachusetts,"Boston-North Station, Massachusetts",346610.0
2022,US,Northeast,Massachusetts,"Boston-South Station, Massachusetts",1216560.0
2022,US,Northeast,Massachusetts,"Framingham, Massachusetts",1586.0
2022,US,Northeast,Massachusetts,"Greenfield, Massachusetts",8927.0
2022,US,Northeast,Massachusetts,"Haverhill, Massachusetts",23156.0
2022,US,Northeast,Massachusetts,"Holyoke, Massachusetts",2423.0
2022,US,Northeast,Massachusetts,"Northampton, Massachusetts",27801.0
2022,US,Northeast,Massachusetts,"Pittsfield, Massachusetts",10493.0
2022,US,Northeast,Massachusetts,"Route 128 (Boston), Massachusetts",303652.0
2022,US,Northeast,Massachusetts,"Springfield, Massachusetts",112712.0
2022,US,Northeast,Massachusetts,"Woburn, Massachusetts",13626.0
2022,US,Northeast,Massachusetts,"Worcester, Massachusetts",5068.0
2022,US,Northeast,New Hampshire,"Claremont, New Hampshire",2394.0
2022,US,Northeast,New Hampshire,"Dover, New Hampshire",43622.0
2022,US,Northeast,New Hampshire,"Durham-UNH, New Hampshire",43299.0
2022,US,Northeast,New Hampshire,"Exeter, New Hampshire",45733.0
2022,US,Northeast,New Jersey,"Metropark, New Jersey",225661.0
2022,US,Northeast,New Jersey,"New Brunswick, New Jersey",21937.0
2022,US,Northeast,New Jersey,"Newark Airport, New Jersey",124197.0
2022,US,Northeast,New Jersey,"Newark, New Jersey",495422.0
2022,US,Northeast,New Jersey,"Princeton Junction, New Jersey",51957.0
2022,US,Northeast,New Jersey,"Trenton, New Jersey",254694.0
2022,US,Northeast,New York,"Albany-Rensselaer, New York",640353.0
2022,US,Northeast,New York,"Amsterdam, New York",11900.0
2022,US,Northeast,New York,"Buffalo-Depew, New York",96049.0
2022,US,Northeast,New York,"Buffalo-Exchange Street, New York",47884.0
2022,US,Northeast,New York,"Croton-Harmon, New York",40834.0
2022,US,Northeast,New York,"Fort Edward, New York",6096.0
2022,US,Northeast,New York,"Hudson, New York",208302.0
2022,US,Northeast,New York,"New Rochelle, New York",92929.0
2022,US,Northeast,New York,"New York City (Penn Station), New York",8008700.0
2022,US,Northeast,New York,"Niagara Falls, New York",31689.0
2022,US,Northeast,New York,"Poughkeepsie, New York",111135.0
2022,US,Northeast,New York,"Rhinecliff, New York",171567.0
2022,US,Northeast,New York,"Rochester, New York",119797.0
2022,US,Northeast,New York,"Rome, New York",8496.0
2022,US,Northeast,New York,"Saratoga Springs, New York",22710.0
2022,US,Northeast,New York,"Schenectady, New York",50041.0
2022,US,Northeast,New York,"Syracuse, New York",124000.0
2022,US,Northeast,New York,"Utica, New York",61180.0
2022,US,Northeast,New York,"Yonkers, New York",34717.0
2022,US,Northeast,Pennsylvania,"Altoona, Pennsylvania",15142.0
2022,US,Northeast,Pennsylvania,"Ardmore, Pennsylvania",38570.0
2022,US,Northeast,Pennsylvania,"Coatesville, Pennsylvania",9129.0
2022,US,Northeast,Pennsylvania,"Connellsville, Pennsylvania",3337.0
2022,US,Northeast,Pennsylvania,"Cornwells Heights, Pennsylvania",1342.0
2022,US,Northeast,Pennsylvania,"Downingtown, Pennsylvania",32653.0
2022,US,Northeast,Pennsylvania,"Elizabethtown, Pennsylvania",39359.0
2022,US,Northeast,Pennsylvania,"Erie, Pennsylvania",13389.0
2022,US,Northeast,Pennsylvania,"Exton, Pennsylvania",66931.0
2022,US,Northeast,Pennsylvania,"Greensburg, Pennsylvania",8367.0
2022,US,Northeast,Pennsylvania,"Harrisburg, Pennsylvania",258937.0
2022,US,Northeast,Pennsylvania,"Huntingdon, Pennsylvania",4318.0
2022,US,Northeast,Pennsylvania,"Johnstown, Pennsylvania",15009.0
2022,US,Northeast,Pennsylvania,"Lancaster, Pennsylvania",305698.0
2022,US,Northeast,Pennsylvania,"Latrobe, Pennsylvania",2706.0
2022,US,Northeast,Pennsylvania,"Lewistown, Pennsylvania",8287.0
2022,US,Northeast,Pennsylvania,"Middletown, Pennsylvania",38263.0
2022,US,Northeast,Pennsylvania,"Mount Joy, Pennsylvania",18187.0
2022,US,Northeast,Pennsylvania,"North Philadelphia, Pennsylvania",1323.0
2022,US,Northeast,Pennsylvania,"Paoli, Pennsylvania",105375.0
2022,US,Northeast,Pennsylvania,"Parkesburg, Pennsylvania",17228.0
2022,US,Northeast,Pennsylvania,"Philadelphia William H. Gray III 30th Street, Pennsylvania",3058329.0
2022,US,Northeast,Pennsylvania,"Pittsburgh, Pennsylvania",117966.0
2022,US,Northeast,Pennsylvania,"Tyrone, Pennsylvania",2371.0
2022,US,Northeast,Rhode Island,"Kingston, Rhode Island",146288.0
2022,US,Northeast,Rhode Island,"Providence, Rhode Island",569195.0
2022,US,Northeast,Rhode Island,"Westerly, Rhode Island",41293.0
2022,US,Northeast,Vermont,"Bellows Falls, Vermont",3840.0
2022,US,Northeast,Vermont,"Brattleboro, Vermont",13850.0
2022,US,Northeast,Vermont,"Burlington (Union Station), VT",3737.0
2022,US,Northeast,Vermont,"Castleton, Vermont",3585.0
2022,US,Northeast,Vermont,"Essex Junction, Vermont",17412.0
2022,US,Northeast,Vermont,"Ferrisburgh-Vergennes, Vermont",633.0
2022,US,Northeast,Vermont,"Middlebury (Amtrak Station), VT",1656.0
2022,US,Northeast,Vermont,"Montpelier, Vermont",6292.0
2022,US,Northeast,Vermont,"Randolph, Vermont",2014.0
2022,US,Northeast,Vermont,"Rutland, Vermont",10990.0
2022,US,Northeast,Vermont,"St. Albans, Vermont",3621.0
2022,US,Northeast,Vermont,"Waterbury, Vermont",4423.0
2022,US,Northeast,Vermont,"White River Junction, Vermont",12310.0
2022,US,Northeast,Vermont,"Windsor, Vermont",1195.0
2022,US,South,Alabama,"Anniston, Alabama",2486.0
2022,US,South,Alabama,"Birmingham, Alabama",21211.0
2022,US,South,Alabama,"Tuscaloosa, Alabama",5389.0
2022,US,South,Arkansas,"Arkadelphia, Arkansas",956.0
2022,US,South,Arkansas,"Hope, Arkansas",1322.0
2022,US,South,Arkansas,"Little Rock, Arkansas",13492.0
2022,US,South,Arkansas,"Malvern, Arkansas",1558.0
2022,US,South,Arkansas,"Texarkana, Arkansas",4814.0
2022,US,South,Arkansas,"Walnut Ridge, Arkansas",2340.0
2022,US,South,Delaware,"Newark, Delaware",22125.0
2022,US,South,Delaware,"Wilmington, Delaware",433876.0
2022,US,South,District of Columbia,"Washington Union Station, District of Columbia",3631677.0
2022,US,South,Florida,"DeLand, Florida",13442.0
2022,US,South,Florida,"Deerfield Beach, Florida",15142.0
2022,US,South,Florida,"Delray Beach, Florida",10476.0
2022,US,South,Florida,"Fort Lauderdale, Florida",31194.0
2022,US,South,Florida,"Hollywood, Florida",17060.0
2022,US,South,Florida,"Jacksonville, Florida",48144.0
2022,US,South,Florida,"Kissimmee, Florida",26862.0
2022,US,South,Florida,"Lakeland, Florida",16803.0
2022,US,South,Florida,"Miami, Florida",50992.0
2022,US,South,Florida,"Okeechobee, Florida",4104.0
2022,US,South,Florida,"Orlando, Florida",89933.0
2022,US,South,Florida,"Palatka, Florida",8641.0
2022,US,South,Florida,"Sanford (Auto Train Station), Florida",269381.0
2022,US,South,Florida,"Sebring, Florida",10301.0
2022,US,South,Florida,"Tampa, Florida",110901.0
2022,US,South,Florida,"West Palm Beach, Florida",39440.0
2022,US,South,Florida,"Winter Haven, Florida",17397.0
2022,US,South,Florida,"Winter Park, Florida",16388.0
2022,US,South,Georgia,"Atlanta, Georgia",49579.0
2022,US,South,Georgia,"Gainesville, Georgia",3320.0
2022,US,South,Georgia,"Jesup, Georgia",5959.0
2022,US,South,Georgia,"Savannah, Georgia",48796.0
2022,US,South,Georgia,"Toccoa, Georgia",1304.0
2022,US,South,Kentucky,"Ashland, Kentucky",1350.0
2022,US,South,Kentucky,"Fulton, Kentucky",2511.0
2022,US,South,Kentucky,"Maysville, Kentucky",1527.0
2022,US,South,Kentucky,"South Shore-South Portsmouth, Kentucky",732.0
2022,US,South,Louisiana,"Hammond, Louisiana",6023.0
2022,US,South,Louisiana,"Lafayette, Louisiana",3871.0
2022,US,South,Louisiana,"Lake Charles, Louisiana",2550.0
2022,US,South,Louisiana,"New Iberia, Louisiana",1178.0
2022,US,South,Louisiana,"New Orleans, Louisiana",99672.0
2022,US,South,Louisiana,"Schriever, Louisiana",933.0
2022,US,South,Louisiana,"Slidell, Louisiana",3219.0
2022,US,South,Maryland,"Aberdeen, Maryland",32935.0
2022,US,South,Maryland,"BWI Thurgood Marshall Airport, Maryland",522353.0
2022,US,South,Maryland,"Baltimore, Maryland",838591.0
2022,US,South,Maryland,"Cumberland, Maryland",8350.0
2022,US,South,Maryland,"New Carrollton, Maryland",169699.0
2022,US,South,Maryland,"Rockville, Maryland",4058.0
2022,US,South,Mississippi,"Brookhaven, Mississippi",2542.0
2022,US,South,Mississippi,"Greenwood, Mississippi",9293.0
2022,US,South,Mississippi,"Hattiesburg, Mississippi",5083.0
2022,US,South,Mississippi,"Hazlehurst, Mississippi",956.0
2022,US,South,Mississippi,"Jackson, Mississippi",24209.0
2022,US,South,Mississippi,"Laurel, Mississippi",2054.0
2022,US,South,Mississippi,"Marks, Mississippi",2904.0
2022,US,South,Mississippi,"McComb, Mississippi",2580.0
2022,US,South,Mississippi,"Meridian, Mississippi",4674.0
2022,US,South,Mississippi,"Picayune, Mississippi",1022.0
2022,US,South,Mississippi,"Yazoo City, Mississippi",2290.0
2022,US,South,North Carolina,"Burlington, North Carolina",20404.0
2022,US,South,North Carolina,"Cary, North Carolina",74995.0
2022,US,South,North Carolina,"Charlotte, North Carolina",196233.0
2022,US,South,North Carolina,"Durham, North Carolina",80643.0
2022,US,South,North Carolina,"Fayetteville, North Carolina",32332.0
2022,US,South,North Carolina,"Gastonia, North Carolina",1213.0
2022,US,South,North Carolina,"Greensboro, North Carolina",114046.0
2022,US,South,North Carolina,"Hamlet, North Carolina",3798.0
2022,US,South,North Carolina,"High Point, North Carolina",27128.0
2022,US,South,North Carolina,"Kannapolis, North Carolina",21022.0
2022,US,South,North Carolina,"Raleigh, North Carolina",171091.0
2022,US,South,North Carolina,"Rocky Mount, North Carolina",38092.0
2022,US,South,North Carolina,"Salisbury, North Carolina",17903.0
2022,US,South,North Carolina,"Selma-Smithfield, North Carolina",11403.0
2022,US,South,North Carolina,"Southern Pines, North Carolina",6267.0
2022,US,South,North Carolina,"Wilson, North Carolina",46436.0
2022,US,South,Oklahoma,"Ardmore, Oklahoma",4871.0
2022,US,South,Oklahoma,"Norman, Oklahoma",10622.0
2022,US,South,Oklahoma,"Oklahoma City, Oklahoma",42793.0
2022,US,South,Oklahoma,"Pauls Valley, Oklahoma",2285.0
2022,US,South,Oklahoma,"Purcell, Oklahoma",1337.0
2022,US,South,South Carolina,"Camden, South Carolina",2733.0
2022,US,South,South Carolina,"Charleston, South Carolina",37461.0
2022,US,South,South Carolina,"Clemson, South Carolina",2868.0
2022,US,South,South Carolina,"Columbia, South Carolina",25035.0
2022,US,South,South Carolina,"Denmark, South Carolina",2727.0
2022,US,South,South Carolina,"Dillon, South Carolina",3996.0
2022,US,South,South Carolina,"Florence, South Carolina",22571.0
2022,US,South,South Carolina,"Greenville, South Carolina",6784.0
2022,US,South,South Carolina,"Kingstree, South Carolina",5310.0
2022,US,South,South Carolina,"Spartanburg, South Carolina",2699.0
2022,US,South,South Carolina,"Yemassee, South Carolina",5006.0
2022,US,South,Tennessee,"Memphis, Tennessee",38891.0
2022,US,South,Tennessee,"Newbern-Dyersberg, Tennessee",2465.0
2022,US,South,Texas,"Alpine, Texas",3593.0
2022,US,South,Texas,"Austin, Texas",26665.0
2022,US,South,Texas,"Beaumont, Texas",2251.0
2022,US,South,Texas,"Cleburne, Texas",2945.0
2022,US,South,Texas,"Dallas, Texas",40197.0
2022,US,South,Texas,"Del Rio, Texas",2328.0
2022,US,South,Texas,"El Paso, Texas",11896.0
2022,US,South,Texas,"Fort Worth, Texas",93181.0
2022,US,South,Texas,"Gainesville, Texas",5084.0
2022,US,South,Texas,"Houston, Texas",15833.0
2022,US,South,Texas,"Longview, Texas",23412.0
2022,US,South,Texas,"Marshall, Texas",5279.0
2022,US,South,Texas,"McGregor, Texas",3344.0
2022,US,South,Texas,"Mineola, Texas",4859.0
2022,US,South,Texas,"San Antonio, Texas",45419.0
2022,US,South,Texas,"San Marcos, Texas",6130.0
2022,US,South,Texas,"Sanderson, Texas",198.0
2022,US,South,Texas,"Taylor, Texas",3570.0
2022,US,South,Texas,"Temple, Texas",10116.0
2022,US,South,Virginia,"Alexandria, Virginia",211971.0
2022,US,South,Virginia,"Ashland, Virginia",21894.0
2022,US,South,Virginia,"Burke Centre, Virginia",12786.0
2022,US,South,Virginia,"Charlottesville, Virginia",125270.0
2022,US,South,Virginia,"Clifton Forge, Virginia",1475.0
2022,US,South,Virginia,"Culpeper, Virginia",13816.0
2022,US,South,Virginia,"Danville, Virginia",5765.0
2022,US,South,Virginia,"Fredericksburg, Virginia",72354.0
2022,US,South,Virginia,"Lorton (Auto Train), Virginia",269381.0
2022,US,South,Virginia,"Lynchburg, Virginia",48326.0
2022,US,South,Virginia,"Manassas, Virginia",28823.0
2022,US,South,Virginia,"Newport News, Virginia",70645.0
2022,US,South,Virginia,"Norfolk, Virginia",129791.0
2022,US,South,Virginia,"Petersburg, Virginia",33311.0
2022,US,South,Virginia,"Quantico, Virginia",16174.0
2022,US,South,Virginia,"Richmond - Main Street, Virginia",74794.0
2022,US,South,Virginia,"Richmond - Staples Mill, Virginia",303204.0
2022,US,South,Virginia,"Roanoke, Virginia",66721.0
2022,US,South,Virginia,"Staunton, Virginia",4748.0
2022,US,South,Virginia,"Williamsburg, Virginia",48083.0
2022,US,South,Virginia,"Woodbridge, Virginia",18994.0
2022,US,South,West Virginia,"Alderson, West Virginia",315.0
2022,US,South,West Virginia,"Charleston*, West Virginia",6641.0
2022,US,South,West Virginia,"Harpers Ferry, West Virginia",6539.0
2022,US,South,West Virginia,"Hinton, West Virginia",2572.0
2022,US,South,West Virginia,"Huntington, West Virginia",3102.0
2022,US,South,West Virginia,"Martinsburg, West Virginia",8148.0
2022,US,South,West Virginia,"Montgomery, West Virginia",340.0
2022,US,South,West Virginia,"Prince, West Virginia",1555.0
2022,US,South,West Virginia,"Thurmond, West Virginia",382.0
2022,US,South,West Virginia,"White Sulphur Springs, West Virginia",4293.0
2022,US,West,Arizona,"Benson, Arizona",1743.0
2022,US,West,Arizona,"Flagstaff, Arizona",25499.0
2022,US,West,Arizona,"Kingman, Arizona",6919.0
2022,US,West,Arizona,"Maricopa, Arizona",10520.0
2022,US,West,Arizona,"Tucson, Arizona",19115.0
2022,US,West,Arizona,"Winslow, Arizona",2652.0
2022,US,West,Arizona,"Yuma, Arizona",4403.0
2022,US,West,California,"Anaheim, California",158796.0
2022,US,West,California,"Antioch-Pittsburg, California",24262.0
2022,US,West,California,"Auburn, California",5357.0
2022,US,West,California,"Bakersfield, California",314684.0
2022,US,West,California,"Barstow, California",1959.0
2022,US,West,California,"Berkeley, California",57302.0
2022,US,West,California,"Burbank, California",43671.0
2022,US,West,California,"Camarillo, California",31862.0
2022,US,West,California,"Carpinteria, California",15883.0
2022,US,West,California,"Chatsworth, California",38654.0
2022,US,West,California,"Chico, California",7625.0
2022,US,West,California,"Colfax, California",3753.0
2022,US,West,California,"Corcoran, California",14964.0
2022,US,West,California,"Davis, California",163636.0
2022,US,West,California,"Dunsmuir, California",3496.0
2022,US,West,California,"Emeryville, California",283631.0
2022,US,West,California,"Fairfield-Vacaville, California",39248.0
2022,US,West,California,"Fremont, California",21216.0
2022,US,West,California,"Fresno, California",221781.0
2022,US,West,California,"Fullerton, California",172130.0
2022,US,West,California,"Glendale, California",31521.0
2022,US,West,California,"Goleta, California",52365.0
2022,US,West,California,"Great America (Santa Clara), California",39593.0
2022,US,West,California,"Grover Beach, California",12748.0
2022,US,West,California,"Guadalupe-Santa Maria, California",9744.0
2022,US,West,California,"Hanford, California",97628.0
2022,US,West,California,"Hayward, California",20641.0
2022,US,West,California,"Irvine, California",180103.0
2022,US,West,California,"Lodi, California",1584.0
2022,US,West,California,"Lompoc-Surf, California",7560.0
2022,US,West,California,"Los Angeles, California",928558.0
2022,US,West,California,"Madera, California",19014.0
2022,US,West,California,"Martinez, California",176571.0
2022,US,West,California,"Merced, California",94304.0
2022,US,West,California,"Modesto, California",76286.0
2022,US,West,California,"Moorpark, California",16960.0
2022,US,West,California,"Needles, California",4667.0
2022,US,West,California,"Oakland Coliseum, California",23557.0
2022,US,West,California,"Oakland, California",154266.0
2022,US,West,California,"Oceanside, California",185734.0
2022,US,West,California,"Ontario, California",3374.0
2022,US,West,California,"Oxnard, California",59653.0
2022,US,West,California,"Palm Springs, California",2224.0
2022,US,West,California,"Paso Robles, California",8197.0
2022,US,West,California,"Pomona, California",1131.0
2022,US,West,California,"Redding, California",6625.0
2022,US,West,California,"Richmond, California",114929.0
2022,US,West,California,"Riverside, California",6947.0
2022,US,West,California,"Rocklin, California",5031.0
2022,US,West,California,"Roseville, California",21022.0
2022,US,West,California,"Sacramento, California",456647.0
2022,US,West,California,"Salinas, California",16160.0
2022,US,West,California,"San Bernardino, California",6855.0
2022,US,West,California,"San Clemente Pier, California",14107.0
2022,US,West,California,"San Diego, California",443091.0
2022,US,West,California,"San Diego-Old Town, California",253617.0
2022,US,West,California,"San Jose, California",110949.0
2022,US,West,California,"San Juan Capistrano, California",117526.0
2022,US,West,California,"San Luis Obispo, California",75279.0
2022,US,West,California,"Santa Ana, California",95854.0
2022,US,West,California,"Santa Barbara, California",213697.0
2022,US,West,California,"Santa Clara (University), California",21489.0
2022,US,West,California,"Simi Valley, California",26689.0
2022,US,West,California,"Solana Beach, California",176089.0
2022,US,West,California,"Stockton (Downtown), California",2824.0
2022,US,West,California,"Stockton (San Joaquin St.), California",212527.0
2022,US,West,California,"Suisun-Fairfield, California",38530.0
2022,US,West,California,"Truckee, California",9997.0
2022,US,West,California,"Turlock-Denair, California",21437.0
2022,US,West,California,"Van Nuys, California",44026.0
2022,US,West,California,"Ventura, California",43659.0
2022,US,West,California,"Victorville, California",4554.0
2022,US,West,California,"Wasco, California",22781.0
2022,US,West,Colorado,"Denver, Colorado",104513.0
2022,US,West,Colorado,"Fort Morgan, Colorado",2019.0
2022,US,West,Colorado,"Glenwood Springs, Colorado",32519.0
2022,US,West,Colorado,"Granby, Colorado",3256.0
2022,US,West,Colorado,"Grand Junction, Colorado",20712.0
2022,US,West,Colorado,"La Junta, Colorado",4799.0
2022,US,West,Colorado,"Lamar, Colorado",915.0
2022,US,West,Colorado,"Trinidad, Colorado",4896.0
2022,US,West,Colorado,"Winter Park Resort (seasonal), Colorado",16958.0
2022,US,West,Colorado,"Winter Park-Fraser, Colorado",6466.0
2022,US,West,Idaho,"Sandpoint, Idaho",4537.0
2022,US,West,Montana,"Browning (winter only), Montana",725.0
2022,US,West,Montana,"Cut Bank, Montana",1219.0
2022,US,West,Montana,"East Glacier (summer only), Montana",9528.0
2022,US,West,Montana,"Essex, Montana",1795.0
2022,US,West,Montana,"Glasgow, Montana",3012.0
2022,US,West,Montana,"Havre, Montana",6848.0
2022,US,West,Montana,"Libby, Montana",3323.0
2022,US,West,Montana,"Malta, Montana",3610.0
2022,US,West,Montana,"Shelby, Montana",5989.0
2022,US,West,Montana,"West Glacier, Montana",4413.0
2022,US,West,Montana,"Whitefish, Montana",37597.0
2022,US,West,Montana,"Wolf Point, Montana",2911.0
2022,US,West,Nevada,"Elko, Nevada",4894.0
2022,US,West,Nevada,"Reno, Nevada",47136.0
2022,US,West,Nevada,"Winnemucca, Nevada",3007.0
2022,US,West,New Mexico,"Albuquerque, New Mexico",41692.0
2022,US,West,New Mexico,"Deming, New Mexico",1085.0
2022,US,West,New Mexico,"Gallup, New Mexico",9138.0
2022,US,West,New Mexico,"Lamy (Santa Fe), New Mexico",6115.0
2022,US,West,New Mexico,"Las Vegas, New Mexico",3051.0
2022,US,West,New Mexico,"Lordsburg, New Mexico",661.0
2022,US,West,New Mexico,"Raton, New Mexico",6133.0
2022,US,West,Oregon,"Albany, Oregon",26256.0
2022,US,West,Oregon,"Chemult, Oregon",2618.0
2022,US,West,Oregon,"Eugene, Oregon",70980.0
2022,US,West,Oregon,"Klamath Falls, Oregon",20627.0
2022,US,West,Oregon,"Oregon City, Oregon",11685.0
2022,US,West,Oregon,"Portland, Oregon",375071.0
2022,US,West,Oregon,"Salem, Oregon",39701.0
2022,US,West,Utah,"Green River, Utah",1579.0
2022,US,West,Utah,"Helper, Utah",1524.0
2022,US,West,Utah,"Provo, Utah",4185.0
2022,US,West,Utah,"Salt Lake City, Utah",26821.0
2022,US,West,Washington,"Bellingham, Washington",129.0
2022,US,West,Washington,"Bingen-White Salmon, Washington",2191.0
2022,US,West,Washington,"Centralia, Washington",16339.0
2022,US,West,Washington,"Edmonds, Washington",4223.0
2022,US,West,Washington,"Ephrata, Washington",2441.0
2022,US,West,Washington,"Everett, Washington",11914.0
2022,US,West,Washington,"Kelso-Longview, Washington",19711.0
2022,US,West,Washington,"Leavenworth, Washington",6624.0
2022,US,West,Washington,"Mount Vernon, Washington",22.0
2022,US,West,Washington,"Olympia/Lacey, Washington",40882.0
2022,US,West,Washington,"Pasco, Washington",15038.0
2022,US,West,Washington,"Seattle, Washington",384726.0
2022,US,West,Washington,"Spokane, Washington",34053.0
2022,US,West,Washington,"Stanwood, Washington",10.0
2022,US,West,Washington,"Tacoma, Washington",66689.0
2022,US,West,Washington,"Tukwila, Washington",23337.0
2022,US,West,Washington,"Vancouver, Washington",73546.0
2022,US,West,Washington,"Wenatchee, Washington",9002.0
2022,US,West,Washington,"Wishram, Washington",872.0
