,Unnamed: 0,year,negative,positive,Topic,decade,num_conflicts,avg_hostility,total_fatalities,life_expectancy,democracy_frequency,economy_frequency,equality_frequency,freedom_frequency,justice_frequency,liberty_frequency,num_conflicts_lag1,avg_hostility_lag1,total_fatalities_lag1,num_conflicts_lag5,avg_hostility_lag5,total_fatalities_lag5,num_conflicts_lag10,avg_hostility_lag10,total_fatalities_lag10,log_gdp_percap,log_sentiment
1051,1235,1850-01-01,0.0,0.0,democracy_frequency,1850,2.0,2.5,0.0,38.3,0.0648404914323371,0.0611858451402079,0.4433040436270707,0.5912347905274545,1.0,0.996899222499087,2.0,2.5,0.0,2.0,2.5,0.0,2.0,2.5,0.0,7.586194830669808,6.174733214544906e-06
604,634,1850-01-01,0.0,0.0,Life_expectancy,1850,2.0,2.5,0.0,38.3,0.0648404914323371,0.0611858451402079,0.4433040436270707,0.5912347905274545,1.0,0.996899222499087,2.0,2.5,0.0,2.0,2.5,0.0,2.0,2.5,0.0,7.586194830669808,3.6712245188752153
1201,1437,1851-01-01,0.0,0.0,freedom_frequency,1850,0.0,0.0,0.0,38.65,0.0708029679240422,0.0601034644320602,0.4682668534672294,0.6130803002779479,0.9899180330475956,1.0,2.0,2.5,0.0,2.0,2.5,0.0,2.0,2.5,0.0,7.598178753620486,5.409964754341143e-05
1499,1839,1851-01-01,0.0,0.0,liberty_frequency,1850,0.0,0.0,0.0,38.65,0.0708029679240422,0.0601034644320602,0.4682668534672294,0.6130803002779479,0.9899180330475956,1.0,0.0,0.0,0.0,2.0,2.5,0.0,2.0,2.5,0.0,7.598178753620486,9.743686254087928e-05
151,151,1851-01-01,0.05335,0.1022,Freedom,1850,0.0,0.0,0.0,38.65,0.0708029679240422,0.0601034644320602,0.4682668534672294,0.6130803002779479,0.9899180330475956,1.0,0.0,0.0,0.0,2.0,2.5,0.0,2.0,2.5,0.0,7.598178753620486,0.6062021650047105
1052,1236,1851-01-01,0.0,0.0,democracy_frequency,1850,0.0,0.0,0.0,38.65,0.0708029679240422,0.0601034644320602,0.4682668534672294,0.6130803002779479,0.9899180330475956,1.0,0.0,0.0,0.0,2.0,2.5,0.0,2.0,2.5,0.0,7.598178753620486,6.383038350456744e-06
265,265,1851-01-01,0.0472,0.0877,Liberty,1850,0.0,0.0,0.0,38.65,0.0708029679240422,0.0601034644320602,0.4682668534672294,0.6130803002779479,0.9899180330475956,1.0,0.0,0.0,0.0,2.0,2.5,0.0,2.0,2.5,0.0,7.598178753620486,0.6419038849224364
342,342,1851-01-01,0.05755,0.10675,Democracy,1850,0.0,0.0,0.0,38.65,0.0708029679240422,0.0601034644320602,0.4682668534672294,0.6130803002779479,0.9899180330475956,1.0,0.0,0.0,0.0,0.0,0.0,0.0,2.0,2.5,0.0,7.598178753620486,0.6930846786067388
1350,1638,1851-01-01,0.0,0.0,justice_frequency,1850,0.0,0.0,0.0,38.65,0.0708029679240422,0.0601034644320602,0.4682668534672294,0.6130803002779479,0.9899180330475956,1.0,0.0,0.0,0.0,0.0,0.0,0.0,2.0,2.5,0.0,7.598178753620486,0.0001240194656222
64,64,1851-01-01,0.0486,0.10575,Economy,1850,0.0,0.0,0.0,38.65,0.0708029679240422,0.0601034644320602,0.4682668534672294,0.6130803002779479,0.9899180330475956,1.0,0.0,0.0,0.0,0.0,0.0,0.0,2.0,2.5,0.0,7.598178753620486,0.6931021795474149
903,1035,1851-01-01,0.0,0.0,equality_frequency,1850,0.0,0.0,0.0,38.65,0.0708029679240422,0.0601034644320602,0.4682668534672294,0.6130803002779479,0.9899180330475956,1.0,0.0,0.0,0.0,0.0,0.0,0.0,2.0,2.5,0.0,7.598178753620486,1.335151084922614e-05
605,635,1851-01-01,0.0,0.0,Life_expectancy,1850,0.0,0.0,0.0,38.65,0.0708029679240422,0.0601034644320602,0.4682668534672294,0.6130803002779479,0.9899180330475956,1.0,0.0,0.0,0.0,0.0,0.0,0.0,2.0,2.5,0.0,7.598178753620486,3.680090948080857
456,486,1851-01-01,0.0,0.0,gdp_percap,1850,0.0,0.0,0.0,38.65,0.0708029679240422,0.0601034644320602,0.4682668534672294,0.6130803002779479,0.9899180330475956,1.0,0.0,0.0,0.0,0.0,0.0,0.0,0.0,0.0,0.0,7.598178753620486,7.598178753620486
754,834,1851-01-01,0.0,0.0,economy_frequency,1850,0.0,0.0,0.0,38.65,0.0708029679240422,0.0601034644320602,0.4682668534672294,0.6130803002779479,0.9899180330475956,1.0,0.0,0.0,0.0,0.0,0.0,0.0,0.0,0.0,0.0,7.598178753620486,2.8237026346793648e-05
343,343,1852-01-01,0.0621,0.10265,Democracy,1850,1.0,3.0,0.0,39.0,0.0633717135280164,0.056303692313386,0.4343123426076119,0.5991109053601444,0.9698949697234078,0.9755449447600668,0.0,0.0,0.0,0.0,0.0,0.0,0.0,0.0,0.0,7.61002076118661,0.588580793942612
1351,1639,1852-01-01,0.0,0.0,justice_frequency,1850,1.0,3.0,0.0,39.0,0.0633717135280164,0.056303692313386,0.4343123426076119,0.5991109053601444,0.9698949697234078,0.9755449447600668,1.0,3.0,0.0,0.0,0.0,0.0,0.0,0.0,0.0,7.61002076118661,0.0001222618543651
266,266,1852-01-01,0.0675,0.1039,Liberty,1850,1.0,3.0,0.0,39.0,0.0633717135280164,0.056303692313386,0.4343123426076119,0.5991109053601444,0.9698949697234078,0.9755449447600668,1.0,3.0,0.0,0.0,0.0,0.0,0.0,0.0,0.0,7.61002076118661,0.5315542927414241
606,636,1852-01-01,0.0,0.0,Life_expectancy,1850,1.0,3.0,0.0,39.0,0.0633717135280164,0.056303692313386,0.4343123426076119,0.5991109053601444,0.9698949697234078,0.9755449447600668,1.0,3.0,0.0,0.0,0.0,0.0,0.0,0.0,0.0,7.61002076118661,3.688879454113936
152,152,1852-01-01,0.0584,0.0982,Freedom,1850,1.0,3.0,0.0,39.0,0.0633717135280164,0.056303692313386,0.4343123426076119,0.5991109053601444,0.9698949697234078,0.9755449447600668,1.0,3.0,0.0,0.0,0.0,0.0,0.0,0.0,0.0,7.61002076118661,0.5877977759515022
457,487,1852-01-01,0.0,0.0,gdp_percap,1850,1.0,3.0,0.0,39.0,0.0633717135280164,0.056303692313386,0.4343123426076119,0.5991109053601444,0.9698949697234078,0.9755449447600668,1.0,3.0,0.0,1.0,3.0,0.0,0.0,0.0,0.0,7.61002076118661,7.61002076118661
1202,1438,1852-01-01,0.0,0.0,freedom_frequency,1850,1.0,3.0,0.0,39.0,0.0633717135280164,0.056303692313386,0.4343123426076119,0.5991109053601444,0.9698949697234078,0.9755449447600668,1.0,3.0,0.0,1.0,3.0,0.0,0.0,0.0,0.0,7.61002076118661,5.362082385346806e-05
1500,1840,1852-01-01,0.0,0.0,liberty_frequency,1850,1.0,3.0,0.0,39.0,0.0633717135280164,0.056303692313386,0.4343123426076119,0.5991109053601444,0.9698949697234078,0.9755449447600668,1.0,3.0,0.0,1.0,3.0,0.0,0.0,0.0,0.0,7.61002076118661,9.534028229000892e-05
65,65,1852-01-01,0.0384,0.09105,Economy,1850,1.0,3.0,0.0,39.0,0.0633717135280164,0.056303692313386,0.4343123426076119,0.5991109053601444,0.9698949697234078,0.9755449447600668,1.0,3.0,0.0,1.0,3.0,0.0,0.0,0.0,0.0,7.61002076118661,0.6426246416956076
1053,1237,1852-01-01,0.0,0.0,democracy_frequency,1850,1.0,3.0,0.0,39.0,0.0633717135280164,0.056303692313386,0.4343123426076119,0.5991109053601444,0.9698949697234078,0.9755449447600668,1.0,3.0,0.0,1.0,3.0,0.0,0.0,0.0,0.0,7.61002076118661,6.123419968928744e-06
755,835,1852-01-01,0.0,0.0,economy_frequency,1850,1.0,3.0,0.0,39.0,0.0633717135280164,0.056303692313386,0.4343123426076119,0.5991109053601444,0.9698949697234078,0.9755449447600668,1.0,3.0,0.0,1.0,3.0,0.0,1.0,3.0,0.0,7.61002076118661,2.7959062433030965e-05
904,1036,1852-01-01,0.0,0.0,equality_frequency,1850,1.0,3.0,0.0,39.0,0.0633717135280164,0.056303692313386,0.4343123426076119,0.5991109053601444,0.9698949697234078,0.9755449447600668,1.0,3.0,0.0,1.0,3.0,0.0,1.0,3.0,0.0,7.61002076118661,1.303384465184126e-05
458,488,1853-01-01,0.0,0.0,gdp_percap,1850,1.0,3.0,0.0,39.35,0.0523764211388006,0.0519867653398188,0.4371005422053967,0.6192171543665034,0.9631975788730308,0.9694558905018869,1.0,3.0,0.0,1.0,3.0,0.0,1.0,3.0,0.0,7.62172417523438,7.62172417523438
756,836,1853-01-01,0.0,0.0,economy_frequency,1850,1.0,3.0,0.0,39.35,0.0523764211388006,0.0519867653398188,0.4371005422053967,0.6192171543665034,0.9631975788730308,0.9694558905018869,1.0,3.0,0.0,1.0,3.0,0.0,1.0,3.0,0.0,7.62172417523438,2.764326710747869e-05
153,153,1853-01-01,0.064,0.118,Freedom,1850,1.0,3.0,0.0,39.35,0.0523764211388006,0.0519867653398188,0.4371005422053967,0.6192171543665034,0.9631975788730308,0.9694558905018869,1.0,3.0,0.0,1.0,3.0,0.0,1.0,3.0,0.0,7.62172417523438,0.692839633272126
1501,1841,1853-01-01,0.0,0.0,liberty_frequency,1850,1.0,3.0,0.0,39.35,0.0523764211388006,0.0519867653398188,0.4371005422053967,0.6192171543665034,0.9631975788730308,0.9694558905018869,1.0,3.0,0.0,1.0,3.0,0.0,1.0,3.0,0.0,7.62172417523438,9.481825494254388e-05
344,344,1853-01-01,0.05205,0.09625,Democracy,1850,1.0,3.0,0.0,39.35,0.0523764211388006,0.0519867653398188,0.4371005422053967,0.6192171543665034,0.9631975788730308,0.9694558905018869,1.0,3.0,0.0,1.0,3.0,0.0,1.0,3.0,0.0,7.62172417523438,0.6421249020758458
607,637,1853-01-01,0.0,0.0,Life_expectancy,1850,1.0,3.0,0.0,39.35,0.0523764211388006,0.0519867653398188,0.4371005422053967,0.6192171543665034,0.9631975788730308,0.9694558905018869,1.0,3.0,0.0,1.0,3.0,0.0,1.0,3.0,0.0,7.62172417523438,3.6975913947159578
1352,1640,1853-01-01,0.0,0.0,justice_frequency,1850,1.0,3.0,0.0,39.35,0.0523764211388006,0.0519867653398188,0.4371005422053967,0.6192171543665034,0.9631975788730308,0.9694558905018869,1.0,3.0,0.0,1.0,3.0,0.0,1.0,3.0,0.0,7.62172417523438,0.0001216739611359
267,267,1853-01-01,0.047,0.0869,Liberty,1850,1.0,3.0,0.0,39.35,0.0523764211388006,0.0519867653398188,0.4371005422053967,0.6192171543665034,0.9631975788730308,0.9694558905018869,1.0,3.0,0.0,1.0,3.0,0.0,1.0,3.0,0.0,7.62172417523438,0.4743504182550467
66,66,1853-01-01,0.04915,0.10615,Economy,1850,1.0,3.0,0.0,39.35,0.0523764211388006,0.0519867653398188,0.4371005422053967,0.6192171543665034,0.9631975788730308,0.9694558905018869,1.0,3.0,0.0,1.0,3.0,0.0,1.0,3.0,0.0,7.62172417523438,0.6929421595445732
905,1037,1853-01-01,0.0,0.0,equality_frequency,1850,1.0,3.0,0.0,39.35,0.0523764211388006,0.0519867653398188,0.4371005422053967,0.6192171543665034,0.9631975788730308,0.9694558905018869,1.0,3.0,0.0,1.0,3.0,0.0,1.0,3.0,0.0,7.62172417523438,1.3059930048758603e-05
1054,1238,1853-01-01,0.0,0.0,democracy_frequency,1850,1.0,3.0,0.0,39.35,0.0523764211388006,0.0519867653398188,0.4371005422053967,0.6192171543665034,0.9631975788730308,0.9694558905018869,1.0,3.0,0.0,1.0,3.0,0.0,1.0,3.0,0.0,7.62172417523438,5.739288195044069e-06
1203,1439,1853-01-01,0.0,0.0,freedom_frequency,1850,1.0,3.0,0.0,39.35,0.0523764211388006,0.0519867653398188,0.4371005422053967,0.6192171543665034,0.9631975788730308,0.9694558905018869,1.0,3.0,0.0,1.0,3.0,0.0,1.0,3.0,0.0,7.62172417523438,5.430999810791742e-05
757,837,1854-01-01,0.0,0.0,economy_frequency,1850,2.0,3.0,0.0,39.7,0.0425355582295595,0.0454946585476646,0.4168851334147199,0.5976774661968687,0.9436767147833196,0.947430548251598,1.0,3.0,0.0,1.0,3.0,0.0,1.0,3.0,0.0,7.633292202343734,2.7168351084796097e-05
154,154,1854-01-01,0.0566,0.10595,Freedom,1850,2.0,3.0,0.0,39.7,0.0425355582295595,0.0454946585476646,0.4168851334147199,0.5976774661968687,0.9436767147833196,0.947430548251598,2.0,3.0,0.0,1.0,3.0,0.0,1.0,3.0,0.0,7.633292202343734,0.6419880876932836
1055,1239,1854-01-01,0.0,0.0,democracy_frequency,1850,2.0,3.0,0.0,39.7,0.0425355582295595,0.0454946585476646,0.4168851334147199,0.5976774661968687,0.9436767147833196,0.947430548251598,2.0,3.0,0.0,1.0,3.0,0.0,1.0,3.0,0.0,7.633292202343734,5.395487469430675e-06
459,489,1854-01-01,0.0,0.0,gdp_percap,1850,2.0,3.0,0.0,39.7,0.0425355582295595,0.0454946585476646,0.4168851334147199,0.5976774661968687,0.9436767147833196,0.947430548251598,2.0,3.0,0.0,1.0,3.0,0.0,1.0,3.0,0.0,7.633292202343734,7.633292202343734
345,345,1854-01-01,0.05215,0.1058,Democracy,1850,2.0,3.0,0.0,39.7,0.0425355582295595,0.0454946585476646,0.4168851334147199,0.5976774661968687,0.9436767147833196,0.947430548251598,2.0,3.0,0.0,1.0,3.0,0.0,1.0,3.0,0.0,7.633292202343734,0.6926820724139188
1353,1641,1854-01-01,0.0,0.0,justice_frequency,1850,2.0,3.0,0.0,39.7,0.0425355582295595,0.0454946585476646,0.4168851334147199,0.5976774661968687,0.9436767147833196,0.947430548251598,2.0,3.0,0.0,2.0,3.0,0.0,1.0,3.0,0.0,7.633292202343734,0.0001199604286142
608,638,1854-01-01,0.0,0.0,Life_expectancy,1850,2.0,3.0,0.0,39.7,0.0425355582295595,0.0454946585476646,0.4168851334147199,0.5976774661968687,0.9436767147833196,0.947430548251598,2.0,3.0,0.0,2.0,3.0,0.0,1.0,3.0,0.0,7.633292202343734,3.706228092448549
268,268,1854-01-01,0.0558,0.106,Liberty,1850,2.0,3.0,0.0,39.7,0.0425355582295595,0.0454946585476646,0.4168851334147199,0.5976774661968687,0.9436767147833196,0.947430548251598,2.0,3.0,0.0,2.0,3.0,0.0,1.0,3.0,0.0,7.633292202343734,0.691323017786243
67,67,1854-01-01,0.048,0.10115,Economy,1850,2.0,3.0,0.0,39.7,0.0425355582295595,0.0454946585476646,0.4168851334147199,0.5976774661968687,0.9436767147833196,0.947430548251598,2.0,3.0,0.0,2.0,3.0,0.0,1.0,3.0,0.0,7.633292202343734,0.6930921790473898
1502,1842,1854-01-01,0.0,0.0,liberty_frequency,1850,2.0,3.0,0.0,39.7,0.0425355582295595,0.0454946585476646,0.4168851334147199,0.5976774661968687,0.9436767147833196,0.947430548251598,2.0,3.0,0.0,2.0,3.0,0.0,1.0,3.0,0.0,7.633292202343734,9.292997404356072e-05
1204,1440,1854-01-01,0.0,0.0,freedom_frequency,1850,2.0,3.0,0.0,39.7,0.0425355582295595,0.0454946585476646,0.4168851334147199,0.5976774661968687,0.9436767147833196,0.947430548251598,2.0,3.0,0.0,2.0,3.0,0.0,2.0,3.0,0.0,7.633292202343734,5.357169038600629e-05
906,1038,1854-01-01,0.0,0.0,equality_frequency,1850,2.0,3.0,0.0,39.7,0.0425355582295595,0.0454946585476646,0.4168851334147199,0.5976774661968687,0.9436767147833196,0.947430548251598,2.0,3.0,0.0,2.0,3.0,0.0,2.0,3.0,0.0,7.633292202343734,1.287080190830606e-05
269,269,1855-01-01,0.05475,0.09255,Liberty,1850,2.0,3.0,0.0,40.05,0.0279210499827949,0.0439219913088365,0.4029785346687198,0.5722911517270151,0.9281614744826034,0.9142100363637892,2.0,3.0,0.0,2.0,3.0,0.0,2.0,3.0,0.0,7.644727939082111,0.6929221552436478
1503,1843,1855-01-01,0.0,0.0,liberty_frequency,1850,2.0,3.0,0.0,40.05,0.0279210499827949,0.0439219913088365,0.4029785346687198,0.5722911517270151,0.9281614744826034,0.9142100363637892,2.0,3.0,0.0,2.0,3.0,0.0,2.0,3.0,0.0,7.644727939082111,9.008189995261222e-05
68,68,1855-01-01,0.0495,0.09225,Economy,1850,2.0,3.0,0.0,40.05,0.0279210499827949,0.0439219913088365,0.4029785346687198,0.5722911517270151,0.9281614744826034,0.9142100363637892,2.0,3.0,0.0,2.0,3.0,0.0,2.0,3.0,0.0,7.644727939082111,0.692994668930638
1056,1240,1855-01-01,0.0,0.0,democracy_frequency,1850,2.0,3.0,0.0,40.05,0.0279210499827949,0.0439219913088365,0.4029785346687198,0.5722911517270151,0.9281614744826034,0.9142100363637892,2.0,3.0,0.0,2.0,3.0,0.0,2.0,3.0,0.0,7.644727939082111,4.8849142877440925e-06
1205,1441,1855-01-01,0.0,0.0,freedom_frequency,1850,2.0,3.0,0.0,40.05,0.0279210499827949,0.0439219913088365,0.4029785346687198,0.5722911517270151,0.9281614744826034,0.9142100363637892,2.0,3.0,0.0,2.0,3.0,0.0,2.0,3.0,0.0,7.644727939082111,5.270153261352518e-05
907,1039,1855-01-01,0.0,0.0,equality_frequency,1850,2.0,3.0,0.0,40.05,0.0279210499827949,0.0439219913088365,0.4029785346687198,0.5722911517270151,0.9281614744826034,0.9142100363637892,2.0,3.0,0.0,2.0,3.0,0.0,2.0,3.0,0.0,7.644727939082111,1.274069671934366e-05
155,155,1855-01-01,0.0614,0.0984,Freedom,1850,2.0,3.0,0.0,40.05,0.0279210499827949,0.0439219913088365,0.4029785346687198,0.5722911517270151,0.9281614744826034,0.9142100363637892,2.0,3.0,0.0,2.0,3.0,0.0,2.0,3.0,0.0,7.644727939082111,0.6419617750890184
758,838,1855-01-01,0.0,0.0,economy_frequency,1850,2.0,3.0,0.0,40.05,0.0279210499827949,0.0439219913088365,0.4029785346687198,0.5722911517270151,0.9281614744826034,0.9142100363637892,2.0,3.0,0.0,2.0,3.0,0.0,2.0,3.0,0.0,7.644727939082111,2.705330598244402e-05
460,490,1855-01-01,0.0,0.0,gdp_percap,1850,2.0,3.0,0.0,40.05,0.0279210499827949,0.0439219913088365,0.4029785346687198,0.5722911517270151,0.9281614744826034,0.9142100363637892,2.0,3.0,0.0,2.0,3.0,0.0,2.0,3.0,0.0,7.644727939082111,7.644727939082111
1354,1642,1855-01-01,0.0,0.0,justice_frequency,1850,2.0,3.0,0.0,40.05,0.0279210499827949,0.0439219913088365,0.4029785346687198,0.5722911517270151,0.9281614744826034,0.9142100363637892,2.0,3.0,0.0,2.0,3.0,0.0,2.0,3.0,0.0,7.644727939082111,0.0001185985058224
609,639,1855-01-01,0.0,0.0,Life_expectancy,1850,2.0,3.0,0.0,40.05,0.0279210499827949,0.0439219913088365,0.4029785346687198,0.5722911517270151,0.9281614744826034,0.9142100363637892,2.0,3.0,0.0,2.0,3.0,0.0,2.0,3.0,0.0,7.644727939082111,3.714790835898437
346,346,1855-01-01,0.0639,0.09635,Democracy,1850,2.0,3.0,0.0,40.05,0.0279210499827949,0.0439219913088365,0.4029785346687198,0.5722911517270151,0.9281614744826034,0.9142100363637892,2.0,3.0,0.0,2.0,3.0,0.0,2.0,3.0,0.0,7.644727939082111,0.6417670402961377
1057,1241,1856-01-01,0.0,0.0,democracy_frequency,1850,2.0,3.0,0.0,40.4,0.0201381195654385,0.0421946180778721,0.3811341960434493,0.5321891200292173,0.906750247509044,0.8854689937411142,2.0,3.0,0.0,2.0,3.0,0.0,2.0,3.0,0.0,7.656034376980082,4.613009340028633e-06
461,491,1856-01-01,0.0,0.0,gdp_percap,1850,2.0,3.0,0.0,40.4,0.0201381195654385,0.0421946180778721,0.3811341960434493,0.5321891200292173,0.906750247509044,0.8854689937411142,2.0,3.0,0.0,2.0,3.0,0.0,2.0,3.0,0.0,7.656034376980082,7.656034376980082
1355,1643,1856-01-01,0.0,0.0,justice_frequency,1850,2.0,3.0,0.0,40.4,0.0201381195654385,0.0421946180778721,0.3811341960434493,0.5321891200292173,0.906750247509044,0.8854689937411142,2.0,3.0,0.0,2.0,3.0,0.0,2.0,3.0,0.0,7.656034376980082,0.0001167190321752
347,347,1856-01-01,0.0577,0.0938,Democracy,1850,2.0,3.0,0.0,40.4,0.0201381195654385,0.0421946180778721,0.3811341960434493,0.5321891200292173,0.906750247509044,0.8854689937411142,2.0,3.0,0.0,2.0,3.0,0.0,2.0,3.0,0.0,7.656034376980082,0.6926620629094034
1206,1442,1856-01-01,0.0,0.0,freedom_frequency,1850,2.0,3.0,0.0,40.4,0.0201381195654385,0.0421946180778721,0.3811341960434493,0.5321891200292173,0.906750247509044,0.8854689937411142,2.0,3.0,0.0,2.0,3.0,0.0,2.0,3.0,0.0,7.656034376980082,5.132696783451861e-05
759,839,1856-01-01,0.0,0.0,economy_frequency,1850,2.0,3.0,0.0,40.4,0.0201381195654385,0.0421946180778721,0.3811341960434493,0.5321891200292173,0.906750247509044,0.8854689937411142,2.0,3.0,0.0,2.0,3.0,0.0,2.0,3.0,0.0,7.656034376980082,2.692694367944878e-05
610,640,1856-01-01,0.0,0.0,Life_expectancy,1850,2.0,3.0,0.0,40.4,0.0201381195654385,0.0421946180778721,0.3811341960434493,0.5321891200292173,0.906750247509044,0.8854689937411142,2.0,3.0,0.0,2.0,3.0,0.0,2.0,3.0,0.0,7.656034376980082,3.723280880831268
270,270,1856-01-01,0.04685,0.08615,Liberty,1850,2.0,3.0,0.0,40.4,0.0201381195654385,0.0421946180778721,0.3811341960434493,0.5321891200292173,0.906750247509044,0.8854689937411142,2.0,3.0,0.0,2.0,3.0,0.0,2.0,3.0,0.0,7.656034376980082,0.5876338754526277
1504,1844,1856-01-01,0.0,0.0,liberty_frequency,1850,2.0,3.0,0.0,40.4,0.0201381195654385,0.0421946180778721,0.3811341960434493,0.5321891200292173,0.906750247509044,0.8854689937411142,2.0,3.0,0.0,2.0,3.0,0.0,2.0,3.0,0.0,7.656034376980082,8.761785495134069e-05
156,156,1856-01-01,0.04895,0.0901,Freedom,1850,2.0,3.0,0.0,40.4,0.0201381195654385,0.0421946180778721,0.3811341960434493,0.5321891200292173,0.906750247509044,0.8854689937411142,2.0,3.0,0.0,2.0,3.0,0.0,2.0,3.0,0.0,7.656034376980082,0.6835058519606629
908,1040,1856-01-01,0.0,0.0,equality_frequency,1850,2.0,3.0,0.0,40.4,0.0201381195654385,0.0421946180778721,0.3811341960434493,0.5321891200292173,0.906750247509044,0.8854689937411142,2.0,3.0,0.0,2.0,3.0,0.0,2.0,3.0,0.0,7.656034376980082,1.2536328826675908e-05
69,69,1856-01-01,0.04295,0.097,Economy,1850,2.0,3.0,0.0,40.4,0.0201381195654385,0.0421946180778721,0.3811341960434493,0.5321891200292173,0.906750247509044,0.8854689937411142,2.0,3.0,0.0,2.0,3.0,0.0,2.0,3.0,0.0,7.656034376980082,0.6930271733593693
462,492,1857-01-01,0.0,0.0,gdp_percap,1850,0.0,0.0,0.0,40.75,0.0155177258254697,0.0451748814430754,0.3775472590788811,0.5209792300585778,0.8797697901464774,0.8558667991437685,2.0,3.0,0.0,2.0,3.0,0.0,2.0,3.0,0.0,7.667214407228795,7.667214407228795
157,157,1857-01-01,0.05765,0.08375,Freedom,1850,0.0,0.0,0.0,40.75,0.0155177258254697,0.0451748814430754,0.3775472590788811,0.5209792300585778,0.8797697901464774,0.8558667991437685,0.0,0.0,0.0,2.0,3.0,0.0,2.0,3.0,0.0,7.667214407228795,0.5877338857315453
348,348,1857-01-01,0.0579,0.09655,Democracy,1850,0.0,0.0,0.0,40.75,0.0155177258254697,0.0451748814430754,0.3775472590788811,0.5209792300585778,0.8797697901464774,0.8558667991437685,0.0,0.0,0.0,2.0,3.0,0.0,2.0,3.0,0.0,7.667214407228795,0.6929696648049559
1356,1644,1857-01-01,0.0,0.0,justice_frequency,1850,0.0,0.0,0.0,40.75,0.0155177258254697,0.0451748814430754,0.3775472590788811,0.5209792300585778,0.8797697901464774,0.8558667991437685,0.0,0.0,0.0,2.0,3.0,0.0,2.0,3.0,0.0,7.667214407228795,0.0001143506874574
1505,1845,1857-01-01,0.0,0.0,liberty_frequency,1850,0.0,0.0,0.0,40.75,0.0155177258254697,0.0451748814430754,0.3775472590788811,0.5209792300585778,0.8797697901464774,0.8558667991437685,0.0,0.0,0.0,2.0,3.0,0.0,2.0,3.0,0.0,7.667214407228795,8.50799747844605e-05
1207,1443,1857-01-01,0.0,0.0,freedom_frequency,1850,0.0,0.0,0.0,40.75,0.0155177258254697,0.0451748814430754,0.3775472590788811,0.5209792300585778,0.8797697901464774,0.8558667991437685,0.0,0.0,0.0,0.0,0.0,0.0,2.0,3.0,0.0,7.667214407228795,5.094272960946418e-05
760,840,1857-01-01,0.0,0.0,economy_frequency,1850,0.0,0.0,0.0,40.75,0.0155177258254697,0.0451748814430754,0.3775472590788811,0.5209792300585778,0.8797697901464774,0.8558667991437685,0.0,0.0,0.0,0.0,0.0,0.0,2.0,3.0,0.0,7.667214407228795,2.71449584769175e-05
611,641,1857-01-01,0.0,0.0,Life_expectancy,1850,0.0,0.0,0.0,40.75,0.0155177258254697,0.0451748814430754,0.3775472590788811,0.5209792300585778,0.8797697901464774,0.8558667991437685,0.0,0.0,0.0,0.0,0.0,0.0,2.0,3.0,0.0,7.667214407228795,3.731699451296864
909,1041,1857-01-01,0.0,0.0,equality_frequency,1850,0.0,0.0,0.0,40.75,0.0155177258254697,0.0451748814430754,0.3775472590788811,0.5209792300585778,0.8797697901464774,0.8558667991437685,0.0,0.0,0.0,0.0,0.0,0.0,2.0,3.0,0.0,7.667214407228795,1.2502770711305033e-05
271,271,1857-01-01,0.04945,0.07695,Liberty,1850,0.0,0.0,0.0,40.75,0.0155177258254697,0.0451748814430754,0.3775472590788811,0.5209792300585778,0.8797697901464774,0.8558667991437685,0.0,0.0,0.0,0.0,0.0,0.0,2.0,3.0,0.0,7.667214407228795,0.6400232642376282
1058,1242,1857-01-01,0.0,0.0,democracy_frequency,1850,0.0,0.0,0.0,40.75,0.0155177258254697,0.0451748814430754,0.3775472590788811,0.5209792300585778,0.8797697901464774,0.8558667991437685,0.0,0.0,0.0,0.0,0.0,0.0,0.0,0.0,0.0,7.667214407228795,4.451590938075147e-06
70,70,1857-01-01,0.04055,0.08135,Economy,1850,0.0,0.0,0.0,40.75,0.0155177258254697,0.0451748814430754,0.3775472590788811,0.5209792300585778,0.8797697901464774,0.8558667991437685,0.0,0.0,0.0,0.0,0.0,0.0,0.0,0.0,0.0,7.667214407228795,0.5877949982007303
463,493,1858-01-01,0.0,0.0,gdp_percap,1850,2.0,2.0,0.0,41.1,0.0165037143845874,0.0475093068781179,0.3658780137574428,0.5013358297568237,0.8606113084598358,0.8306957154638831,0.0,0.0,0.0,0.0,0.0,0.0,0.0,0.0,0.0,7.678270825117754,7.678270825117754
158,158,1858-01-01,0.06455,0.0935,Freedom,1850,2.0,2.0,0.0,41.1,0.0165037143845874,0.0475093068781179,0.3658780137574428,0.5013358297568237,0.8606113084598358,0.8306957154638831,2.0,2.0,0.0,0.0,0.0,0.0,0.0,0.0,0.0,7.678270825117754,0.5907073954130964
71,71,1858-01-01,0.0501,0.08065,Economy,1850,2.0,2.0,0.0,41.1,0.0165037143845874,0.0475093068781179,0.3658780137574428,0.5013358297568237,0.8606113084598358,0.8306957154638831,2.0,2.0,0.0,0.0,0.0,0.0,0.0,0.0,0.0,7.678270825117754,0.6925169820265569
761,841,1858-01-01,0.0,0.0,economy_frequency,1850,2.0,2.0,0.0,41.1,0.0165037143845874,0.0475093068781179,0.3658780137574428,0.5013358297568237,0.8606113084598358,0.8306957154638831,2.0,2.0,0.0,0.0,0.0,0.0,0.0,0.0,0.0,7.678270825117754,2.7315728347605764e-05
1357,1645,1858-01-01,0.0,0.0,justice_frequency,1850,2.0,2.0,0.0,41.1,0.0165037143845874,0.0475093068781179,0.3658780137574428,0.5013358297568237,0.8606113084598358,0.8306957154638831,2.0,2.0,0.0,0.0,0.0,0.0,0.0,0.0,0.0,7.678270825117754,0.0001126689524082
349,349,1858-01-01,0.0523,0.0788,Democracy,1850,2.0,2.0,0.0,41.1,0.0165037143845874,0.0475093068781179,0.3658780137574428,0.5013358297568237,0.8606113084598358,0.8306957154638831,2.0,2.0,0.0,2.0,2.0,0.0,0.0,0.0,0.0,7.678270825117754,0.6408612884470671
1059,1243,1858-01-01,0.0,0.0,democracy_frequency,1850,2.0,2.0,0.0,41.1,0.0165037143845874,0.0475093068781179,0.3658780137574428,0.5013358297568237,0.8606113084598358,0.8306957154638831,2.0,2.0,0.0,2.0,2.0,0.0,0.0,0.0,0.0,7.678270825117754,4.4860375061857e-06
1506,1846,1858-01-01,0.0,0.0,liberty_frequency,1850,2.0,2.0,0.0,41.1,0.0165037143845874,0.0475093068781179,0.3658780137574428,0.5013358297568237,0.8606113084598358,0.8306957154638831,2.0,2.0,0.0,2.0,2.0,0.0,0.0,0.0,0.0,7.678270825117754,8.292198126714945e-05
612,642,1858-01-01,0.0,0.0,Life_expectancy,1850,2.0,2.0,0.0,41.1,0.0165037143845874,0.0475093068781179,0.3658780137574428,0.5013358297568237,0.8606113084598358,0.8306957154638831,2.0,2.0,0.0,2.0,2.0,0.0,0.0,0.0,0.0,7.678270825117754,3.740047740688336
910,1042,1858-01-01,0.0,0.0,equality_frequency,1850,2.0,2.0,0.0,41.1,0.0165037143845874,0.0475093068781179,0.3658780137574428,0.5013358297568237,0.8606113084598358,0.8306957154638831,2.0,2.0,0.0,2.0,2.0,0.0,0.0,0.0,0.0,7.678270825117754,1.2393597365745087e-05
272,272,1858-01-01,0.04765,0.07775,Liberty,1850,2.0,2.0,0.0,41.1,0.0165037143845874,0.0475093068781179,0.3658780137574428,0.5013358297568237,0.8606113084598358,0.8306957154638831,2.0,2.0,0.0,2.0,2.0,0.0,2.0,2.0,0.0,7.678270825117754,0.58184963109924
1208,1444,1858-01-01,0.0,0.0,freedom_frequency,1850,2.0,2.0,0.0,41.1,0.0165037143845874,0.0475093068781179,0.3658780137574428,0.5013358297568237,0.8606113084598358,0.8306957154638831,2.0,2.0,0.0,2.0,2.0,0.0,2.0,2.0,0.0,7.678270825117754,5.0269417982248574e-05
1060,1244,1859-01-01,0.0,0.0,democracy_frequency,1850,1.0,3.0,0.0,41.45,0.0184690977168849,0.0459027096772468,0.3536173153243991,0.4936983106416491,0.8408417719227167,0.8122452419409946,2.0,2.0,0.0,2.0,2.0,0.0,2.0,2.0,0.0,7.689206334229915,4.554700277881171e-06
613,643,1859-01-01,0.0,0.0,Life_expectancy,1850,1.0,3.0,0.0,41.45,0.0184690977168849,0.0459027096772468,0.3536173153243991,0.4936983106416491,0.8408417719227167,0.8122452419409946,1.0,3.0,0.0,2.0,2.0,0.0,2.0,2.0,0.0,7.689206334229915,3.748326912757357
1507,1847,1859-01-01,0.0,0.0,liberty_frequency,1850,1.0,3.0,0.0,41.45,0.0184690977168849,0.0459027096772468,0.3536173153243991,0.4936983106416491,0.8408417719227167,0.8122452419409946,1.0,3.0,0.0,2.0,2.0,0.0,2.0,2.0,0.0,7.689206334229915,8.13401631296261e-05
159,159,1859-01-01,0.05325,0.0971,Freedom,1850,1.0,3.0,0.0,41.45,0.0184690977168849,0.0459027096772468,0.3536173153243991,0.4936983106416491,0.8408417719227167,0.8122452419409946,1.0,3.0,0.0,2.0,2.0,0.0,2.0,2.0,0.0,7.689206334229915,0.6927320944236134
1358,1646,1859-01-01,0.0,0.0,justice_frequency,1850,1.0,3.0,0.0,41.45,0.0184690977168849,0.0459027096772468,0.3536173153243991,0.4936983106416491,0.8408417719227167,0.8122452419409946,1.0,3.0,0.0,2.0,2.0,0.0,2.0,2.0,0.0,7.689206334229915,0.0001109335758869
1209,1445,1859-01-01,0.0,0.0,freedom_frequency,1850,1.0,3.0,0.0,41.45,0.0184690977168849,0.0459027096772468,0.3536173153243991,0.4936983106416491,0.8408417719227167,0.8122452419409946,1.0,3.0,0.0,1.0,3.0,0.0,2.0,2.0,0.0,7.689206334229915,5.000762864085763e-05
911,1043,1859-01-01,0.0,0.0,equality_frequency,1850,1.0,3.0,0.0,41.45,0.0184690977168849,0.0459027096772468,0.3536173153243991,0.4936983106416491,0.8408417719227167,0.8122452419409946,1.0,3.0,0.0,1.0,3.0,0.0,2.0,2.0,0.0,7.689206334229915,1.2278890580533004e-05
762,842,1859-01-01,0.0,0.0,economy_frequency,1850,1.0,3.0,0.0,41.45,0.0184690977168849,0.0459027096772468,0.3536173153243991,0.4936983106416491,0.8408417719227167,0.8122452419409946,1.0,3.0,0.0,1.0,3.0,0.0,2.0,2.0,0.0,7.689206334229915,2.719820118875175e-05
350,350,1859-01-01,0.0538,0.102,Democracy,1850,1.0,3.0,0.0,41.45,0.0184690977168849,0.0459027096772468,0.3536173153243991,0.4936983106416491,0.8408417719227167,0.8122452419409946,1.0,3.0,0.0,1.0,3.0,0.0,2.0,2.0,0.0,7.689206334229915,0.5899204977716984
273,273,1859-01-01,0.05565,0.08435,Liberty,1850,1.0,3.0,0.0,41.45,0.0184690977168849,0.0459027096772468,0.3536173153243991,0.4936983106416491,0.8408417719227167,0.8122452419409946,1.0,3.0,0.0,1.0,3.0,0.0,2.0,2.0,0.0,7.689206334229915,0.531228071134138
72,72,1859-01-01,0.0426,0.09015,Economy,1850,1.0,3.0,0.0,41.45,0.0184690977168849,0.0459027096772468,0.3536173153243991,0.4936983106416491,0.8408417719227167,0.8122452419409946,1.0,3.0,0.0,1.0,3.0,0.0,1.0,3.0,0.0,7.689206334229915,0.6912478780262542
464,494,1859-01-01,0.0,0.0,gdp_percap,1850,1.0,3.0,0.0,41.45,0.0184690977168849,0.0459027096772468,0.3536173153243991,0.4936983106416491,0.8408417719227167,0.8122452419409946,1.0,3.0,0.0,1.0,3.0,0.0,1.0,3.0,0.0,7.689206334229915,7.689206334229915
614,644,1860-01-01,0.0,0.0,Life_expectancy,1860,2.0,3.0,0.0,41.8,0.0181836087278889,0.0409698572746021,0.3433947546760426,0.4726258679967276,0.8127635943627951,0.7932747797977135,1.0,3.0,0.0,1.0,3.0,0.0,1.0,3.0,0.0,7.700023550409889,3.7565381025877502
465,495,1860-01-01,0.0,0.0,gdp_percap,1860,2.0,3.0,0.0,41.8,0.0181836087278889,0.0409698572746021,0.3433947546760426,0.4726258679967276,0.8127635943627951,0.7932747797977135,2.0,3.0,0.0,1.0,3.0,0.0,1.0,3.0,0.0,7.700023550409889,7.700023550409889
1359,1647,1860-01-01,0.0,0.0,justice_frequency,1860,2.0,3.0,0.0,41.8,0.0181836087278889,0.0409698572746021,0.3433947546760426,0.4726258679967276,0.8127635943627951,0.7932747797977135,2.0,3.0,0.0,1.0,3.0,0.0,1.0,3.0,0.0,7.700023550409889,0.000108468858905
1508,1848,1860-01-01,0.0,0.0,liberty_frequency,1860,2.0,3.0,0.0,41.8,0.0181836087278889,0.0409698572746021,0.3433947546760426,0.4726258679967276,0.8127635943627951,0.7932747797977135,2.0,3.0,0.0,1.0,3.0,0.0,1.0,3.0,0.0,7.700023550409889,7.971376209476443e-05
274,274,1860-01-01,0.0511,0.08885,Liberty,1860,2.0,3.0,0.0,41.8,0.0181836087278889,0.0409698572746021,0.3433947546760426,0.4726258679967276,0.8127635943627951,0.7932747797977135,2.0,3.0,0.0,1.0,3.0,0.0,1.0,3.0,0.0,7.700023550409889,0.692647055518263
73,73,1860-01-01,0.04255,0.07065,Economy,1860,2.0,3.0,0.0,41.8,0.0181836087278889,0.0409698572746021,0.3433947546760426,0.4726258679967276,0.8127635943627951,0.7932747797977135,2.0,3.0,0.0,2.0,3.0,0.0,1.0,3.0,0.0,7.700023550409889,0.6925444989838836
912,1044,1860-01-01,0.0,0.0,equality_frequency,1860,2.0,3.0,0.0,41.8,0.0181836087278889,0.0409698572746021,0.3433947546760426,0.4726258679967276,0.8127635943627951,0.7932747797977135,2.0,3.0,0.0,2.0,3.0,0.0,1.0,3.0,0.0,7.700023550409889,1.2183251886021643e-05
763,843,1860-01-01,0.0,0.0,economy_frequency,1860,2.0,3.0,0.0,41.8,0.0181836087278889,0.0409698572746021,0.3433947546760426,0.4726258679967276,0.8127635943627951,0.7932747797977135,2.0,3.0,0.0,2.0,3.0,0.0,1.0,3.0,0.0,7.700023550409889,2.6837348906497343e-05
1210,1446,1860-01-01,0.0,0.0,freedom_frequency,1860,2.0,3.0,0.0,41.8,0.0181836087278889,0.0409698572746021,0.3433947546760426,0.4726258679967276,0.8127635943627951,0.7932747797977135,2.0,3.0,0.0,2.0,3.0,0.0,1.0,3.0,0.0,7.700023550409889,4.928533341479084e-05
351,351,1860-01-01,0.0527,0.0818,Democracy,1860,2.0,3.0,0.0,41.8,0.0181836087278889,0.0409698572746021,0.3433947546760426,0.4726258679967276,0.8127635943627951,0.7932747797977135,2.0,3.0,0.0,2.0,3.0,0.0,1.0,3.0,0.0,7.700023550409889,0.6331848393872624
160,160,1860-01-01,0.05065,0.08005,Freedom,1860,2.0,3.0,0.0,41.8,0.0181836087278889,0.0409698572746021,0.3433947546760426,0.4726258679967276,0.8127635943627951,0.7932747797977135,2.0,3.0,0.0,2.0,3.0,0.0,2.0,3.0,0.0,7.700023550409889,0.6926895758748901
1061,1245,1860-01-01,0.0,0.0,democracy_frequency,1860,2.0,3.0,0.0,41.8,0.0181836087278889,0.0409698572746021,0.3433947546760426,0.4726258679967276,0.8127635943627951,0.7932747797977135,2.0,3.0,0.0,2.0,3.0,0.0,2.0,3.0,0.0,7.700023550409889,4.544726414576413e-06
161,161,1861-01-01,0.0541,0.0873,Freedom,1860,1.0,4.0,0.0,42.02,0.0217959044573025,0.038860917608046,0.3508555991163089,0.4877046564356595,0.7958018554538974,0.7919758326338922,2.0,3.0,0.0,2.0,3.0,0.0,2.0,3.0,0.0,7.710725005519798,0.6415327819923863
74,74,1861-01-01,0.04745,0.09255,Economy,1860,1.0,4.0,0.0,42.02,0.0217959044573025,0.038860917608046,0.3508555991163089,0.4877046564356595,0.7958018554538974,0.7919758326338922,1.0,4.0,0.0,2.0,3.0,0.0,2.0,3.0,0.0,7.710725005519798,0.6930396747814062
1360,1648,1861-01-01,0.0,0.0,justice_frequency,1860,1.0,4.0,0.0,42.02,0.0217959044573025,0.038860917608046,0.3508555991163089,0.4877046564356595,0.7958018554538974,0.7919758326338922,1.0,4.0,0.0,2.0,3.0,0.0,2.0,3.0,0.0,7.710725005519798,0.0001069799457273
275,275,1861-01-01,0.0605,0.0867,Liberty,1860,1.0,4.0,0.0,42.02,0.0217959044573025,0.038860917608046,0.3508555991163089,0.4877046564356595,0.7958018554538974,0.7919758326338922,1.0,4.0,0.0,2.0,3.0,0.0,2.0,3.0,0.0,7.710725005519798,0.6861552941911214
913,1045,1861-01-01,0.0,0.0,equality_frequency,1860,1.0,4.0,0.0,42.02,0.0217959044573025,0.038860917608046,0.3508555991163089,0.4877046564356595,0.7958018554538974,0.7919758326338922,1.0,4.0,0.0,2.0,3.0,0.0,2.0,3.0,0.0,7.710725005519798,1.2253052932548308e-05
466,496,1861-01-01,0.0,0.0,gdp_percap,1860,1.0,4.0,0.0,42.02,0.0217959044573025,0.038860917608046,0.3508555991163089,0.4877046564356595,0.7958018554538974,0.7919758326338922,1.0,4.0,0.0,1.0,4.0,0.0,2.0,3.0,0.0,7.710725005519798,7.710725005519798
1062,1246,1861-01-01,0.0,0.0,democracy_frequency,1860,1.0,4.0,0.0,42.02,0.0217959044573025,0.038860917608046,0.3508555991163089,0.4877046564356595,0.7958018554538974,0.7919758326338922,1.0,4.0,0.0,1.0,4.0,0.0,2.0,3.0,0.0,7.710725005519798,4.6709258237182795e-06
764,844,1861-01-01,0.0,0.0,economy_frequency,1860,1.0,4.0,0.0,42.02,0.0217959044573025,0.038860917608046,0.3508555991163089,0.4877046564356595,0.7958018554538974,0.7919758326338922,1.0,4.0,0.0,1.0,4.0,0.0,2.0,3.0,0.0,7.710725005519798,2.6683073889589148e-05
615,645,1861-01-01,0.0,0.0,Life_expectancy,1860,1.0,4.0,0.0,42.02,0.0217959044573025,0.038860917608046,0.3508555991163089,0.4877046564356595,0.7958018554538974,0.7919758326338922,1.0,4.0,0.0,1.0,4.0,0.0,2.0,3.0,0.0,7.710725005519798,3.761665123839584
1211,1447,1861-01-01,0.0,0.0,freedom_frequency,1860,1.0,4.0,0.0,42.02,0.0217959044573025,0.038860917608046,0.3508555991163089,0.4877046564356595,0.7958018554538974,0.7919758326338922,1.0,4.0,0.0,1.0,4.0,0.0,2.0,3.0,0.0,7.710725005519798,4.9802185599732545e-05
1509,1849,1861-01-01,0.0,0.0,liberty_frequency,1860,1.0,4.0,0.0,42.02,0.0217959044573025,0.038860917608046,0.3508555991163089,0.4877046564356595,0.7958018554538974,0.7919758326338922,1.0,4.0,0.0,1.0,4.0,0.0,1.0,4.0,0.0,7.710725005519798,7.96023989223165e-05
352,352,1861-01-01,0.06595,0.1,Democracy,1860,1.0,4.0,0.0,42.02,0.0217959044573025,0.038860917608046,0.3508555991163089,0.4877046564356595,0.7958018554538974,0.7919758326338922,1.0,4.0,0.0,1.0,4.0,0.0,1.0,4.0,0.0,7.710725005519798,0.6928196269201086
467,497,1862-01-01,0.0,0.0,gdp_percap,1860,0.0,0.0,0.0,42.24,0.0284875921242522,0.0349027488323944,0.3537823816956333,0.5024746213269018,0.7713301446946765,0.7860199487064193,1.0,4.0,0.0,1.0,4.0,0.0,1.0,4.0,0.0,7.721313150996286,7.721313150996286
1212,1448,1862-01-01,0.0,0.0,freedom_frequency,1860,0.0,0.0,0.0,42.24,0.0284875921242522,0.0349027488323944,0.3537823816956333,0.5024746213269018,0.7713301446946765,0.7860199487064193,0.0,0.0,0.0,1.0,4.0,0.0,1.0,4.0,0.0,7.721313150996286,5.030845205152884e-05
1361,1649,1862-01-01,0.0,0.0,justice_frequency,1860,0.0,0.0,0.0,42.24,0.0284875921242522,0.0349027488323944,0.3537823816956333,0.5024746213269018,0.7713301446946765,0.7860199487064193,0.0,0.0,0.0,1.0,4.0,0.0,1.0,4.0,0.0,7.721313150996286,0.0001048317981178
162,162,1862-01-01,0.07585,0.08935,Freedom,1860,0.0,0.0,0.0,42.24,0.0284875921242522,0.0349027488323944,0.3537823816956333,0.5024746213269018,0.7713301446946765,0.7860199487064193,0.0,0.0,0.0,1.0,4.0,0.0,1.0,4.0,0.0,7.721313150996286,0.4065278765030519
616,646,1862-01-01,0.0,0.0,Life_expectancy,1860,0.0,0.0,0.0,42.24,0.0284875921242522,0.0349027488323944,0.3537823816956333,0.5024746213269018,0.7713301446946765,0.7860199487064193,0.0,0.0,0.0,1.0,4.0,0.0,1.0,4.0,0.0,7.721313150996286,3.766765992771007
75,75,1862-01-01,0.0547,0.09115,Economy,1860,0.0,0.0,0.0,42.24,0.0284875921242522,0.0349027488323944,0.3537823816956333,0.5024746213269018,0.7713301446946765,0.7860199487064193,0.0,0.0,0.0,0.0,0.0,0.0,1.0,4.0,0.0,7.721313150996286,0.588244893232813
1510,1850,1862-01-01,0.0,0.0,liberty_frequency,1860,0.0,0.0,0.0,42.24,0.0284875921242522,0.0349027488323944,0.3537823816956333,0.5024746213269018,0.7713301446946765,0.7860199487064193,0.0,0.0,0.0,0.0,0.0,0.0,1.0,4.0,0.0,7.721313150996286,7.909178051254735e-05
914,1046,1862-01-01,0.0,0.0,equality_frequency,1860,0.0,0.0,0.0,42.24,0.0284875921242522,0.0349027488323944,0.3537823816956333,0.5024746213269018,0.7713301446946765,0.7860199487064193,0.0,0.0,0.0,0.0,0.0,0.0,1.0,4.0,0.0,7.721313150996286,1.2280434883572968e-05
765,845,1862-01-01,0.0,0.0,economy_frequency,1860,0.0,0.0,0.0,42.24,0.0284875921242522,0.0349027488323944,0.3537823816956333,0.5024746213269018,0.7713301446946765,0.7860199487064193,0.0,0.0,0.0,0.0,0.0,0.0,1.0,4.0,0.0,7.721313150996286,2.639352236756913e-05
353,353,1862-01-01,0.0717,0.09485,Democracy,1860,0.0,0.0,0.0,42.24,0.0284875921242522,0.0349027488323944,0.3537823816956333,0.5024746213269018,0.7713301446946765,0.7860199487064193,0.0,0.0,0.0,0.0,0.0,0.0,1.0,4.0,0.0,7.721313150996286,0.4641113035408978
1063,1247,1862-01-01,0.0,0.0,democracy_frequency,1860,0.0,0.0,0.0,42.24,0.0284875921242522,0.0349027488323944,0.3537823816956333,0.5024746213269018,0.7713301446946765,0.7860199487064193,0.0,0.0,0.0,0.0,0.0,0.0,0.0,0.0,0.0,7.721313150996286,4.904707036827476e-06
276,276,1862-01-01,0.0626,0.09005,Liberty,1860,0.0,0.0,0.0,42.24,0.0284875921242522,0.0349027488323944,0.3537823816956333,0.5024746213269018,0.7713301446946765,0.7860199487064193,0.0,0.0,0.0,0.0,0.0,0.0,0.0,0.0,0.0,7.721313150996286,0.5883392899545405
277,277,1863-01-01,0.0604,0.0842,Liberty,1860,1.0,2.0,0.0,42.46,0.0369238893728252,0.0282248158222379,0.3798692565832451,0.5160916641779146,0.7640598470030809,0.7808392046010125,0.0,0.0,0.0,0.0,0.0,0.0,0.0,0.0,0.0,7.731790361221187,0.4666919015240602
766,846,1863-01-01,0.0,0.0,economy_frequency,1860,1.0,2.0,0.0,42.46,0.0369238893728252,0.0282248158222379,0.3798692565832451,0.5160916641779146,0.7640598470030809,0.7808392046010125,1.0,2.0,0.0,0.0,0.0,0.0,0.0,0.0,0.0,7.731790361221187,2.5905012016225454e-05
915,1047,1863-01-01,0.0,0.0,equality_frequency,1860,1.0,2.0,0.0,42.46,0.0369238893728252,0.0282248158222379,0.3798692565832451,0.5160916641779146,0.7640598470030809,0.7808392046010125,1.0,2.0,0.0,0.0,0.0,0.0,0.0,0.0,0.0,7.731790361221187,1.252449449997852e-05
354,354,1863-01-01,0.07015,0.08205,Democracy,1860,1.0,2.0,0.0,42.46,0.0369238893728252,0.0282248158222379,0.3798692565832451,0.5160916641779146,0.7640598470030809,0.7808392046010125,1.0,2.0,0.0,0.0,0.0,0.0,0.0,0.0,0.0,7.731790361221187,0.3346062109634775
163,163,1863-01-01,0.06145,0.0869,Freedom,1860,1.0,2.0,0.0,42.46,0.0369238893728252,0.0282248158222379,0.3798692565832451,0.5160916641779146,0.7640598470030809,0.7808392046010125,1.0,2.0,0.0,0.0,0.0,0.0,0.0,0.0,0.0,7.731790361221187,0.4666887661528401
1064,1248,1863-01-01,0.0,0.0,democracy_frequency,1860,1.0,2.0,0.0,42.46,0.0369238893728252,0.0282248158222379,0.3798692565832451,0.5160916641779146,0.7640598470030809,0.7808392046010125,1.0,2.0,0.0,1.0,2.0,0.0,0.0,0.0,0.0,7.731790361221187,5.199437960012033e-06
1213,1449,1863-01-01,0.0,0.0,freedom_frequency,1860,1.0,2.0,0.0,42.46,0.0369238893728252,0.0282248158222379,0.3798692565832451,0.5160916641779146,0.7640598470030809,0.7808392046010125,1.0,2.0,0.0,1.0,2.0,0.0,0.0,0.0,0.0,7.731790361221187,5.077519985120172e-05
1362,1650,1863-01-01,0.0,0.0,justice_frequency,1860,1.0,2.0,0.0,42.46,0.0369238893728252,0.0282248158222379,0.3798692565832451,0.5160916641779146,0.7640598470030809,0.7808392046010125,1.0,2.0,0.0,1.0,2.0,0.0,0.0,0.0,0.0,7.731790361221187,0.0001041936043062
1511,1851,1863-01-01,0.0,0.0,liberty_frequency,1860,1.0,2.0,0.0,42.46,0.0369238893728252,0.0282248158222379,0.3798692565832451,0.5160916641779146,0.7640598470030809,0.7808392046010125,1.0,2.0,0.0,1.0,2.0,0.0,0.0,0.0,0.0,7.731790361221187,7.864761729317981e-05
76,76,1863-01-01,0.05745,0.08785,Economy,1860,1.0,2.0,0.0,42.46,0.0369238893728252,0.0282248158222379,0.3798692565832451,0.5160916641779146,0.7640598470030809,0.7808392046010125,1.0,2.0,0.0,1.0,2.0,0.0,0.0,0.0,0.0,7.731790361221187,0.5864162819116757
617,647,1863-01-01,0.0,0.0,Life_expectancy,1860,1.0,2.0,0.0,42.46,0.0369238893728252,0.0282248158222379,0.3798692565832451,0.5160916641779146,0.7640598470030809,0.7808392046010125,1.0,2.0,0.0,1.0,2.0,0.0,1.0,2.0,0.0,7.731790361221187,3.771840974828283
468,498,1863-01-01,0.0,0.0,gdp_percap,1860,1.0,2.0,0.0,42.46,0.0369238893728252,0.0282248158222379,0.3798692565832451,0.5160916641779146,0.7640598470030809,0.7808392046010125,1.0,2.0,0.0,1.0,2.0,0.0,1.0,2.0,0.0,7.731790361221187,7.731790361221187
1363,1651,1864-01-01,0.0,0.0,justice_frequency,1860,1.0,2.0,0.0,42.68,0.0430775428882241,0.0243461970361142,0.3610000150169745,0.4886626628919502,0.7419126784032474,0.7624229177265166,1.0,2.0,0.0,1.0,2.0,0.0,1.0,2.0,0.0,7.742158936717438,0.0001022495017684
767,847,1864-01-01,0.0,0.0,economy_frequency,1860,1.0,2.0,0.0,42.68,0.0430775428882241,0.0243461970361142,0.3610000150169745,0.4886626628919502,0.7419126784032474,0.7624229177265166,1.0,2.0,0.0,1.0,2.0,0.0,1.0,2.0,0.0,7.742158936717438,2.5621279586646177e-05
618,648,1864-01-01,0.0,0.0,Life_expectancy,1860,1.0,2.0,0.0,42.68,0.0430775428882241,0.0243461970361142,0.3610000150169745,0.4886626628919502,0.7419126784032474,0.7624229177265166,1.0,2.0,0.0,1.0,2.0,0.0,1.0,2.0,0.0,7.742158936717438,3.7768903314366495
278,278,1864-01-01,0.057,0.09385,Liberty,1860,1.0,2.0,0.0,42.68,0.0430775428882241,0.0243461970361142,0.3610000150169745,0.4886626628919502,0.7419126784032474,0.7624229177265166,1.0,2.0,0.0,1.0,2.0,0.0,1.0,2.0,0.0,7.742158936717438,0.5877672202686289
1512,1852,1864-01-01,0.0,0.0,liberty_frequency,1860,1.0,2.0,0.0,42.68,0.0430775428882241,0.0243461970361142,0.3610000150169745,0.4886626628919502,0.7419126784032474,0.7624229177265166,1.0,2.0,0.0,1.0,2.0,0.0,1.0,2.0,0.0,7.742158936717438,7.706872333997756e-05
77,77,1864-01-01,0.0562,0.088,Economy,1860,1.0,2.0,0.0,42.68,0.0430775428882241,0.0243461970361142,0.3610000150169745,0.4886626628919502,0.7419126784032474,0.7624229177265166,1.0,2.0,0.0,1.0,2.0,0.0,1.0,2.0,0.0,7.742158936717438,0.6414669692244223
1065,1249,1864-01-01,0.0,0.0,democracy_frequency,1860,1.0,2.0,0.0,42.68,0.0430775428882241,0.0243461970361142,0.3610000150169745,0.4886626628919502,0.7419126784032474,0.7624229177265166,1.0,2.0,0.0,1.0,2.0,0.0,1.0,2.0,0.0,7.742158936717438,5.414422267212702e-06
916,1048,1864-01-01,0.0,0.0,equality_frequency,1860,1.0,2.0,0.0,42.68,0.0430775428882241,0.0243461970361142,0.3610000150169745,0.4886626628919502,0.7419126784032474,0.7624229177265166,1.0,2.0,0.0,1.0,2.0,0.0,1.0,2.0,0.0,7.742158936717438,1.234796052559934e-05
164,164,1864-01-01,0.06425,0.09125,Freedom,1860,1.0,2.0,0.0,42.68,0.0430775428882241,0.0243461970361142,0.3610000150169745,0.4886626628919502,0.7419126784032474,0.7624229177265166,1.0,2.0,0.0,1.0,2.0,0.0,1.0,2.0,0.0,7.742158936717438,0.5303693940321683
355,355,1864-01-01,0.07025,0.10175,Democracy,1860,1.0,2.0,0.0,42.68,0.0430775428882241,0.0243461970361142,0.3610000150169745,0.4886626628919502,0.7419126784032474,0.7624229177265166,1.0,2.0,0.0,1.0,2.0,0.0,1.0,2.0,0.0,7.742158936717438,0.6420249241761404
1214,1450,1864-01-01,0.0,0.0,freedom_frequency,1860,1.0,2.0,0.0,42.68,0.0430775428882241,0.0243461970361142,0.3610000150169745,0.4886626628919502,0.7419126784032474,0.7624229177265166,1.0,2.0,0.0,1.0,2.0,0.0,1.0,2.0,0.0,7.742158936717438,4.983502295904949e-05
469,499,1864-01-01,0.0,0.0,gdp_percap,1860,1.0,2.0,0.0,42.68,0.0430775428882241,0.0243461970361142,0.3610000150169745,0.4886626628919502,0.7419126784032474,0.7624229177265166,1.0,2.0,0.0,1.0,2.0,0.0,1.0,2.0,0.0,7.742158936717438,7.742158936717438
1066,1250,1865-01-01,0.0,0.0,democracy_frequency,1860,1.0,3.0,0.0,42.9,0.0372129039732533,0.0239038500749219,0.3876987298101546,0.46669622542697,0.7325124857476599,0.7439111749408699,1.0,2.0,0.0,1.0,2.0,0.0,1.0,2.0,0.0,7.752421107180991,5.209534987713322e-06
78,78,1865-01-01,0.0507,0.0803,Economy,1860,1.0,3.0,0.0,42.9,0.0372129039732533,0.0239038500749219,0.3876987298101546,0.46669622542697,0.7325124857476599,0.7439111749408699,1.0,3.0,0.0,1.0,2.0,0.0,1.0,2.0,0.0,7.752421107180991,0.5315542927414241
279,279,1865-01-01,0.0636,0.0867,Liberty,1860,1.0,3.0,0.0,42.9,0.0372129039732533,0.0239038500749219,0.3876987298101546,0.46669622542697,0.7325124857476599,0.7439111749408699,1.0,3.0,0.0,1.0,2.0,0.0,1.0,2.0,0.0,7.752421107180991,0.4821884666790419
768,848,1865-01-01,0.0,0.0,economy_frequency,1860,1.0,3.0,0.0,42.9,0.0372129039732533,0.0239038500749219,0.3876987298101546,0.46669622542697,0.7325124857476599,0.7439111749408699,1.0,3.0,0.0,1.0,2.0,0.0,1.0,2.0,0.0,7.752421107180991,2.5588920593722933e-05
1215,1451,1865-01-01,0.0,0.0,freedom_frequency,1860,1.0,3.0,0.0,42.9,0.0372129039732533,0.0239038500749219,0.3876987298101546,0.46669622542697,0.7325124857476599,0.7439111749408699,1.0,3.0,0.0,1.0,2.0,0.0,1.0,2.0,0.0,7.752421107180991,4.908208433851528e-05
470,500,1865-01-01,0.0,0.0,gdp_percap,1860,1.0,3.0,0.0,42.9,0.0372129039732533,0.0239038500749219,0.3876987298101546,0.46669622542697,0.7325124857476599,0.7439111749408699,1.0,3.0,0.0,1.0,3.0,0.0,1.0,2.0,0.0,7.752421107180991,7.752421107180991
356,356,1865-01-01,0.07045,0.09125,Democracy,1860,1.0,3.0,0.0,42.9,0.0372129039732533,0.0239038500749219,0.3876987298101546,0.46669622542697,0.7325124857476599,0.7439111749408699,1.0,3.0,0.0,1.0,3.0,0.0,1.0,2.0,0.0,7.752421107180991,0.63105632810253
1364,1652,1865-01-01,0.0,0.0,justice_frequency,1860,1.0,3.0,0.0,42.9,0.0372129039732533,0.0239038500749219,0.3876987298101546,0.46669622542697,0.7325124857476599,0.7439111749408699,1.0,3.0,0.0,1.0,3.0,0.0,1.0,2.0,0.0,7.752421107180991,0.0001014243414947
1513,1853,1865-01-01,0.0,0.0,liberty_frequency,1860,1.0,3.0,0.0,42.9,0.0372129039732533,0.0239038500749219,0.3876987298101546,0.46669622542697,0.7325124857476599,0.7439111749408699,1.0,3.0,0.0,1.0,3.0,0.0,1.0,2.0,0.0,7.752421107180991,7.548164309875486e-05
165,165,1865-01-01,0.06715,0.08855,Freedom,1860,1.0,3.0,0.0,42.9,0.0372129039732533,0.0239038500749219,0.3876987298101546,0.46669622542697,0.7325124857476599,0.7439111749408699,1.0,3.0,0.0,1.0,3.0,0.0,1.0,2.0,0.0,7.752421107180991,0.4176769063179674
619,649,1865-01-01,0.0,0.0,Life_expectancy,1860,1.0,3.0,0.0,42.9,0.0372129039732533,0.0239038500749219,0.3876987298101546,0.46669622542697,0.7325124857476599,0.7439111749408699,1.0,3.0,0.0,1.0,3.0,0.0,1.0,3.0,0.0,7.752421107180991,3.7819143200811256
917,1049,1865-01-01,0.0,0.0,equality_frequency,1860,1.0,3.0,0.0,42.9,0.0372129039732533,0.0239038500749219,0.3876987298101546,0.46669622542697,0.7325124857476599,0.7439111749408699,1.0,3.0,0.0,1.0,3.0,0.0,1.0,3.0,0.0,7.752421107180991,1.259774428315427e-05
769,849,1866-01-01,0.0,0.0,economy_frequency,1860,2.0,3.0,0.0,43.12,0.0337903088247712,0.0254003098801555,0.4345537344690278,0.430334326014024,0.7241313848201351,0.7244723920833849,1.0,3.0,0.0,1.0,3.0,0.0,1.0,3.0,0.0,7.762579034358748,2.5698391065159944e-05
79,79,1866-01-01,0.04605,0.0895,Economy,1860,2.0,3.0,0.0,43.12,0.0337903088247712,0.0254003098801555,0.4345537344690278,0.430334326014024,0.7241313848201351,0.7244723920833849,2.0,3.0,0.0,1.0,3.0,0.0,1.0,3.0,0.0,7.762579034358748,0.5885419351692676
1514,1854,1866-01-01,0.0,0.0,liberty_frequency,1860,2.0,3.0,0.0,43.12,0.0337903088247712,0.0254003098801555,0.4345537344690278,0.430334326014024,0.7241313848201351,0.7244723920833849,2.0,3.0,0.0,1.0,3.0,0.0,1.0,3.0,0.0,7.762579034358748,7.381508156898926e-05
620,650,1866-01-01,0.0,0.0,Life_expectancy,1860,2.0,3.0,0.0,43.12,0.0337903088247712,0.0254003098801555,0.4345537344690278,0.430334326014024,0.7241313848201351,0.7244723920833849,2.0,3.0,0.0,1.0,3.0,0.0,1.0,3.0,0.0,7.762579034358748,3.7869131943853014
357,357,1866-01-01,0.05685,0.0979,Democracy,1860,2.0,3.0,0.0,43.12,0.0337903088247712,0.0254003098801555,0.4345537344690278,0.430334326014024,0.7241313848201351,0.7244723920833849,2.0,3.0,0.0,1.0,3.0,0.0,1.0,3.0,0.0,7.762579034358748,0.6928996499267657
280,280,1866-01-01,0.0527,0.09065,Liberty,1860,2.0,3.0,0.0,43.12,0.0337903088247712,0.0254003098801555,0.4345537344690278,0.430334326014024,0.7241313848201351,0.7244723920833849,2.0,3.0,0.0,2.0,3.0,0.0,1.0,3.0,0.0,7.762579034358748,0.692932157444132
1365,1653,1866-01-01,0.0,0.0,justice_frequency,1860,2.0,3.0,0.0,43.12,0.0337903088247712,0.0254003098801555,0.4345537344690278,0.430334326014024,0.7241313848201351,0.7244723920833849,2.0,3.0,0.0,2.0,3.0,0.0,1.0,3.0,0.0,7.762579034358748,0.0001006886377506
471,501,1866-01-01,0.0,0.0,gdp_percap,1860,2.0,3.0,0.0,43.12,0.0337903088247712,0.0254003098801555,0.4345537344690278,0.430334326014024,0.7241313848201351,0.7244723920833849,2.0,3.0,0.0,2.0,3.0,0.0,1.0,3.0,0.0,7.762579034358748,7.762579034358748
918,1050,1866-01-01,0.0,0.0,equality_frequency,1860,2.0,3.0,0.0,43.12,0.0337903088247712,0.0254003098801555,0.4345537344690278,0.430334326014024,0.7241313848201351,0.7244723920833849,2.0,3.0,0.0,2.0,3.0,0.0,1.0,3.0,0.0,7.762579034358748,1.30361030276755e-05
1216,1452,1866-01-01,0.0,0.0,freedom_frequency,1860,2.0,3.0,0.0,43.12,0.0337903088247712,0.0254003098801555,0.4345537344690278,0.430334326014024,0.7241313848201351,0.7244723920833849,2.0,3.0,0.0,2.0,3.0,0.0,1.0,3.0,0.0,7.762579034358748,4.783571447100901e-05
166,166,1866-01-01,0.0547,0.09725,Freedom,1860,2.0,3.0,0.0,43.12,0.0337903088247712,0.0254003098801555,0.4345537344690278,0.430334326014024,0.7241313848201351,0.7244723920833849,2.0,3.0,0.0,2.0,3.0,0.0,2.0,3.0,0.0,7.762579034358748,0.590416537088135
1067,1251,1866-01-01,0.0,0.0,democracy_frequency,1860,2.0,3.0,0.0,43.12,0.0337903088247712,0.0254003098801555,0.4345537344690278,0.430334326014024,0.7241313848201351,0.7244723920833849,2.0,3.0,0.0,2.0,3.0,0.0,2.0,3.0,0.0,7.762579034358748,5.089963035760219e-06
1068,1252,1867-01-01,0.0,0.0,democracy_frequency,1860,0.0,0.0,0.0,43.34,0.0263332138911594,0.0332504179358244,0.421244588218143,0.3882348947472536,0.7302598115006032,0.6973562578309077,2.0,3.0,0.0,2.0,3.0,0.0,2.0,3.0,0.0,7.772634814781768,4.829441551948745e-06
281,281,1867-01-01,0.0551,0.07935,Liberty,1860,0.0,0.0,0.0,43.34,0.0263332138911594,0.0332504179358244,0.421244588218143,0.3882348947472536,0.7302598115006032,0.6973562578309077,0.0,0.0,0.0,2.0,3.0,0.0,2.0,3.0,0.0,7.772634814781768,0.5364699784281103
919,1051,1867-01-01,0.0,0.0,equality_frequency,1860,0.0,0.0,0.0,43.34,0.0263332138911594,0.0332504179358244,0.421244588218143,0.3882348947472536,0.7302598115006032,0.6973562578309077,0.0,0.0,0.0,2.0,3.0,0.0,2.0,3.0,0.0,7.772634814781768,1.2911587412574097e-05
1366,1654,1867-01-01,0.0,0.0,justice_frequency,1860,0.0,0.0,0.0,43.34,0.0263332138911594,0.0332504179358244,0.421244588218143,0.3882348947472536,0.7302598115006032,0.6973562578309077,0.0,0.0,0.0,2.0,3.0,0.0,2.0,3.0,0.0,7.772634814781768,0.0001012265989253
80,80,1867-01-01,0.0526,0.0961,Economy,1860,0.0,0.0,0.0,43.34,0.0263332138911594,0.0332504179358244,0.421244588218143,0.3882348947472536,0.7302598115006032,0.6973562578309077,0.0,0.0,0.0,2.0,3.0,0.0,2.0,3.0,0.0,7.772634814781768,0.6425431222788208
358,358,1867-01-01,0.0584,0.09585,Democracy,1860,0.0,0.0,0.0,43.34,0.0263332138911594,0.0332504179358244,0.421244588218143,0.3882348947472536,0.7302598115006032,0.6973562578309077,0.0,0.0,0.0,0.0,0.0,0.0,2.0,3.0,0.0,7.772634814781768,0.6428612733243694
1515,1855,1867-01-01,0.0,0.0,liberty_frequency,1860,0.0,0.0,0.0,43.34,0.0263332138911594,0.0332504179358244,0.421244588218143,0.3882348947472536,0.7302598115006032,0.6973562578309077,0.0,0.0,0.0,0.0,0.0,0.0,2.0,3.0,0.0,7.772634814781768,7.149030657159376e-05
167,167,1867-01-01,0.05775,0.0899,Freedom,1860,0.0,0.0,0.0,43.34,0.0263332138911594,0.0332504179358244,0.421244588218143,0.3882348947472536,0.7302598115006032,0.6973562578309077,0.0,0.0,0.0,0.0,0.0,0.0,2.0,3.0,0.0,7.772634814781768,0.6406136437053542
1217,1453,1867-01-01,0.0,0.0,freedom_frequency,1860,0.0,0.0,0.0,43.34,0.0263332138911594,0.0332504179358244,0.421244588218143,0.3882348947472536,0.7302598115006032,0.6973562578309077,0.0,0.0,0.0,0.0,0.0,0.0,2.0,3.0,0.0,7.772634814781768,4.6392678381702015e-05
621,651,1867-01-01,0.0,0.0,Life_expectancy,1860,0.0,0.0,0.0,43.34,0.0263332138911594,0.0332504179358244,0.421244588218143,0.3882348947472536,0.7302598115006032,0.6973562578309077,0.0,0.0,0.0,0.0,0.0,0.0,2.0,3.0,0.0,7.772634814781768,3.7918872041881655
770,850,1867-01-01,0.0,0.0,economy_frequency,1860,0.0,0.0,0.0,43.34,0.0263332138911594,0.0332504179358244,0.421244588218143,0.3882348947472536,0.7302598115006032,0.6973562578309077,0.0,0.0,0.0,0.0,0.0,0.0,0.0,0.0,0.0,7.772634814781768,2.627264954700971e-05
472,502,1867-01-01,0.0,0.0,gdp_percap,1860,0.0,0.0,0.0,43.34,0.0263332138911594,0.0332504179358244,0.421244588218143,0.3882348947472536,0.7302598115006032,0.6973562578309077,0.0,0.0,0.0,0.0,0.0,0.0,0.0,0.0,0.0,7.772634814781768,7.772634814781768
282,282,1868-01-01,0.0465,0.08895,Liberty,1860,0.0,0.0,0.0,43.56,0.023999112222777,0.0386021767825415,0.4090872263885303,0.3489768402503969,0.7274304771779914,0.6760692623254257,0.0,0.0,0.0,0.0,0.0,0.0,0.0,0.0,0.0,7.782590482362429,0.6415880613704283
1367,1655,1868-01-01,0.0,0.0,justice_frequency,1860,0.0,0.0,0.0,43.56,0.023999112222777,0.0386021767825415,0.4090872263885303,0.3489768402503969,0.7274304771779914,0.6760692623254257,0.0,0.0,0.0,0.0,0.0,0.0,0.0,0.0,0.0,7.782590482362429,0.0001009782363561
622,652,1868-01-01,0.0,0.0,Life_expectancy,1860,0.0,0.0,0.0,43.56,0.023999112222777,0.0386021767825415,0.4090872263885303,0.3489768402503969,0.7274304771779914,0.6760692623254257,0.0,0.0,0.0,0.0,0.0,0.0,0.0,0.0,0.0,7.782590482362429,3.7968365956190286
168,168,1868-01-01,0.0549,0.09215,Freedom,1860,0.0,0.0,0.0,43.56,0.023999112222777,0.0386021767825415,0.4090872263885303,0.3489768402503969,0.7274304771779914,0.6760692623254257,0.0,0.0,0.0,0.0,0.0,0.0,0.0,0.0,0.0,7.782590482362429,0.6928621399397272
771,851,1868-01-01,0.0,0.0,economy_frequency,1860,0.0,0.0,0.0,43.56,0.023999112222777,0.0386021767825415,0.4090872263885303,0.3489768402503969,0.7274304771779914,0.6760692623254257,0.0,0.0,0.0,0.0,0.0,0.0,0.0,0.0,0.0,7.782590482362429,2.6664146250586742e-05
1516,1856,1868-01-01,0.0,0.0,liberty_frequency,1860,0.0,0.0,0.0,43.56,0.023999112222777,0.0386021767825415,0.4090872263885303,0.3489768402503969,0.7274304771779914,0.6760692623254257,0.0,0.0,0.0,0.0,0.0,0.0,0.0,0.0,0.0,7.782590482362429,6.966528324261666e-05
1069,1253,1868-01-01,0.0,0.0,democracy_frequency,1860,0.0,0.0,0.0,43.56,0.023999112222777,0.0386021767825415,0.4090872263885303,0.3489768402503969,0.7274304771779914,0.6760692623254257,0.0,0.0,0.0,0.0,0.0,0.0,0.0,0.0,0.0,7.782590482362429,4.747897232152668e-06
920,1052,1868-01-01,0.0,0.0,equality_frequency,1860,0.0,0.0,0.0,43.56,0.023999112222777,0.0386021767825415,0.4090872263885303,0.3489768402503969,0.7274304771779914,0.6760692623254257,0.0,0.0,0.0,0.0,0.0,0.0,0.0,0.0,0.0,7.782590482362429,1.2797847467274651e-05
473,503,1868-01-01,0.0,0.0,gdp_percap,1860,0.0,0.0,0.0,43.56,0.023999112222777,0.0386021767825415,0.4090872263885303,0.3489768402503969,0.7274304771779914,0.6760692623254257,0.0,0.0,0.0,0.0,0.0,0.0,0.0,0.0,0.0,7.782590482362429,7.782590482362429
81,81,1868-01-01,0.0489,0.0962,Economy,1860,0.0,0.0,0.0,43.56,0.023999112222777,0.0386021767825415,0.4090872263885303,0.3489768402503969,0.7274304771779914,0.6760692623254257,0.0,0.0,0.0,0.0,0.0,0.0,0.0,0.0,0.0,7.782590482362429,0.692839633272126
359,359,1868-01-01,0.05525,0.0889,Democracy,1860,0.0,0.0,0.0,43.56,0.023999112222777,0.0386021767825415,0.4090872263885303,0.3489768402503969,0.7274304771779914,0.6760692623254257,0.0,0.0,0.0,0.0,0.0,0.0,0.0,0.0,0.0,7.782590482362429,0.5305988388649301
1218,1454,1868-01-01,0.0,0.0,freedom_frequency,1860,0.0,0.0,0.0,43.56,0.023999112222777,0.0386021767825415,0.4090872263885303,0.3489768402503969,0.7274304771779914,0.6760692623254257,0.0,0.0,0.0,0.0,0.0,0.0,0.0,0.0,0.0,7.782590482362429,4.50470338748558e-05
169,169,1869-01-01,0.053,0.09155,Freedom,1860,1.0,3.0,0.0,43.78,0.0208589360292858,0.0417817218406441,0.4268566226407622,0.3196146632919722,0.7393115335817267,0.6519642989740053,0.0,0.0,0.0,0.0,0.0,0.0,0.0,0.0,0.0,7.792448010863568,0.5878338860094072
1219,1455,1869-01-01,0.0,0.0,freedom_frequency,1860,1.0,3.0,0.0,43.78,0.0208589360292858,0.0417817218406441,0.4268566226407622,0.3196146632919722,0.7393115335817267,0.6519642989740053,1.0,3.0,0.0,0.0,0.0,0.0,0.0,0.0,0.0,7.792448010863568,4.404058821405206e-05
474,504,1869-01-01,0.0,0.0,gdp_percap,1860,1.0,3.0,0.0,43.78,0.0208589360292858,0.0417817218406441,0.4268566226407622,0.3196146632919722,0.7393115335817267,0.6519642989740053,1.0,3.0,0.0,0.0,0.0,0.0,0.0,0.0,0.0,7.792448010863568,7.792448010863568
921,1053,1869-01-01,0.0,0.0,equality_frequency,1860,1.0,3.0,0.0,43.78,0.0208589360292858,0.0417817218406441,0.4268566226407622,0.3196146632919722,0.7393115335817267,0.6519642989740053,1.0,3.0,0.0,0.0,0.0,0.0,0.0,0.0,0.0,7.792448010863568,1.2964091602556718e-05
1517,1857,1869-01-01,0.0,0.0,liberty_frequency,1860,1.0,3.0,0.0,43.78,0.0208589360292858,0.0417817218406441,0.4268566226407622,0.3196146632919722,0.7393115335817267,0.6519642989740053,1.0,3.0,0.0,0.0,0.0,0.0,0.0,0.0,0.0,7.792448010863568,6.75986597000819e-05
772,852,1869-01-01,0.0,0.0,economy_frequency,1860,1.0,3.0,0.0,43.78,0.0208589360292858,0.0417817218406441,0.4268566226407622,0.3196146632919722,0.7393115335817267,0.6519642989740053,1.0,3.0,0.0,1.0,3.0,0.0,0.0,0.0,0.0,7.792448010863568,2.6896739133851256e-05
283,283,1869-01-01,0.0543,0.0875,Liberty,1860,1.0,3.0,0.0,43.78,0.0208589360292858,0.0417817218406441,0.4268566226407622,0.3196146632919722,0.7393115335817267,0.6519642989740053,1.0,3.0,0.0,1.0,3.0,0.0,0.0,0.0,0.0,7.792448010863568,0.630526818578278
623,653,1869-01-01,0.0,0.0,Life_expectancy,1860,1.0,3.0,0.0,43.78,0.0208589360292858,0.0417817218406441,0.4268566226407622,0.3196146632919722,0.7393115335817267,0.6519642989740053,1.0,3.0,0.0,1.0,3.0,0.0,0.0,0.0,0.0,7.792448010863568,3.8017616111706087
1070,1254,1869-01-01,0.0,0.0,democracy_frequency,1860,1.0,3.0,0.0,43.78,0.0208589360292858,0.0417817218406441,0.4268566226407622,0.3196146632919722,0.7393115335817267,0.6519642989740053,1.0,3.0,0.0,1.0,3.0,0.0,0.0,0.0,0.0,7.792448010863568,4.638191832558152e-06
360,360,1869-01-01,0.06425,0.1054,Democracy,1860,1.0,3.0,0.0,43.78,0.0208589360292858,0.0417817218406441,0.4268566226407622,0.3196146632919722,0.7393115335817267,0.6519642989740053,1.0,3.0,0.0,1.0,3.0,0.0,0.0,0.0,0.0,7.792448010863568,0.6926720677117086
1368,1656,1869-01-01,0.0,0.0,justice_frequency,1860,1.0,3.0,0.0,43.78,0.0208589360292858,0.0417817218406441,0.4268566226407622,0.3196146632919722,0.7393115335817267,0.6519642989740053,1.0,3.0,0.0,1.0,3.0,0.0,1.0,3.0,0.0,7.792448010863568,0.0001020211702
82,82,1869-01-01,0.0493,0.08395,Economy,1860,1.0,3.0,0.0,43.78,0.0208589360292858,0.0417817218406441,0.4268566226407622,0.3196146632919722,0.7393115335817267,0.6519642989740053,1.0,3.0,0.0,1.0,3.0,0.0,1.0,3.0,0.0,7.792448010863568,0.6419407245071006
1071,1255,1870-01-01,0.0,0.0,democracy_frequency,1870,2.0,3.5,0.0,44.0,0.0111606205075748,0.045534822500849,0.4137374429801644,0.282324458700654,0.7277454054467591,0.6236322292863832,1.0,3.0,0.0,1.0,3.0,0.0,1.0,3.0,0.0,7.802209316247118,4.299370775155423e-06
1220,1456,1870-01-01,0.0,0.0,freedom_frequency,1870,2.0,3.5,0.0,44.0,0.0111606205075748,0.045534822500849,0.4137374429801644,0.282324458700654,0.7277454054467591,0.6236322292863832,2.0,3.5,0.0,1.0,3.0,0.0,1.0,3.0,0.0,7.802209316247118,4.276239254325694e-05
475,505,1870-01-01,0.0,0.0,gdp_percap,1870,2.0,3.5,0.0,44.0,0.0111606205075748,0.045534822500849,0.4137374429801644,0.282324458700654,0.7277454054467591,0.6236322292863832,2.0,3.5,0.0,1.0,3.0,0.0,1.0,3.0,0.0,7.802209316247118,7.802209316247118
1518,1858,1870-01-01,0.0,0.0,liberty_frequency,1870,2.0,3.5,0.0,44.0,0.0111606205075748,0.045534822500849,0.4137374429801644,0.282324458700654,0.7277454054467591,0.6236322292863832,2.0,3.5,0.0,1.0,3.0,0.0,1.0,3.0,0.0,7.802209316247118,6.516962245219036e-05
624,654,1870-01-01,0.0,0.0,Life_expectancy,1870,2.0,3.5,0.0,44.0,0.0111606205075748,0.045534822500849,0.4137374429801644,0.282324458700654,0.7277454054467591,0.6236322292863832,2.0,3.5,0.0,1.0,3.0,0.0,1.0,3.0,0.0,7.802209316247118,3.80666248977032
1369,1657,1870-01-01,0.0,0.0,justice_frequency,1870,2.0,3.5,0.0,44.0,0.0111606205075748,0.045534822500849,0.4137374429801644,0.282324458700654,0.7277454054467591,0.6236322292863832,2.0,3.5,0.0,2.0,3.5,0.0,1.0,3.0,0.0,7.802209316247118,0.0001010058811636
773,853,1870-01-01,0.0,0.0,economy_frequency,1870,2.0,3.5,0.0,44.0,0.0111606205075748,0.045534822500849,0.4137374429801644,0.282324458700654,0.7277454054467591,0.6236322292863832,2.0,3.5,0.0,2.0,3.5,0.0,1.0,3.0,0.0,7.802209316247118,2.717128919256505e-05
83,83,1870-01-01,0.047,0.0937,Economy,1870,2.0,3.5,0.0,44.0,0.0111606205075748,0.045534822500849,0.4137374429801644,0.282324458700654,0.7277454054467591,0.6236322292863832,2.0,3.5,0.0,2.0,3.5,0.0,1.0,3.0,0.0,7.802209316247118,0.692874643425074
361,361,1870-01-01,0.0633,0.0985,Democracy,1870,2.0,3.5,0.0,44.0,0.0111606205075748,0.045534822500849,0.4137374429801644,0.282324458700654,0.7277454054467591,0.6236322292863832,2.0,3.5,0.0,2.0,3.5,0.0,1.0,3.0,0.0,7.802209316247118,0.6416959789688664
284,284,1870-01-01,0.0527,0.0884,Liberty,1870,2.0,3.5,0.0,44.0,0.0111606205075748,0.045534822500849,0.4137374429801644,0.282324458700654,0.7277454054467591,0.6236322292863832,2.0,3.5,0.0,2.0,3.5,0.0,1.0,3.0,0.0,7.802209316247118,0.5877838871204832
922,1054,1870-01-01,0.0,0.0,equality_frequency,1870,2.0,3.5,0.0,44.0,0.0111606205075748,0.045534822500849,0.4137374429801644,0.282324458700654,0.7277454054467591,0.6236322292863832,2.0,3.5,0.0,2.0,3.5,0.0,2.0,3.5,0.0,7.802209316247118,1.284135323824288e-05
170,170,1870-01-01,0.0538,0.09715,Freedom,1870,2.0,3.5,0.0,44.0,0.0111606205075748,0.045534822500849,0.4137374429801644,0.282324458700654,0.7277454054467591,0.6236322292863832,2.0,3.5,0.0,2.0,3.5,0.0,2.0,3.5,0.0,7.802209316247118,0.59689505726611
362,362,1871-01-01,0.0624,0.1027,Democracy,1870,0.0,0.0,0.0,43.54,0.0037353574195836,0.04917802020611,0.4096181857164354,0.2677607046725991,0.7290038871775203,0.6026702433376685,2.0,3.5,0.0,2.0,3.5,0.0,2.0,3.5,0.0,7.829001155683822,0.6420091372782128
285,285,1871-01-01,0.0697,0.0976,Liberty,1870,0.0,0.0,0.0,43.54,0.0037353574195836,0.04917802020611,0.4096181857164354,0.2677607046725991,0.7290038871775203,0.6026702433376685,0.0,0.0,0.0,2.0,3.5,0.0,2.0,3.5,0.0,7.829001155683822,0.5876366536509938
923,1055,1871-01-01,0.0,0.0,equality_frequency,1870,0.0,0.0,0.0,43.54,0.0037353574195836,0.04917802020611,0.4096181857164354,0.2677607046725991,0.7290038871775203,0.6026702433376685,0.0,0.0,0.0,2.0,3.5,0.0,2.0,3.5,0.0,7.829001155683822,1.2802814933822329e-05
774,854,1871-01-01,0.0,0.0,economy_frequency,1870,0.0,0.0,0.0,43.54,0.0037353574195836,0.04917802020611,0.4096181857164354,0.2677607046725991,0.7290038871775203,0.6026702433376685,0.0,0.0,0.0,2.0,3.5,0.0,2.0,3.5,0.0,7.829001155683822,2.7437799463364906e-05
476,506,1871-01-01,0.0,0.0,gdp_percap,1870,0.0,0.0,0.0,43.54,0.0037353574195836,0.04917802020611,0.4096181857164354,0.2677607046725991,0.7290038871775203,0.6026702433376685,0.0,0.0,0.0,2.0,3.5,0.0,2.0,3.5,0.0,7.829001155683822,7.829001155683822
84,84,1871-01-01,0.06055,0.09535,Economy,1870,0.0,0.0,0.0,43.54,0.0037353574195836,0.04917802020611,0.4096181857164354,0.2677607046725991,0.7290038871775203,0.6026702433376685,0.0,0.0,0.0,0.0,0.0,0.0,2.0,3.5,0.0,7.829001155683822,0.5882393402069692
1370,1658,1871-01-01,0.0,0.0,justice_frequency,1870,0.0,0.0,0.0,43.54,0.0037353574195836,0.04917802020611,0.4096181857164354,0.2677607046725991,0.7290038871775203,0.6026702433376685,0.0,0.0,0.0,0.0,0.0,0.0,2.0,3.5,0.0,7.829001155683822,0.0001011163522968
625,655,1871-01-01,0.0,0.0,Life_expectancy,1870,0.0,0.0,0.0,43.54,0.0037353574195836,0.04917802020611,0.4096181857164354,0.2677607046725991,0.7290038871775203,0.6026702433376685,0.0,0.0,0.0,0.0,0.0,0.0,2.0,3.5,0.0,7.829001155683822,3.7963876618292214
1221,1457,1871-01-01,0.0,0.0,freedom_frequency,1870,0.0,0.0,0.0,43.54,0.0037353574195836,0.04917802020611,0.4096181857164354,0.2677607046725991,0.7290038871775203,0.6026702433376685,0.0,0.0,0.0,0.0,0.0,0.0,2.0,3.5,0.0,7.829001155683822,4.22631905652408e-05
1519,1859,1871-01-01,0.0,0.0,liberty_frequency,1870,0.0,0.0,0.0,43.54,0.0037353574195836,0.04917802020611,0.4096181857164354,0.2677607046725991,0.7290038871775203,0.6026702433376685,0.0,0.0,0.0,0.0,0.0,0.0,2.0,3.5,0.0,7.829001155683822,6.337245222020361e-05
171,171,1871-01-01,0.06205,0.09555,Freedom,1870,0.0,0.0,0.0,43.54,0.0037353574195836,0.04917802020611,0.4096181857164354,0.2677607046725991,0.7290038871775203,0.6026702433376685,0.0,0.0,0.0,0.0,0.0,0.0,0.0,0.0,0.0,7.829001155683822,0.5875449690293579
1072,1256,1871-01-01,0.0,0.0,democracy_frequency,1870,0.0,0.0,0.0,43.54,0.0037353574195836,0.04917802020611,0.4096181857164354,0.2677607046725991,0.7290038871775203,0.6026702433376685,0.0,0.0,0.0,0.0,0.0,0.0,0.0,0.0,0.0,7.829001155683822,4.039961165532011e-06
1371,1659,1872-01-01,0.0,0.0,justice_frequency,1870,0.0,0.0,0.0,43.08,0.0027411424337915,0.045945960432883,0.3554666808405211,0.2610533404325304,0.7285310389401926,0.5876164982213266,0.0,0.0,0.0,0.0,0.0,0.0,0.0,0.0,0.0,7.8550938822537,0.0001010748450762
775,855,1872-01-01,0.0,0.0,economy_frequency,1870,0.0,0.0,0.0,43.08,0.0027411424337915,0.045945960432883,0.3554666808405211,0.2610533404325304,0.7285310389401926,0.5876164982213266,0.0,0.0,0.0,0.0,0.0,0.0,0.0,0.0,0.0,7.8550938822537,2.7201365104832343e-05
1222,1458,1872-01-01,0.0,0.0,freedom_frequency,1870,0.0,0.0,0.0,43.08,0.0027411424337915,0.045945960432883,0.3554666808405211,0.2610533404325304,0.7285310389401926,0.5876164982213266,0.0,0.0,0.0,0.0,0.0,0.0,0.0,0.0,0.0,7.8550938822537,4.203328207391924e-05
286,286,1872-01-01,0.0517,0.101,Liberty,1870,0.0,0.0,0.0,43.08,0.0027411424337915,0.045945960432883,0.3554666808405211,0.2610533404325304,0.7285310389401926,0.5876164982213266,0.0,0.0,0.0,0.0,0.0,0.0,0.0,0.0,0.0,7.8550938822537,0.6457646502090107
924,1056,1872-01-01,0.0,0.0,equality_frequency,1870,0.0,0.0,0.0,43.08,0.0027411424337915,0.045945960432883,0.3554666808405211,0.2610533404325304,0.7285310389401926,0.5876164982213266,0.0,0.0,0.0,0.0,0.0,0.0,0.0,0.0,0.0,7.8550938822537,1.2296192595138971e-05
363,363,1872-01-01,0.05525,0.1021,Democracy,1870,0.0,0.0,0.0,43.08,0.0027411424337915,0.045945960432883,0.3554666808405211,0.2610533404325304,0.7285310389401926,0.5876164982213266,0.0,0.0,0.0,0.0,0.0,0.0,0.0,0.0,0.0,7.8550938822537,0.6456099811022836
1073,1257,1872-01-01,0.0,0.0,democracy_frequency,1870,0.0,0.0,0.0,43.08,0.0027411424337915,0.045945960432883,0.3554666808405211,0.2610533404325304,0.7285310389401926,0.5876164982213266,0.0,0.0,0.0,0.0,0.0,0.0,0.0,0.0,0.0,7.8550938822537,4.005227182881039e-06
477,507,1872-01-01,0.0,0.0,gdp_percap,1870,0.0,0.0,0.0,43.08,0.0027411424337915,0.045945960432883,0.3554666808405211,0.2610533404325304,0.7285310389401926,0.5876164982213266,0.0,0.0,0.0,0.0,0.0,0.0,0.0,0.0,0.0,7.8550938822537,7.8550938822537
626,656,1872-01-01,0.0,0.0,Life_expectancy,1870,0.0,0.0,0.0,43.08,0.0027411424337915,0.045945960432883,0.3554666808405211,0.2610533404325304,0.7285310389401926,0.5876164982213266,0.0,0.0,0.0,0.0,0.0,0.0,0.0,0.0,0.0,7.8550938822537,3.786006164844659
172,172,1872-01-01,0.05185,0.10125,Freedom,1870,0.0,0.0,0.0,43.08,0.0027411424337915,0.045945960432883,0.3554666808405211,0.2610533404325304,0.7285310389401926,0.5876164982213266,0.0,0.0,0.0,0.0,0.0,0.0,0.0,0.0,0.0,7.8550938822537,0.6457436795286425
85,85,1872-01-01,0.0472,0.08435,Economy,1870,0.0,0.0,0.0,43.08,0.0027411424337915,0.045945960432883,0.3554666808405211,0.2610533404325304,0.7285310389401926,0.5876164982213266,0.0,0.0,0.0,0.0,0.0,0.0,0.0,0.0,0.0,7.8550938822537,0.4776431238554427
1520,1860,1872-01-01,0.0,0.0,liberty_frequency,1870,0.0,0.0,0.0,43.08,0.0027411424337915,0.045945960432883,0.3554666808405211,0.2610533404325304,0.7285310389401926,0.5876164982213266,0.0,0.0,0.0,0.0,0.0,0.0,0.0,0.0,0.0,7.8550938822537,6.208182143559499e-05
173,173,1873-01-01,0.0476,0.0926,Freedom,1870,2.0,2.5,0.0,42.62,0.0,0.0479038883242766,0.2937870328843387,0.2649293344587968,0.721467796610716,0.5784843049089652,0.0,0.0,0.0,0.0,0.0,0.0,0.0,0.0,0.0,7.880523055666172,0.6930246730562074
776,856,1873-01-01,0.0,0.0,economy_frequency,1870,2.0,2.5,0.0,42.62,0.0,0.0479038883242766,0.2937870328843387,0.2649293344587968,0.721467796610716,0.5784843049089652,2.0,2.5,0.0,0.0,0.0,0.0,0.0,0.0,0.0,7.880523055666172,2.734459310156152e-05
627,657,1873-01-01,0.0,0.0,Life_expectancy,1870,2.0,2.5,0.0,42.62,0.0,0.0479038883242766,0.2937870328843387,0.2649293344587968,0.721467796610716,0.5784843049089652,2.0,2.5,0.0,0.0,0.0,0.0,0.0,0.0,0.0,7.880523055666172,3.775515760773483
1521,1861,1873-01-01,0.0,0.0,liberty_frequency,1870,2.0,2.5,0.0,42.62,0.0,0.0479038883242766,0.2937870328843387,0.2649293344587968,0.721467796610716,0.5784843049089652,2.0,2.5,0.0,0.0,0.0,0.0,0.0,0.0,0.0,7.880523055666172,6.129887327560234e-05
1223,1459,1873-01-01,0.0,0.0,freedom_frequency,1870,2.0,2.5,0.0,42.62,0.0,0.0479038883242766,0.2937870328843387,0.2649293344587968,0.721467796610716,0.5784843049089652,2.0,2.5,0.0,0.0,0.0,0.0,0.0,0.0,0.0,7.880523055666172,4.216613962426205e-05
364,364,1873-01-01,0.0657,0.1039,Democracy,1870,2.0,2.5,0.0,42.62,0.0,0.0479038883242766,0.2937870328843387,0.2649293344587968,0.721467796610716,0.5784843049089652,2.0,2.5,0.0,2.0,2.5,0.0,0.0,0.0,0.0,7.880523055666172,0.6420012437357883
287,287,1873-01-01,0.0697,0.09575,Liberty,1870,2.0,2.5,0.0,42.62,0.0,0.0479038883242766,0.2937870328843387,0.2649293344587968,0.721467796610716,0.5784843049089652,2.0,2.5,0.0,2.0,2.5,0.0,0.0,0.0,0.0,7.880523055666172,0.5303105535428339
86,86,1873-01-01,0.05085,0.09115,Economy,1870,2.0,2.5,0.0,42.62,0.0,0.0479038883242766,0.2937870328843387,0.2649293344587968,0.721467796610716,0.5784843049089652,2.0,2.5,0.0,2.0,2.5,0.0,0.0,0.0,0.0,7.880523055666172,0.5874338248836224
478,508,1873-01-01,0.0,0.0,gdp_percap,1870,2.0,2.5,0.0,42.62,0.0,0.0479038883242766,0.2937870328843387,0.2649293344587968,0.721467796610716,0.5784843049089652,2.0,2.5,0.0,2.0,2.5,0.0,0.0,0.0,0.0,7.880523055666172,7.880523055666172
1074,1258,1873-01-01,0.0,0.0,democracy_frequency,1870,2.0,2.5,0.0,42.62,0.0,0.0479038883242766,0.2937870328843387,0.2649293344587968,0.721467796610716,0.5784843049089652,2.0,2.5,0.0,2.0,2.5,0.0,0.0,0.0,0.0,7.880523055666172,3.909462382196853e-06
925,1057,1873-01-01,0.0,0.0,equality_frequency,1870,2.0,2.5,0.0,42.62,0.0,0.0479038883242766,0.2937870328843387,0.2649293344587968,0.721467796610716,0.5784843049089652,2.0,2.5,0.0,2.0,2.5,0.0,2.0,2.5,0.0,7.880523055666172,1.1719139298100607e-05
1372,1660,1873-01-01,0.0,0.0,justice_frequency,1870,2.0,2.5,0.0,42.62,0.0,0.0479038883242766,0.2937870328843387,0.2649293344587968,0.721467796610716,0.5784843049089652,2.0,2.5,0.0,2.0,2.5,0.0,2.0,2.5,0.0,7.880523055666172,0.0001004548244622
174,174,1874-01-01,0.05845,0.0991,Freedom,1870,0.0,0.0,0.0,42.16,0.0030551180284476,0.0428700701300564,0.2682758210642418,0.2555158335708362,0.7143316089420423,0.5688825300982039,2.0,2.5,0.0,2.0,2.5,0.0,2.0,2.5,0.0,7.905321589716523,0.6928946486764531
288,288,1874-01-01,0.0512,0.09795,Liberty,1870,0.0,0.0,0.0,42.16,0.0030551180284476,0.0428700701300564,0.2682758210642418,0.2555158335708362,0.7143316089420423,0.5688825300982039,0.0,0.0,0.0,2.0,2.5,0.0,2.0,2.5,0.0,7.905321589716523,0.692874643425074
365,365,1874-01-01,0.0648,0.09885,Democracy,1870,0.0,0.0,0.0,42.16,0.0030551180284476,0.0428700701300564,0.2682758210642418,0.2555158335708362,0.7143316089420423,0.5688825300982039,0.0,0.0,0.0,2.0,2.5,0.0,2.0,2.5,0.0,7.905321589716523,0.5860379145068518
1224,1460,1874-01-01,0.0,0.0,freedom_frequency,1870,0.0,0.0,0.0,42.16,0.0030551180284476,0.0428700701300564,0.2682758210642418,0.2555158335708362,0.7143316089420423,0.5688825300982039,0.0,0.0,0.0,2.0,2.5,0.0,2.0,2.5,0.0,7.905321589716523,4.184347277329635e-05
926,1058,1874-01-01,0.0,0.0,equality_frequency,1870,0.0,0.0,0.0,42.16,0.0030551180284476,0.0428700701300564,0.2682758210642418,0.2555158335708362,0.7143316089420423,0.5688825300982039,0.0,0.0,0.0,2.0,2.5,0.0,2.0,2.5,0.0,7.905321589716523,1.1480465191092307e-05
87,87,1874-01-01,0.0598,0.10725,Economy,1870,0.0,0.0,0.0,42.16,0.0030551180284476,0.0428700701300564,0.2682758210642418,0.2555158335708362,0.7143316089420423,0.5688825300982039,0.0,0.0,0.0,0.0,0.0,0.0,2.0,2.5,0.0,7.905321589716523,0.6895206125042466
1522,1862,1874-01-01,0.0,0.0,liberty_frequency,1870,0.0,0.0,0.0,42.16,0.0030551180284476,0.0428700701300564,0.2682758210642418,0.2555158335708362,0.7143316089420423,0.5688825300982039,0.0,0.0,0.0,0.0,0.0,0.0,2.0,2.5,0.0,7.905321589716523,6.047566490704196e-05
1373,1661,1874-01-01,0.0,0.0,justice_frequency,1870,0.0,0.0,0.0,42.16,0.0030551180284476,0.0428700701300564,0.2682758210642418,0.2555158335708362,0.7143316089420423,0.5688825300982039,0.0,0.0,0.0,0.0,0.0,0.0,2.0,2.5,0.0,7.905321589716523,9.982840022097568e-05
628,658,1874-01-01,0.0,0.0,Life_expectancy,1870,0.0,0.0,0.0,42.16,0.0030551180284476,0.0428700701300564,0.2682758210642418,0.2555158335708362,0.7143316089420423,0.5688825300982039,0.0,0.0,0.0,0.0,0.0,0.0,2.0,2.5,0.0,7.905321589716523,3.7649141403899336
479,509,1874-01-01,0.0,0.0,gdp_percap,1870,0.0,0.0,0.0,42.16,0.0030551180284476,0.0428700701300564,0.2682758210642418,0.2555158335708362,0.7143316089420423,0.5688825300982039,0.0,0.0,0.0,0.0,0.0,0.0,2.0,2.5,0.0,7.905321589716523,7.905321589716523
777,857,1874-01-01,0.0,0.0,economy_frequency,1870,0.0,0.0,0.0,42.16,0.0030551180284476,0.0428700701300564,0.2682758210642418,0.2555158335708362,0.7143316089420423,0.5688825300982039,0.0,0.0,0.0,0.0,0.0,0.0,0.0,0.0,0.0,7.905321589716523,2.69763549350077e-05
1075,1259,1874-01-01,0.0,0.0,democracy_frequency,1870,0.0,0.0,0.0,42.16,0.0030551180284476,0.0428700701300564,0.2682758210642418,0.2555158335708362,0.7143316089420423,0.5688825300982039,0.0,0.0,0.0,0.0,0.0,0.0,0.0,0.0,0.0,7.905321589716523,4.016196262147645e-06
1225,1461,1875-01-01,0.0,0.0,freedom_frequency,1870,1.0,3.0,0.0,41.7,0.0043294201566062,0.046167400323358,0.2592521372201906,0.2433721651388622,0.697904415748545,0.5489879555694619,0.0,0.0,0.0,0.0,0.0,0.0,0.0,0.0,0.0,7.929520008446891,4.1427223734132046e-05
366,366,1875-01-01,0.0634,0.09585,Democracy,1870,1.0,3.0,0.0,41.7,0.0043294201566062,0.046167400323358,0.2592521372201906,0.2433721651388622,0.697904415748545,0.5489879555694619,1.0,3.0,0.0,0.0,0.0,0.0,0.0,0.0,0.0,7.929520008446891,0.5313838478799241
480,510,1875-01-01,0.0,0.0,gdp_percap,1870,1.0,3.0,0.0,41.7,0.0043294201566062,0.046167400323358,0.2592521372201906,0.2433721651388622,0.697904415748545,0.5489879555694619,1.0,3.0,0.0,0.0,0.0,0.0,0.0,0.0,0.0,7.929520008446891,7.929520008446891
778,858,1875-01-01,0.0,0.0,economy_frequency,1870,1.0,3.0,0.0,41.7,0.0043294201566062,0.046167400323358,0.2592521372201906,0.2433721651388622,0.697904415748545,0.5489879555694619,1.0,3.0,0.0,0.0,0.0,0.0,0.0,0.0,0.0,7.929520008446891,2.7217564063978147e-05
1076,1260,1875-01-01,0.0,0.0,democracy_frequency,1870,1.0,3.0,0.0,41.7,0.0043294201566062,0.046167400323358,0.2592521372201906,0.2433721651388622,0.697904415748545,0.5489879555694619,1.0,3.0,0.0,0.0,0.0,0.0,0.0,0.0,0.0,7.929520008446891,4.060715393263168e-06
1523,1863,1875-01-01,0.0,0.0,liberty_frequency,1870,1.0,3.0,0.0,41.7,0.0043294201566062,0.046167400323358,0.2592521372201906,0.2433721651388622,0.697904415748545,0.5489879555694619,1.0,3.0,0.0,1.0,3.0,0.0,0.0,0.0,0.0,7.929520008446891,5.877000097803415e-05
88,88,1875-01-01,0.04695,0.0971,Economy,1870,1.0,3.0,0.0,41.7,0.0043294201566062,0.046167400323358,0.2592521372201906,0.2433721651388622,0.697904415748545,0.5489879555694619,1.0,3.0,0.0,1.0,3.0,0.0,0.0,0.0,0.0,7.929520008446891,0.6929996696807504
289,289,1875-01-01,0.05295,0.08965,Liberty,1870,1.0,3.0,0.0,41.7,0.0043294201566062,0.046167400323358,0.2592521372201906,0.2433721651388622,0.697904415748545,0.5489879555694619,1.0,3.0,0.0,1.0,3.0,0.0,0.0,0.0,0.0,7.929520008446891,0.5872976564680928
629,659,1875-01-01,0.0,0.0,Life_expectancy,1870,1.0,3.0,0.0,41.7,0.0043294201566062,0.046167400323358,0.2592521372201906,0.2433721651388622,0.697904415748545,0.5489879555694619,1.0,3.0,0.0,1.0,3.0,0.0,0.0,0.0,0.0,7.929520008446891,3.754198920234579
1374,1662,1875-01-01,0.0,0.0,justice_frequency,1870,1.0,3.0,0.0,41.7,0.0043294201566062,0.046167400323358,0.2592521372201906,0.2433721651388622,0.697904415748545,0.5489879555694619,1.0,3.0,0.0,1.0,3.0,0.0,0.0,0.0,0.0,7.929520008446891,9.838639741037116e-05
175,175,1875-01-01,0.05985,0.09435,Freedom,1870,1.0,3.0,0.0,41.7,0.0043294201566062,0.046167400323358,0.2592521372201906,0.2433721651388622,0.697904415748545,0.5489879555694619,1.0,3.0,0.0,1.0,3.0,0.0,1.0,3.0,0.0,7.929520008446891,0.5844505507007249
927,1059,1875-01-01,0.0,0.0,equality_frequency,1870,1.0,3.0,0.0,41.7,0.0043294201566062,0.046167400323358,0.2592521372201906,0.2433721651388622,0.697904415748545,0.5489879555694619,1.0,3.0,0.0,1.0,3.0,0.0,1.0,3.0,0.0,7.929520008446891,1.1396042700835012e-05
89,89,1876-01-01,0.04705,0.10065,Economy,1870,1.0,4.0,0.0,41.24,0.0013119160880974,0.0460745973304396,0.2195441064769081,0.2342466862910394,0.6815772337993558,0.5406084261762867,1.0,3.0,0.0,1.0,3.0,0.0,1.0,3.0,0.0,7.953146672038553,0.692314333839377
1077,1261,1876-01-01,0.0,0.0,democracy_frequency,1870,1.0,4.0,0.0,41.24,0.0013119160880974,0.0460745973304396,0.2195441064769081,0.2342466862910394,0.6815772337993558,0.5406084261762867,1.0,4.0,0.0,1.0,3.0,0.0,1.0,3.0,0.0,7.953146672038553,3.955295602783584e-06
1226,1462,1876-01-01,0.0,0.0,freedom_frequency,1870,1.0,4.0,0.0,41.24,0.0013119160880974,0.0460745973304396,0.2195441064769081,0.2342466862910394,0.6815772337993558,0.5406084261762867,1.0,4.0,0.0,1.0,3.0,0.0,1.0,3.0,0.0,7.953146672038553,4.111442919364994e-05
630,660,1876-01-01,0.0,0.0,Life_expectancy,1870,1.0,4.0,0.0,41.24,0.0013119160880974,0.0460745973304396,0.2195441064769081,0.2342466862910394,0.6815772337993558,0.5406084261762867,1.0,4.0,0.0,1.0,3.0,0.0,1.0,3.0,0.0,7.953146672038553,3.7433676393980058
928,1060,1876-01-01,0.0,0.0,equality_frequency,1870,1.0,4.0,0.0,41.24,0.0013119160880974,0.0460745973304396,0.2195441064769081,0.2342466862910394,0.6815772337993558,0.5406084261762867,1.0,4.0,0.0,1.0,3.0,0.0,1.0,3.0,0.0,7.953146672038553,1.102454790329224e-05
481,511,1876-01-01,0.0,0.0,gdp_percap,1870,1.0,4.0,0.0,41.24,0.0013119160880974,0.0460745973304396,0.2195441064769081,0.2342466862910394,0.6815772337993558,0.5406084261762867,1.0,4.0,0.0,1.0,4.0,0.0,1.0,3.0,0.0,7.953146672038553,7.953146672038553
779,859,1876-01-01,0.0,0.0,economy_frequency,1870,1.0,4.0,0.0,41.24,0.0013119160880974,0.0460745973304396,0.2195441064769081,0.2342466862910394,0.6815772337993558,0.5406084261762867,1.0,4.0,0.0,1.0,4.0,0.0,1.0,3.0,0.0,7.953146672038553,2.7210775260567005e-05
176,176,1876-01-01,0.0616,0.10055,Freedom,1870,1.0,4.0,0.0,41.24,0.0013119160880974,0.0460745973304396,0.2195441064769081,0.2342466862910394,0.6815772337993558,0.5406084261762867,1.0,4.0,0.0,1.0,4.0,0.0,1.0,3.0,0.0,7.953146672038553,0.5326350596036482
1524,1864,1876-01-01,0.0,0.0,liberty_frequency,1870,1.0,4.0,0.0,41.24,0.0013119160880974,0.0460745973304396,0.2195441064769081,0.2342466862910394,0.6815772337993558,0.5406084261762867,1.0,4.0,0.0,1.0,4.0,0.0,1.0,3.0,0.0,7.953146672038553,5.805158006731427e-05
1375,1663,1876-01-01,0.0,0.0,justice_frequency,1870,1.0,4.0,0.0,41.24,0.0013119160880974,0.0460745973304396,0.2195441064769081,0.2342466862910394,0.6815772337993558,0.5406084261762867,1.0,4.0,0.0,1.0,4.0,0.0,1.0,3.0,0.0,7.953146672038553,9.69531716712175e-05
367,367,1876-01-01,0.06265,0.10725,Democracy,1870,1.0,4.0,0.0,41.24,0.0013119160880974,0.0460745973304396,0.2195441064769081,0.2342466862910394,0.6815772337993558,0.5406084261762867,1.0,4.0,0.0,1.0,4.0,0.0,1.0,4.0,0.0,7.953146672038553,0.6415301495648273
290,290,1876-01-01,0.05715,0.08935,Liberty,1870,1.0,4.0,0.0,41.24,0.0013119160880974,0.0460745973304396,0.2195441064769081,0.2342466862910394,0.6815772337993558,0.5406084261762867,1.0,4.0,0.0,1.0,4.0,0.0,1.0,4.0,0.0,7.953146672038553,0.5880505189784594
1525,1865,1877-01-01,0.0,0.0,liberty_frequency,1870,0.0,0.0,0.0,40.78,0.0040095071794071,0.0440013281704626,0.1914972524397497,0.2436388550207401,0.6759990288009746,0.5363074184895171,1.0,4.0,0.0,1.0,4.0,0.0,1.0,4.0,0.0,7.976227976628507,5.7682831967749224e-05
291,291,1877-01-01,0.05135,0.08285,Liberty,1870,0.0,0.0,0.0,40.78,0.0040095071794071,0.0440013281704626,0.1914972524397497,0.2436388550207401,0.6759990288009746,0.5363074184895171,0.0,0.0,0.0,1.0,4.0,0.0,1.0,4.0,0.0,7.976227976628507,0.4753673437759262
1078,1262,1877-01-01,0.0,0.0,democracy_frequency,1870,0.0,0.0,0.0,40.78,0.0040095071794071,0.0440013281704626,0.1914972524397497,0.2436388550207401,0.6759990288009746,0.5363074184895171,0.0,0.0,0.0,1.0,4.0,0.0,1.0,4.0,0.0,7.976227976628507,4.049538885569009e-06
780,860,1877-01-01,0.0,0.0,economy_frequency,1870,0.0,0.0,0.0,40.78,0.0040095071794071,0.0440013281704626,0.1914972524397497,0.2436388550207401,0.6759990288009746,0.5363074184895171,0.0,0.0,0.0,1.0,4.0,0.0,1.0,4.0,0.0,7.976227976628507,2.7059109700890783e-05
929,1061,1877-01-01,0.0,0.0,equality_frequency,1870,0.0,0.0,0.0,40.78,0.0040095071794071,0.0440013281704626,0.1914972524397497,0.2436388550207401,0.6759990288009746,0.5363074184895171,0.0,0.0,0.0,1.0,4.0,0.0,1.0,4.0,0.0,7.976227976628507,1.07621510160744e-05
1227,1463,1877-01-01,0.0,0.0,freedom_frequency,1870,0.0,0.0,0.0,40.78,0.0040095071794071,0.0440013281704626,0.1914972524397497,0.2436388550207401,0.6759990288009746,0.5363074184895171,0.0,0.0,0.0,0.0,0.0,0.0,1.0,4.0,0.0,7.976227976628507,4.143636507641299e-05
631,661,1877-01-01,0.0,0.0,Life_expectancy,1870,0.0,0.0,0.0,40.78,0.0040095071794071,0.0440013281704626,0.1914972524397497,0.2436388550207401,0.6759990288009746,0.5363074184895171,0.0,0.0,0.0,0.0,0.0,0.0,1.0,4.0,0.0,7.976227976628507,3.73241775612842
368,368,1877-01-01,0.065,0.09265,Democracy,1870,0.0,0.0,0.0,40.78,0.0040095071794071,0.0440013281704626,0.1914972524397497,0.2436388550207401,0.6759990288009746,0.5363074184895171,0.0,0.0,0.0,0.0,0.0,0.0,1.0,4.0,0.0,7.976227976628507,0.5293509650914053
1376,1664,1877-01-01,0.0,0.0,justice_frequency,1870,0.0,0.0,0.0,40.78,0.0040095071794071,0.0440013281704626,0.1914972524397497,0.2436388550207401,0.6759990288009746,0.5363074184895171,0.0,0.0,0.0,0.0,0.0,0.0,1.0,4.0,0.0,7.976227976628507,9.646350758261816e-05
482,512,1877-01-01,0.0,0.0,gdp_percap,1870,0.0,0.0,0.0,40.78,0.0040095071794071,0.0440013281704626,0.1914972524397497,0.2436388550207401,0.6759990288009746,0.5363074184895171,0.0,0.0,0.0,0.0,0.0,0.0,1.0,4.0,0.0,7.976227976628507,7.976227976628507
90,90,1877-01-01,0.05015,0.103,Economy,1870,0.0,0.0,0.0,40.78,0.0040095071794071,0.0440013281704626,0.1914972524397497,0.2436388550207401,0.6759990288009746,0.5363074184895171,0.0,0.0,0.0,0.0,0.0,0.0,0.0,0.0,0.0,7.976227976628507,0.6923643742470166
177,177,1877-01-01,0.06295,0.089,Freedom,1870,0.0,0.0,0.0,40.78,0.0040095071794071,0.0440013281704626,0.1914972524397497,0.2436388550207401,0.6759990288009746,0.5363074184895171,0.0,0.0,0.0,0.0,0.0,0.0,0.0,0.0,0.0,7.976227976628507,0.4772336793294551
178,178,1878-01-01,0.06635,0.10505,Freedom,1870,0.0,0.0,0.0,40.32,0.0040310439049365,0.0375179596223016,0.1796576079617348,0.2454982399225878,0.6646446446102869,0.5321596688201173,0.0,0.0,0.0,0.0,0.0,0.0,0.0,0.0,0.0,7.998788531581101,0.6928521370388859
91,91,1878-01-01,0.05405,0.10025,Economy,1870,0.0,0.0,0.0,40.32,0.0040310439049365,0.0375179596223016,0.1796576079617348,0.2454982399225878,0.6646446446102869,0.5321596688201173,0.0,0.0,0.0,0.0,0.0,0.0,0.0,0.0,0.0,7.998788531581101,0.6416643945357781
1228,1464,1878-01-01,0.0,0.0,freedom_frequency,1870,0.0,0.0,0.0,40.32,0.0040310439049365,0.0375179596223016,0.1796576079617348,0.2454982399225878,0.6646446446102869,0.5321596688201173,0.0,0.0,0.0,0.0,0.0,0.0,0.0,0.0,0.0,7.998788531581101,4.1500099302401506e-05
632,662,1878-01-01,0.0,0.0,Life_expectancy,1870,0.0,0.0,0.0,40.32,0.0040310439049365,0.0375179596223016,0.1796576079617348,0.2454982399225878,0.6646446446102869,0.5321596688201173,0.0,0.0,0.0,0.0,0.0,0.0,0.0,0.0,0.0,7.998788531581101,3.7213466442514376
930,1062,1878-01-01,0.0,0.0,equality_frequency,1870,0.0,0.0,0.0,40.32,0.0040310439049365,0.0375179596223016,0.1796576079617348,0.2454982399225878,0.6646446446102869,0.5321596688201173,0.0,0.0,0.0,0.0,0.0,0.0,0.0,0.0,0.0,7.998788531581101,1.0651383283182372e-05
483,513,1878-01-01,0.0,0.0,gdp_percap,1870,0.0,0.0,0.0,40.32,0.0040310439049365,0.0375179596223016,0.1796576079617348,0.2454982399225878,0.6646446446102869,0.5321596688201173,0.0,0.0,0.0,0.0,0.0,0.0,0.0,0.0,0.0,7.998788531581101,7.998788531581101
1526,1866,1878-01-01,0.0,0.0,liberty_frequency,1870,0.0,0.0,0.0,40.32,0.0040310439049365,0.0375179596223016,0.1796576079617348,0.2454982399225878,0.6646446446102869,0.5321596688201173,0.0,0.0,0.0,0.0,0.0,0.0,0.0,0.0,0.0,7.998788531581101,5.732722335846672e-05
1377,1665,1878-01-01,0.0,0.0,justice_frequency,1870,0.0,0.0,0.0,40.32,0.0040310439049365,0.0375179596223016,0.1796576079617348,0.2454982399225878,0.6646446446102869,0.5321596688201173,0.0,0.0,0.0,0.0,0.0,0.0,0.0,0.0,0.0,7.998788531581101,9.546680016151326e-05
292,292,1878-01-01,0.05465,0.0923,Liberty,1870,0.0,0.0,0.0,40.32,0.0040310439049365,0.0375179596223016,0.1796576079617348,0.2454982399225878,0.6646446446102869,0.5321596688201173,0.0,0.0,0.0,0.0,0.0,0.0,0.0,0.0,0.0,7.998788531581101,0.585954431832241
369,369,1878-01-01,0.06365,0.09745,Democracy,1870,0.0,0.0,0.0,40.32,0.0040310439049365,0.0375179596223016,0.1796576079617348,0.2454982399225878,0.6646446446102869,0.5321596688201173,0.0,0.0,0.0,0.0,0.0,0.0,0.0,0.0,0.0,7.998788531581101,0.5350859478111802
1079,1263,1878-01-01,0.0,0.0,democracy_frequency,1870,0.0,0.0,0.0,40.32,0.0040310439049365,0.0375179596223016,0.1796576079617348,0.2454982399225878,0.6646446446102869,0.5321596688201173,0.0,0.0,0.0,0.0,0.0,0.0,0.0,0.0,0.0,7.998788531581101,4.0502912944958005e-06
781,861,1878-01-01,0.0,0.0,economy_frequency,1870,0.0,0.0,0.0,40.32,0.0040310439049365,0.0375179596223016,0.1796576079617348,0.2454982399225878,0.6646446446102869,0.5321596688201173,0.0,0.0,0.0,0.0,0.0,0.0,0.0,0.0,0.0,7.998788531581101,2.6584832628636047e-05
931,1063,1879-01-01,0.0,0.0,equality_frequency,1870,0.0,0.0,0.0,39.86,0.001840714104637,0.03621884915032,0.1693842608654863,0.2353215571935792,0.6527112678933538,0.5186270295289857,0.0,0.0,0.0,0.0,0.0,0.0,0.0,0.0,0.0,8.02085131719985,1.0555269292015788e-05
92,92,1879-01-01,0.05825,0.0857,Economy,1870,0.0,0.0,0.0,39.86,0.001840714104637,0.03621884915032,0.1693842608654863,0.2353215571935792,0.6527112678933538,0.5186270295289857,0.0,0.0,0.0,0.0,0.0,0.0,0.0,0.0,0.0,8.02085131719985,0.3429370091613775
1527,1867,1879-01-01,0.0,0.0,liberty_frequency,1870,0.0,0.0,0.0,39.86,0.001840714104637,0.03621884915032,0.1693842608654863,0.2353215571935792,0.6527112678933538,0.5186270295289857,0.0,0.0,0.0,0.0,0.0,0.0,0.0,0.0,0.0,8.02085131719985,5.6166997436182114e-05
370,370,1879-01-01,0.06445,0.0917,Democracy,1870,0.0,0.0,0.0,39.86,0.001840714104637,0.03621884915032,0.1693842608654863,0.2353215571935792,0.6527112678933538,0.5186270295289857,0.0,0.0,0.0,0.0,0.0,0.0,0.0,0.0,0.0,8.02085131719985,0.5339873089872833
1229,1465,1879-01-01,0.0,0.0,freedom_frequency,1870,0.0,0.0,0.0,39.86,0.001840714104637,0.03621884915032,0.1693842608654863,0.2353215571935792,0.6527112678933538,0.5186270295289857,0.0,0.0,0.0,0.0,0.0,0.0,0.0,0.0,0.0,8.02085131719985,4.115127260779111e-05
782,862,1879-01-01,0.0,0.0,economy_frequency,1870,0.0,0.0,0.0,39.86,0.001840714104637,0.03621884915032,0.1693842608654863,0.2353215571935792,0.6527112678933538,0.5186270295289857,0.0,0.0,0.0,0.0,0.0,0.0,0.0,0.0,0.0,8.02085131719985,2.6489798930952953e-05
293,293,1879-01-01,0.0595,0.08125,Liberty,1870,0.0,0.0,0.0,39.86,0.001840714104637,0.03621884915032,0.1693842608654863,0.2353215571935792,0.6527112678933538,0.5186270295289857,0.0,0.0,0.0,0.0,0.0,0.0,0.0,0.0,0.0,8.02085131719985,0.3382420980634816
1378,1666,1879-01-01,0.0,0.0,justice_frequency,1870,0.0,0.0,0.0,39.86,0.001840714104637,0.03621884915032,0.1693842608654863,0.2353215571935792,0.6527112678933538,0.5186270295289857,0.0,0.0,0.0,0.0,0.0,0.0,0.0,0.0,0.0,8.02085131719985,9.441926670747034e-05
633,663,1879-01-01,0.0,0.0,Life_expectancy,1870,0.0,0.0,0.0,39.86,0.001840714104637,0.03621884915032,0.1693842608654863,0.2353215571935792,0.6527112678933538,0.5186270295289857,0.0,0.0,0.0,0.0,0.0,0.0,0.0,0.0,0.0,8.02085131719985,3.710151589389475
484,514,1879-01-01,0.0,0.0,gdp_percap,1870,0.0,0.0,0.0,39.86,0.001840714104637,0.03621884915032,0.1693842608654863,0.2353215571935792,0.6527112678933538,0.5186270295289857,0.0,0.0,0.0,0.0,0.0,0.0,0.0,0.0,0.0,8.02085131719985,8.02085131719985
179,179,1879-01-01,0.0629,0.0808,Freedom,1870,0.0,0.0,0.0,39.86,0.001840714104637,0.03621884915032,0.1693842608654863,0.2353215571935792,0.6527112678933538,0.5186270295289857,0.0,0.0,0.0,0.0,0.0,0.0,0.0,0.0,0.0,8.02085131719985,0.3371006105815082
1080,1264,1879-01-01,0.0,0.0,democracy_frequency,1870,0.0,0.0,0.0,39.86,0.001840714104637,0.03621884915032,0.1693842608654863,0.2353215571935792,0.6527112678933538,0.5186270295289857,0.0,0.0,0.0,0.0,0.0,0.0,0.0,0.0,0.0,8.02085131719985,3.973769738117756e-06
932,1064,1880-01-01,0.0,0.0,equality_frequency,1880,1.0,3.0,0.0,39.4,0.0007187403324319,0.0276903372210196,0.1588294149180845,0.2244852301563998,0.6504999857748927,0.5072455547806505,0.0,0.0,0.0,0.0,0.0,0.0,0.0,0.0,0.0,8.042437825413476,1.04565216823527e-05
371,371,1880-01-01,0.0587,0.1017,Democracy,1880,1.0,3.0,0.0,39.4,0.0007187403324319,0.0276903372210196,0.1588294149180845,0.2244852301563998,0.6504999857748927,0.5072455547806505,1.0,3.0,0.0,0.0,0.0,0.0,0.0,0.0,0.0,8.042437825413476,0.641782831016458
294,294,1880-01-01,0.05645,0.1068,Liberty,1880,1.0,3.0,0.0,39.4,0.0007187403324319,0.0276903372210196,0.1588294149180845,0.2244852301563998,0.6504999857748927,0.5072455547806505,1.0,3.0,0.0,0.0,0.0,0.0,0.0,0.0,0.0,8.042437825413476,0.6417380899945919
485,515,1880-01-01,0.0,0.0,gdp_percap,1880,1.0,3.0,0.0,39.4,0.0007187403324319,0.0276903372210196,0.1588294149180845,0.2244852301563998,0.6504999857748927,0.5072455547806505,1.0,3.0,0.0,0.0,0.0,0.0,0.0,0.0,0.0,8.042437825413476,8.042437825413476
783,863,1880-01-01,0.0,0.0,economy_frequency,1880,1.0,3.0,0.0,39.4,0.0007187403324319,0.0276903372210196,0.1588294149180845,0.2244852301563998,0.6504999857748927,0.5072455547806505,1.0,3.0,0.0,0.0,0.0,0.0,0.0,0.0,0.0,8.042437825413476,2.5865913331385603e-05
1528,1868,1880-01-01,0.0,0.0,liberty_frequency,1880,1.0,3.0,0.0,39.4,0.0007187403324319,0.0276903372210196,0.1588294149180845,0.2244852301563998,0.6504999857748927,0.5072455547806505,1.0,3.0,0.0,1.0,3.0,0.0,0.0,0.0,0.0,8.042437825413476,5.5191201373349034e-05
93,93,1880-01-01,0.058,0.103,Economy,1880,1.0,3.0,0.0,39.4,0.0007187403324319,0.0276903372210196,0.1588294149180845,0.2244852301563998,0.6504999857748927,0.5072455547806505,1.0,3.0,0.0,1.0,3.0,0.0,0.0,0.0,0.0,8.042437825413476,0.6822378900519093
1081,1265,1880-01-01,0.0,0.0,democracy_frequency,1880,1.0,3.0,0.0,39.4,0.0007187403324319,0.0276903372210196,0.1588294149180845,0.2244852301563998,0.6504999857748927,0.5072455547806505,1.0,3.0,0.0,1.0,3.0,0.0,0.0,0.0,0.0,8.042437825413476,3.934572360526368e-06
634,664,1880-01-01,0.0,0.0,Life_expectancy,1880,1.0,3.0,0.0,39.4,0.0007187403324319,0.0276903372210196,0.1588294149180845,0.2244852301563998,0.6504999857748927,0.5072455547806505,1.0,3.0,0.0,1.0,3.0,0.0,0.0,0.0,0.0,8.042437825413476,3.698829784967104
1230,1466,1880-01-01,0.0,0.0,freedom_frequency,1880,1.0,3.0,0.0,39.4,0.0007187403324319,0.0276903372210196,0.1588294149180845,0.2244852301563998,0.6504999857748927,0.5072455547806505,1.0,3.0,0.0,1.0,3.0,0.0,0.0,0.0,0.0,8.042437825413476,4.0779835116414746e-05
1379,1667,1880-01-01,0.0,0.0,justice_frequency,1880,1.0,3.0,0.0,39.4,0.0007187403324319,0.0276903372210196,0.1588294149180845,0.2244852301563998,0.6504999857748927,0.5072455547806505,1.0,3.0,0.0,1.0,3.0,0.0,1.0,3.0,0.0,8.042437825413476,9.422515623158168e-05
180,180,1880-01-01,0.0605,0.09475,Freedom,1880,1.0,3.0,0.0,39.4,0.0007187403324319,0.0276903372210196,0.1588294149180845,0.2244852301563998,0.6504999857748927,0.5072455547806505,1.0,3.0,0.0,1.0,3.0,0.0,1.0,3.0,0.0,8.042437825413476,0.5872504100320634
486,516,1881-01-01,0.0,0.0,gdp_percap,1880,1.0,2.0,0.0,39.98,0.002574881776333,0.0258583537113511,0.156427328421378,0.2283069310350271,0.6330038195491116,0.4986380052918663,1.0,3.0,0.0,1.0,3.0,0.0,1.0,3.0,0.0,8.063568185595283,8.063568185595283
784,864,1881-01-01,0.0,0.0,economy_frequency,1880,1.0,2.0,0.0,39.98,0.002574881776333,0.0258583537113511,0.156427328421378,0.2283069310350271,0.6330038195491116,0.4986380052918663,1.0,2.0,0.0,1.0,3.0,0.0,1.0,3.0,0.0,8.063568185595283,2.573189832701878e-05
1231,1467,1881-01-01,0.0,0.0,freedom_frequency,1880,1.0,2.0,0.0,39.98,0.002574881776333,0.0258583537113511,0.156427328421378,0.2283069310350271,0.6330038195491116,0.4986380052918663,1.0,2.0,0.0,1.0,3.0,0.0,1.0,3.0,0.0,8.063568185595283,4.091083182341089e-05
1082,1266,1881-01-01,0.0,0.0,democracy_frequency,1880,1.0,2.0,0.0,39.98,0.002574881776333,0.0258583537113511,0.156427328421378,0.2283069310350271,0.6330038195491116,0.4986380052918663,1.0,2.0,0.0,1.0,3.0,0.0,1.0,3.0,0.0,8.063568185595283,3.999418685733746e-06
1529,1869,1881-01-01,0.0,0.0,liberty_frequency,1880,1.0,2.0,0.0,39.98,0.002574881776333,0.0258583537113511,0.156427328421378,0.2283069310350271,0.6330038195491116,0.4986380052918663,1.0,2.0,0.0,1.0,3.0,0.0,1.0,3.0,0.0,8.063568185595283,5.445322845817971e-05
1380,1668,1881-01-01,0.0,0.0,justice_frequency,1880,1.0,2.0,0.0,39.98,0.002574881776333,0.0258583537113511,0.156427328421378,0.2283069310350271,0.6330038195491116,0.4986380052918663,1.0,2.0,0.0,1.0,2.0,0.0,1.0,3.0,0.0,8.063568185595283,9.268930874220298e-05
372,372,1881-01-01,0.0559,0.0943,Democracy,1880,1.0,2.0,0.0,39.98,0.002574881776333,0.0258583537113511,0.156427328421378,0.2283069310350271,0.6330038195491116,0.4986380052918663,1.0,2.0,0.0,1.0,2.0,0.0,1.0,3.0,0.0,8.063568185595283,0.6908269910006477
933,1065,1881-01-01,0.0,0.0,equality_frequency,1880,1.0,2.0,0.0,39.98,0.002574881776333,0.0258583537113511,0.156427328421378,0.2283069310350271,0.6330038195491116,0.4986380052918663,1.0,2.0,0.0,1.0,2.0,0.0,1.0,3.0,0.0,8.063568185595283,1.0434048562866868e-05
295,295,1881-01-01,0.0565,0.0955,Liberty,1880,1.0,2.0,0.0,39.98,0.002574881776333,0.0258583537113511,0.156427328421378,0.2283069310350271,0.6330038195491116,0.4986380052918663,1.0,2.0,0.0,1.0,2.0,0.0,1.0,3.0,0.0,8.063568185595283,0.5747914809628631
181,181,1881-01-01,0.05365,0.09735,Freedom,1880,1.0,2.0,0.0,39.98,0.002574881776333,0.0258583537113511,0.156427328421378,0.2283069310350271,0.6330038195491116,0.4986380052918663,1.0,2.0,0.0,1.0,2.0,0.0,1.0,3.0,0.0,8.063568185595283,0.6417222985677572
635,665,1881-01-01,0.0,0.0,Life_expectancy,1880,1.0,2.0,0.0,39.98,0.002574881776333,0.0258583537113511,0.156427328421378,0.2283069310350271,0.6330038195491116,0.4986380052918663,1.0,2.0,0.0,1.0,2.0,0.0,1.0,2.0,0.0,8.063568185595283,3.7130841428107537
94,94,1881-01-01,0.04745,0.0954,Economy,1880,1.0,2.0,0.0,39.98,0.002574881776333,0.0258583537113511,0.156427328421378,0.2283069310350271,0.6330038195491116,0.4986380052918663,1.0,2.0,0.0,1.0,2.0,0.0,1.0,2.0,0.0,8.063568185595283,0.5310516908106695
636,666,1882-01-01,0.0,0.0,Life_expectancy,1880,1.0,2.0,0.0,40.56,0.0097720753665754,0.0168304227207596,0.1398181185048224,0.2208802621863263,0.6222437012959593,0.4896503596752881,1.0,2.0,0.0,1.0,2.0,0.0,1.0,2.0,0.0,8.08426127736207,3.7271381662310263
1381,1669,1882-01-01,0.0,0.0,justice_frequency,1880,1.0,2.0,0.0,40.56,0.0097720753665754,0.0168304227207596,0.1398181185048224,0.2208802621863263,0.6222437012959593,0.4896503596752881,1.0,2.0,0.0,1.0,2.0,0.0,1.0,2.0,0.0,8.08426127736207,9.174476346944796e-05
296,296,1882-01-01,0.05665,0.0954,Liberty,1880,1.0,2.0,0.0,40.56,0.0097720753665754,0.0168304227207596,0.1398181185048224,0.2208802621863263,0.6222437012959593,0.4896503596752881,1.0,2.0,0.0,1.0,2.0,0.0,1.0,2.0,0.0,8.08426127736207,0.6601590047329646
95,95,1882-01-01,0.04335,0.09965,Economy,1880,1.0,2.0,0.0,40.56,0.0097720753665754,0.0168304227207596,0.1398181185048224,0.2208802621863263,0.6222437012959593,0.4896503596752881,1.0,2.0,0.0,1.0,2.0,0.0,1.0,2.0,0.0,8.08426127736207,0.6416196482145103
934,1066,1882-01-01,0.0,0.0,equality_frequency,1880,1.0,2.0,0.0,40.56,0.0097720753665754,0.0168304227207596,0.1398181185048224,0.2208802621863263,0.6222437012959593,0.4896503596752881,1.0,2.0,0.0,1.0,2.0,0.0,1.0,2.0,0.0,8.08426127736207,1.0278658324952227e-05
1530,1870,1882-01-01,0.0,0.0,liberty_frequency,1880,1.0,2.0,0.0,40.56,0.0097720753665754,0.0168304227207596,0.1398181185048224,0.2208802621863263,0.6222437012959593,0.4896503596752881,1.0,2.0,0.0,1.0,2.0,0.0,1.0,2.0,0.0,8.08426127736207,5.368266721451788e-05
182,182,1882-01-01,0.0652,0.09595,Freedom,1880,1.0,2.0,0.0,40.56,0.0097720753665754,0.0168304227207596,0.1398181185048224,0.2208802621863263,0.6222437012959593,0.4896503596752881,1.0,2.0,0.0,1.0,2.0,0.0,1.0,2.0,0.0,8.08426127736207,0.4697911066644114
785,865,1882-01-01,0.0,0.0,economy_frequency,1880,1.0,2.0,0.0,40.56,0.0097720753665754,0.0168304227207596,0.1398181185048224,0.2208802621863263,0.6222437012959593,0.4896503596752881,1.0,2.0,0.0,1.0,2.0,0.0,1.0,2.0,0.0,8.08426127736207,2.5071478249366813e-05
1232,1468,1882-01-01,0.0,0.0,freedom_frequency,1880,1.0,2.0,0.0,40.56,0.0097720753665754,0.0168304227207596,0.1398181185048224,0.2208802621863263,0.6222437012959593,0.4896503596752881,1.0,2.0,0.0,1.0,2.0,0.0,1.0,2.0,0.0,8.08426127736207,4.065626736268111e-05
373,373,1882-01-01,0.0616,0.08465,Democracy,1880,1.0,2.0,0.0,40.56,0.0097720753665754,0.0168304227207596,0.1398181185048224,0.2208802621863263,0.6222437012959593,0.4896503596752881,1.0,2.0,0.0,1.0,2.0,0.0,1.0,2.0,0.0,8.08426127736207,0.4740578995737761
1083,1267,1882-01-01,0.0,0.0,democracy_frequency,1880,1.0,2.0,0.0,40.56,0.0097720753665754,0.0168304227207596,0.1398181185048224,0.2208802621863263,0.6222437012959593,0.4896503596752881,1.0,2.0,0.0,1.0,2.0,0.0,1.0,2.0,0.0,8.08426127736207,4.250860451585808e-06
487,517,1882-01-01,0.0,0.0,gdp_percap,1880,1.0,2.0,0.0,40.56,0.0097720753665754,0.0168304227207596,0.1398181185048224,0.2208802621863263,0.6222437012959593,0.4896503596752881,1.0,2.0,0.0,1.0,2.0,0.0,1.0,2.0,0.0,8.08426127736207,8.08426127736207
786,866,1883-01-01,0.0,0.0,economy_frequency,1880,1.0,2.0,0.0,41.14,0.0165374736016472,0.0152395650154716,0.1465480797167715,0.2143779565393449,0.6210357757405065,0.4787109352627636,1.0,2.0,0.0,1.0,2.0,0.0,1.0,2.0,0.0,8.104534831936808,2.495510221831176e-05
1382,1670,1883-01-01,0.0,0.0,justice_frequency,1880,1.0,2.0,0.0,41.14,0.0165374736016472,0.0152395650154716,0.1465480797167715,0.2143779565393449,0.6210357757405065,0.4787109352627636,1.0,2.0,0.0,1.0,2.0,0.0,1.0,2.0,0.0,8.104534831936808,9.163872922839924e-05
96,96,1883-01-01,0.0446,0.08635,Economy,1880,1.0,2.0,0.0,41.14,0.0165374736016472,0.0152395650154716,0.1465480797167715,0.2143779565393449,0.6210357757405065,0.4787109352627636,1.0,2.0,0.0,1.0,2.0,0.0,1.0,2.0,0.0,8.104534831936808,0.6907342718356552
1084,1268,1883-01-01,0.0,0.0,democracy_frequency,1880,1.0,2.0,0.0,41.14,0.0165374736016472,0.0152395650154716,0.1465480797167715,0.2143779565393449,0.6210357757405065,0.4787109352627636,1.0,2.0,0.0,1.0,2.0,0.0,1.0,2.0,0.0,8.104534831936808,4.487216920630566e-06
488,518,1883-01-01,0.0,0.0,gdp_percap,1880,1.0,2.0,0.0,41.14,0.0165374736016472,0.0152395650154716,0.1465480797167715,0.2143779565393449,0.6210357757405065,0.4787109352627636,1.0,2.0,0.0,1.0,2.0,0.0,1.0,2.0,0.0,8.104534831936808,8.104534831936808
637,667,1883-01-01,0.0,0.0,Life_expectancy,1880,1.0,2.0,0.0,41.14,0.0165374736016472,0.0152395650154716,0.1465480797167715,0.2143779565393449,0.6210357757405065,0.4787109352627636,1.0,2.0,0.0,1.0,2.0,0.0,1.0,2.0,0.0,8.104534831936808,3.740997408376043
935,1067,1883-01-01,0.0,0.0,equality_frequency,1880,1.0,2.0,0.0,41.14,0.0165374736016472,0.0152395650154716,0.1465480797167715,0.2143779565393449,0.6210357757405065,0.4787109352627636,1.0,2.0,0.0,1.0,2.0,0.0,1.0,2.0,0.0,8.104534831936808,1.034162160420896e-05
297,297,1883-01-01,0.05465,0.0897,Liberty,1880,1.0,2.0,0.0,41.14,0.0165374736016472,0.0152395650154716,0.1465480797167715,0.2143779565393449,0.6210357757405065,0.4787109352627636,1.0,2.0,0.0,1.0,2.0,0.0,1.0,2.0,0.0,8.104534831936808,0.6410245950371144
1531,1871,1883-01-01,0.0,0.0,liberty_frequency,1880,1.0,2.0,0.0,41.14,0.0165374736016472,0.0152395650154716,0.1465480797167715,0.2143779565393449,0.6210357757405065,0.4787109352627636,1.0,2.0,0.0,1.0,2.0,0.0,1.0,2.0,0.0,8.104534831936808,5.274476823178058e-05
1233,1469,1883-01-01,0.0,0.0,freedom_frequency,1880,1.0,2.0,0.0,41.14,0.0165374736016472,0.0152395650154716,0.1465480797167715,0.2143779565393449,0.6210357757405065,0.4787109352627636,1.0,2.0,0.0,1.0,2.0,0.0,1.0,2.0,0.0,8.104534831936808,4.043338731250086e-05
374,374,1883-01-01,0.055,0.0841,Democracy,1880,1.0,2.0,0.0,41.14,0.0165374736016472,0.0152395650154716,0.1465480797167715,0.2143779565393449,0.6210357757405065,0.4787109352627636,1.0,2.0,0.0,1.0,2.0,0.0,1.0,2.0,0.0,8.104534831936808,0.6325874003912454
183,183,1883-01-01,0.06535,0.0945,Freedom,1880,1.0,2.0,0.0,41.14,0.0165374736016472,0.0152395650154716,0.1465480797167715,0.2143779565393449,0.6210357757405065,0.4787109352627636,1.0,2.0,0.0,1.0,2.0,0.0,1.0,2.0,0.0,8.104534831936808,0.5889526515420884
375,375,1884-01-01,0.06155,0.1003,Democracy,1880,0.0,0.0,0.0,41.72,0.0159696865251408,0.0140871859999503,0.1313364345208302,0.1887409475159477,0.6174761000421484,0.4672620085599397,1.0,2.0,0.0,1.0,2.0,0.0,1.0,2.0,0.0,8.124405523438778,0.6422196087614194
638,668,1884-01-01,0.0,0.0,Life_expectancy,1880,0.0,0.0,0.0,41.72,0.0159696865251408,0.0140871859999503,0.1313364345208302,0.1887409475159477,0.6174761000421484,0.4672620085599397,0.0,0.0,0.0,1.0,2.0,0.0,1.0,2.0,0.0,8.124405523438778,3.754667194651939
1085,1269,1884-01-01,0.0,0.0,democracy_frequency,1880,0.0,0.0,0.0,41.72,0.0159696865251408,0.0140871859999503,0.1313364345208302,0.1887409475159477,0.6174761000421484,0.4672620085599397,0.0,0.0,0.0,1.0,2.0,0.0,1.0,2.0,0.0,8.124405523438778,4.467380670142294e-06
184,184,1884-01-01,0.0691,0.09565,Freedom,1880,0.0,0.0,0.0,41.72,0.0159696865251408,0.0140871859999503,0.1313364345208302,0.1887409475159477,0.6174761000421484,0.4672620085599397,0.0,0.0,0.0,1.0,2.0,0.0,1.0,2.0,0.0,8.124405523438778,0.2580047756900381
97,97,1884-01-01,0.0554,0.09895,Economy,1880,0.0,0.0,0.0,41.72,0.0159696865251408,0.0140871859999503,0.1313364345208302,0.1887409475159477,0.6174761000421484,0.4672620085599397,0.0,0.0,0.0,1.0,2.0,0.0,1.0,2.0,0.0,8.124405523438778,0.5873949215140299
1383,1671,1884-01-01,0.0,0.0,justice_frequency,1880,0.0,0.0,0.0,41.72,0.0159696865251408,0.0140871859999503,0.1313364345208302,0.1887409475159477,0.6174761000421484,0.4672620085599397,0.0,0.0,0.0,0.0,0.0,0.0,1.0,2.0,0.0,8.124405523438778,9.132625335740378e-05
787,867,1884-01-01,0.0,0.0,economy_frequency,1880,0.0,0.0,0.0,41.72,0.0159696865251408,0.0140871859999503,0.1313364345208302,0.1887409475159477,0.6174761000421484,0.4672620085599397,0.0,0.0,0.0,0.0,0.0,0.0,1.0,2.0,0.0,8.124405523438778,2.4870802215170073e-05
489,519,1884-01-01,0.0,0.0,gdp_percap,1880,0.0,0.0,0.0,41.72,0.0159696865251408,0.0140871859999503,0.1313364345208302,0.1887409475159477,0.6174761000421484,0.4672620085599397,0.0,0.0,0.0,0.0,0.0,0.0,1.0,2.0,0.0,8.124405523438778,8.124405523438778
936,1068,1884-01-01,0.0,0.0,equality_frequency,1880,0.0,0.0,0.0,41.72,0.0159696865251408,0.0140871859999503,0.1313364345208302,0.1887409475159477,0.6174761000421484,0.4672620085599397,0.0,0.0,0.0,0.0,0.0,0.0,1.0,2.0,0.0,8.124405523438778,1.0199306504275484e-05
298,298,1884-01-01,0.0592,0.0767,Liberty,1880,0.0,0.0,0.0,41.72,0.0159696865251408,0.0140871859999503,0.1313364345208302,0.1887409475159477,0.6174761000421484,0.4672620085599397,0.0,0.0,0.0,0.0,0.0,0.0,1.0,2.0,0.0,8.124405523438778,0.4031323894343366
1532,1872,1884-01-01,0.0,0.0,liberty_frequency,1880,0.0,0.0,0.0,41.72,0.0159696865251408,0.0140871859999503,0.1313364345208302,0.1887409475159477,0.6174761000421484,0.4672620085599397,0.0,0.0,0.0,0.0,0.0,0.0,0.0,0.0,0.0,8.124405523438778,5.1763185782035e-05
1234,1470,1884-01-01,0.0,0.0,freedom_frequency,1880,0.0,0.0,0.0,41.72,0.0159696865251408,0.0140871859999503,0.1313364345208302,0.1887409475159477,0.6174761000421484,0.4672620085599397,0.0,0.0,0.0,0.0,0.0,0.0,0.0,0.0,0.0,8.124405523438778,3.955462502182947e-05
1533,1873,1885-01-01,0.0,0.0,liberty_frequency,1880,2.0,3.0,0.0,42.3,0.0173168196780635,0.0162866623993965,0.1206517408053714,0.1797787574701597,0.6130739240333192,0.4596027263846037,0.0,0.0,0.0,0.0,0.0,0.0,0.0,0.0,0.0,8.143889051279,5.110651085393938e-05
98,98,1885-01-01,0.06235,0.1094,Economy,1880,2.0,3.0,0.0,42.3,0.0173168196780635,0.0162866623993965,0.1206517408053714,0.1797787574701597,0.6130739240333192,0.4596027263846037,2.0,3.0,0.0,0.0,0.0,0.0,0.0,0.0,0.0,8.143889051279,0.5877255519236478
937,1069,1885-01-01,0.0,0.0,equality_frequency,1880,2.0,3.0,0.0,42.3,0.0173168196780635,0.0162866623993965,0.1206517408053714,0.1797787574701597,0.6130739240333192,0.4596027263846037,2.0,3.0,0.0,0.0,0.0,0.0,0.0,0.0,0.0,8.143889051279,1.0099344046665527e-05
376,376,1885-01-01,0.0666,0.09615,Democracy,1880,2.0,3.0,0.0,42.3,0.0173168196780635,0.0162866623993965,0.1206517408053714,0.1797787574701597,0.6130739240333192,0.4596027263846037,2.0,3.0,0.0,0.0,0.0,0.0,0.0,0.0,0.0,8.143889051279,0.5302723053680762
1235,1471,1885-01-01,0.0,0.0,freedom_frequency,1880,2.0,3.0,0.0,42.3,0.0173168196780635,0.0162866623993965,0.1206517408053714,0.1797787574701597,0.6130739240333192,0.4596027263846037,2.0,3.0,0.0,0.0,0.0,0.0,0.0,0.0,0.0,8.143889051279,3.92474269661991e-05
639,669,1885-01-01,0.0,0.0,Life_expectancy,1880,2.0,3.0,0.0,42.3,0.0173168196780635,0.0162866623993965,0.1206517408053714,0.1797787574701597,0.6130739240333192,0.4596027263846037,2.0,3.0,0.0,2.0,3.0,0.0,0.0,0.0,0.0,8.143889051279,3.768152635008444
1384,1672,1885-01-01,0.0,0.0,justice_frequency,1880,2.0,3.0,0.0,42.3,0.0173168196780635,0.0162866623993965,0.1206517408053714,0.1797787574701597,0.6130739240333192,0.4596027263846037,2.0,3.0,0.0,2.0,3.0,0.0,0.0,0.0,0.0,8.143889051279,9.093982088998304e-05
788,868,1885-01-01,0.0,0.0,economy_frequency,1880,2.0,3.0,0.0,42.3,0.0173168196780635,0.0162866623993965,0.1206517408053714,0.1797787574701597,0.6130739240333192,0.4596027263846037,2.0,3.0,0.0,2.0,3.0,0.0,0.0,0.0,0.0,8.143889051279,2.503170054617468e-05
299,299,1885-01-01,0.06455,0.10065,Liberty,1880,2.0,3.0,0.0,42.3,0.0173168196780635,0.0162866623993965,0.1206517408053714,0.1797787574701597,0.6130739240333192,0.4596027263846037,2.0,3.0,0.0,2.0,3.0,0.0,0.0,0.0,0.0,8.143889051279,0.6414222140680284
1086,1270,1885-01-01,0.0,0.0,democracy_frequency,1880,2.0,3.0,0.0,42.3,0.0173168196780635,0.0162866623993965,0.1206517408053714,0.1797787574701597,0.6130739240333192,0.4596027263846037,2.0,3.0,0.0,2.0,3.0,0.0,0.0,0.0,0.0,8.143889051279,4.514444211044039e-06
490,520,1885-01-01,0.0,0.0,gdp_percap,1880,2.0,3.0,0.0,42.3,0.0173168196780635,0.0162866623993965,0.1206517408053714,0.1797787574701597,0.6130739240333192,0.4596027263846037,2.0,3.0,0.0,2.0,3.0,0.0,2.0,3.0,0.0,8.143889051279,8.143889051279
185,185,1885-01-01,0.06195,0.09645,Freedom,1880,2.0,3.0,0.0,42.3,0.0173168196780635,0.0162866623993965,0.1206517408053714,0.1797787574701597,0.6130739240333192,0.4596027263846037,2.0,3.0,0.0,2.0,3.0,0.0,2.0,3.0,0.0,8.143889051279,0.5876116495878323
186,186,1886-01-01,0.05335,0.10355,Freedom,1880,1.0,1.0,0.0,42.88,0.0223654441122768,0.0153599432068134,0.1310981812257879,0.1750367869809477,0.602084823009369,0.454679812647287,2.0,3.0,0.0,2.0,3.0,0.0,2.0,3.0,0.0,8.163000214680991,0.6410983376595935
1534,1874,1886-01-01,0.0,0.0,liberty_frequency,1880,1.0,1.0,0.0,42.88,0.0223654441122768,0.0153599432068134,0.1310981812257879,0.1750367869809477,0.602084823009369,0.454679812647287,1.0,1.0,0.0,2.0,3.0,0.0,2.0,3.0,0.0,8.163000214680991,5.068444052226485e-05
1236,1472,1886-01-01,0.0,0.0,freedom_frequency,1880,1.0,1.0,0.0,42.88,0.0223654441122768,0.0153599432068134,0.1310981812257879,0.1750367869809477,0.602084823009369,0.454679812647287,1.0,1.0,0.0,2.0,3.0,0.0,2.0,3.0,0.0,8.163000214680991,3.908488584077771e-05
300,300,1886-01-01,0.0627,0.09375,Liberty,1880,1.0,1.0,0.0,42.88,0.0223654441122768,0.0153599432068134,0.1310981812257879,0.1750367869809477,0.602084823009369,0.454679812647287,1.0,1.0,0.0,2.0,3.0,0.0,2.0,3.0,0.0,8.163000214680991,0.4707002615411026
491,521,1886-01-01,0.0,0.0,gdp_percap,1880,1.0,1.0,0.0,42.88,0.0223654441122768,0.0153599432068134,0.1310981812257879,0.1750367869809477,0.602084823009369,0.454679812647287,1.0,1.0,0.0,2.0,3.0,0.0,2.0,3.0,0.0,8.163000214680991,8.163000214680991
1087,1271,1886-01-01,0.0,0.0,democracy_frequency,1880,1.0,1.0,0.0,42.88,0.0223654441122768,0.0153599432068134,0.1310981812257879,0.1750367869809477,0.602084823009369,0.454679812647287,1.0,1.0,0.0,1.0,1.0,0.0,2.0,3.0,0.0,8.163000214680991,4.690823298364379e-06
789,869,1886-01-01,0.0,0.0,economy_frequency,1880,1.0,1.0,0.0,42.88,0.0223654441122768,0.0153599432068134,0.1310981812257879,0.1750367869809477,0.602084823009369,0.454679812647287,1.0,1.0,0.0,1.0,1.0,0.0,2.0,3.0,0.0,8.163000214680991,2.4963908245928727e-05
1385,1673,1886-01-01,0.0,0.0,justice_frequency,1880,1.0,1.0,0.0,42.88,0.0223654441122768,0.0153599432068134,0.1310981812257879,0.1750367869809477,0.602084823009369,0.454679812647287,1.0,1.0,0.0,1.0,1.0,0.0,2.0,3.0,0.0,8.163000214680991,8.997517334213033e-05
99,99,1886-01-01,0.05105,0.09265,Economy,1880,1.0,1.0,0.0,42.88,0.0223654441122768,0.0153599432068134,0.1310981812257879,0.1750367869809477,0.602084823009369,0.454679812647287,1.0,1.0,0.0,1.0,1.0,0.0,2.0,3.0,0.0,8.163000214680991,0.5874616120781735
640,670,1886-01-01,0.0,0.0,Life_expectancy,1880,1.0,1.0,0.0,42.88,0.0223654441122768,0.0153599432068134,0.1310981812257879,0.1750367869809477,0.602084823009369,0.454679812647287,1.0,1.0,0.0,1.0,1.0,0.0,2.0,3.0,0.0,8.163000214680991,3.7814586354070294
938,1070,1886-01-01,0.0,0.0,equality_frequency,1880,1.0,1.0,0.0,42.88,0.0223654441122768,0.0153599432068134,0.1310981812257879,0.1750367869809477,0.602084823009369,0.454679812647287,1.0,1.0,0.0,1.0,1.0,0.0,1.0,1.0,0.0,8.163000214680991,1.019707748542136e-05
377,377,1886-01-01,0.05655,0.0937,Democracy,1880,1.0,1.0,0.0,42.88,0.0223654441122768,0.0153599432068134,0.1310981812257879,0.1750367869809477,0.602084823009369,0.454679812647287,1.0,1.0,0.0,1.0,1.0,0.0,1.0,1.0,0.0,8.163000214680991,0.5872476307604271
939,1071,1887-01-01,0.0,0.0,equality_frequency,1880,0.0,0.0,0.0,43.46,0.0292289727952859,0.0171023064335717,0.1458196267942795,0.1687926049973517,0.5915719090618796,0.4467918739227805,1.0,1.0,0.0,1.0,1.0,0.0,1.0,1.0,0.0,8.181752980213084,1.033480644108214e-05
492,522,1887-01-01,0.0,0.0,gdp_percap,1880,0.0,0.0,0.0,43.46,0.0292289727952859,0.0171023064335717,0.1458196267942795,0.1687926049973517,0.5915719090618796,0.4467918739227805,0.0,0.0,0.0,1.0,1.0,0.0,1.0,1.0,0.0,8.181752980213084,8.181752980213084
1088,1272,1887-01-01,0.0,0.0,democracy_frequency,1880,0.0,0.0,0.0,43.46,0.0292289727952859,0.0171023064335717,0.1458196267942795,0.1687926049973517,0.5915719090618796,0.4467918739227805,0.0,0.0,0.0,1.0,1.0,0.0,1.0,1.0,0.0,8.181752980213084,4.930607954319762e-06
1237,1473,1887-01-01,0.0,0.0,freedom_frequency,1880,0.0,0.0,0.0,43.46,0.0292289727952859,0.0171023064335717,0.1458196267942795,0.1687926049973517,0.5915719090618796,0.4467918739227805,0.0,0.0,0.0,1.0,1.0,0.0,1.0,1.0,0.0,8.181752980213084,3.8870853180650897e-05
641,671,1887-01-01,0.0,0.0,Life_expectancy,1880,0.0,0.0,0.0,43.46,0.0292289727952859,0.0171023064335717,0.1458196267942795,0.1687926049973517,0.5915719090618796,0.4467918739227805,0.0,0.0,0.0,1.0,1.0,0.0,1.0,1.0,0.0,8.181752980213084,3.79458990853605
1535,1875,1887-01-01,0.0,0.0,liberty_frequency,1880,0.0,0.0,0.0,43.46,0.0292289727952859,0.0171023064335717,0.1458196267942795,0.1687926049973517,0.5915719090618796,0.4467918739227805,0.0,0.0,0.0,0.0,0.0,0.0,1.0,1.0,0.0,8.181752980213084,5.000816079857317e-05
790,870,1887-01-01,0.0,0.0,economy_frequency,1880,0.0,0.0,0.0,43.46,0.0292289727952859,0.0171023064335717,0.1458196267942795,0.1687926049973517,0.5915719090618796,0.4467918739227805,0.0,0.0,0.0,0.0,0.0,0.0,1.0,1.0,0.0,8.181752980213084,2.5091367360218557e-05
1386,1674,1887-01-01,0.0,0.0,justice_frequency,1880,0.0,0.0,0.0,43.46,0.0292289727952859,0.0171023064335717,0.1458196267942795,0.1687926049973517,0.5915719090618796,0.4467918739227805,0.0,0.0,0.0,0.0,0.0,0.0,1.0,1.0,0.0,8.181752980213084,8.905232567616373e-05
378,378,1887-01-01,0.0646,0.1019,Democracy,1880,0.0,0.0,0.0,43.46,0.0292289727952859,0.0171023064335717,0.1458196267942795,0.1687926049973517,0.5915719090618796,0.4467918739227805,0.0,0.0,0.0,0.0,0.0,0.0,1.0,1.0,0.0,8.181752980213084,0.5870725210732175
187,187,1887-01-01,0.05725,0.1075,Freedom,1880,0.0,0.0,0.0,43.46,0.0292289727952859,0.0171023064335717,0.1458196267942795,0.1687926049973517,0.5915719090618796,0.4467918739227805,0.0,0.0,0.0,0.0,0.0,0.0,1.0,1.0,0.0,8.181752980213084,0.589341011834356
301,301,1887-01-01,0.05555,0.088,Liberty,1880,0.0,0.0,0.0,43.46,0.0292289727952859,0.0171023064335717,0.1458196267942795,0.1687926049973517,0.5915719090618796,0.4467918739227805,0.0,0.0,0.0,0.0,0.0,0.0,0.0,0.0,0.0,8.181752980213084,0.5799028916914625
100,100,1887-01-01,0.05275,0.0936,Economy,1880,0.0,0.0,0.0,43.46,0.0292289727952859,0.0171023064335717,0.1458196267942795,0.1687926049973517,0.5915719090618796,0.4467918739227805,0.0,0.0,0.0,0.0,0.0,0.0,0.0,0.0,0.0,8.181752980213084,0.6855282299267091
642,672,1888-01-01,0.0,0.0,Life_expectancy,1880,2.0,3.5,0.0,44.04,0.0316433658012302,0.0161703727116473,0.1378933301835322,0.1531081015231233,0.5788135668578228,0.4333989877106106,0.0,0.0,0.0,0.0,0.0,0.0,0.0,0.0,0.0,8.200160543104309,3.807550983831435
1387,1675,1888-01-01,0.0,0.0,justice_frequency,1880,2.0,3.5,0.0,44.04,0.0316433658012302,0.0161703727116473,0.1378933301835322,0.1531081015231233,0.5788135668578228,0.4333989877106106,2.0,3.5,0.0,0.0,0.0,0.0,0.0,0.0,0.0,8.200160543104309,8.793236803079216e-05
1089,1273,1888-01-01,0.0,0.0,democracy_frequency,1880,2.0,3.5,0.0,44.04,0.0316433658012302,0.0161703727116473,0.1378933301835322,0.1531081015231233,0.5788135668578228,0.4333989877106106,2.0,3.5,0.0,0.0,0.0,0.0,0.0,0.0,0.0,8.200160543104309,5.01495732170544e-06
188,188,1888-01-01,0.06395,0.1044,Freedom,1880,2.0,3.5,0.0,44.04,0.0316433658012302,0.0161703727116473,0.1378933301835322,0.1531081015231233,0.5788135668578228,0.4333989877106106,2.0,3.5,0.0,0.0,0.0,0.0,0.0,0.0,0.0,8.200160543104309,0.5306370745526551
379,379,1888-01-01,0.05825,0.1062,Democracy,1880,2.0,3.5,0.0,44.04,0.0316433658012302,0.0161703727116473,0.1378933301835322,0.1531081015231233,0.5788135668578228,0.4333989877106106,2.0,3.5,0.0,0.0,0.0,0.0,0.0,0.0,0.0,8.200160543104309,0.6417486174739451
1536,1876,1888-01-01,0.0,0.0,liberty_frequency,1880,2.0,3.5,0.0,44.04,0.0316433658012302,0.0161703727116473,0.1378933301835322,0.1531081015231233,0.5788135668578228,0.4333989877106106,2.0,3.5,0.0,2.0,3.5,0.0,0.0,0.0,0.0,8.200160543104309,4.885990826187861e-05
101,101,1888-01-01,0.0481,0.1047,Economy,1880,2.0,3.5,0.0,44.04,0.0316433658012302,0.0161703727116473,0.1378933301835322,0.1531081015231233,0.5788135668578228,0.4333989877106106,2.0,3.5,0.0,2.0,3.5,0.0,0.0,0.0,0.0,8.200160543104309,0.6863415748713328
791,871,1888-01-01,0.0,0.0,economy_frequency,1880,2.0,3.5,0.0,44.04,0.0316433658012302,0.0161703727116473,0.1378933301835322,0.1531081015231233,0.5788135668578228,0.4333989877106106,2.0,3.5,0.0,2.0,3.5,0.0,0.0,0.0,0.0,8.200160543104309,2.5023193605499655e-05
1238,1474,1888-01-01,0.0,0.0,freedom_frequency,1880,2.0,3.5,0.0,44.04,0.0316433658012302,0.0161703727116473,0.1378933301835322,0.1531081015231233,0.5788135668578228,0.4333989877106106,2.0,3.5,0.0,2.0,3.5,0.0,0.0,0.0,0.0,8.200160543104309,3.833323315743182e-05
940,1072,1888-01-01,0.0,0.0,equality_frequency,1880,2.0,3.5,0.0,44.04,0.0316433658012302,0.0161703727116473,0.1378933301835322,0.1531081015231233,0.5788135668578228,0.4333989877106106,2.0,3.5,0.0,2.0,3.5,0.0,0.0,0.0,0.0,8.200160543104309,1.0260650644718531e-05
302,302,1888-01-01,0.0544,0.1011,Liberty,1880,2.0,3.5,0.0,44.04,0.0316433658012302,0.0161703727116473,0.1378933301835322,0.1531081015231233,0.5788135668578228,0.4333989877106106,2.0,3.5,0.0,2.0,3.5,0.0,2.0,3.5,0.0,8.200160543104309,0.5740792572889017
493,523,1888-01-01,0.0,0.0,gdp_percap,1880,2.0,3.5,0.0,44.04,0.0316433658012302,0.0161703727116473,0.1378933301835322,0.1531081015231233,0.5788135668578228,0.4333989877106106,2.0,3.5,0.0,2.0,3.5,0.0,2.0,3.5,0.0,8.200160543104309,8.200160543104309
494,524,1889-01-01,0.0,0.0,gdp_percap,1880,1.0,3.0,0.0,44.62,0.0283304699780709,0.0159690272302262,0.1406279519536008,0.1551328675069198,0.5744409312840051,0.4258918058133094,2.0,3.5,0.0,2.0,3.5,0.0,2.0,3.5,0.0,8.2182353830181,8.2182353830181
643,673,1889-01-01,0.0,0.0,Life_expectancy,1880,1.0,3.0,0.0,44.62,0.0283304699780709,0.0159690272302262,0.1406279519536008,0.1551328675069198,0.5744409312840051,0.4258918058133094,1.0,3.0,0.0,2.0,3.5,0.0,2.0,3.5,0.0,8.2182353830181,3.8203462168562417
303,303,1889-01-01,0.0573,0.09465,Liberty,1880,1.0,3.0,0.0,44.62,0.0283304699780709,0.0159690272302262,0.1406279519536008,0.1551328675069198,0.5744409312840051,0.4258918058133094,1.0,3.0,0.0,2.0,3.5,0.0,2.0,3.5,0.0,8.2182353830181,0.5307194233764368
1239,1475,1889-01-01,0.0,0.0,freedom_frequency,1880,1.0,3.0,0.0,44.62,0.0283304699780709,0.0159690272302262,0.1406279519536008,0.1551328675069198,0.5744409312840051,0.4258918058133094,1.0,3.0,0.0,2.0,3.5,0.0,2.0,3.5,0.0,8.2182353830181,3.840263637391555e-05
1090,1274,1889-01-01,0.0,0.0,democracy_frequency,1880,1.0,3.0,0.0,44.62,0.0283304699780709,0.0159690272302262,0.1406279519536008,0.1551328675069198,0.5744409312840051,0.4258918058133094,1.0,3.0,0.0,2.0,3.5,0.0,2.0,3.5,0.0,8.2182353830181,4.899217808462984e-06
792,872,1889-01-01,0.0,0.0,economy_frequency,1880,1.0,3.0,0.0,44.62,0.0283304699780709,0.0159690272302262,0.1406279519536008,0.1551328675069198,0.5744409312840051,0.4258918058133094,1.0,3.0,0.0,1.0,3.0,0.0,2.0,3.5,0.0,8.2182353830181,2.5008464577340013e-05
941,1073,1889-01-01,0.0,0.0,equality_frequency,1880,1.0,3.0,0.0,44.62,0.0283304699780709,0.0159690272302262,0.1406279519536008,0.1551328675069198,0.5744409312840051,0.4258918058133094,1.0,3.0,0.0,1.0,3.0,0.0,2.0,3.5,0.0,8.2182353830181,1.0286234857623534e-05
380,380,1889-01-01,0.0596,0.09635,Democracy,1880,1.0,3.0,0.0,44.62,0.0283304699780709,0.0159690272302262,0.1406279519536008,0.1551328675069198,0.5744409312840051,0.4258918058133094,1.0,3.0,0.0,1.0,3.0,0.0,2.0,3.5,0.0,8.2182353830181,0.405425107308143
1537,1877,1889-01-01,0.0,0.0,liberty_frequency,1880,1.0,3.0,0.0,44.62,0.0283304699780709,0.0159690272302262,0.1406279519536008,0.1551328675069198,0.5744409312840051,0.4258918058133094,1.0,3.0,0.0,1.0,3.0,0.0,2.0,3.5,0.0,8.2182353830181,4.82162719131772e-05
1388,1676,1889-01-01,0.0,0.0,justice_frequency,1880,1.0,3.0,0.0,44.62,0.0283304699780709,0.0159690272302262,0.1406279519536008,0.1551328675069198,0.5744409312840051,0.4258918058133094,1.0,3.0,0.0,1.0,3.0,0.0,2.0,3.5,0.0,8.2182353830181,8.754852738400807e-05
102,102,1889-01-01,0.06345,0.09645,Economy,1880,1.0,3.0,0.0,44.62,0.0283304699780709,0.0159690272302262,0.1406279519536008,0.1551328675069198,0.5744409312840051,0.4258918058133094,1.0,3.0,0.0,1.0,3.0,0.0,1.0,3.0,0.0,8.2182353830181,0.4950833620173708
189,189,1889-01-01,0.05215,0.1163,Freedom,1880,1.0,3.0,0.0,44.62,0.0283304699780709,0.0159690272302262,0.1406279519536008,0.1551328675069198,0.5744409312840051,0.4258918058133094,1.0,3.0,0.0,1.0,3.0,0.0,1.0,3.0,0.0,8.2182353830181,0.641677554837465
495,525,1890-01-01,0.0,0.0,gdp_percap,1890,0.0,0.0,0.0,45.2,0.0280929690978419,0.0167465710997375,0.1326913508461898,0.1554546086088695,0.546532253070217,0.4200452221772924,1.0,3.0,0.0,1.0,3.0,0.0,1.0,3.0,0.0,8.23598931487429,8.23598931487429
304,304,1890-01-01,0.05545,0.08405,Liberty,1890,0.0,0.0,0.0,45.2,0.0280929690978419,0.0167465710997375,0.1326913508461898,0.1554546086088695,0.546532253070217,0.4200452221772924,0.0,0.0,0.0,1.0,3.0,0.0,1.0,3.0,0.0,8.23598931487429,0.4754636959150961
1091,1275,1890-01-01,0.0,0.0,democracy_frequency,1890,0.0,0.0,0.0,45.2,0.0280929690978419,0.0167465710997375,0.1326913508461898,0.1554546086088695,0.546532253070217,0.4200452221772924,0.0,0.0,0.0,1.0,3.0,0.0,1.0,3.0,0.0,8.23598931487429,4.890920463950978e-06
1389,1677,1890-01-01,0.0,0.0,justice_frequency,1890,0.0,0.0,0.0,45.2,0.0280929690978419,0.0167465710997375,0.1326913508461898,0.1554546086088695,0.546532253070217,0.4200452221772924,0.0,0.0,0.0,1.0,3.0,0.0,1.0,3.0,0.0,8.23598931487429,8.509863187046481e-05
644,674,1890-01-01,0.0,0.0,Life_expectancy,1890,0.0,0.0,0.0,45.2,0.0280929690978419,0.0167465710997375,0.1326913508461898,0.1554546086088695,0.546532253070217,0.4200452221772924,0.0,0.0,0.0,1.0,3.0,0.0,1.0,3.0,0.0,8.23598931487429,3.832979798087693
793,873,1890-01-01,0.0,0.0,economy_frequency,1890,0.0,0.0,0.0,45.2,0.0280929690978419,0.0167465710997375,0.1326913508461898,0.1554546086088695,0.546532253070217,0.4200452221772924,0.0,0.0,0.0,0.0,0.0,0.0,1.0,3.0,0.0,8.23598931487429,2.506534425115833e-05
190,190,1890-01-01,0.06815,0.10935,Freedom,1890,0.0,0.0,0.0,45.2,0.0280929690978419,0.0167465710997375,0.1326913508461898,0.1554546086088695,0.546532253070217,0.4200452221772924,0.0,0.0,0.0,0.0,0.0,0.0,1.0,3.0,0.0,8.23598931487429,0.5305400118750901
1240,1476,1890-01-01,0.0,0.0,freedom_frequency,1890,0.0,0.0,0.0,45.2,0.0280929690978419,0.0167465710997375,0.1326913508461898,0.1554546086088695,0.546532253070217,0.4200452221772924,0.0,0.0,0.0,0.0,0.0,0.0,1.0,3.0,0.0,8.23598931487429,3.841366474293746e-05
942,1074,1890-01-01,0.0,0.0,equality_frequency,1890,0.0,0.0,0.0,45.2,0.0280929690978419,0.0167465710997375,0.1326913508461898,0.1554546086088695,0.546532253070217,0.4200452221772924,0.0,0.0,0.0,0.0,0.0,0.0,1.0,3.0,0.0,8.23598931487429,1.0211982652204264e-05
103,103,1890-01-01,0.0529,0.0998,Economy,1890,0.0,0.0,0.0,45.2,0.0280929690978419,0.0167465710997375,0.1326913508461898,0.1554546086088695,0.546532253070217,0.4200452221772924,0.0,0.0,0.0,0.0,0.0,0.0,1.0,3.0,0.0,8.23598931487429,0.5933296077048581
1538,1878,1890-01-01,0.0,0.0,liberty_frequency,1890,0.0,0.0,0.0,45.2,0.0280929690978419,0.0167465710997375,0.1326913508461898,0.1554546086088695,0.546532253070217,0.4200452221772924,0.0,0.0,0.0,0.0,0.0,0.0,0.0,0.0,0.0,8.23598931487429,4.771500846312173e-05
381,381,1890-01-01,0.06585,0.1123,Democracy,1890,0.0,0.0,0.0,45.2,0.0280929690978419,0.0167465710997375,0.1326913508461898,0.1554546086088695,0.546532253070217,0.4200452221772924,0.0,0.0,0.0,0.0,0.0,0.0,0.0,0.0,0.0,8.23598931487429,0.5854533893751132
382,382,1891-01-01,0.06865,0.0867,Democracy,1890,2.0,2.5,0.0,45.46,0.0312848598374998,0.0215391498213602,0.1590971235196613,0.1640485725511255,0.5244133817203577,0.4156690341713728,0.0,0.0,0.0,0.0,0.0,0.0,0.0,0.0,0.0,8.253433535237756,0.3362865050884652
305,305,1891-01-01,0.064,0.1139,Liberty,1890,2.0,2.5,0.0,45.46,0.0312848598374998,0.0215391498213602,0.1590971235196613,0.1640485725511255,0.5244133817203577,0.4156690341713728,2.0,2.5,0.0,0.0,0.0,0.0,0.0,0.0,0.0,8.253433535237756,0.5868918202035546
1241,1477,1891-01-01,0.0,0.0,freedom_frequency,1890,2.0,2.5,0.0,45.46,0.0312848598374998,0.0215391498213602,0.1590971235196613,0.1640485725511255,0.5244133817203577,0.4156690341713728,2.0,2.5,0.0,0.0,0.0,0.0,0.0,0.0,0.0,8.253433535237756,3.870824131602564e-05
943,1075,1891-01-01,0.0,0.0,equality_frequency,1890,2.0,2.5,0.0,45.46,0.0312848598374998,0.0215391498213602,0.1590971235196613,0.1640485725511255,0.5244133817203577,0.4156690341713728,2.0,2.5,0.0,0.0,0.0,0.0,0.0,0.0,0.0,8.253433535237756,1.0459026274641004e-05
1539,1879,1891-01-01,0.0,0.0,liberty_frequency,1890,2.0,2.5,0.0,45.46,0.0312848598374998,0.0215391498213602,0.1590971235196613,0.1640485725511255,0.5244133817203577,0.4156690341713728,2.0,2.5,0.0,0.0,0.0,0.0,0.0,0.0,0.0,8.253433535237756,4.733981087837531e-05
1390,1678,1891-01-01,0.0,0.0,justice_frequency,1890,2.0,2.5,0.0,45.46,0.0312848598374998,0.0215391498213602,0.1590971235196613,0.1640485725511255,0.5244133817203577,0.4156690341713728,2.0,2.5,0.0,2.0,2.5,0.0,0.0,0.0,0.0,8.253433535237756,8.315697622284119e-05
1092,1276,1891-01-01,0.0,0.0,democracy_frequency,1890,2.0,2.5,0.0,45.46,0.0312848598374998,0.0215391498213602,0.1590971235196613,0.1640485725511255,0.5244133817203577,0.4156690341713728,2.0,2.5,0.0,2.0,2.5,0.0,0.0,0.0,0.0,8.253433535237756,5.002432538008578e-06
104,104,1891-01-01,0.06525,0.10795,Economy,1890,2.0,2.5,0.0,45.46,0.0312848598374998,0.0215391498213602,0.1590971235196613,0.1640485725511255,0.5244133817203577,0.4156690341713728,2.0,2.5,0.0,2.0,2.5,0.0,0.0,0.0,0.0,8.253433535237756,0.5301016418396349
191,191,1891-01-01,0.05985,0.09575,Freedom,1890,2.0,2.5,0.0,45.46,0.0312848598374998,0.0215391498213602,0.1590971235196613,0.1640485725511255,0.5244133817203577,0.4156690341713728,2.0,2.5,0.0,2.0,2.5,0.0,0.0,0.0,0.0,8.253433535237756,0.6421906715590924
645,675,1891-01-01,0.0,0.0,Life_expectancy,1890,2.0,2.5,0.0,45.46,0.0312848598374998,0.0215391498213602,0.1590971235196613,0.1640485725511255,0.5244133817203577,0.4156690341713728,2.0,2.5,0.0,2.0,2.5,0.0,0.0,0.0,0.0,8.253433535237756,3.838591727342263
496,526,1891-01-01,0.0,0.0,gdp_percap,1890,2.0,2.5,0.0,45.46,0.0312848598374998,0.0215391498213602,0.1590971235196613,0.1640485725511255,0.5244133817203577,0.4156690341713728,2.0,2.5,0.0,2.0,2.5,0.0,2.0,2.5,0.0,8.253433535237756,8.253433535237756
794,874,1891-01-01,0.0,0.0,economy_frequency,1890,2.0,2.5,0.0,45.46,0.0312848598374998,0.0215391498213602,0.1590971235196613,0.1640485725511255,0.5244133817203577,0.4156690341713728,2.0,2.5,0.0,2.0,2.5,0.0,2.0,2.5,0.0,8.253433535237756,2.541593573491272e-05
795,875,1892-01-01,0.0,0.0,economy_frequency,1890,0.0,0.0,0.0,45.72,0.033081486133991,0.0203902980726208,0.1589905094752433,0.1479589248458828,0.5123751630987998,0.4044624326156122,2.0,2.5,0.0,2.0,2.5,0.0,2.0,2.5,0.0,8.270578664729886,2.5331893800722452e-05
1093,1277,1892-01-01,0.0,0.0,democracy_frequency,1890,0.0,0.0,0.0,45.72,0.033081486133991,0.0203902980726208,0.1589905094752433,0.1479589248458828,0.5123751630987998,0.4044624326156122,0.0,0.0,0.0,2.0,2.5,0.0,2.0,2.5,0.0,8.270578664729886,5.06519956968699e-06
1391,1679,1892-01-01,0.0,0.0,justice_frequency,1890,0.0,0.0,0.0,45.72,0.033081486133991,0.0203902980726208,0.1589905094752433,0.1479589248458828,0.5123751630987998,0.4044624326156122,0.0,0.0,0.0,2.0,2.5,0.0,2.0,2.5,0.0,8.270578664729886,8.210022654304665e-05
646,676,1892-01-01,0.0,0.0,Life_expectancy,1890,0.0,0.0,0.0,45.72,0.033081486133991,0.0203902980726208,0.1589905094752433,0.1479589248458828,0.5123751630987998,0.4044624326156122,0.0,0.0,0.0,2.0,2.5,0.0,2.0,2.5,0.0,8.270578664729886,3.844172338519971
192,192,1892-01-01,0.07105,0.092,Freedom,1890,0.0,0.0,0.0,45.72,0.033081486133991,0.0203902980726208,0.1589905094752433,0.1479589248458828,0.5123751630987998,0.4044624326156122,0.0,0.0,0.0,2.0,2.5,0.0,2.0,2.5,0.0,8.270578664729886,0.4690375377295712
1540,1880,1892-01-01,0.0,0.0,liberty_frequency,1890,0.0,0.0,0.0,45.72,0.033081486133991,0.0203902980726208,0.1589905094752433,0.1479589248458828,0.5123751630987998,0.4044624326156122,0.0,0.0,0.0,0.0,0.0,0.0,2.0,2.5,0.0,8.270578664729886,4.637899917650094e-05
105,105,1892-01-01,0.05295,0.09405,Economy,1890,0.0,0.0,0.0,45.72,0.033081486133991,0.0203902980726208,0.1589905094752433,0.1479589248458828,0.5123751630987998,0.4044624326156122,0.0,0.0,0.0,0.0,0.0,0.0,2.0,2.5,0.0,8.270578664729886,0.5859627804133302
944,1076,1892-01-01,0.0,0.0,equality_frequency,1890,0.0,0.0,0.0,45.72,0.033081486133991,0.0203902980726208,0.1589905094752433,0.1479589248458828,0.5123751630987998,0.4044624326156122,0.0,0.0,0.0,0.0,0.0,0.0,2.0,2.5,0.0,8.270578664729886,1.045802882924067e-05
306,306,1892-01-01,0.05675,0.0991,Liberty,1890,0.0,0.0,0.0,45.72,0.033081486133991,0.0203902980726208,0.1589905094752433,0.1479589248458828,0.5123751630987998,0.4044624326156122,0.0,0.0,0.0,0.0,0.0,0.0,2.0,2.5,0.0,8.270578664729886,0.6413800897380623
383,383,1892-01-01,0.0659,0.08995,Democracy,1890,0.0,0.0,0.0,45.72,0.033081486133991,0.0203902980726208,0.1589905094752433,0.1479589248458828,0.5123751630987998,0.4044624326156122,0.0,0.0,0.0,0.0,0.0,0.0,2.0,2.5,0.0,8.270578664729886,0.3368400261212194
1242,1478,1892-01-01,0.0,0.0,freedom_frequency,1890,0.0,0.0,0.0,45.72,0.033081486133991,0.0203902980726208,0.1589905094752433,0.1479589248458828,0.5123751630987998,0.4044624326156122,0.0,0.0,0.0,0.0,0.0,0.0,0.0,0.0,0.0,8.270578664729886,3.8156734011139154e-05
497,527,1892-01-01,0.0,0.0,gdp_percap,1890,0.0,0.0,0.0,45.72,0.033081486133991,0.0203902980726208,0.1589905094752433,0.1479589248458828,0.5123751630987998,0.4044624326156122,0.0,0.0,0.0,0.0,0.0,0.0,0.0,0.0,0.0,8.270578664729886,8.270578664729886
945,1077,1893-01-01,0.0,0.0,equality_frequency,1890,1.0,4.0,0.0,45.98,0.0354935491868107,0.0202886715845483,0.1465343589044861,0.1386236267100932,0.5050027466688339,0.3952303282171769,0.0,0.0,0.0,0.0,0.0,0.0,0.0,0.0,0.0,8.287434786865102,1.0341493236855686e-05
307,307,1893-01-01,0.05965,0.0827,Liberty,1890,1.0,4.0,0.0,45.98,0.0354935491868107,0.0202886715845483,0.1465343589044861,0.1386236267100932,0.5050027466688339,0.3952303282171769,1.0,4.0,0.0,0.0,0.0,0.0,0.0,0.0,0.0,8.287434786865102,0.6414538061510551
1094,1278,1893-01-01,0.0,0.0,democracy_frequency,1890,1.0,4.0,0.0,45.98,0.0354935491868107,0.0202886715845483,0.1465343589044861,0.1386236267100932,0.5050027466688339,0.3952303282171769,1.0,4.0,0.0,0.0,0.0,0.0,0.0,0.0,0.0,8.287434786865102,5.149467526363309e-06
384,384,1893-01-01,0.0634,0.09865,Democracy,1890,1.0,4.0,0.0,45.98,0.0354935491868107,0.0202886715845483,0.1465343589044861,0.1386236267100932,0.5050027466688339,0.3952303282171769,1.0,4.0,0.0,0.0,0.0,0.0,0.0,0.0,0.0,8.287434786865102,0.5855898091361447
647,677,1893-01-01,0.0,0.0,Life_expectancy,1890,1.0,4.0,0.0,45.98,0.0354935491868107,0.0202886715845483,0.1465343589044861,0.1386236267100932,0.5050027466688339,0.3952303282171769,1.0,4.0,0.0,0.0,0.0,0.0,0.0,0.0,0.0,8.287434786865102,3.8497219792307664
193,193,1893-01-01,0.0589,0.0931,Freedom,1890,1.0,4.0,0.0,45.98,0.0354935491868107,0.0202886715845483,0.1465343589044861,0.1386236267100932,0.5050027466688339,0.3952303282171769,1.0,4.0,0.0,1.0,4.0,0.0,0.0,0.0,0.0,8.287434786865102,0.6410930705097535
796,876,1893-01-01,0.0,0.0,economy_frequency,1890,1.0,4.0,0.0,45.98,0.0354935491868107,0.0202886715845483,0.1465343589044861,0.1386236267100932,0.5050027466688339,0.3952303282171769,1.0,4.0,0.0,1.0,4.0,0.0,0.0,0.0,0.0,8.287434786865102,2.532445951947372e-05
1541,1881,1893-01-01,0.0,0.0,liberty_frequency,1890,1.0,4.0,0.0,45.98,0.0354935491868107,0.0202886715845483,0.1465343589044861,0.1386236267100932,0.5050027466688339,0.3952303282171769,1.0,4.0,0.0,1.0,4.0,0.0,0.0,0.0,0.0,8.287434786865102,4.558747271179128e-05
498,528,1893-01-01,0.0,0.0,gdp_percap,1890,1.0,4.0,0.0,45.98,0.0354935491868107,0.0202886715845483,0.1465343589044861,0.1386236267100932,0.5050027466688339,0.3952303282171769,1.0,4.0,0.0,1.0,4.0,0.0,0.0,0.0,0.0,8.287434786865102,8.287434786865102
106,106,1893-01-01,0.0471,0.10085,Economy,1890,1.0,4.0,0.0,45.98,0.0354935491868107,0.0202886715845483,0.1465343589044861,0.1386236267100932,0.5050027466688339,0.3952303282171769,1.0,4.0,0.0,1.0,4.0,0.0,0.0,0.0,0.0,8.287434786865102,0.6928171260979633
1243,1479,1893-01-01,0.0,0.0,freedom_frequency,1890,1.0,4.0,0.0,45.98,0.0354935491868107,0.0202886715845483,0.1465343589044861,0.1386236267100932,0.5050027466688339,0.3952303282171769,1.0,4.0,0.0,1.0,4.0,0.0,1.0,4.0,0.0,8.287434786865102,3.7836746435715526e-05
1392,1680,1893-01-01,0.0,0.0,justice_frequency,1890,1.0,4.0,0.0,45.98,0.0354935491868107,0.0202886715845483,0.1465343589044861,0.1386236267100932,0.5050027466688339,0.3952303282171769,1.0,4.0,0.0,1.0,4.0,0.0,1.0,4.0,0.0,8.287434786865102,8.145305393520021e-05
946,1078,1894-01-01,0.0,0.0,equality_frequency,1890,0.0,0.0,0.0,46.24,0.0354537763477196,0.0217125471305282,0.1300334711901538,0.1287594972451493,0.4937715916755847,0.3849448871146493,1.0,4.0,0.0,1.0,4.0,0.0,1.0,4.0,0.0,8.30401148366811,1.0187116411188814e-05
1244,1480,1894-01-01,0.0,0.0,freedom_frequency,1890,0.0,0.0,0.0,46.24,0.0354537763477196,0.0217125471305282,0.1300334711901538,0.1287594972451493,0.4937715916755847,0.3849448871146493,0.0,0.0,0.0,1.0,4.0,0.0,1.0,4.0,0.0,8.30401148366811,3.7498631909124486e-05
648,678,1894-01-01,0.0,0.0,Life_expectancy,1890,0.0,0.0,0.0,46.24,0.0354537763477196,0.0217125471305282,0.1300334711901538,0.1287594972451493,0.4937715916755847,0.3849448871146493,0.0,0.0,0.0,1.0,4.0,0.0,1.0,4.0,0.0,8.30401148366811,3.8552409913291616
1393,1681,1894-01-01,0.0,0.0,justice_frequency,1890,0.0,0.0,0.0,46.24,0.0354537763477196,0.0217125471305282,0.1300334711901538,0.1287594972451493,0.4937715916755847,0.3849448871146493,0.0,0.0,0.0,1.0,4.0,0.0,1.0,4.0,0.0,8.30401148366811,8.046714899206974e-05
1095,1279,1894-01-01,0.0,0.0,democracy_frequency,1890,0.0,0.0,0.0,46.24,0.0354537763477196,0.0217125471305282,0.1300334711901538,0.1287594972451493,0.4937715916755847,0.3849448871146493,0.0,0.0,0.0,1.0,4.0,0.0,1.0,4.0,0.0,8.30401148366811,5.148078020504988e-06
797,877,1894-01-01,0.0,0.0,economy_frequency,1890,0.0,0.0,0.0,46.24,0.0354537763477196,0.0217125471305282,0.1300334711901538,0.1287594972451493,0.4937715916755847,0.3849448871146493,0.0,0.0,0.0,0.0,0.0,0.0,1.0,4.0,0.0,8.30401148366811,2.5428620264972472e-05
194,194,1894-01-01,0.07035,0.097,Freedom,1890,0.0,0.0,0.0,46.24,0.0354537763477196,0.0217125471305282,0.1300334711901538,0.1287594972451493,0.4937715916755847,0.3849448871146493,0.0,0.0,0.0,0.0,0.0,0.0,1.0,4.0,0.0,8.30401148366811,0.4057317392255952
107,107,1894-01-01,0.05255,0.09465,Economy,1890,0.0,0.0,0.0,46.24,0.0354537763477196,0.0217125471305282,0.1300334711901538,0.1287594972451493,0.4937715916755847,0.3849448871146493,0.0,0.0,0.0,0.0,0.0,0.0,1.0,4.0,0.0,8.30401148366811,0.6391238472154692
499,529,1894-01-01,0.0,0.0,gdp_percap,1890,0.0,0.0,0.0,46.24,0.0354537763477196,0.0217125471305282,0.1300334711901538,0.1287594972451493,0.4937715916755847,0.3849448871146493,0.0,0.0,0.0,0.0,0.0,0.0,1.0,4.0,0.0,8.30401148366811,8.30401148366811
1542,1882,1894-01-01,0.0,0.0,liberty_frequency,1890,0.0,0.0,0.0,46.24,0.0354537763477196,0.0217125471305282,0.1300334711901538,0.1287594972451493,0.4937715916755847,0.3849448871146493,0.0,0.0,0.0,0.0,0.0,0.0,1.0,4.0,0.0,8.30401148366811,4.4705636318472814e-05
385,385,1894-01-01,0.0602,0.10155,Democracy,1890,0.0,0.0,0.0,46.24,0.0354537763477196,0.0217125471305282,0.1300334711901538,0.1287594972451493,0.4937715916755847,0.3849448871146493,0.0,0.0,0.0,0.0,0.0,0.0,0.0,0.0,0.0,8.30401148366811,0.5810305604051111
308,308,1894-01-01,0.05185,0.0815,Liberty,1890,0.0,0.0,0.0,46.24,0.0354537763477196,0.0217125471305282,0.1300334711901538,0.1287594972451493,0.4937715916755847,0.3849448871146493,0.0,0.0,0.0,0.0,0.0,0.0,0.0,0.0,0.0,8.30401148366811,0.4676320693192349
649,679,1895-01-01,0.0,0.0,Life_expectancy,1890,2.0,2.0,0.0,46.5,0.037341155527087,0.0203919711266538,0.1289587482945538,0.1298694669013293,0.4918861660109987,0.3845545531767252,0.0,0.0,0.0,0.0,0.0,0.0,0.0,0.0,0.0,8.320317868386848,3.8607297110405954
309,309,1895-01-01,0.0617,0.07885,Liberty,1890,2.0,2.0,0.0,46.5,0.037341155527087,0.0203919711266538,0.1289587482945538,0.1298694669013293,0.4918861660109987,0.3845545531767252,2.0,2.0,0.0,0.0,0.0,0.0,0.0,0.0,0.0,8.320317868386848,0.3366222253723377
798,878,1895-01-01,0.0,0.0,economy_frequency,1890,2.0,2.0,0.0,46.5,0.037341155527087,0.0203919711266538,0.1289587482945538,0.1298694669013293,0.4918861660109987,0.3845545531767252,2.0,2.0,0.0,0.0,0.0,0.0,0.0,0.0,0.0,8.320317868386848,2.533201618962336e-05
386,386,1895-01-01,0.0578,0.10305,Democracy,1890,2.0,2.0,0.0,46.5,0.037341155527087,0.0203919711266538,0.1289587482945538,0.1298694669013293,0.4918861660109987,0.3845545531767252,2.0,2.0,0.0,0.0,0.0,0.0,0.0,0.0,0.0,8.320317868386848,0.6926895758748901
195,195,1895-01-01,0.0544,0.1101,Freedom,1890,2.0,2.0,0.0,46.5,0.037341155527087,0.0203919711266538,0.1289587482945538,0.1298694669013293,0.4918861660109987,0.3845545531767252,2.0,2.0,0.0,0.0,0.0,0.0,0.0,0.0,0.0,8.320317868386848,0.6929346579786212
1543,1883,1895-01-01,0.0,0.0,liberty_frequency,1890,2.0,2.0,0.0,46.5,0.037341155527087,0.0203919711266538,0.1289587482945538,0.1298694669013293,0.4918861660109987,0.3845545531767252,2.0,2.0,0.0,2.0,2.0,0.0,0.0,0.0,0.0,8.320317868386848,4.46721704878773e-05
947,1079,1895-01-01,0.0,0.0,equality_frequency,1890,2.0,2.0,0.0,46.5,0.037341155527087,0.0203919711266538,0.1289587482945538,0.1298694669013293,0.4918861660109987,0.3845545531767252,2.0,2.0,0.0,2.0,2.0,0.0,0.0,0.0,0.0,8.320317868386848,1.0177061659856207e-05
108,108,1895-01-01,0.0535,0.09445,Economy,1890,2.0,2.0,0.0,46.5,0.037341155527087,0.0203919711266538,0.1289587482945538,0.1298694669013293,0.4918861660109987,0.3845545531767252,2.0,2.0,0.0,2.0,2.0,0.0,0.0,0.0,0.0,8.320317868386848,0.6410008908963949
1245,1481,1895-01-01,0.0,0.0,freedom_frequency,1890,2.0,2.0,0.0,46.5,0.037341155527087,0.0203919711266538,0.1289587482945538,0.1298694669013293,0.4918861660109987,0.3845545531767252,2.0,2.0,0.0,2.0,2.0,0.0,0.0,0.0,0.0,8.320317868386848,3.7536678542886824e-05
1394,1682,1895-01-01,0.0,0.0,justice_frequency,1890,2.0,2.0,0.0,46.5,0.037341155527087,0.0203919711266538,0.1289587482945538,0.1298694669013293,0.4918861660109987,0.3845545531767252,2.0,2.0,0.0,2.0,2.0,0.0,0.0,0.0,0.0,8.320317868386848,8.030164049771712e-05
1096,1280,1895-01-01,0.0,0.0,democracy_frequency,1890,2.0,2.0,0.0,46.5,0.037341155527087,0.0203919711266538,0.1289587482945538,0.1298694669013293,0.4918861660109987,0.3845545531767252,2.0,2.0,0.0,2.0,2.0,0.0,2.0,2.0,0.0,8.320317868386848,5.214015590009659e-06
500,530,1895-01-01,0.0,0.0,gdp_percap,1890,2.0,2.0,0.0,46.5,0.037341155527087,0.0203919711266538,0.1289587482945538,0.1298694669013293,0.4918861660109987,0.3845545531767252,2.0,2.0,0.0,2.0,2.0,0.0,2.0,2.0,0.0,8.320317868386848,8.320317868386848
310,310,1896-01-01,0.06805,0.1021,Liberty,1890,1.0,1.0,0.0,46.76,0.0429256496552002,0.0169630735271417,0.1233646981350039,0.1331879592990301,0.4891538474502128,0.3938755974141434,2.0,2.0,0.0,2.0,2.0,0.0,2.0,2.0,0.0,8.336362615580809,0.4694128297580823
1097,1281,1896-01-01,0.0,0.0,democracy_frequency,1890,1.0,1.0,0.0,46.76,0.0429256496552002,0.0169630735271417,0.1233646981350039,0.1331879592990301,0.4891538474502128,0.3938755974141434,1.0,1.0,0.0,2.0,2.0,0.0,2.0,2.0,0.0,8.336362615580809,5.409115719165281e-06
501,531,1896-01-01,0.0,0.0,gdp_percap,1890,1.0,1.0,0.0,46.76,0.0429256496552002,0.0169630735271417,0.1233646981350039,0.1331879592990301,0.4891538474502128,0.3938755974141434,1.0,1.0,0.0,2.0,2.0,0.0,2.0,2.0,0.0,8.336362615580809,8.336362615580809
1246,1482,1896-01-01,0.0,0.0,freedom_frequency,1890,1.0,1.0,0.0,46.76,0.0429256496552002,0.0169630735271417,0.1233646981350039,0.1331879592990301,0.4891538474502128,0.3938755974141434,1.0,1.0,0.0,2.0,2.0,0.0,2.0,2.0,0.0,8.336362615580809,3.765042710764517e-05
948,1080,1896-01-01,0.0,0.0,equality_frequency,1890,1.0,1.0,0.0,46.76,0.0429256496552002,0.0169630735271417,0.1233646981350039,0.1331879592990301,0.4891538474502128,0.3938755974141434,1.0,1.0,0.0,2.0,2.0,0.0,2.0,2.0,0.0,8.336362615580809,1.0124725578359e-05
799,879,1896-01-01,0.0,0.0,economy_frequency,1890,1.0,1.0,0.0,46.76,0.0429256496552002,0.0169630735271417,0.1233646981350039,0.1331879592990301,0.4891538474502128,0.3938755974141434,1.0,1.0,0.0,1.0,1.0,0.0,2.0,2.0,0.0,8.336362615580809,2.5081182054640236e-05
650,680,1896-01-01,0.0,0.0,Life_expectancy,1890,1.0,1.0,0.0,46.76,0.0429256496552002,0.0169630735271417,0.1233646981350039,0.1331879592990301,0.4891538474502128,0.3938755974141434,1.0,1.0,0.0,1.0,1.0,0.0,2.0,2.0,0.0,8.336362615580809,3.866188469084346
196,196,1896-01-01,0.0586,0.1105,Freedom,1890,1.0,1.0,0.0,46.76,0.0429256496552002,0.0169630735271417,0.1233646981350039,0.1331879592990301,0.4891538474502128,0.3938755974141434,1.0,1.0,0.0,1.0,1.0,0.0,2.0,2.0,0.0,8.336362615580809,0.6928321309370242
1544,1884,1896-01-01,0.0,0.0,liberty_frequency,1890,1.0,1.0,0.0,46.76,0.0429256496552002,0.0169630735271417,0.1233646981350039,0.1331879592990301,0.4891538474502128,0.3938755974141434,1.0,1.0,0.0,1.0,1.0,0.0,2.0,2.0,0.0,8.336362615580809,4.547132305364907e-05
387,387,1896-01-01,0.07055,0.1039,Democracy,1890,1.0,1.0,0.0,46.76,0.0429256496552002,0.0169630735271417,0.1233646981350039,0.1331879592990301,0.4891538474502128,0.3938755974141434,1.0,1.0,0.0,1.0,1.0,0.0,2.0,2.0,0.0,8.336362615580809,0.6414485408731931
109,109,1896-01-01,0.05285,0.1086,Economy,1890,1.0,1.0,0.0,46.76,0.0429256496552002,0.0169630735271417,0.1233646981350039,0.1331879592990301,0.4891538474502128,0.3938755974141434,1.0,1.0,0.0,1.0,1.0,0.0,1.0,1.0,0.0,8.336362615580809,0.6899570976518677
1395,1683,1896-01-01,0.0,0.0,justice_frequency,1890,1.0,1.0,0.0,46.76,0.0429256496552002,0.0169630735271417,0.1233646981350039,0.1331879592990301,0.4891538474502128,0.3938755974141434,1.0,1.0,0.0,1.0,1.0,0.0,1.0,1.0,0.0,8.336362615580809,8.006178907782941e-05
1247,1483,1897-01-01,0.0,0.0,freedom_frequency,1890,0.0,0.0,0.0,47.02,0.0479553508907127,0.0118960322450866,0.125944127519191,0.1433491773504092,0.4880161440671292,0.4004225769783728,1.0,1.0,0.0,1.0,1.0,0.0,1.0,1.0,0.0,8.352153988833406,3.799872493810564e-05
949,1081,1897-01-01,0.0,0.0,equality_frequency,1890,0.0,0.0,0.0,47.02,0.0479553508907127,0.0118960322450866,0.125944127519191,0.1433491773504092,0.4880161440671292,0.4004225769783728,0.0,0.0,0.0,1.0,1.0,0.0,1.0,1.0,0.0,8.352153988833406,1.0148857866150584e-05
651,681,1897-01-01,0.0,0.0,Life_expectancy,1890,0.0,0.0,0.0,47.02,0.0479553508907127,0.0118960322450866,0.125944127519191,0.1433491773504092,0.4880161440671292,0.4004225769783728,0.0,0.0,0.0,1.0,1.0,0.0,1.0,1.0,0.0,8.352153988833406,3.871617590793107
197,197,1897-01-01,0.05785,0.1059,Freedom,1890,0.0,0.0,0.0,47.02,0.0479553508907127,0.0118960322450866,0.125944127519191,0.1433491773504092,0.4880161440671292,0.4004225769783728,0.0,0.0,0.0,1.0,1.0,0.0,1.0,1.0,0.0,8.352153988833406,0.4785141864983812
1545,1885,1897-01-01,0.0,0.0,liberty_frequency,1890,0.0,0.0,0.0,47.02,0.0479553508907127,0.0118960322450866,0.125944127519191,0.1433491773504092,0.4880161440671292,0.4004225769783728,0.0,0.0,0.0,1.0,1.0,0.0,1.0,1.0,0.0,8.352153988833406,4.603263698206093e-05
800,880,1897-01-01,0.0,0.0,economy_frequency,1890,0.0,0.0,0.0,47.02,0.0479553508907127,0.0118960322450866,0.125944127519191,0.1433491773504092,0.4880161440671292,0.4004225769783728,0.0,0.0,0.0,0.0,0.0,0.0,1.0,1.0,0.0,8.352153988833406,2.4710512684971563e-05
110,110,1897-01-01,0.0527,0.09505,Economy,1890,0.0,0.0,0.0,47.02,0.0479553508907127,0.0118960322450866,0.125944127519191,0.1433491773504092,0.4880161440671292,0.4004225769783728,0.0,0.0,0.0,0.0,0.0,0.0,1.0,1.0,0.0,8.352153988833406,0.6404818927881774
1098,1282,1897-01-01,0.0,0.0,democracy_frequency,1890,0.0,0.0,0.0,47.02,0.0479553508907127,0.0118960322450866,0.125944127519191,0.1433491773504092,0.4880161440671292,0.4004225769783728,0.0,0.0,0.0,0.0,0.0,0.0,1.0,1.0,0.0,8.352153988833406,5.5848335471744025e-06
1396,1684,1897-01-01,0.0,0.0,justice_frequency,1890,0.0,0.0,0.0,47.02,0.0479553508907127,0.0118960322450866,0.125944127519191,0.1433491773504092,0.4880161440671292,0.4004225769783728,0.0,0.0,0.0,0.0,0.0,0.0,1.0,1.0,0.0,8.352153988833406,7.996191792001065e-05
388,388,1897-01-01,0.06475,0.1019,Democracy,1890,0.0,0.0,0.0,47.02,0.0479553508907127,0.0118960322450866,0.125944127519191,0.1433491773504092,0.4880161440671292,0.4004225769783728,0.0,0.0,0.0,0.0,0.0,0.0,1.0,1.0,0.0,8.352153988833406,0.5320067123124681
311,311,1897-01-01,0.05895,0.0975,Liberty,1890,0.0,0.0,0.0,47.02,0.0479553508907127,0.0118960322450866,0.125944127519191,0.1433491773504092,0.4880161440671292,0.4004225769783728,0.0,0.0,0.0,0.0,0.0,0.0,0.0,0.0,0.0,8.352153988833406,0.4700942501395383
502,532,1897-01-01,0.0,0.0,gdp_percap,1890,0.0,0.0,0.0,47.02,0.0479553508907127,0.0118960322450866,0.125944127519191,0.1433491773504092,0.4880161440671292,0.4004225769783728,0.0,0.0,0.0,0.0,0.0,0.0,0.0,0.0,0.0,8.352153988833406,8.352153988833406
652,682,1898-01-01,0.0,0.0,Life_expectancy,1890,1.0,5.0,6.0,47.28,0.0515639964222149,0.0053837457927177,0.107319374718328,0.1323262432031617,0.485315804951221,0.3970060578968258,0.0,0.0,0.0,0.0,0.0,0.0,0.0,0.0,0.0,8.367699866310044,3.8770173962293306
1546,1886,1898-01-01,0.0,0.0,liberty_frequency,1890,1.0,5.0,6.0,47.28,0.0515639964222149,0.0053837457927177,0.107319374718328,0.1323262432031617,0.485315804951221,0.3970060578968258,1.0,5.0,6.0,0.0,0.0,0.0,0.0,0.0,0.0,8.367699866310044,4.573971725152135e-05
389,389,1898-01-01,0.0541,0.0981,Democracy,1890,1.0,5.0,6.0,47.28,0.0515639964222149,0.0053837457927177,0.107319374718328,0.1323262432031617,0.485315804951221,0.3970060578968258,1.0,5.0,6.0,0.0,0.0,0.0,0.0,0.0,0.0,8.367699866310044,0.5870419432213092
312,312,1898-01-01,0.05955,0.0958,Liberty,1890,1.0,5.0,6.0,47.28,0.0515639964222149,0.0053837457927177,0.107319374718328,0.1323262432031617,0.485315804951221,0.3970060578968258,1.0,5.0,6.0,0.0,0.0,0.0,0.0,0.0,0.0,8.367699866310044,0.6919039080168308
1099,1283,1898-01-01,0.0,0.0,democracy_frequency,1890,1.0,5.0,6.0,47.28,0.0515639964222149,0.0053837457927177,0.107319374718328,0.1323262432031617,0.485315804951221,0.3970060578968258,1.0,5.0,6.0,0.0,0.0,0.0,0.0,0.0,0.0,8.367699866310044,5.710905301633765e-06
801,881,1898-01-01,0.0,0.0,economy_frequency,1890,1.0,5.0,6.0,47.28,0.0515639964222149,0.0053837457927177,0.107319374718328,0.1323262432031617,0.485315804951221,0.3970060578968258,1.0,5.0,6.0,1.0,5.0,6.0,0.0,0.0,0.0,8.367699866310044,2.4234119065421763e-05
1397,1685,1898-01-01,0.0,0.0,justice_frequency,1890,1.0,5.0,6.0,47.28,0.0515639964222149,0.0053837457927177,0.107319374718328,0.1323262432031617,0.485315804951221,0.3970060578968258,1.0,5.0,6.0,1.0,5.0,6.0,0.0,0.0,0.0,8.367699866310044,7.97248736750434e-05
503,533,1898-01-01,0.0,0.0,gdp_percap,1890,1.0,5.0,6.0,47.28,0.0515639964222149,0.0053837457927177,0.107319374718328,0.1323262432031617,0.485315804951221,0.3970060578968258,1.0,5.0,6.0,1.0,5.0,6.0,0.0,0.0,0.0,8.367699866310044,8.367699866310044
950,1082,1898-01-01,0.0,0.0,equality_frequency,1890,1.0,5.0,6.0,47.28,0.0515639964222149,0.0053837457927177,0.107319374718328,0.1323262432031617,0.485315804951221,0.3970060578968258,1.0,5.0,6.0,1.0,5.0,6.0,0.0,0.0,0.0,8.367699866310044,9.974610828752296e-06
1248,1484,1898-01-01,0.0,0.0,freedom_frequency,1890,1.0,5.0,6.0,47.28,0.0515639964222149,0.0053837457927177,0.107319374718328,0.1323262432031617,0.485315804951221,0.3970060578968258,1.0,5.0,6.0,1.0,5.0,6.0,0.0,0.0,0.0,8.367699866310044,3.7620889910249456e-05
198,198,1898-01-01,0.07565,0.0997,Freedom,1890,1.0,5.0,6.0,47.28,0.0515639964222149,0.0053837457927177,0.107319374718328,0.1323262432031617,0.485315804951221,0.3970060578968258,1.0,5.0,6.0,1.0,5.0,6.0,1.0,5.0,6.0,8.367699866310044,0.4723259306153032
111,111,1898-01-01,0.06055,0.0988,Economy,1890,1.0,5.0,6.0,47.28,0.0515639964222149,0.0053837457927177,0.107319374718328,0.1323262432031617,0.485315804951221,0.3970060578968258,1.0,5.0,6.0,1.0,5.0,6.0,1.0,5.0,6.0,8.367699866310044,0.5890414329069382
1398,1686,1899-01-01,0.0,0.0,justice_frequency,1890,0.0,0.0,0.0,47.54,0.0570666242165199,0.0040855126972674,0.1000137782137907,0.1421442818641881,0.4709903397097826,0.3961707519981741,1.0,5.0,6.0,1.0,5.0,6.0,1.0,5.0,6.0,8.38300776435981,7.846733842342251e-05
1547,1887,1899-01-01,0.0,0.0,liberty_frequency,1890,0.0,0.0,0.0,47.54,0.0570666242165199,0.0040855126972674,0.1000137782137907,0.1421442818641881,0.4709903397097826,0.3961707519981741,0.0,0.0,0.0,1.0,5.0,6.0,1.0,5.0,6.0,8.38300776435981,4.5668101195088486e-05
199,199,1899-01-01,0.0623,0.1104,Freedom,1890,0.0,0.0,0.0,47.54,0.0570666242165199,0.0040855126972674,0.1000137782137907,0.1421442818641881,0.4709903397097826,0.3961707519981741,0.0,0.0,0.0,1.0,5.0,6.0,1.0,5.0,6.0,8.38300776435981,0.6916059935411161
313,313,1899-01-01,0.06235,0.1022,Liberty,1890,0.0,0.0,0.0,47.54,0.0570666242165199,0.0040855126972674,0.1000137782137907,0.1421442818641881,0.4709903397097826,0.3961707519981741,0.0,0.0,0.0,1.0,5.0,6.0,1.0,5.0,6.0,8.38300776435981,0.6478254942606171
951,1083,1899-01-01,0.0,0.0,equality_frequency,1890,0.0,0.0,0.0,47.54,0.0570666242165199,0.0040855126972674,0.1000137782137907,0.1421442818641881,0.4709903397097826,0.3961707519981741,0.0,0.0,0.0,1.0,5.0,6.0,1.0,5.0,6.0,8.38300776435981,9.906262071839209e-06
653,683,1899-01-01,0.0,0.0,Life_expectancy,1890,0.0,0.0,0.0,47.54,0.0570666242165199,0.0040855126972674,0.1000137782137907,0.1421442818641881,0.4709903397097826,0.3961707519981741,0.0,0.0,0.0,0.0,0.0,0.0,1.0,5.0,6.0,8.38300776435981,3.8823882002984553
504,534,1899-01-01,0.0,0.0,gdp_percap,1890,0.0,0.0,0.0,47.54,0.0570666242165199,0.0040855126972674,0.1000137782137907,0.1421442818641881,0.4709903397097826,0.3961707519981741,0.0,0.0,0.0,0.0,0.0,0.0,1.0,5.0,6.0,8.38300776435981,8.38300776435981
112,112,1899-01-01,0.05675,0.0969,Economy,1890,0.0,0.0,0.0,47.54,0.0570666242165199,0.0040855126972674,0.1000137782137907,0.1421442818641881,0.4709903397097826,0.3961707519981741,0.0,0.0,0.0,0.0,0.0,0.0,1.0,5.0,6.0,8.38300776435981,0.5867277711386139
802,882,1899-01-01,0.0,0.0,economy_frequency,1890,0.0,0.0,0.0,47.54,0.0570666242165199,0.0040855126972674,0.1000137782137907,0.1421442818641881,0.4709903397097826,0.3961707519981741,0.0,0.0,0.0,0.0,0.0,0.0,1.0,5.0,6.0,8.38300776435981,2.413914932713246e-05
390,390,1899-01-01,0.0683,0.11035,Democracy,1890,0.0,0.0,0.0,47.54,0.0570666242165199,0.0040855126972674,0.1000137782137907,0.1421442818641881,0.4709903397097826,0.3961707519981741,0.0,0.0,0.0,0.0,0.0,0.0,1.0,5.0,6.0,8.38300776435981,0.5400076560095064
1100,1284,1899-01-01,0.0,0.0,democracy_frequency,1890,0.0,0.0,0.0,47.54,0.0570666242165199,0.0040855126972674,0.1000137782137907,0.1421442818641881,0.4709903397097826,0.3961707519981741,0.0,0.0,0.0,0.0,0.0,0.0,0.0,0.0,0.0,8.38300776435981,5.903145249752355e-06
1249,1485,1899-01-01,0.0,0.0,freedom_frequency,1890,0.0,0.0,0.0,47.54,0.0570666242165199,0.0040855126972674,0.1000137782137907,0.1421442818641881,0.4709903397097826,0.3961707519981741,0.0,0.0,0.0,0.0,0.0,0.0,0.0,0.0,0.0,8.38300776435981,3.795742453324839e-05
1548,1888,1900-01-01,0.0,0.0,liberty_frequency,1900,2.0,4.0,2.0,47.8,0.0595658401607956,0.0027704709145903,0.1012883694599608,0.138235235879846,0.4580665237102402,0.3921128695715158,0.0,0.0,0.0,0.0,0.0,0.0,0.0,0.0,0.0,8.39808485933773,4.532019320318583e-05
654,684,1900-01-01,0.0,0.0,Life_expectancy,1900,2.0,4.0,2.0,47.8,0.0595658401607956,0.0027704709145903,0.1012883694599608,0.138235235879846,0.4580665237102402,0.3921128695715158,2.0,4.0,2.0,0.0,0.0,0.0,0.0,0.0,0.0,8.39808485933773,3.887730312859101
1250,1486,1900-01-01,0.0,0.0,freedom_frequency,1900,2.0,4.0,2.0,47.8,0.0595658401607956,0.0027704709145903,0.1012883694599608,0.138235235879846,0.4580665237102402,0.3921128695715158,2.0,4.0,2.0,0.0,0.0,0.0,0.0,0.0,0.0,8.39808485933773,3.782343349605456e-05
1399,1687,1900-01-01,0.0,0.0,justice_frequency,1900,2.0,4.0,2.0,47.8,0.0595658401607956,0.0027704709145903,0.1012883694599608,0.138235235879846,0.4580665237102402,0.3921128695715158,2.0,4.0,2.0,0.0,0.0,0.0,0.0,0.0,0.0,8.39808485933773,7.733284307763006e-05
1101,1285,1900-01-01,0.0,0.0,democracy_frequency,1900,2.0,4.0,2.0,47.8,0.0595658401607956,0.0027704709145903,0.1012883694599608,0.138235235879846,0.4580665237102402,0.3921128695715158,2.0,4.0,2.0,0.0,0.0,0.0,0.0,0.0,0.0,8.39808485933773,5.99045791095153e-06
200,200,1900-01-01,0.06345,0.10315,Freedom,1900,2.0,4.0,2.0,47.8,0.0595658401607956,0.0027704709145903,0.1012883694599608,0.138235235879846,0.4580665237102402,0.3921128695715158,2.0,4.0,2.0,2.0,4.0,2.0,0.0,0.0,0.0,8.39808485933773,0.6920040274092898
314,314,1900-01-01,0.0636,0.0992,Liberty,1900,2.0,4.0,2.0,47.8,0.0595658401607956,0.0027704709145903,0.1012883694599608,0.138235235879846,0.4580665237102402,0.3921128695715158,2.0,4.0,2.0,2.0,4.0,2.0,0.0,0.0,0.0,8.39808485933773,0.587531076686678
803,883,1900-01-01,0.0,0.0,economy_frequency,1900,2.0,4.0,2.0,47.8,0.0595658401607956,0.0027704709145903,0.1012883694599608,0.138235235879846,0.4580665237102402,0.3921128695715158,2.0,4.0,2.0,2.0,4.0,2.0,0.0,0.0,0.0,8.39808485933773,2.40429499725516e-05
391,391,1900-01-01,0.06985,0.1056,Democracy,1900,2.0,4.0,2.0,47.8,0.0595658401607956,0.0027704709145903,0.1012883694599608,0.138235235879846,0.4580665237102402,0.3921128695715158,2.0,4.0,2.0,2.0,4.0,2.0,0.0,0.0,0.0,8.39808485933773,0.6406584350632645
45,45,1900-01-01,0.05725,0.0978,Economy,1900,2.0,4.0,2.0,47.8,0.0595658401607956,0.0027704709145903,0.1012883694599608,0.138235235879846,0.4580665237102402,0.3921128695715158,2.0,4.0,2.0,2.0,4.0,2.0,0.0,0.0,0.0,8.39808485933773,0.6415880613704283
952,1084,1900-01-01,0.0,0.0,equality_frequency,1900,2.0,4.0,2.0,47.8,0.0595658401607956,0.0027704709145903,0.1012883694599608,0.138235235879846,0.4580665237102402,0.3921128695715158,2.0,4.0,2.0,2.0,4.0,2.0,2.0,4.0,2.0,8.39808485933773,9.91818672845714e-06
505,535,1900-01-01,0.0,0.0,gdp_percap,1900,2.0,4.0,2.0,47.8,0.0595658401607956,0.0027704709145903,0.1012883694599608,0.138235235879846,0.4580665237102402,0.3921128695715158,2.0,4.0,2.0,2.0,4.0,2.0,2.0,4.0,2.0,8.39808485933773,8.39808485933773
315,315,1901-01-01,0.0615,0.1058,Liberty,1900,0.0,0.0,0.0,48.33,0.062593994513838,0.0,0.0928386127507008,0.1363872372259405,0.4429989009185447,0.3942354421957886,2.0,4.0,2.0,2.0,4.0,2.0,2.0,4.0,2.0,8.412938007806261,0.5307870619804607
655,685,1901-01-01,0.0,0.0,Life_expectancy,1900,0.0,0.0,0.0,48.33,0.062593994513838,0.0,0.0928386127507008,0.1363872372259405,0.4429989009185447,0.3942354421957886,0.0,0.0,0.0,2.0,4.0,2.0,2.0,4.0,2.0,8.412938007806261,3.898532415245646
953,1085,1901-01-01,0.0,0.0,equality_frequency,1900,0.0,0.0,0.0,48.33,0.062593994513838,0.0,0.0928386127507008,0.1363872372259405,0.4429989009185447,0.3942354421957886,0.0,0.0,0.0,2.0,4.0,2.0,2.0,4.0,2.0,8.412938007806261,9.839133580283005e-06
1102,1286,1901-01-01,0.0,0.0,democracy_frequency,1900,0.0,0.0,0.0,48.33,0.062593994513838,0.0,0.0928386127507008,0.1363872372259405,0.4429989009185447,0.3942354421957886,0.0,0.0,0.0,2.0,4.0,2.0,2.0,4.0,2.0,8.412938007806261,6.096249565395618e-06
201,201,1901-01-01,0.06535,0.1025,Freedom,1900,0.0,0.0,0.0,48.33,0.062593994513838,0.0,0.0928386127507008,0.1363872372259405,0.4429989009185447,0.3942354421957886,0.0,0.0,0.0,2.0,4.0,2.0,2.0,4.0,2.0,8.412938007806261,0.6406268178424155
392,392,1901-01-01,0.0608,0.10065,Democracy,1900,0.0,0.0,0.0,48.33,0.062593994513838,0.0,0.0928386127507008,0.1363872372259405,0.4429989009185447,0.3942354421957886,0.0,0.0,0.0,0.0,0.0,0.0,2.0,4.0,2.0,8.412938007806261,0.5875477474747344
46,46,1901-01-01,0.0486,0.09915,Economy,1900,0.0,0.0,0.0,48.33,0.062593994513838,0.0,0.0928386127507008,0.1363872372259405,0.4429989009185447,0.3942354421957886,0.0,0.0,0.0,0.0,0.0,0.0,2.0,4.0,2.0,8.412938007806261,0.6929271563563953
506,536,1901-01-01,0.0,0.0,gdp_percap,1900,0.0,0.0,0.0,48.33,0.062593994513838,0.0,0.0928386127507008,0.1363872372259405,0.4429989009185447,0.3942354421957886,0.0,0.0,0.0,0.0,0.0,0.0,2.0,4.0,2.0,8.412938007806261,8.412938007806261
1549,1889,1901-01-01,0.0,0.0,liberty_frequency,1900,0.0,0.0,0.0,48.33,0.062593994513838,0.0,0.0928386127507008,0.1363872372259405,0.4429989009185447,0.3942354421957886,0.0,0.0,0.0,0.0,0.0,0.0,2.0,4.0,2.0,8.412938007806261,4.5502174828821896e-05
804,884,1901-01-01,0.0,0.0,economy_frequency,1900,0.0,0.0,0.0,48.33,0.062593994513838,0.0,0.0928386127507008,0.1363872372259405,0.4429989009185447,0.3942354421957886,0.0,0.0,0.0,0.0,0.0,0.0,2.0,4.0,2.0,8.412938007806261,2.3840281466344283e-05
1251,1487,1901-01-01,0.0,0.0,freedom_frequency,1900,0.0,0.0,0.0,48.33,0.062593994513838,0.0,0.0928386127507008,0.1363872372259405,0.4429989009185447,0.3942354421957886,0.0,0.0,0.0,0.0,0.0,0.0,0.0,0.0,0.0,8.412938007806261,3.7760089324153527e-05
1400,1688,1901-01-01,0.0,0.0,justice_frequency,1900,0.0,0.0,0.0,48.33,0.062593994513838,0.0,0.0928386127507008,0.1363872372259405,0.4429989009185447,0.3942354421957886,0.0,0.0,0.0,0.0,0.0,0.0,0.0,0.0,0.0,8.412938007806261,7.60101556506599e-05
1252,1488,1902-01-01,0.0,0.0,freedom_frequency,1900,2.0,3.0,0.0,48.86,0.062891376862918,0.0029837018286942,0.0798063963760464,0.1247866973692057,0.4235153086884438,0.384931054857268,0.0,0.0,0.0,0.0,0.0,0.0,0.0,0.0,0.0,8.427573765258282,3.736245550626828e-05
47,47,1902-01-01,0.0492,0.09625,Economy,1900,2.0,3.0,0.0,48.86,0.062891376862918,0.0029837018286942,0.0798063963760464,0.1247866973692057,0.4235153086884438,0.384931054857268,2.0,3.0,0.0,0.0,0.0,0.0,0.0,0.0,0.0,8.427573765258282,0.6922793040640643
656,686,1902-01-01,0.0,0.0,Life_expectancy,1900,2.0,3.0,0.0,48.86,0.062891376862918,0.0029837018286942,0.0798063963760464,0.1247866973692057,0.4235153086884438,0.384931054857268,2.0,3.0,0.0,0.0,0.0,0.0,0.0,0.0,0.0,8.427573765258282,3.909219078095412
1401,1689,1902-01-01,0.0,0.0,justice_frequency,1900,2.0,3.0,0.0,48.86,0.062891376862918,0.0029837018286942,0.0798063963760464,0.1247866973692057,0.4235153086884438,0.384931054857268,2.0,3.0,0.0,0.0,0.0,0.0,0.0,0.0,0.0,8.427573765258282,7.429981673967989e-05
1550,1890,1902-01-01,0.0,0.0,liberty_frequency,1900,2.0,3.0,0.0,48.86,0.062891376862918,0.0029837018286942,0.0798063963760464,0.1247866973692057,0.4235153086884438,0.384931054857268,2.0,3.0,0.0,0.0,0.0,0.0,0.0,0.0,0.0,8.427573765258282,4.4704450390399866e-05
805,885,1902-01-01,0.0,0.0,economy_frequency,1900,2.0,3.0,0.0,48.86,0.062891376862918,0.0029837018286942,0.0798063963760464,0.1247866973692057,0.4235153086884438,0.384931054857268,2.0,3.0,0.0,2.0,3.0,0.0,0.0,0.0,0.0,8.427573765258282,2.405854847094942e-05
954,1086,1902-01-01,0.0,0.0,equality_frequency,1900,2.0,3.0,0.0,48.86,0.062891376862918,0.0029837018286942,0.0798063963760464,0.1247866973692057,0.4235153086884438,0.384931054857268,2.0,3.0,0.0,2.0,3.0,0.0,0.0,0.0,0.0,8.427573765258282,9.717208432485356e-06
316,316,1902-01-01,0.05295,0.08675,Liberty,1900,2.0,3.0,0.0,48.86,0.062891376862918,0.0029837018286942,0.0798063963760464,0.1247866973692057,0.4235153086884438,0.384931054857268,2.0,3.0,0.0,2.0,3.0,0.0,0.0,0.0,0.0,8.427573765258282,0.5867639198544348
393,393,1902-01-01,0.0601,0.0954,Democracy,1900,2.0,3.0,0.0,48.86,0.062891376862918,0.0029837018286942,0.0798063963760464,0.1247866973692057,0.4235153086884438,0.384931054857268,2.0,3.0,0.0,2.0,3.0,0.0,0.0,0.0,0.0,8.427573765258282,0.5304252892903527
507,537,1902-01-01,0.0,0.0,gdp_percap,1900,2.0,3.0,0.0,48.86,0.062891376862918,0.0029837018286942,0.0798063963760464,0.1247866973692057,0.4235153086884438,0.384931054857268,2.0,3.0,0.0,2.0,3.0,0.0,0.0,0.0,0.0,8.427573765258282,8.427573765258282
1103,1287,1902-01-01,0.0,0.0,democracy_frequency,1900,2.0,3.0,0.0,48.86,0.062891376862918,0.0029837018286942,0.0798063963760464,0.1247866973692057,0.4235153086884438,0.384931054857268,2.0,3.0,0.0,2.0,3.0,0.0,2.0,3.0,0.0,8.427573765258282,6.106638919839347e-06
202,202,1902-01-01,0.0552,0.1061,Freedom,1900,2.0,3.0,0.0,48.86,0.062891376862918,0.0029837018286942,0.0798063963760464,0.1247866973692057,0.4235153086884438,0.384931054857268,2.0,3.0,0.0,2.0,3.0,0.0,2.0,3.0,0.0,8.427573765258282,0.6416564982716322
657,687,1903-01-01,0.0,0.0,Life_expectancy,1900,3.0,2.6666666666666665,0.0,49.39,0.0625129073104045,0.0072288686375626,0.0677167498102834,0.0993804455943704,0.4099090080013538,0.3659756978784891,2.0,3.0,0.0,2.0,3.0,0.0,2.0,3.0,0.0,8.441998403489642,3.919792742692507
955,1087,1903-01-01,0.0,0.0,equality_frequency,1900,3.0,2.6666666666666665,0.0,49.39,0.0625129073104045,0.0072288686375626,0.0677167498102834,0.0993804455943704,0.4099090080013538,0.3659756978784891,3.0,2.6666666666666665,0.0,2.0,3.0,0.0,2.0,3.0,0.0,8.441998403489642,9.604101645796252e-06
1551,1891,1903-01-01,0.0,0.0,liberty_frequency,1900,3.0,2.6666666666666665,0.0,49.39,0.0625129073104045,0.0072288686375626,0.0677167498102834,0.0993804455943704,0.4099090080013538,0.3659756978784891,3.0,2.6666666666666665,0.0,2.0,3.0,0.0,2.0,3.0,0.0,8.441998403489642,4.307928483470162e-05
1253,1489,1903-01-01,0.0,0.0,freedom_frequency,1900,3.0,2.6666666666666665,0.0,49.39,0.0625129073104045,0.0072288686375626,0.0677167498102834,0.0993804455943704,0.4099090080013538,0.3659756978784891,3.0,2.6666666666666665,0.0,2.0,3.0,0.0,2.0,3.0,0.0,8.441998403489642,3.64916002337095e-05
48,48,1903-01-01,0.0586,0.1019,Economy,1900,3.0,2.6666666666666665,0.0,49.39,0.0625129073104045,0.0072288686375626,0.0677167498102834,0.0993804455943704,0.4099090080013538,0.3659756978784891,3.0,2.6666666666666665,0.0,2.0,3.0,0.0,2.0,3.0,0.0,8.441998403489642,0.6422169781412639
1104,1288,1903-01-01,0.0,0.0,democracy_frequency,1900,3.0,2.6666666666666665,0.0,49.39,0.0625129073104045,0.0072288686375626,0.0677167498102834,0.0993804455943704,0.4099090080013538,0.3659756978784891,3.0,2.6666666666666665,0.0,3.0,2.6666666666666665,0.0,2.0,3.0,0.0,8.441998403489642,6.093416701557202e-06
508,538,1903-01-01,0.0,0.0,gdp_percap,1900,3.0,2.6666666666666665,0.0,49.39,0.0625129073104045,0.0072288686375626,0.0677167498102834,0.0993804455943704,0.4099090080013538,0.3659756978784891,3.0,2.6666666666666665,0.0,3.0,2.6666666666666665,0.0,2.0,3.0,0.0,8.441998403489642,8.441998403489642
1402,1690,1903-01-01,0.0,0.0,justice_frequency,1900,3.0,2.6666666666666665,0.0,49.39,0.0625129073104045,0.0072288686375626,0.0677167498102834,0.0993804455943704,0.4099090080013538,0.3659756978784891,3.0,2.6666666666666665,0.0,3.0,2.6666666666666665,0.0,2.0,3.0,0.0,8.441998403489642,7.310540561550968e-05
317,317,1903-01-01,0.05795,0.0911,Liberty,1900,3.0,2.6666666666666665,0.0,49.39,0.0625129073104045,0.0072288686375626,0.0677167498102834,0.0993804455943704,0.4099090080013538,0.3659756978784891,3.0,2.6666666666666665,0.0,3.0,2.6666666666666665,0.0,2.0,3.0,0.0,8.441998403489642,0.5874838412778954
806,886,1903-01-01,0.0,0.0,economy_frequency,1900,3.0,2.6666666666666665,0.0,49.39,0.0625129073104045,0.0072288686375626,0.0677167498102834,0.0993804455943704,0.4099090080013538,0.3659756978784891,3.0,2.6666666666666665,0.0,3.0,2.6666666666666665,0.0,2.0,3.0,0.0,8.441998403489642,2.4369095453062643e-05
394,394,1903-01-01,0.05515,0.0968,Democracy,1900,3.0,2.6666666666666665,0.0,49.39,0.0625129073104045,0.0072288686375626,0.0677167498102834,0.0993804455943704,0.4099090080013538,0.3659756978784891,3.0,2.6666666666666665,0.0,3.0,2.6666666666666665,0.0,3.0,2.6666666666666665,0.0,8.441998403489642,0.6929596629796227
203,203,1903-01-01,0.05345,0.0903,Freedom,1900,3.0,2.6666666666666665,0.0,49.39,0.0625129073104045,0.0072288686375626,0.0677167498102834,0.0993804455943704,0.4099090080013538,0.3659756978784891,3.0,2.6666666666666665,0.0,3.0,2.6666666666666665,0.0,3.0,2.6666666666666665,0.0,8.441998403489642,0.5962590063771179
658,688,1904-01-01,0.0,0.0,Life_expectancy,1900,1.0,3.0,0.0,49.92,0.0673600633198327,0.0081142374649707,0.0472211475898522,0.079087634962287,0.4032744157351859,0.3458721483692544,3.0,2.6666666666666665,0.0,3.0,2.6666666666666665,0.0,3.0,2.6666666666666665,0.0,8.45621792673643,3.930255773689206
1552,1892,1904-01-01,0.0,0.0,liberty_frequency,1900,1.0,3.0,0.0,49.92,0.0673600633198327,0.0081142374649707,0.0472211475898522,0.079087634962287,0.4032744157351859,0.3458721483692544,1.0,3.0,0.0,3.0,2.6666666666666665,0.0,3.0,2.6666666666666665,0.0,8.45621792673643,4.1355674408834496e-05
509,539,1904-01-01,0.0,0.0,gdp_percap,1900,1.0,3.0,0.0,49.92,0.0673600633198327,0.0081142374649707,0.0472211475898522,0.079087634962287,0.4032744157351859,0.3458721483692544,1.0,3.0,0.0,3.0,2.6666666666666665,0.0,3.0,2.6666666666666665,0.0,8.45621792673643,8.45621792673643
1254,1490,1904-01-01,0.0,0.0,freedom_frequency,1900,1.0,3.0,0.0,49.92,0.0673600633198327,0.0081142374649707,0.0472211475898522,0.079087634962287,0.4032744157351859,0.3458721483692544,1.0,3.0,0.0,3.0,2.6666666666666665,0.0,3.0,2.6666666666666665,0.0,8.45621792673643,3.579601888106739e-05
956,1088,1904-01-01,0.0,0.0,equality_frequency,1900,1.0,3.0,0.0,49.92,0.0673600633198327,0.0081142374649707,0.0472211475898522,0.079087634962287,0.4032744157351859,0.3458721483692544,1.0,3.0,0.0,3.0,2.6666666666666665,0.0,3.0,2.6666666666666665,0.0,8.45621792673643,9.412351452839046e-06
395,395,1904-01-01,0.0508,0.0983,Democracy,1900,1.0,3.0,0.0,49.92,0.0673600633198327,0.0081142374649707,0.0472211475898522,0.079087634962287,0.4032744157351859,0.3458721483692544,1.0,3.0,0.0,1.0,3.0,0.0,3.0,2.6666666666666665,0.0,8.45621792673643,0.6423984746992458
1403,1691,1904-01-01,0.0,0.0,justice_frequency,1900,1.0,3.0,0.0,49.92,0.0673600633198327,0.0081142374649707,0.0472211475898522,0.079087634962287,0.4032744157351859,0.3458721483692544,1.0,3.0,0.0,1.0,3.0,0.0,3.0,2.6666666666666665,0.0,8.45621792673643,7.252299618406792e-05
318,318,1904-01-01,0.04735,0.0814,Liberty,1900,1.0,3.0,0.0,49.92,0.0673600633198327,0.0081142374649707,0.0472211475898522,0.079087634962287,0.4032744157351859,0.3458721483692544,1.0,3.0,0.0,1.0,3.0,0.0,3.0,2.6666666666666665,0.0,8.45621792673643,0.6414538061510551
204,204,1904-01-01,0.06115,0.1062,Freedom,1900,1.0,3.0,0.0,49.92,0.0673600633198327,0.0081142374649707,0.0472211475898522,0.079087634962287,0.4032744157351859,0.3458721483692544,1.0,3.0,0.0,1.0,3.0,0.0,3.0,2.6666666666666665,0.0,8.45621792673643,0.6413168999158153
807,887,1904-01-01,0.0,0.0,economy_frequency,1900,1.0,3.0,0.0,49.92,0.0673600633198327,0.0081142374649707,0.0472211475898522,0.079087634962287,0.4032744157351859,0.3458721483692544,1.0,3.0,0.0,1.0,3.0,0.0,3.0,2.6666666666666665,0.0,8.45621792673643,2.443386288816984e-05
49,49,1904-01-01,0.0524,0.0972,Economy,1900,1.0,3.0,0.0,49.92,0.0673600633198327,0.0081142374649707,0.0472211475898522,0.079087634962287,0.4032744157351859,0.3458721483692544,1.0,3.0,0.0,1.0,3.0,0.0,1.0,3.0,0.0,8.45621792673643,0.6421485795881297
1105,1289,1904-01-01,0.0,0.0,democracy_frequency,1900,1.0,3.0,0.0,49.92,0.0673600633198327,0.0081142374649707,0.0472211475898522,0.079087634962287,0.4032744157351859,0.3458721483692544,1.0,3.0,0.0,1.0,3.0,0.0,1.0,3.0,0.0,8.45621792673643,6.262757007470342e-06
319,319,1905-01-01,0.0453,0.0933,Liberty,1900,2.0,3.0,0.0,50.45,0.0712132758304251,0.0114763123628546,0.0422449922692204,0.0684508325894359,0.3894767474925421,0.3311708712347179,1.0,3.0,0.0,1.0,3.0,0.0,1.0,3.0,0.0,8.470238086680906,0.591449393359578
510,540,1905-01-01,0.0,0.0,gdp_percap,1900,2.0,3.0,0.0,50.45,0.0712132758304251,0.0114763123628546,0.0422449922692204,0.0684508325894359,0.3894767474925421,0.3311708712347179,2.0,3.0,0.0,1.0,3.0,0.0,1.0,3.0,0.0,8.470238086680906,8.470238086680906
808,888,1905-01-01,0.0,0.0,economy_frequency,1900,2.0,3.0,0.0,50.45,0.0712132758304251,0.0114763123628546,0.0422449922692204,0.0684508325894359,0.3894767474925421,0.3311708712347179,2.0,3.0,0.0,1.0,3.0,0.0,1.0,3.0,0.0,8.470238086680906,2.4679808902083982e-05
1255,1491,1905-01-01,0.0,0.0,freedom_frequency,1900,2.0,3.0,0.0,50.45,0.0712132758304251,0.0114763123628546,0.0422449922692204,0.0684508325894359,0.3894767474925421,0.3311708712347179,2.0,3.0,0.0,1.0,3.0,0.0,1.0,3.0,0.0,8.470238086680906,3.5431418558398756e-05
396,396,1905-01-01,0.0593,0.0999,Democracy,1900,2.0,3.0,0.0,50.45,0.0712132758304251,0.0114763123628546,0.0422449922692204,0.0684508325894359,0.3894767474925421,0.3311708712347179,2.0,3.0,0.0,1.0,3.0,0.0,1.0,3.0,0.0,8.470238086680906,0.518147751441651
1404,1692,1905-01-01,0.0,0.0,justice_frequency,1900,2.0,3.0,0.0,50.45,0.0712132758304251,0.0114763123628546,0.0422449922692204,0.0684508325894359,0.3894767474925421,0.3311708712347179,2.0,3.0,0.0,2.0,3.0,0.0,1.0,3.0,0.0,8.470238086680906,7.131178394965885e-05
1106,1290,1905-01-01,0.0,0.0,democracy_frequency,1900,2.0,3.0,0.0,50.45,0.0712132758304251,0.0114763123628546,0.0422449922692204,0.0684508325894359,0.3894767474925421,0.3311708712347179,2.0,3.0,0.0,2.0,3.0,0.0,1.0,3.0,0.0,8.470238086680906,6.397372869814476e-06
50,50,1905-01-01,0.04485,0.1086,Economy,1900,2.0,3.0,0.0,50.45,0.0712132758304251,0.0114763123628546,0.0422449922692204,0.0684508325894359,0.3894767474925421,0.3311708712347179,2.0,3.0,0.0,2.0,3.0,0.0,1.0,3.0,0.0,8.470238086680906,0.6927896166415859
957,1089,1905-01-01,0.0,0.0,equality_frequency,1900,2.0,3.0,0.0,50.45,0.0712132758304251,0.0114763123628546,0.0422449922692204,0.0684508325894359,0.3894767474925421,0.3311708712347179,2.0,3.0,0.0,2.0,3.0,0.0,1.0,3.0,0.0,8.470238086680906,9.365796155446612e-06
205,205,1905-01-01,0.0629,0.11085,Freedom,1900,2.0,3.0,0.0,50.45,0.0712132758304251,0.0114763123628546,0.0422449922692204,0.0684508325894359,0.3894767474925421,0.3311708712347179,2.0,3.0,0.0,2.0,3.0,0.0,1.0,3.0,0.0,8.470238086680906,0.567084966896299
1553,1893,1905-01-01,0.0,0.0,liberty_frequency,1900,2.0,3.0,0.0,50.45,0.0712132758304251,0.0114763123628546,0.0422449922692204,0.0684508325894359,0.3894767474925421,0.3311708712347179,2.0,3.0,0.0,2.0,3.0,0.0,2.0,3.0,0.0,8.470238086680906,4.009523468708925e-05
659,689,1905-01-01,0.0,0.0,Life_expectancy,1900,2.0,3.0,0.0,50.45,0.0712132758304251,0.0114763123628546,0.0422449922692204,0.0684508325894359,0.3894767474925421,0.3311708712347179,2.0,3.0,0.0,2.0,3.0,0.0,2.0,3.0,0.0,8.470238086680906,3.940610462280058
1554,1894,1906-01-01,0.0,0.0,liberty_frequency,1900,0.0,0.0,0.0,50.98,0.0747806627825755,0.0163167311942779,0.0294597644030982,0.052490421072545,0.3836536114404119,0.3201601640234174,2.0,3.0,0.0,2.0,3.0,0.0,2.0,3.0,0.0,8.484064396419988,3.915121139552289e-05
511,541,1906-01-01,0.0,0.0,gdp_percap,1900,0.0,0.0,0.0,50.98,0.0747806627825755,0.0163167311942779,0.0294597644030982,0.052490421072545,0.3836536114404119,0.3201601640234174,0.0,0.0,0.0,2.0,3.0,0.0,2.0,3.0,0.0,8.484064396419988,8.484064396419988
809,889,1906-01-01,0.0,0.0,economy_frequency,1900,0.0,0.0,0.0,50.98,0.0747806627825755,0.0163167311942779,0.0294597644030982,0.052490421072545,0.3836536114404119,0.3201601640234174,0.0,0.0,0.0,2.0,3.0,0.0,2.0,3.0,0.0,8.484064396419988,2.503390016901147e-05
660,690,1906-01-01,0.0,0.0,Life_expectancy,1900,0.0,0.0,0.0,50.98,0.0747806627825755,0.0163167311942779,0.0294597644030982,0.052490421072545,0.3836536114404119,0.3201601640234174,0.0,0.0,0.0,2.0,3.0,0.0,2.0,3.0,0.0,8.484064396419988,3.950859029213344
958,1090,1906-01-01,0.0,0.0,equality_frequency,1900,0.0,0.0,0.0,50.98,0.0747806627825755,0.0163167311942779,0.0294597644030982,0.052490421072545,0.3836536114404119,0.3201601640234174,0.0,0.0,0.0,2.0,3.0,0.0,2.0,3.0,0.0,8.484064396419988,9.24618169475579e-06
397,397,1906-01-01,0.0528,0.1003,Democracy,1900,0.0,0.0,0.0,50.98,0.0747806627825755,0.0163167311942779,0.0294597644030982,0.052490421072545,0.3836536114404119,0.3201601640234174,0.0,0.0,0.0,0.0,0.0,0.0,2.0,3.0,0.0,8.484064396419988,0.6412273741652532
1107,1291,1906-01-01,0.0,0.0,democracy_frequency,1900,0.0,0.0,0.0,50.98,0.0747806627825755,0.0163167311942779,0.0294597644030982,0.052490421072545,0.3836536114404119,0.3201601640234174,0.0,0.0,0.0,0.0,0.0,0.0,2.0,3.0,0.0,8.484064396419988,6.522003112063076e-06
51,51,1906-01-01,0.04065,0.103,Economy,1900,0.0,0.0,0.0,50.98,0.0747806627825755,0.0163167311942779,0.0294597644030982,0.052490421072545,0.3836536114404119,0.3201601640234174,0.0,0.0,0.0,0.0,0.0,0.0,2.0,3.0,0.0,8.484064396419988,0.641635441262411
320,320,1906-01-01,0.05165,0.1077,Liberty,1900,0.0,0.0,0.0,50.98,0.0747806627825755,0.0163167311942779,0.0294597644030982,0.052490421072545,0.3836536114404119,0.3201601640234174,0.0,0.0,0.0,0.0,0.0,0.0,2.0,3.0,0.0,8.484064396419988,0.6919114173189789
206,206,1906-01-01,0.06215,0.11425,Freedom,1900,0.0,0.0,0.0,50.98,0.0747806627825755,0.0163167311942779,0.0294597644030982,0.052490421072545,0.3836536114404119,0.3201601640234174,0.0,0.0,0.0,0.0,0.0,0.0,2.0,3.0,0.0,8.484064396419988,0.6929146535276302
1405,1693,1906-01-01,0.0,0.0,justice_frequency,1900,0.0,0.0,0.0,50.98,0.0747806627825755,0.0163167311942779,0.0294597644030982,0.052490421072545,0.3836536114404119,0.3201601640234174,0.0,0.0,0.0,0.0,0.0,0.0,0.0,0.0,0.0,8.484064396419988,7.080060629420347e-05
1256,1492,1906-01-01,0.0,0.0,freedom_frequency,1900,0.0,0.0,0.0,50.98,0.0747806627825755,0.0163167311942779,0.0294597644030982,0.052490421072545,0.3836536114404119,0.3201601640234174,0.0,0.0,0.0,0.0,0.0,0.0,0.0,0.0,0.0,8.484064396419988,3.488433931055585e-05
398,398,1907-01-01,0.05995,0.09705,Democracy,1900,0.0,0.0,0.0,51.51,0.0853642098721401,0.0210172706312995,0.021001702991669,0.0445063718868661,0.3786929968913805,0.3126281180070188,0.0,0.0,0.0,0.0,0.0,0.0,0.0,0.0,0.0,8.497702143481142,0.5010116236193695
1108,1292,1907-01-01,0.0,0.0,democracy_frequency,1900,0.0,0.0,0.0,51.51,0.0853642098721401,0.0210172706312995,0.021001702991669,0.0445063718868661,0.3786929968913805,0.3126281180070188,0.0,0.0,0.0,0.0,0.0,0.0,0.0,0.0,0.0,8.497702143481142,6.891749856463142e-06
810,890,1907-01-01,0.0,0.0,economy_frequency,1900,0.0,0.0,0.0,51.51,0.0853642098721401,0.0210172706312995,0.021001702991669,0.0445063718868661,0.3786929968913805,0.3126281180070188,0.0,0.0,0.0,0.0,0.0,0.0,0.0,0.0,0.0,8.497702143481142,2.5377758715476863e-05
52,52,1907-01-01,0.05095,0.09955,Economy,1900,0.0,0.0,0.0,51.51,0.0853642098721401,0.0210172706312995,0.021001702991669,0.0445063718868661,0.3786929968913805,0.3126281180070188,0.0,0.0,0.0,0.0,0.0,0.0,0.0,0.0,0.0,8.497702143481142,0.6343998580140378
1555,1895,1907-01-01,0.0,0.0,liberty_frequency,1900,0.0,0.0,0.0,51.51,0.0853642098721401,0.0210172706312995,0.021001702991669,0.0445063718868661,0.3786929968913805,0.3126281180070188,0.0,0.0,0.0,0.0,0.0,0.0,0.0,0.0,0.0,8.497702143481142,3.8505437024426655e-05
512,542,1907-01-01,0.0,0.0,gdp_percap,1900,0.0,0.0,0.0,51.51,0.0853642098721401,0.0210172706312995,0.021001702991669,0.0445063718868661,0.3786929968913805,0.3126281180070188,0.0,0.0,0.0,0.0,0.0,0.0,0.0,0.0,0.0,8.497702143481142,8.497702143481142
1257,1493,1907-01-01,0.0,0.0,freedom_frequency,1900,0.0,0.0,0.0,51.51,0.0853642098721401,0.0210172706312995,0.021001702991669,0.0445063718868661,0.3786929968913805,0.3126281180070188,0.0,0.0,0.0,0.0,0.0,0.0,0.0,0.0,0.0,8.497702143481142,3.461066783215434e-05
661,691,1907-01-01,0.0,0.0,Life_expectancy,1900,0.0,0.0,0.0,51.51,0.0853642098721401,0.0210172706312995,0.021001702991669,0.0445063718868661,0.3786929968913805,0.3126281180070188,0.0,0.0,0.0,0.0,0.0,0.0,0.0,0.0,0.0,8.497702143481142,3.961003627649767
207,207,1907-01-01,0.0658,0.09605,Freedom,1900,0.0,0.0,0.0,51.51,0.0853642098721401,0.0210172706312995,0.021001702991669,0.0445063718868661,0.3786929968913805,0.3126281180070188,0.0,0.0,0.0,0.0,0.0,0.0,0.0,0.0,0.0,8.497702143481142,0.416250074054889
959,1091,1907-01-01,0.0,0.0,equality_frequency,1900,0.0,0.0,0.0,51.51,0.0853642098721401,0.0210172706312995,0.021001702991669,0.0445063718868661,0.3786929968913805,0.3126281180070188,0.0,0.0,0.0,0.0,0.0,0.0,0.0,0.0,0.0,8.497702143481142,9.167050797336688e-06
1406,1694,1907-01-01,0.0,0.0,justice_frequency,1900,0.0,0.0,0.0,51.51,0.0853642098721401,0.0210172706312995,0.021001702991669,0.0445063718868661,0.3786929968913805,0.3126281180070188,0.0,0.0,0.0,0.0,0.0,0.0,0.0,0.0,0.0,8.497702143481142,7.036514394327865e-05
321,321,1907-01-01,0.0518,0.09095,Liberty,1900,0.0,0.0,0.0,51.51,0.0853642098721401,0.0210172706312995,0.021001702991669,0.0445063718868661,0.3786929968913805,0.3126281180070188,0.0,0.0,0.0,0.0,0.0,0.0,0.0,0.0,0.0,8.497702143481142,0.5873560166309064
53,53,1908-01-01,0.0509,0.09735,Economy,1900,0.0,0.0,0.0,52.04,0.0936139416562761,0.0254765492829345,0.0123140401739086,0.0266314636022592,0.371052774810292,0.294268523991107,0.0,0.0,0.0,0.0,0.0,0.0,0.0,0.0,0.0,8.51115640196263,0.6414906623198605
1109,1293,1908-01-01,0.0,0.0,democracy_frequency,1900,0.0,0.0,0.0,52.04,0.0936139416562761,0.0254765492829345,0.0123140401739086,0.0266314636022592,0.371052774810292,0.294268523991107,0.0,0.0,0.0,0.0,0.0,0.0,0.0,0.0,0.0,8.51115640196263,7.179962347044447e-06
662,692,1908-01-01,0.0,0.0,Life_expectancy,1900,0.0,0.0,0.0,52.04,0.0936139416562761,0.0254765492829345,0.0123140401739086,0.0266314636022592,0.371052774810292,0.294268523991107,0.0,0.0,0.0,0.0,0.0,0.0,0.0,0.0,0.0,8.51115640196263,3.971046345877607
208,208,1908-01-01,0.05355,0.09365,Freedom,1900,0.0,0.0,0.0,52.04,0.0936139416562761,0.0254765492829345,0.0123140401739086,0.0266314636022592,0.371052774810292,0.294268523991107,0.0,0.0,0.0,0.0,0.0,0.0,0.0,0.0,0.0,8.51115640196263,0.6340763509828935
322,322,1908-01-01,0.0538,0.0832,Liberty,1900,0.0,0.0,0.0,52.04,0.0936139416562761,0.0254765492829345,0.0123140401739086,0.0266314636022592,0.371052774810292,0.294268523991107,0.0,0.0,0.0,0.0,0.0,0.0,0.0,0.0,0.0,8.51115640196263,0.583588978040419
1407,1695,1908-01-01,0.0,0.0,justice_frequency,1900,0.0,0.0,0.0,52.04,0.0936139416562761,0.0254765492829345,0.0123140401739086,0.0266314636022592,0.371052774810292,0.294268523991107,0.0,0.0,0.0,0.0,0.0,0.0,0.0,0.0,0.0,8.51115640196263,6.969445468164918e-05
513,543,1908-01-01,0.0,0.0,gdp_percap,1900,0.0,0.0,0.0,52.04,0.0936139416562761,0.0254765492829345,0.0123140401739086,0.0266314636022592,0.371052774810292,0.294268523991107,0.0,0.0,0.0,0.0,0.0,0.0,0.0,0.0,0.0,8.51115640196263,8.51115640196263
960,1092,1908-01-01,0.0,0.0,equality_frequency,1900,0.0,0.0,0.0,52.04,0.0936139416562761,0.0254765492829345,0.0123140401739086,0.0266314636022592,0.371052774810292,0.294268523991107,0.0,0.0,0.0,0.0,0.0,0.0,0.0,0.0,0.0,8.51115640196263,9.085771816617432e-06
399,399,1908-01-01,0.06165,0.10595,Democracy,1900,0.0,0.0,0.0,52.04,0.0936139416562761,0.0254765492829345,0.0123140401739086,0.0266314636022592,0.371052774810292,0.294268523991107,0.0,0.0,0.0,0.0,0.0,0.0,0.0,0.0,0.0,8.51115640196263,0.6576417571624763
1258,1494,1908-01-01,0.0,0.0,freedom_frequency,1900,0.0,0.0,0.0,52.04,0.0936139416562761,0.0254765492829345,0.0123140401739086,0.0266314636022592,0.371052774810292,0.294268523991107,0.0,0.0,0.0,0.0,0.0,0.0,0.0,0.0,0.0,8.51115640196263,3.399796434914941e-05
1556,1896,1908-01-01,0.0,0.0,liberty_frequency,1900,0.0,0.0,0.0,52.04,0.0936139416562761,0.0254765492829345,0.0123140401739086,0.0266314636022592,0.371052774810292,0.294268523991107,0.0,0.0,0.0,0.0,0.0,0.0,0.0,0.0,0.0,8.51115640196263,3.693134036955112e-05
811,891,1908-01-01,0.0,0.0,economy_frequency,1900,0.0,0.0,0.0,52.04,0.0936139416562761,0.0254765492829345,0.0123140401739086,0.0266314636022592,0.371052774810292,0.294268523991107,0.0,0.0,0.0,0.0,0.0,0.0,0.0,0.0,0.0,8.51115640196263,2.5703968203185974e-05
961,1093,1909-01-01,0.0,0.0,equality_frequency,1900,1.0,3.0,0.0,52.57,0.1090257355028158,0.0281673387791236,0.0210725845968159,0.0156488740698865,0.3695326441522956,0.2874342492896675,0.0,0.0,0.0,0.0,0.0,0.0,0.0,0.0,0.0,8.524432043867822,9.16771394282275e-06
1557,1897,1909-01-01,0.0,0.0,liberty_frequency,1900,1.0,3.0,0.0,52.57,0.1090257355028158,0.0281673387791236,0.0210725845968159,0.0156488740698865,0.3695326441522956,0.2874342492896675,1.0,3.0,0.0,0.0,0.0,0.0,0.0,0.0,0.0,8.524432043867822,3.6345389473501374e-05
54,54,1909-01-01,0.06225,0.10625,Economy,1900,1.0,3.0,0.0,52.57,0.1090257355028158,0.0281673387791236,0.0210725845968159,0.0156488740698865,0.3695326441522956,0.2874342492896675,1.0,3.0,0.0,0.0,0.0,0.0,0.0,0.0,0.0,8.524432043867822,0.6407480117607369
209,209,1909-01-01,0.06195,0.0988,Freedom,1900,1.0,3.0,0.0,52.57,0.1090257355028158,0.0281673387791236,0.0210725845968159,0.0156488740698865,0.3695326441522956,0.2874342492896675,1.0,3.0,0.0,0.0,0.0,0.0,0.0,0.0,0.0,8.524432043867822,0.636256672006641
323,323,1909-01-01,0.06195,0.0966,Liberty,1900,1.0,3.0,0.0,52.57,0.1090257355028158,0.0281673387791236,0.0210725845968159,0.0156488740698865,0.3695326441522956,0.2874342492896675,1.0,3.0,0.0,0.0,0.0,0.0,0.0,0.0,0.0,8.524432043867822,0.5299721535243029
1259,1495,1909-01-01,0.0,0.0,freedom_frequency,1900,1.0,3.0,0.0,52.57,0.1090257355028158,0.0281673387791236,0.0210725845968159,0.0156488740698865,0.3695326441522956,0.2874342492896675,1.0,3.0,0.0,1.0,3.0,0.0,0.0,0.0,0.0,8.524432043867822,3.362151071482515e-05
1110,1294,1909-01-01,0.0,0.0,democracy_frequency,1900,1.0,3.0,0.0,52.57,0.1090257355028158,0.0281673387791236,0.0210725845968159,0.0156488740698865,0.3695326441522956,0.2874342492896675,1.0,3.0,0.0,1.0,3.0,0.0,0.0,0.0,0.0,8.524432043867822,7.718388294596812e-06
400,400,1909-01-01,0.06215,0.107,Democracy,1900,1.0,3.0,0.0,52.57,0.1090257355028158,0.0281673387791236,0.0210725845968159,0.0156488740698865,0.3695326441522956,0.2874342492896675,1.0,3.0,0.0,1.0,3.0,0.0,0.0,0.0,0.0,8.524432043867822,0.5871781464589874
663,693,1909-01-01,0.0,0.0,Life_expectancy,1900,1.0,3.0,0.0,52.57,0.1090257355028158,0.0281673387791236,0.0210725845968159,0.0156488740698865,0.3695326441522956,0.2874342492896675,1.0,3.0,0.0,1.0,3.0,0.0,0.0,0.0,0.0,8.524432043867822,3.980989209892869
812,892,1909-01-01,0.0,0.0,economy_frequency,1900,1.0,3.0,0.0,52.57,0.1090257355028158,0.0281673387791236,0.0210725845968159,0.0156488740698865,0.3695326441522956,0.2874342492896675,1.0,3.0,0.0,1.0,3.0,0.0,0.0,0.0,0.0,8.524432043867822,2.590080740120453e-05
514,544,1909-01-01,0.0,0.0,gdp_percap,1900,1.0,3.0,0.0,52.57,0.1090257355028158,0.0281673387791236,0.0210725845968159,0.0156488740698865,0.3695326441522956,0.2874342492896675,1.0,3.0,0.0,1.0,3.0,0.0,1.0,3.0,0.0,8.524432043867822,8.524432043867822
1408,1696,1909-01-01,0.0,0.0,justice_frequency,1900,1.0,3.0,0.0,52.57,0.1090257355028158,0.0281673387791236,0.0210725845968159,0.0156488740698865,0.3695326441522956,0.2874342492896675,1.0,3.0,0.0,1.0,3.0,0.0,1.0,3.0,0.0,8.524432043867822,6.95610114770287e-05
813,893,1910-01-01,0.0,0.0,economy_frequency,1910,1.0,3.0,0.0,53.1,0.1199425588641763,0.0324080618712291,0.0252834852211209,0.0093821166892399,0.3510085359072715,0.2762039292312197,1.0,3.0,0.0,1.0,3.0,0.0,1.0,3.0,0.0,8.537533749696992,2.6211028740339027e-05
324,324,1910-01-01,0.05685,0.10485,Liberty,1910,1.0,3.0,0.0,53.1,0.1199425588641763,0.0324080618712291,0.0252834852211209,0.0093821166892399,0.3510085359072715,0.2762039292312197,1.0,3.0,0.0,1.0,3.0,0.0,1.0,3.0,0.0,8.537533749696992,0.6927621064284175
1111,1295,1910-01-01,0.0,0.0,democracy_frequency,1910,1.0,3.0,0.0,53.1,0.1199425588641763,0.0324080618712291,0.0252834852211209,0.0093821166892399,0.3510085359072715,0.2762039292312197,1.0,3.0,0.0,1.0,3.0,0.0,1.0,3.0,0.0,8.537533749696992,8.09977791853279e-06
55,55,1910-01-01,0.05845,0.09605,Economy,1910,1.0,3.0,0.0,53.1,0.1199425588641763,0.0324080618712291,0.0252834852211209,0.0093821166892399,0.3510085359072715,0.2762039292312197,1.0,3.0,0.0,1.0,3.0,0.0,1.0,3.0,0.0,8.537533749696992,0.6408876300235593
401,401,1910-01-01,0.05085,0.10665,Democracy,1910,1.0,3.0,0.0,53.1,0.1199425588641763,0.0324080618712291,0.0252834852211209,0.0093821166892399,0.3510085359072715,0.2762039292312197,1.0,3.0,0.0,1.0,3.0,0.0,1.0,3.0,0.0,8.537533749696992,0.6907568259373075
1558,1898,1910-01-01,0.0,0.0,liberty_frequency,1910,1.0,3.0,0.0,53.1,0.1199425588641763,0.0324080618712291,0.0252834852211209,0.0093821166892399,0.3510085359072715,0.2762039292312197,1.0,3.0,0.0,1.0,3.0,0.0,1.0,3.0,0.0,8.537533749696992,3.538253364979779e-05
1409,1697,1910-01-01,0.0,0.0,justice_frequency,1910,1.0,3.0,0.0,53.1,0.1199425588641763,0.0324080618712291,0.0252834852211209,0.0093821166892399,0.3510085359072715,0.2762039292312197,1.0,3.0,0.0,1.0,3.0,0.0,1.0,3.0,0.0,8.537533749696992,6.793488905873516e-05
515,545,1910-01-01,0.0,0.0,gdp_percap,1910,1.0,3.0,0.0,53.1,0.1199425588641763,0.0324080618712291,0.0252834852211209,0.0093821166892399,0.3510085359072715,0.2762039292312197,1.0,3.0,0.0,1.0,3.0,0.0,1.0,3.0,0.0,8.537533749696992,8.537533749696992
1260,1496,1910-01-01,0.0,0.0,freedom_frequency,1910,1.0,3.0,0.0,53.1,0.1199425588641763,0.0324080618712291,0.0252834852211209,0.0093821166892399,0.3510085359072715,0.2762039292312197,1.0,3.0,0.0,1.0,3.0,0.0,1.0,3.0,0.0,8.537533749696992,3.3406703061142546e-05
962,1094,1910-01-01,0.0,0.0,equality_frequency,1910,1.0,3.0,0.0,53.1,0.1199425588641763,0.0324080618712291,0.0252834852211209,0.0093821166892399,0.3510085359072715,0.2762039292312197,1.0,3.0,0.0,1.0,3.0,0.0,1.0,3.0,0.0,8.537533749696992,9.207109773088633e-06
210,210,1910-01-01,0.06275,0.1067,Freedom,1910,1.0,3.0,0.0,53.1,0.1199425588641763,0.0324080618712291,0.0252834852211209,0.0093821166892399,0.3510085359072715,0.2762039292312197,1.0,3.0,0.0,1.0,3.0,0.0,1.0,3.0,0.0,8.537533749696992,0.5853782113493362
664,694,1910-01-01,0.0,0.0,Life_expectancy,1910,1.0,3.0,0.0,53.1,0.1199425588641763,0.0324080618712291,0.0252834852211209,0.0093821166892399,0.3510085359072715,0.2762039292312197,1.0,3.0,0.0,1.0,3.0,0.0,1.0,3.0,0.0,8.537533749696992,3.990834185852436
1410,1698,1911-01-01,0.0,0.0,justice_frequency,1910,3.0,3.3333333333333335,0.0,53.2,0.1309291915632875,0.0377954308382861,0.0322427562027005,0.0,0.3374212500252437,0.2679523148807806,1.0,3.0,0.0,1.0,3.0,0.0,1.0,3.0,0.0,8.550466018354154,6.67421395333486e-05
1261,1497,1911-01-01,0.0,0.0,freedom_frequency,1910,3.0,3.3333333333333335,0.0,53.2,0.1309291915632875,0.0377954308382861,0.0322427562027005,0.0,0.3374212500252437,0.2679523148807806,3.0,3.3333333333333335,0.0,1.0,3.0,0.0,1.0,3.0,0.0,8.550466018354154,3.308510915049673e-05
56,56,1911-01-01,0.0439,0.10775,Economy,1910,3.0,3.3333333333333335,0.0,53.2,0.1309291915632875,0.0377954308382861,0.0322427562027005,0.0,0.3374212500252437,0.2679523148807806,3.0,3.3333333333333335,0.0,1.0,3.0,0.0,1.0,3.0,0.0,8.550466018354154,0.6415301495648273
963,1095,1911-01-01,0.0,0.0,equality_frequency,1910,3.0,3.3333333333333335,0.0,53.2,0.1309291915632875,0.0377954308382861,0.0322427562027005,0.0,0.3374212500252437,0.2679523148807806,3.0,3.3333333333333335,0.0,1.0,3.0,0.0,1.0,3.0,0.0,8.550466018354154,9.272218467997338e-06
665,695,1911-01-01,0.0,0.0,Life_expectancy,1910,3.0,3.3333333333333335,0.0,53.2,0.1309291915632875,0.0377954308382861,0.0322427562027005,0.0,0.3374212500252437,0.2679523148807806,3.0,3.3333333333333335,0.0,1.0,3.0,0.0,1.0,3.0,0.0,8.550466018354154,3.992680908445601
402,402,1911-01-01,0.0547,0.09835,Democracy,1910,3.0,3.3333333333333335,0.0,53.2,0.1309291915632875,0.0377954308382861,0.0322427562027005,0.0,0.3374212500252437,0.2679523148807806,3.0,3.3333333333333335,0.0,3.0,3.3333333333333335,0.0,1.0,3.0,0.0,8.550466018354154,0.6411299399760458
325,325,1911-01-01,0.065,0.099,Liberty,1910,3.0,3.3333333333333335,0.0,53.2,0.1309291915632875,0.0377954308382861,0.0322427562027005,0.0,0.3374212500252437,0.2679523148807806,3.0,3.3333333333333335,0.0,3.0,3.3333333333333335,0.0,1.0,3.0,0.0,8.550466018354154,0.4815461325135
1559,1899,1911-01-01,0.0,0.0,liberty_frequency,1910,3.0,3.3333333333333335,0.0,53.2,0.1309291915632875,0.0377954308382861,0.0322427562027005,0.0,0.3374212500252437,0.2679523148807806,3.0,3.3333333333333335,0.0,3.0,3.3333333333333335,0.0,1.0,3.0,0.0,8.550466018354154,3.4675063023279855e-05
814,894,1911-01-01,0.0,0.0,economy_frequency,1910,3.0,3.3333333333333335,0.0,53.2,0.1309291915632875,0.0377954308382861,0.0322427562027005,0.0,0.3374212500252437,0.2679523148807806,3.0,3.3333333333333335,0.0,3.0,3.3333333333333335,0.0,1.0,3.0,0.0,8.550466018354154,2.660513045141845e-05
211,211,1911-01-01,0.05035,0.11425,Freedom,1910,3.0,3.3333333333333335,0.0,53.2,0.1309291915632875,0.0377954308382861,0.0322427562027005,0.0,0.3374212500252437,0.2679523148807806,3.0,3.3333333333333335,0.0,3.0,3.3333333333333335,0.0,1.0,3.0,0.0,8.550466018354154,0.6927370964869646
516,546,1911-01-01,0.0,0.0,gdp_percap,1910,3.0,3.3333333333333335,0.0,53.2,0.1309291915632875,0.0377954308382861,0.0322427562027005,0.0,0.3374212500252437,0.2679523148807806,3.0,3.3333333333333335,0.0,3.0,3.3333333333333335,0.0,3.0,3.3333333333333335,0.0,8.550466018354154,8.550466018354154
1112,1296,1911-01-01,0.0,0.0,democracy_frequency,1910,3.0,3.3333333333333335,0.0,53.2,0.1309291915632875,0.0377954308382861,0.0322427562027005,0.0,0.3374212500252437,0.2679523148807806,3.0,3.3333333333333335,0.0,3.0,3.3333333333333335,0.0,3.0,3.3333333333333335,0.0,8.550466018354154,8.483606251330084e-06
326,326,1912-01-01,0.05055,0.09975,Liberty,1910,0.0,0.0,0.0,53.3,0.1510977399818225,0.0432583571988346,0.0083150066671848,0.000157390998508,0.3311664684263182,0.2589280398464303,3.0,3.3333333333333335,0.0,3.0,3.3333333333333335,0.0,3.0,3.3333333333333335,0.0,8.563233176421457,0.590604912132323
517,547,1912-01-01,0.0,0.0,gdp_percap,1910,0.0,0.0,0.0,53.3,0.1510977399818225,0.0432583571988346,0.0083150066671848,0.000157390998508,0.3311664684263182,0.2589280398464303,0.0,0.0,0.0,3.0,3.3333333333333335,0.0,3.0,3.3333333333333335,0.0,8.563233176421457,8.563233176421457
1560,1900,1912-01-01,0.0,0.0,liberty_frequency,1910,0.0,0.0,0.0,53.3,0.1510977399818225,0.0432583571988346,0.0083150066671848,0.000157390998508,0.3311664684263182,0.2589280398464303,0.0,0.0,0.0,3.0,3.3333333333333335,0.0,3.0,3.3333333333333335,0.0,8.563233176421457,3.3901346030514897e-05
57,57,1912-01-01,0.04955,0.0983,Economy,1910,0.0,0.0,0.0,53.3,0.1510977399818225,0.0432583571988346,0.0083150066671848,0.000157390998508,0.3311664684263182,0.2589280398464303,0.0,0.0,0.0,3.0,3.3333333333333335,0.0,3.0,3.3333333333333335,0.0,8.563233176421457,0.5404533556706662
815,895,1912-01-01,0.0,0.0,economy_frequency,1910,0.0,0.0,0.0,53.3,0.1510977399818225,0.0432583571988346,0.0083150066671848,0.000157390998508,0.3311664684263182,0.2589280398464303,0.0,0.0,0.0,3.0,3.3333333333333335,0.0,3.0,3.3333333333333335,0.0,8.563233176421457,2.7004759247019348e-05
666,696,1912-01-01,0.0,0.0,Life_expectancy,1910,0.0,0.0,0.0,53.3,0.1510977399818225,0.0432583571988346,0.0083150066671848,0.000157390998508,0.3311664684263182,0.2589280398464303,0.0,0.0,0.0,0.0,0.0,0.0,3.0,3.3333333333333335,0.0,8.563233176421457,3.9945242269398897
1262,1498,1912-01-01,0.0,0.0,freedom_frequency,1910,0.0,0.0,0.0,53.3,0.1510977399818225,0.0432583571988346,0.0083150066671848,0.000157390998508,0.3311664684263182,0.2589280398464303,0.0,0.0,0.0,0.0,0.0,0.0,3.0,3.3333333333333335,0.0,8.563233176421457,3.309050409455782e-05
1411,1699,1912-01-01,0.0,0.0,justice_frequency,1910,0.0,0.0,0.0,53.3,0.1510977399818225,0.0432583571988346,0.0083150066671848,0.000157390998508,0.3311664684263182,0.2589280398464303,0.0,0.0,0.0,0.0,0.0,0.0,3.0,3.3333333333333335,0.0,8.563233176421457,6.619306782427997e-05
403,403,1912-01-01,0.05505,0.10825,Democracy,1910,0.0,0.0,0.0,53.3,0.1510977399818225,0.0432583571988346,0.0083150066671848,0.000157390998508,0.3311664684263182,0.2589280398464303,0.0,0.0,0.0,0.0,0.0,0.0,3.0,3.3333333333333335,0.0,8.563233176421457,0.6415117223778817
212,212,1912-01-01,0.0528,0.1194,Freedom,1910,0.0,0.0,0.0,53.3,0.1510977399818225,0.0432583571988346,0.0083150066671848,0.000157390998508,0.3311664684263182,0.2589280398464303,0.0,0.0,0.0,0.0,0.0,0.0,3.0,3.3333333333333335,0.0,8.563233176421457,0.6417275624044099
1113,1297,1912-01-01,0.0,0.0,democracy_frequency,1910,0.0,0.0,0.0,53.3,0.1510977399818225,0.0432583571988346,0.0083150066671848,0.000157390998508,0.3311664684263182,0.2589280398464303,0.0,0.0,0.0,0.0,0.0,0.0,0.0,0.0,0.0,8.563233176421457,9.188213050656804e-06
964,1096,1912-01-01,0.0,0.0,equality_frequency,1910,0.0,0.0,0.0,53.3,0.1510977399818225,0.0432583571988346,0.0083150066671848,0.000157390998508,0.3311664684263182,0.2589280398464303,0.0,0.0,0.0,0.0,0.0,0.0,0.0,0.0,0.0,8.563233176421457,9.048358142376536e-06
816,896,1913-01-01,0.0,0.0,economy_frequency,1910,1.0,4.0,2.0,53.4,0.1818486714431108,0.0495956407785057,0.0029486136693103,0.0056934271996807,0.3149062171701665,0.2533129434625618,0.0,0.0,0.0,0.0,0.0,0.0,0.0,0.0,0.0,8.57583938684897,2.7468349591113553e-05
518,548,1913-01-01,0.0,0.0,gdp_percap,1910,1.0,4.0,2.0,53.4,0.1818486714431108,0.0495956407785057,0.0029486136693103,0.0056934271996807,0.3149062171701665,0.2533129434625618,1.0,4.0,2.0,0.0,0.0,0.0,0.0,0.0,0.0,8.57583938684897,8.57583938684897
1412,1700,1913-01-01,0.0,0.0,justice_frequency,1910,1.0,4.0,2.0,53.4,0.1818486714431108,0.0495956407785057,0.0029486136693103,0.0056934271996807,0.3149062171701665,0.2533129434625618,1.0,4.0,2.0,0.0,0.0,0.0,0.0,0.0,0.0,8.57583938684897,6.476567141900258e-05
327,327,1913-01-01,0.05975,0.07805,Liberty,1910,1.0,4.0,2.0,53.4,0.1818486714431108,0.0495956407785057,0.0029486136693103,0.0056934271996807,0.3149062171701665,0.2533129434625618,1.0,4.0,2.0,0.0,0.0,0.0,0.0,0.0,0.0,8.57583938684897,0.2633176559991647
213,213,1913-01-01,0.06035,0.1125,Freedom,1910,1.0,4.0,2.0,53.4,0.1818486714431108,0.0495956407785057,0.0029486136693103,0.0056934271996807,0.3149062171701665,0.2533129434625618,1.0,4.0,2.0,0.0,0.0,0.0,0.0,0.0,0.0,8.57583938684897,0.5308311716488661
1561,1901,1913-01-01,0.0,0.0,liberty_frequency,1910,1.0,4.0,2.0,53.4,0.1818486714431108,0.0495956407785057,0.0029486136693103,0.0056934271996807,0.3149062171701665,0.2533129434625618,1.0,4.0,2.0,1.0,4.0,2.0,0.0,0.0,0.0,8.57583938684897,3.3419922514703137e-05
58,58,1913-01-01,0.04835,0.0908,Economy,1910,1.0,4.0,2.0,53.4,0.1818486714431108,0.0495956407785057,0.0029486136693103,0.0056934271996807,0.3149062171701665,0.2533129434625618,1.0,4.0,2.0,1.0,4.0,2.0,0.0,0.0,0.0,8.57583938684897,0.640207795265726
965,1097,1913-01-01,0.0,0.0,equality_frequency,1910,1.0,4.0,2.0,53.4,0.1818486714431108,0.0495956407785057,0.0029486136693103,0.0056934271996807,0.3149062171701665,0.2533129434625618,1.0,4.0,2.0,1.0,4.0,2.0,0.0,0.0,0.0,8.57583938684897,8.998151889308252e-06
404,404,1913-01-01,0.0584,0.11175,Democracy,1910,1.0,4.0,2.0,53.4,0.1818486714431108,0.0495956407785057,0.0029486136693103,0.0056934271996807,0.3149062171701665,0.2533129434625618,1.0,4.0,2.0,1.0,4.0,2.0,0.0,0.0,0.0,8.57583938684897,0.5952173223926472
1263,1499,1913-01-01,0.0,0.0,freedom_frequency,1910,1.0,4.0,2.0,53.4,0.1818486714431108,0.0495956407785057,0.0029486136693103,0.0056934271996807,0.3149062171701665,0.2533129434625618,1.0,4.0,2.0,1.0,4.0,2.0,0.0,0.0,0.0,8.57583938684897,3.3280264646268285e-05
667,697,1913-01-01,0.0,0.0,Life_expectancy,1910,1.0,4.0,2.0,53.4,0.1818486714431108,0.0495956407785057,0.0029486136693103,0.0056934271996807,0.3149062171701665,0.2533129434625618,1.0,4.0,2.0,1.0,4.0,2.0,1.0,4.0,2.0,8.57583938684897,3.996364153861897
1114,1298,1913-01-01,0.0,0.0,democracy_frequency,1910,1.0,4.0,2.0,53.4,0.1818486714431108,0.0495956407785057,0.0029486136693103,0.0056934271996807,0.3149062171701665,0.2533129434625618,1.0,4.0,2.0,1.0,4.0,2.0,1.0,4.0,2.0,8.57583938684897,1.026252418457864e-05
966,1098,1914-01-01,0.0,0.0,equality_frequency,1910,2.0,4.0,0.0,53.5,0.2482603499365156,0.0607528900152432,0.0,0.035584329357122,0.3021807305601611,0.2553134624783182,1.0,4.0,2.0,1.0,4.0,2.0,1.0,4.0,2.0,8.59732238183652,8.970565603715904e-06
519,549,1914-01-01,0.0,0.0,gdp_percap,1910,2.0,4.0,0.0,53.5,0.2482603499365156,0.0607528900152432,0.0,0.035584329357122,0.3021807305601611,0.2553134624783182,2.0,4.0,0.0,1.0,4.0,2.0,1.0,4.0,2.0,8.59732238183652,8.59732238183652
1413,1701,1914-01-01,0.0,0.0,justice_frequency,1910,2.0,4.0,0.0,53.5,0.2482603499365156,0.0607528900152432,0.0,0.035584329357122,0.3021807305601611,0.2553134624783182,2.0,4.0,0.0,1.0,4.0,2.0,1.0,4.0,2.0,8.59732238183652,6.364857078716631e-05
1115,1299,1914-01-01,0.0,0.0,democracy_frequency,1910,2.0,4.0,0.0,53.5,0.2482603499365156,0.0607528900152432,0.0,0.035584329357122,0.3021807305601611,0.2553134624783182,2.0,4.0,0.0,1.0,4.0,2.0,1.0,4.0,2.0,8.59732238183652,1.2582671287307314e-05
668,698,1914-01-01,0.0,0.0,Life_expectancy,1910,2.0,4.0,0.0,53.5,0.2482603499365156,0.0607528900152432,0.0,0.035584329357122,0.3021807305601611,0.2553134624783182,2.0,4.0,0.0,1.0,4.0,2.0,1.0,4.0,2.0,8.59732238183652,3.998200701669198
59,59,1914-01-01,0.05285,0.10375,Economy,1910,2.0,4.0,0.0,53.5,0.2482603499365156,0.0607528900152432,0.0,0.035584329357122,0.3021807305601611,0.2553134624783182,2.0,4.0,0.0,2.0,4.0,0.0,1.0,4.0,2.0,8.59732238183652,0.6826396695107172
1562,1902,1914-01-01,0.0,0.0,liberty_frequency,1910,2.0,4.0,0.0,53.5,0.2482603499365156,0.0607528900152432,0.0,0.035584329357122,0.3021807305601611,0.2553134624783182,2.0,4.0,0.0,2.0,4.0,0.0,1.0,4.0,2.0,8.59732238183652,3.359144175166842e-05
214,214,1914-01-01,0.0696,0.10505,Freedom,1910,2.0,4.0,0.0,53.5,0.2482603499365156,0.0607528900152432,0.0,0.035584329357122,0.3021807305601611,0.2553134624783182,2.0,4.0,0.0,2.0,4.0,0.0,1.0,4.0,2.0,8.59732238183652,0.4672811767326266
817,897,1914-01-01,0.0,0.0,economy_frequency,1910,2.0,4.0,0.0,53.5,0.2482603499365156,0.0607528900152432,0.0,0.035584329357122,0.3021807305601611,0.2553134624783182,2.0,4.0,0.0,2.0,4.0,0.0,1.0,4.0,2.0,8.59732238183652,2.828453362927922e-05
328,328,1914-01-01,0.04925,0.08915,Liberty,1910,2.0,4.0,0.0,53.5,0.2482603499365156,0.0607528900152432,0.0,0.035584329357122,0.3021807305601611,0.2553134624783182,2.0,4.0,0.0,2.0,4.0,0.0,1.0,4.0,2.0,8.59732238183652,0.64040283390508
405,405,1914-01-01,0.0551,0.11625,Democracy,1910,2.0,4.0,0.0,53.5,0.2482603499365156,0.0607528900152432,0.0,0.035584329357122,0.3021807305601611,0.2553134624783182,2.0,4.0,0.0,2.0,4.0,0.0,2.0,4.0,0.0,8.59732238183652,0.6352929364509623
1264,1500,1914-01-01,0.0,0.0,freedom_frequency,1910,2.0,4.0,0.0,53.5,0.2482603499365156,0.0607528900152432,0.0,0.035584329357122,0.3021807305601611,0.2553134624783182,2.0,4.0,0.0,2.0,4.0,0.0,2.0,4.0,0.0,8.59732238183652,3.430484440594914e-05
406,406,1915-01-01,0.05745,0.1206,Democracy,1910,2.0,2.0,0.0,53.6,0.3513512587784222,0.0723972288641264,0.0257100108361085,0.0867593431441849,0.3005359854418409,0.2695226640271868,2.0,4.0,0.0,2.0,4.0,0.0,2.0,4.0,0.0,8.618353547388471,0.6412510729380528
215,215,1915-01-01,0.06125,0.11365,Freedom,1910,2.0,2.0,0.0,53.6,0.3513512587784222,0.0723972288641264,0.0257100108361085,0.0867593431441849,0.3005359854418409,0.2695226640271868,2.0,2.0,0.0,2.0,4.0,0.0,2.0,4.0,0.0,8.618353547388471,0.5281958834884813
329,329,1915-01-01,0.059,0.09305,Liberty,1910,2.0,2.0,0.0,53.6,0.3513512587784222,0.0723972288641264,0.0257100108361085,0.0867593431441849,0.3005359854418409,0.2695226640271868,2.0,2.0,0.0,2.0,4.0,0.0,2.0,4.0,0.0,8.618353547388471,0.5158818196366832
1414,1702,1915-01-01,0.0,0.0,justice_frequency,1910,2.0,2.0,0.0,53.6,0.3513512587784222,0.0723972288641264,0.0257100108361085,0.0867593431441849,0.3005359854418409,0.2695226640271868,2.0,2.0,0.0,2.0,4.0,0.0,2.0,4.0,0.0,8.618353547388471,6.350418754854563e-05
520,550,1915-01-01,0.0,0.0,gdp_percap,1910,2.0,2.0,0.0,53.6,0.3513512587784222,0.0723972288641264,0.0257100108361085,0.0867593431441849,0.3005359854418409,0.2695226640271868,2.0,2.0,0.0,2.0,4.0,0.0,2.0,4.0,0.0,8.618353547388471,8.618353547388471
1116,1300,1915-01-01,0.0,0.0,democracy_frequency,1910,2.0,2.0,0.0,53.6,0.3513512587784222,0.0723972288641264,0.0257100108361085,0.0867593431441849,0.3005359854418409,0.2695226640271868,2.0,2.0,0.0,2.0,2.0,0.0,2.0,4.0,0.0,8.618353547388471,1.6184227078394716e-05
669,699,1915-01-01,0.0,0.0,Life_expectancy,1910,2.0,2.0,0.0,53.6,0.3513512587784222,0.0723972288641264,0.0257100108361085,0.0867593431441849,0.3005359854418409,0.2695226640271868,2.0,2.0,0.0,2.0,2.0,0.0,2.0,4.0,0.0,8.618353547388471,4.000033882750859
60,60,1915-01-01,0.05025,0.09395,Economy,1910,2.0,2.0,0.0,53.6,0.3513512587784222,0.0723972288641264,0.0257100108361085,0.0867593431441849,0.3005359854418409,0.2695226640271868,2.0,2.0,0.0,2.0,2.0,0.0,2.0,4.0,0.0,8.618353547388471,0.6410509323122614
818,898,1915-01-01,0.0,0.0,economy_frequency,1910,2.0,2.0,0.0,53.6,0.3513512587784222,0.0723972288641264,0.0257100108361085,0.0867593431441849,0.3005359854418409,0.2695226640271868,2.0,2.0,0.0,2.0,2.0,0.0,2.0,4.0,0.0,8.618353547388471,2.9136348926717543e-05
1563,1903,1915-01-01,0.0,0.0,liberty_frequency,1910,2.0,2.0,0.0,53.6,0.3513512587784222,0.0723972288641264,0.0257100108361085,0.0867593431441849,0.3005359854418409,0.2695226640271868,2.0,2.0,0.0,2.0,2.0,0.0,2.0,4.0,0.0,8.618353547388471,3.480970046093504e-05
967,1099,1915-01-01,0.0,0.0,equality_frequency,1910,2.0,2.0,0.0,53.6,0.3513512587784222,0.0723972288641264,0.0257100108361085,0.0867593431441849,0.3005359854418409,0.2695226640271868,2.0,2.0,0.0,2.0,2.0,0.0,2.0,2.0,0.0,8.618353547388471,9.211100209308046e-06
1265,1501,1915-01-01,0.0,0.0,freedom_frequency,1910,2.0,2.0,0.0,53.6,0.3513512587784222,0.0723972288641264,0.0257100108361085,0.0867593431441849,0.3005359854418409,0.2695226640271868,2.0,2.0,0.0,2.0,2.0,0.0,2.0,2.0,0.0,8.618353547388471,3.605898384956161e-05
1415,1703,1916-01-01,0.0,0.0,justice_frequency,1910,4.0,3.5,0.0,53.7,0.4350660766105952,0.0803510627177056,0.0450976158024053,0.1322602454171564,0.2935480564213333,0.2725286645007477,2.0,2.0,0.0,2.0,2.0,0.0,2.0,2.0,0.0,8.638951498384333,6.289075499033983e-05
61,61,1916-01-01,0.06115,0.1007,Economy,1910,4.0,3.5,0.0,53.7,0.4350660766105952,0.0803510627177056,0.0450976158024053,0.1322602454171564,0.2935480564213333,0.2725286645007477,4.0,3.5,0.0,2.0,2.0,0.0,2.0,2.0,0.0,8.638951498384333,0.5890331099888121
1564,1904,1916-01-01,0.0,0.0,liberty_frequency,1910,4.0,3.5,0.0,53.7,0.4350660766105952,0.0803510627177056,0.0450976158024053,0.1322602454171564,0.2935480564213333,0.2725286645007477,4.0,3.5,0.0,2.0,2.0,0.0,2.0,2.0,0.0,8.638951498384333,3.5067426663339135e-05
216,216,1916-01-01,0.0697,0.115,Freedom,1910,4.0,3.5,0.0,53.7,0.4350660766105952,0.0803510627177056,0.0450976158024053,0.1322602454171564,0.2935480564213333,0.2725286645007477,4.0,3.5,0.0,2.0,2.0,0.0,2.0,2.0,0.0,8.638951498384333,0.5805522260066852
407,407,1916-01-01,0.06275,0.10595,Democracy,1910,4.0,3.5,0.0,53.7,0.4350660766105952,0.0803510627177056,0.0450976158024053,0.1322602454171564,0.2935480564213333,0.2725286645007477,4.0,3.5,0.0,2.0,2.0,0.0,2.0,2.0,0.0,8.638951498384333,0.587506069983491
330,330,1916-01-01,0.05375,0.10175,Liberty,1910,4.0,3.5,0.0,53.7,0.4350660766105952,0.0803510627177056,0.0450976158024053,0.1322602454171564,0.2935480564213333,0.2725286645007477,4.0,3.5,0.0,4.0,3.5,0.0,2.0,2.0,0.0,8.638951498384333,0.5888610875033844
968,1100,1916-01-01,0.0,0.0,equality_frequency,1910,4.0,3.5,0.0,53.7,0.4350660766105952,0.0803510627177056,0.0450976158024053,0.1322602454171564,0.2935480564213333,0.2725286645007477,4.0,3.5,0.0,4.0,3.5,0.0,2.0,2.0,0.0,8.638951498384333,9.392484377517307e-06
819,899,1916-01-01,0.0,0.0,economy_frequency,1910,4.0,3.5,0.0,53.7,0.4350660766105952,0.0803510627177056,0.0450976158024053,0.1322602454171564,0.2935480564213333,0.2725286645007477,4.0,3.5,0.0,4.0,3.5,0.0,2.0,2.0,0.0,8.638951498384333,2.971819325304868e-05
670,700,1916-01-01,0.0,0.0,Life_expectancy,1910,4.0,3.5,0.0,53.7,0.4350660766105952,0.0803510627177056,0.0450976158024053,0.1322602454171564,0.2935480564213333,0.2725286645007477,4.0,3.5,0.0,4.0,3.5,0.0,2.0,2.0,0.0,8.638951498384333,4.001863709427935
1117,1301,1916-01-01,0.0,0.0,democracy_frequency,1910,4.0,3.5,0.0,53.7,0.4350660766105952,0.0803510627177056,0.0450976158024053,0.1322602454171564,0.2935480564213333,0.2725286645007477,4.0,3.5,0.0,4.0,3.5,0.0,2.0,2.0,0.0,8.638951498384333,1.91088555108915e-05
1266,1502,1916-01-01,0.0,0.0,freedom_frequency,1910,4.0,3.5,0.0,53.7,0.4350660766105952,0.0803510627177056,0.0450976158024053,0.1322602454171564,0.2935480564213333,0.2725286645007477,4.0,3.5,0.0,4.0,3.5,0.0,4.0,3.5,0.0,8.638951498384333,3.7618627692248355e-05
521,551,1916-01-01,0.0,0.0,gdp_percap,1910,4.0,3.5,0.0,53.7,0.4350660766105952,0.0803510627177056,0.0450976158024053,0.1322602454171564,0.2935480564213333,0.2725286645007477,4.0,3.5,0.0,4.0,3.5,0.0,4.0,3.5,0.0,8.638951498384333,8.638951498384333
522,552,1917-01-01,0.0,0.0,gdp_percap,1910,2.0,4.5,6.0,53.8,0.4848711508819913,0.0897671386918066,0.0693523872889429,0.1629498526898476,0.2879004876399779,0.2735620589932779,4.0,3.5,0.0,4.0,3.5,0.0,4.0,3.5,0.0,8.659133722514957,8.659133722514957
1118,1302,1917-01-01,0.0,0.0,democracy_frequency,1910,2.0,4.5,6.0,53.8,0.4848711508819913,0.0897671386918066,0.0693523872889429,0.1629498526898476,0.2879004876399779,0.2735620589932779,2.0,4.5,6.0,4.0,3.5,0.0,4.0,3.5,0.0,8.659133722514957,2.0848822225787785e-05
1416,1704,1917-01-01,0.0,0.0,justice_frequency,1910,2.0,4.5,6.0,53.8,0.4848711508819913,0.0897671386918066,0.0693523872889429,0.1629498526898476,0.2879004876399779,0.2735620589932779,2.0,4.5,6.0,4.0,3.5,0.0,4.0,3.5,0.0,8.659133722514957,6.239498514545657e-05
62,62,1917-01-01,0.0438,0.1115,Economy,1910,2.0,4.5,6.0,53.8,0.4848711508819913,0.0897671386918066,0.0693523872889429,0.1629498526898476,0.2879004876399779,0.2735620589932779,2.0,4.5,6.0,4.0,3.5,0.0,4.0,3.5,0.0,8.659133722514957,0.6864070166030452
217,217,1917-01-01,0.0663,0.1204,Freedom,1910,2.0,4.5,6.0,53.8,0.4848711508819913,0.0897671386918066,0.0693523872889429,0.1629498526898476,0.2879004876399779,0.2735620589932779,2.0,4.5,6.0,4.0,3.5,0.0,4.0,3.5,0.0,8.659133722514957,0.6924794576826344
671,701,1917-01-01,0.0,0.0,Life_expectancy,1910,2.0,4.5,6.0,53.8,0.4848711508819913,0.0897671386918066,0.0693523872889429,0.1629498526898476,0.2879004876399779,0.2735620589932779,2.0,4.5,6.0,2.0,4.5,6.0,4.0,3.5,0.0,8.659133722514957,4.00369019395397
820,900,1917-01-01,0.0,0.0,economy_frequency,1910,2.0,4.5,6.0,53.8,0.4848711508819913,0.0897671386918066,0.0693523872889429,0.1629498526898476,0.2879004876399779,0.2735620589932779,2.0,4.5,6.0,2.0,4.5,6.0,4.0,3.5,0.0,8.659133722514957,3.0407004083388852e-05
1267,1503,1917-01-01,0.0,0.0,freedom_frequency,1910,2.0,4.5,6.0,53.8,0.4848711508819913,0.0897671386918066,0.0693523872889429,0.1629498526898476,0.2879004876399779,0.2735620589932779,2.0,4.5,6.0,2.0,4.5,6.0,4.0,3.5,0.0,8.659133722514957,3.867058033767879e-05
969,1101,1917-01-01,0.0,0.0,equality_frequency,1910,2.0,4.5,6.0,53.8,0.4848711508819913,0.0897671386918066,0.0693523872889429,0.1629498526898476,0.2879004876399779,0.2735620589932779,2.0,4.5,6.0,2.0,4.5,6.0,4.0,3.5,0.0,8.659133722514957,9.619404136852554e-06
331,331,1917-01-01,0.0749,0.12155,Liberty,1910,2.0,4.5,6.0,53.8,0.4848711508819913,0.0897671386918066,0.0693523872889429,0.1629498526898476,0.2879004876399779,0.2735620589932779,2.0,4.5,6.0,2.0,4.5,6.0,4.0,3.5,0.0,8.659133722514957,0.6463830875215386
1565,1905,1917-01-01,0.0,0.0,liberty_frequency,1910,2.0,4.5,6.0,53.8,0.4848711508819913,0.0897671386918066,0.0693523872889429,0.1629498526898476,0.2879004876399779,0.2735620589932779,2.0,4.5,6.0,2.0,4.5,6.0,2.0,4.5,6.0,8.659133722514957,3.5156027045930084e-05
408,408,1917-01-01,0.06325,0.1295,Democracy,1910,2.0,4.5,6.0,53.8,0.4848711508819913,0.0897671386918066,0.0693523872889429,0.1629498526898476,0.2879004876399779,0.2735620589932779,2.0,4.5,6.0,2.0,4.5,6.0,2.0,4.5,6.0,8.659133722514957,0.5894158925452586
821,901,1918-01-01,0.0,0.0,economy_frequency,1910,2.0,4.0,0.0,53.9,0.5078209548618555,0.1034841321818825,0.0829725571348232,0.1730957425166341,0.2723041502608252,0.2685946480598888,2.0,4.5,6.0,2.0,4.5,6.0,2.0,4.5,6.0,8.678916669491263,3.141043754199187e-05
0,0,1918-01-01,0.0578,0.09935,Economy,1910,2.0,4.0,0.0,53.9,0.5078209548618555,0.1034841321818825,0.0829725571348232,0.1730957425166341,0.2723041502608252,0.2685946480598888,2.0,4.0,0.0,2.0,4.5,6.0,2.0,4.5,6.0,8.678916669491263,0.4083442926090069
409,409,1918-01-01,0.0709,0.1125,Democracy,1910,2.0,4.0,0.0,53.9,0.5078209548618555,0.1034841321818825,0.0829725571348232,0.1730957425166341,0.2723041502608252,0.2685946480598888,2.0,4.0,0.0,2.0,4.5,6.0,2.0,4.5,6.0,8.678916669491263,0.4711560899077635
672,702,1918-01-01,0.0,0.0,Life_expectancy,1910,2.0,4.0,0.0,53.9,0.5078209548618555,0.1034841321818825,0.0829725571348232,0.1730957425166341,0.2723041502608252,0.2685946480598888,2.0,4.0,0.0,2.0,4.5,6.0,2.0,4.5,6.0,8.678916669491263,4.005513348515485
1566,1906,1918-01-01,0.0,0.0,liberty_frequency,1910,2.0,4.0,0.0,53.9,0.5078209548618555,0.1034841321818825,0.0829725571348232,0.1730957425166341,0.2723041502608252,0.2685946480598888,2.0,4.0,0.0,2.0,4.5,6.0,2.0,4.5,6.0,8.678916669491263,3.473013491413575e-05
1119,1303,1918-01-01,0.0,0.0,democracy_frequency,1910,2.0,4.0,0.0,53.9,0.5078209548618555,0.1034841321818825,0.0829725571348232,0.1730957425166341,0.2723041502608252,0.2685946480598888,2.0,4.0,0.0,2.0,4.0,0.0,2.0,4.5,6.0,8.678916669491263,2.1650584794653072e-05
1417,1705,1918-01-01,0.0,0.0,justice_frequency,1910,2.0,4.0,0.0,53.9,0.5078209548618555,0.1034841321818825,0.0829725571348232,0.1730957425166341,0.2723041502608252,0.2685946480598888,2.0,4.0,0.0,2.0,4.0,0.0,2.0,4.5,6.0,8.678916669491263,6.102586486159476e-05
218,218,1918-01-01,0.06885,0.10615,Freedom,1910,2.0,4.0,0.0,53.9,0.5078209548618555,0.1034841321818825,0.0829725571348232,0.1730957425166341,0.2723041502608252,0.2685946480598888,2.0,4.0,0.0,2.0,4.0,0.0,2.0,4.5,6.0,8.678916669491263,0.4695879178497254
523,553,1918-01-01,0.0,0.0,gdp_percap,1910,2.0,4.0,0.0,53.9,0.5078209548618555,0.1034841321818825,0.0829725571348232,0.1730957425166341,0.2723041502608252,0.2685946480598888,2.0,4.0,0.0,2.0,4.0,0.0,2.0,4.5,6.0,8.678916669491263,8.678916669491263
1268,1504,1918-01-01,0.0,0.0,freedom_frequency,1910,2.0,4.0,0.0,53.9,0.5078209548618555,0.1034841321818825,0.0829725571348232,0.1730957425166341,0.2723041502608252,0.2685946480598888,2.0,4.0,0.0,2.0,4.0,0.0,2.0,4.5,6.0,8.678916669491263,3.901835240524143e-05
332,332,1918-01-01,0.0597,0.1062,Liberty,1910,2.0,4.0,0.0,53.9,0.5078209548618555,0.1034841321818825,0.0829725571348232,0.1730957425166341,0.2723041502608252,0.2685946480598888,2.0,4.0,0.0,2.0,4.0,0.0,2.0,4.0,0.0,8.678916669491263,0.5271250632352712
970,1102,1918-01-01,0.0,0.0,equality_frequency,1910,2.0,4.0,0.0,53.9,0.5078209548618555,0.1034841321818825,0.0829725571348232,0.1730957425166341,0.2723041502608252,0.2685946480598888,2.0,4.0,0.0,2.0,4.0,0.0,2.0,4.0,0.0,8.678916669491263,9.74682999685962e-06
1,1,1919-01-01,0.0521,0.0964,Economy,1910,1.0,4.0,0.0,54.0,0.515435639605823,0.1135377056809026,0.1080486470010701,0.1799963242583868,0.2546328962783444,0.2632443800025453,2.0,4.0,0.0,2.0,4.0,0.0,2.0,4.0,0.0,8.698315831598608,0.6700474237010521
1567,1907,1919-01-01,0.0,0.0,liberty_frequency,1910,1.0,4.0,0.0,54.0,0.515435639605823,0.1135377056809026,0.1080486470010701,0.1799963242583868,0.2546328962783444,0.2632443800025453,1.0,4.0,0.0,2.0,4.0,0.0,2.0,4.0,0.0,8.698315831598608,3.427141746413594e-05
1418,1706,1919-01-01,0.0,0.0,justice_frequency,1910,1.0,4.0,0.0,54.0,0.515435639605823,0.1135377056809026,0.1080486470010701,0.1799963242583868,0.2546328962783444,0.2632443800025453,1.0,4.0,0.0,2.0,4.0,0.0,2.0,4.0,0.0,8.698315831598608,5.947459631638475e-05
219,219,1919-01-01,0.05505,0.1106,Freedom,1910,1.0,4.0,0.0,54.0,0.515435639605823,0.1135377056809026,0.1080486470010701,0.1799963242583868,0.2546328962783444,0.2632443800025453,1.0,4.0,0.0,2.0,4.0,0.0,2.0,4.0,0.0,8.698315831598608,0.6411483741994455
971,1103,1919-01-01,0.0,0.0,equality_frequency,1910,1.0,4.0,0.0,54.0,0.515435639605823,0.1135377056809026,0.1080486470010701,0.1799963242583868,0.2546328962783444,0.2632443800025453,1.0,4.0,0.0,2.0,4.0,0.0,2.0,4.0,0.0,8.698315831598608,9.981433659998477e-06
410,410,1919-01-01,0.06215,0.1035,Democracy,1910,1.0,4.0,0.0,54.0,0.515435639605823,0.1135377056809026,0.1080486470010701,0.1799963242583868,0.2546328962783444,0.2632443800025453,1.0,4.0,0.0,1.0,4.0,0.0,2.0,4.0,0.0,8.698315831598608,0.5855647538404979
1269,1505,1919-01-01,0.0,0.0,freedom_frequency,1910,1.0,4.0,0.0,54.0,0.515435639605823,0.1135377056809026,0.1080486470010701,0.1799963242583868,0.2546328962783444,0.2632443800025453,1.0,4.0,0.0,1.0,4.0,0.0,2.0,4.0,0.0,8.698315831598608,3.925488453002986e-05
524,554,1919-01-01,0.0,0.0,gdp_percap,1910,1.0,4.0,0.0,54.0,0.515435639605823,0.1135377056809026,0.1080486470010701,0.1799963242583868,0.2546328962783444,0.2632443800025453,1.0,4.0,0.0,1.0,4.0,0.0,2.0,4.0,0.0,8.698315831598608,8.698315831598608
1120,1304,1919-01-01,0.0,0.0,democracy_frequency,1910,1.0,4.0,0.0,54.0,0.515435639605823,0.1135377056809026,0.1080486470010701,0.1799963242583868,0.2546328962783444,0.2632443800025453,1.0,4.0,0.0,1.0,4.0,0.0,2.0,4.0,0.0,8.698315831598608,2.191660736928054e-05
822,902,1919-01-01,0.0,0.0,economy_frequency,1910,1.0,4.0,0.0,54.0,0.515435639605823,0.1135377056809026,0.1080486470010701,0.1799963242583868,0.2546328962783444,0.2632443800025453,1.0,4.0,0.0,1.0,4.0,0.0,2.0,4.0,0.0,8.698315831598608,3.2145881738547415e-05
673,703,1919-01-01,0.0,0.0,Life_expectancy,1910,1.0,4.0,0.0,54.0,0.515435639605823,0.1135377056809026,0.1080486470010701,0.1799963242583868,0.2546328962783444,0.2632443800025453,1.0,4.0,0.0,1.0,4.0,0.0,1.0,4.0,0.0,8.698315831598608,4.007333185232471
333,333,1919-01-01,0.0538,0.0872,Liberty,1910,1.0,4.0,0.0,54.0,0.515435639605823,0.1135377056809026,0.1080486470010701,0.1799963242583868,0.2546328962783444,0.2632443800025453,1.0,4.0,0.0,1.0,4.0,0.0,1.0,4.0,0.0,8.698315831598608,0.5856538364841956
1121,1305,1920-01-01,0.0,0.0,democracy_frequency,1920,0.0,0.0,0.0,54.1,0.510229267303779,0.1113049777765683,0.1303889346629864,0.1857925005956182,0.2426426941835163,0.257201144339259,1.0,4.0,0.0,1.0,4.0,0.0,1.0,4.0,0.0,8.71734581658521,2.1734720324371466e-05
1419,1707,1920-01-01,0.0,0.0,justice_frequency,1920,0.0,0.0,0.0,54.1,0.510229267303779,0.1113049777765683,0.1303889346629864,0.1857925005956182,0.2426426941835163,0.257201144339259,0.0,0.0,0.0,1.0,4.0,0.0,1.0,4.0,0.0,8.71734581658521,5.842203674169318e-05
1568,1908,1920-01-01,0.0,0.0,liberty_frequency,1920,0.0,0.0,0.0,54.1,0.510229267303779,0.1113049777765683,0.1303889346629864,0.1857925005956182,0.2426426941835163,0.257201144339259,0.0,0.0,0.0,1.0,4.0,0.0,1.0,4.0,0.0,8.71734581658521,3.375328660088227e-05
972,1104,1920-01-01,0.0,0.0,equality_frequency,1920,0.0,0.0,0.0,54.1,0.510229267303779,0.1113049777765683,0.1303889346629864,0.1857925005956182,0.2426426941835163,0.257201144339259,0.0,0.0,0.0,1.0,4.0,0.0,1.0,4.0,0.0,8.71734581658521,1.0190442009645752e-05
1270,1506,1920-01-01,0.0,0.0,freedom_frequency,1920,0.0,0.0,0.0,54.1,0.510229267303779,0.1113049777765683,0.1303889346629864,0.1857925005956182,0.2426426941835163,0.257201144339259,0.0,0.0,0.0,1.0,4.0,0.0,1.0,4.0,0.0,8.71734581658521,3.9453560765986485e-05
823,903,1920-01-01,0.0,0.0,economy_frequency,1920,0.0,0.0,0.0,54.1,0.510229267303779,0.1113049777765683,0.1303889346629864,0.1857925005956182,0.2426426941835163,0.257201144339259,0.0,0.0,0.0,0.0,0.0,0.0,1.0,4.0,0.0,8.71734581658521,3.198255212145445e-05
334,334,1920-01-01,0.0458,0.0967,Liberty,1920,0.0,0.0,0.0,54.1,0.510229267303779,0.1113049777765683,0.1303889346629864,0.1857925005956182,0.2426426941835163,0.257201144339259,0.0,0.0,0.0,0.0,0.0,0.0,1.0,4.0,0.0,8.71734581658521,0.5849270244695491
674,704,1920-01-01,0.0,0.0,Life_expectancy,1920,0.0,0.0,0.0,54.1,0.510229267303779,0.1113049777765683,0.1303889346629864,0.1857925005956182,0.2426426941835163,0.257201144339259,0.0,0.0,0.0,0.0,0.0,0.0,1.0,4.0,0.0,8.71734581658521,4.009149716158869
220,220,1920-01-01,0.05215,0.1156,Freedom,1920,0.0,0.0,0.0,54.1,0.510229267303779,0.1113049777765683,0.1303889346629864,0.1857925005956182,0.2426426941835163,0.257201144339259,0.0,0.0,0.0,0.0,0.0,0.0,1.0,4.0,0.0,8.71734581658521,0.6925119788620553
2,2,1920-01-01,0.04665,0.10955,Economy,1920,0.0,0.0,0.0,54.1,0.510229267303779,0.1113049777765683,0.1303889346629864,0.1857925005956182,0.2426426941835163,0.257201144339259,0.0,0.0,0.0,0.0,0.0,0.0,1.0,4.0,0.0,8.71734581658521,0.6918838829354156
411,411,1920-01-01,0.05815,0.11705,Democracy,1920,0.0,0.0,0.0,54.1,0.510229267303779,0.1113049777765683,0.1303889346629864,0.1857925005956182,0.2426426941835163,0.257201144339259,0.0,0.0,0.0,0.0,0.0,0.0,0.0,0.0,0.0,8.71734581658521,0.6924594441234473
525,555,1920-01-01,0.0,0.0,gdp_percap,1920,0.0,0.0,0.0,54.1,0.510229267303779,0.1113049777765683,0.1303889346629864,0.1857925005956182,0.2426426941835163,0.257201144339259,0.0,0.0,0.0,0.0,0.0,0.0,0.0,0.0,0.0,8.71734581658521,8.71734581658521
1569,1909,1921-01-01,0.0,0.0,liberty_frequency,1920,3.0,2.6666666666666665,0.0,54.66,0.4678742785818735,0.1048147216450317,0.1648324508283423,0.1725111322178695,0.2298431788881742,0.2444197990767932,0.0,0.0,0.0,0.0,0.0,0.0,0.0,0.0,0.0,8.736020413743711,3.265744735721279e-05
675,705,1921-01-01,0.0,0.0,Life_expectancy,1920,3.0,2.6666666666666665,0.0,54.66,0.4678742785818735,0.1048147216450317,0.1648324508283423,0.1725111322178695,0.2298431788881742,0.2444197990767932,3.0,2.6666666666666665,0.0,0.0,0.0,0.0,0.0,0.0,0.0,8.736020413743711,4.019261756097745
1420,1708,1921-01-01,0.0,0.0,justice_frequency,1920,3.0,2.6666666666666665,0.0,54.66,0.4678742785818735,0.1048147216450317,0.1648324508283423,0.1725111322178695,0.2298431788881742,0.2444197990767932,3.0,2.6666666666666665,0.0,0.0,0.0,0.0,0.0,0.0,0.0,8.736020413743711,5.729843040646129e-05
221,221,1921-01-01,0.053,0.09295,Freedom,1920,3.0,2.6666666666666665,0.0,54.66,0.4678742785818735,0.1048147216450317,0.1648324508283423,0.1725111322178695,0.2298431788881742,0.2444197990767932,3.0,2.6666666666666665,0.0,0.0,0.0,0.0,0.0,0.0,0.0,8.736020413743711,0.5990590038056659
412,412,1921-01-01,0.05295,0.1136,Democracy,1920,3.0,2.6666666666666665,0.0,54.66,0.4678742785818735,0.1048147216450317,0.1648324508283423,0.1725111322178695,0.2298431788881742,0.2444197990767932,3.0,2.6666666666666665,0.0,0.0,0.0,0.0,0.0,0.0,0.0,8.736020413743711,0.6927621064284175
526,556,1921-01-01,0.0,0.0,gdp_percap,1920,3.0,2.6666666666666665,0.0,54.66,0.4678742785818735,0.1048147216450317,0.1648324508283423,0.1725111322178695,0.2298431788881742,0.2444197990767932,3.0,2.6666666666666665,0.0,3.0,2.6666666666666665,0.0,0.0,0.0,0.0,8.736020413743711,8.736020413743711
1271,1507,1921-01-01,0.0,0.0,freedom_frequency,1920,3.0,2.6666666666666665,0.0,54.66,0.4678742785818735,0.1048147216450317,0.1648324508283423,0.1725111322178695,0.2298431788881742,0.2444197990767932,3.0,2.6666666666666665,0.0,3.0,2.6666666666666665,0.0,0.0,0.0,0.0,8.736020413743711,3.899831364053228e-05
824,904,1921-01-01,0.0,0.0,economy_frequency,1920,3.0,2.6666666666666665,0.0,54.66,0.4678742785818735,0.1048147216450317,0.1648324508283423,0.1725111322178695,0.2298431788881742,0.2444197990767932,3.0,2.6666666666666665,0.0,3.0,2.6666666666666665,0.0,0.0,0.0,0.0,8.736020413743711,3.150777354008096e-05
3,3,1921-01-01,0.0451,0.0957,Economy,1920,3.0,2.6666666666666665,0.0,54.66,0.4678742785818735,0.1048147216450317,0.1648324508283423,0.1725111322178695,0.2298431788881742,0.2444197990767932,3.0,2.6666666666666665,0.0,3.0,2.6666666666666665,0.0,0.0,0.0,0.0,8.736020413743711,0.6386619552714947
1122,1306,1921-01-01,0.0,0.0,democracy_frequency,1920,3.0,2.6666666666666665,0.0,54.66,0.4678742785818735,0.1048147216450317,0.1648324508283423,0.1725111322178695,0.2298431788881742,0.2444197990767932,3.0,2.6666666666666665,0.0,3.0,2.6666666666666665,0.0,0.0,0.0,0.0,8.736020413743711,2.0255027807372563e-05
335,335,1921-01-01,0.0378,0.08465,Liberty,1920,3.0,2.6666666666666665,0.0,54.66,0.4678742785818735,0.1048147216450317,0.1648324508283423,0.1725111322178695,0.2298431788881742,0.2444197990767932,3.0,2.6666666666666665,0.0,3.0,2.6666666666666665,0.0,3.0,2.6666666666666665,0.0,8.736020413743711,0.6421591027469716
973,1105,1921-01-01,0.0,0.0,equality_frequency,1920,3.0,2.6666666666666665,0.0,54.66,0.4678742785818735,0.1048147216450317,0.1648324508283423,0.1725111322178695,0.2298431788881742,0.2444197990767932,3.0,2.6666666666666665,0.0,3.0,2.6666666666666665,0.0,3.0,2.6666666666666665,0.0,8.736020413743711,1.0512684080405276e-05
336,336,1922-01-01,0.0472,0.0937,Liberty,1920,0.0,0.0,0.0,55.22,0.3788047896275522,0.0955631164731241,0.1635060593495724,0.1349832567574055,0.2138651542249662,0.2227565595029243,3.0,2.6666666666666665,0.0,3.0,2.6666666666666665,0.0,3.0,2.6666666666666665,0.0,8.75435265393472,0.6419196734820465
1570,1910,1922-01-01,0.0,0.0,liberty_frequency,1920,0.0,0.0,0.0,55.22,0.3788047896275522,0.0955631164731241,0.1635060593495724,0.1349832567574055,0.2138651542249662,0.2227565595029243,0.0,0.0,0.0,3.0,2.6666666666666665,0.0,3.0,2.6666666666666665,0.0,8.75435265393472,3.080009489265354e-05
4,4,1922-01-01,0.04865,0.0869,Economy,1920,0.0,0.0,0.0,55.22,0.3788047896275522,0.0955631164731241,0.1635060593495724,0.1349832567574055,0.2138651542249662,0.2227565595029243,0.0,0.0,0.0,3.0,2.6666666666666665,0.0,3.0,2.6666666666666665,0.0,8.75435265393472,0.6398624308567088
676,706,1922-01-01,0.0,0.0,Life_expectancy,1920,0.0,0.0,0.0,55.22,0.3788047896275522,0.0955631164731241,0.1635060593495724,0.1349832567574055,0.2138651542249662,0.2227565595029243,0.0,0.0,0.0,3.0,2.6666666666666665,0.0,3.0,2.6666666666666665,0.0,8.75435265393472,4.029272565478386
1123,1307,1922-01-01,0.0,0.0,democracy_frequency,1920,0.0,0.0,0.0,55.22,0.3788047896275522,0.0955631164731241,0.1635060593495724,0.1349832567574055,0.2138651542249662,0.2227565595029243,0.0,0.0,0.0,3.0,2.6666666666666665,0.0,3.0,2.6666666666666665,0.0,8.75435265393472,1.714333393522427e-05
974,1106,1922-01-01,0.0,0.0,equality_frequency,1920,0.0,0.0,0.0,55.22,0.3788047896275522,0.0955631164731241,0.1635060593495724,0.1349832567574055,0.2138651542249662,0.2227565595029243,0.0,0.0,0.0,0.0,0.0,0.0,3.0,2.6666666666666665,0.0,8.75435265393472,1.0500274805217154e-05
222,222,1922-01-01,0.06355,0.1063,Freedom,1920,0.0,0.0,0.0,55.22,0.3788047896275522,0.0955631164731241,0.1635060593495724,0.1349832567574055,0.2138651542249662,0.2227565595029243,0.0,0.0,0.0,0.0,0.0,0.0,3.0,2.6666666666666665,0.0,8.75435265393472,0.5874616120781735
413,413,1922-01-01,0.0536,0.1139,Democracy,1920,0.0,0.0,0.0,55.22,0.3788047896275522,0.0955631164731241,0.1635060593495724,0.1349832567574055,0.2138651542249662,0.2227565595029243,0.0,0.0,0.0,0.0,0.0,0.0,3.0,2.6666666666666665,0.0,8.75435265393472,0.6416617624546572
1421,1709,1922-01-01,0.0,0.0,justice_frequency,1920,0.0,0.0,0.0,55.22,0.3788047896275522,0.0955631164731241,0.1635060593495724,0.1349832567574055,0.2138651542249662,0.2227565595029243,0.0,0.0,0.0,0.0,0.0,0.0,3.0,2.6666666666666665,0.0,8.75435265393472,5.589579663489762e-05
1272,1508,1922-01-01,0.0,0.0,freedom_frequency,1920,0.0,0.0,0.0,55.22,0.3788047896275522,0.0955631164731241,0.1635060593495724,0.1349832567574055,0.2138651542249662,0.2227565595029243,0.0,0.0,0.0,0.0,0.0,0.0,3.0,2.6666666666666665,0.0,8.75435265393472,3.771196483828699e-05
825,905,1922-01-01,0.0,0.0,economy_frequency,1920,0.0,0.0,0.0,55.22,0.3788047896275522,0.0955631164731241,0.1635060593495724,0.1349832567574055,0.2138651542249662,0.2227565595029243,0.0,0.0,0.0,0.0,0.0,0.0,0.0,0.0,0.0,8.75435265393472,3.08309949324248e-05
527,557,1922-01-01,0.0,0.0,gdp_percap,1920,0.0,0.0,0.0,55.22,0.3788047896275522,0.0955631164731241,0.1635060593495724,0.1349832567574055,0.2138651542249662,0.2227565595029243,0.0,0.0,0.0,0.0,0.0,0.0,0.0,0.0,0.0,8.75435265393472,8.75435265393472
223,223,1923-01-01,0.0582,0.11885,Freedom,1920,0.0,0.0,0.0,55.78,0.307231597402873,0.0889044147040167,0.1636216169193981,0.1138839935098093,0.1989475127801722,0.213021796205331,0.0,0.0,0.0,0.0,0.0,0.0,0.0,0.0,0.0,8.772354864206807,0.6925645108409095
1422,1710,1923-01-01,0.0,0.0,justice_frequency,1920,0.0,0.0,0.0,55.78,0.307231597402873,0.0889044147040167,0.1636216169193981,0.1138839935098093,0.1989475127801722,0.213021796205331,0.0,0.0,0.0,0.0,0.0,0.0,0.0,0.0,0.0,8.772354864206807,5.458624701919375e-05
826,906,1923-01-01,0.0,0.0,economy_frequency,1920,0.0,0.0,0.0,55.78,0.307231597402873,0.0889044147040167,0.1636216169193981,0.1138839935098093,0.1989475127801722,0.213021796205331,0.0,0.0,0.0,0.0,0.0,0.0,0.0,0.0,0.0,8.772354864206807,3.0343893564516004e-05
975,1107,1923-01-01,0.0,0.0,equality_frequency,1920,0.0,0.0,0.0,55.78,0.307231597402873,0.0889044147040167,0.1636216169193981,0.1138839935098093,0.1989475127801722,0.213021796205331,0.0,0.0,0.0,0.0,0.0,0.0,0.0,0.0,0.0,8.772354864206807,1.0501355923209174e-05
337,337,1923-01-01,0.061,0.0961,Liberty,1920,0.0,0.0,0.0,55.78,0.307231597402873,0.0889044147040167,0.1636216169193981,0.1138839935098093,0.1989475127801722,0.213021796205331,0.0,0.0,0.0,0.0,0.0,0.0,0.0,0.0,0.0,8.772354864206807,0.5297278458190062
1273,1509,1923-01-01,0.0,0.0,freedom_frequency,1920,0.0,0.0,0.0,55.78,0.307231597402873,0.0889044147040167,0.1636216169193981,0.1138839935098093,0.1989475127801722,0.213021796205331,0.0,0.0,0.0,0.0,0.0,0.0,0.0,0.0,0.0,8.772354864206807,3.6988741395853536e-05
1124,1308,1923-01-01,0.0,0.0,democracy_frequency,1920,0.0,0.0,0.0,55.78,0.307231597402873,0.0889044147040167,0.1636216169193981,0.1138839935098093,0.1989475127801722,0.213021796205331,0.0,0.0,0.0,0.0,0.0,0.0,0.0,0.0,0.0,8.772354864206807,1.4642876245130962e-05
414,414,1923-01-01,0.0626,0.1043,Democracy,1920,0.0,0.0,0.0,55.78,0.307231597402873,0.0889044147040167,0.1636216169193981,0.1138839935098093,0.1989475127801722,0.213021796205331,0.0,0.0,0.0,0.0,0.0,0.0,0.0,0.0,0.0,8.772354864206807,0.5326702823434526
528,558,1923-01-01,0.0,0.0,gdp_percap,1920,0.0,0.0,0.0,55.78,0.307231597402873,0.0889044147040167,0.1636216169193981,0.1138839935098093,0.1989475127801722,0.213021796205331,0.0,0.0,0.0,0.0,0.0,0.0,0.0,0.0,0.0,8.772354864206807,8.772354864206807
1571,1911,1923-01-01,0.0,0.0,liberty_frequency,1920,0.0,0.0,0.0,55.78,0.307231597402873,0.0889044147040167,0.1636216169193981,0.1138839935098093,0.1989475127801722,0.213021796205331,0.0,0.0,0.0,0.0,0.0,0.0,0.0,0.0,0.0,8.772354864206807,2.9965459293586455e-05
677,707,1923-01-01,0.0,0.0,Life_expectancy,1920,0.0,0.0,0.0,55.78,0.307231597402873,0.0889044147040167,0.1636216169193981,0.1138839935098093,0.1989475127801722,0.213021796205331,0.0,0.0,0.0,0.0,0.0,0.0,0.0,0.0,0.0,8.772354864206807,4.039184151044825
5,5,1923-01-01,0.05095,0.106,Economy,1920,0.0,0.0,0.0,55.78,0.307231597402873,0.0889044147040167,0.1636216169193981,0.1138839935098093,0.1989475127801722,0.213021796205331,0.0,0.0,0.0,0.0,0.0,0.0,0.0,0.0,0.0,8.772354864206807,0.6425247137488335
415,415,1924-01-01,0.0584,0.10615,Democracy,1920,0.0,0.0,0.0,56.34,0.2744064144803306,0.0797378369087252,0.158962373477584,0.109670914995548,0.1880478204115312,0.2080535033291504,0.0,0.0,0.0,0.0,0.0,0.0,0.0,0.0,0.0,8.790038717586366,0.6918813797720429
1423,1711,1924-01-01,0.0,0.0,justice_frequency,1920,0.0,0.0,0.0,56.34,0.2744064144803306,0.0797378369087252,0.158962373477584,0.109670914995548,0.1880478204115312,0.2080535033291504,0.0,0.0,0.0,0.0,0.0,0.0,0.0,0.0,0.0,8.790038717586366,5.3629413180526825e-05
827,907,1924-01-01,0.0,0.0,economy_frequency,1920,0.0,0.0,0.0,56.34,0.2744064144803306,0.0797378369087252,0.158962373477584,0.109670914995548,0.1880478204115312,0.2080535033291504,0.0,0.0,0.0,0.0,0.0,0.0,0.0,0.0,0.0,8.790038717586366,2.9673334148812317e-05
976,1108,1924-01-01,0.0,0.0,equality_frequency,1920,0.0,0.0,0.0,56.34,0.2744064144803306,0.0797378369087252,0.158962373477584,0.109670914995548,0.1880478204115312,0.2080535033291504,0.0,0.0,0.0,0.0,0.0,0.0,0.0,0.0,0.0,8.790038717586366,1.0457765598241228e-05
338,338,1924-01-01,0.04955,0.09755,Liberty,1920,0.0,0.0,0.0,56.34,0.2744064144803306,0.0797378369087252,0.158962373477584,0.109670914995548,0.1880478204115312,0.2080535033291504,0.0,0.0,0.0,0.0,0.0,0.0,0.0,0.0,0.0,8.790038717586366,0.6411799749346918
6,6,1924-01-01,0.0483,0.08945,Economy,1920,0.0,0.0,0.0,56.34,0.2744064144803306,0.0797378369087252,0.158962373477584,0.109670914995548,0.1880478204115312,0.2080535033291504,0.0,0.0,0.0,0.0,0.0,0.0,0.0,0.0,0.0,8.790038717586366,0.5962176903799712
678,708,1924-01-01,0.0,0.0,Life_expectancy,1920,0.0,0.0,0.0,56.34,0.2744064144803306,0.0797378369087252,0.158962373477584,0.109670914995548,0.1880478204115312,0.2080535033291504,0.0,0.0,0.0,0.0,0.0,0.0,0.0,0.0,0.0,8.790038717586366,4.048998460455223
1274,1510,1924-01-01,0.0,0.0,freedom_frequency,1920,0.0,0.0,0.0,56.34,0.2744064144803306,0.0797378369087252,0.158962373477584,0.109670914995548,0.1880478204115312,0.2080535033291504,0.0,0.0,0.0,0.0,0.0,0.0,0.0,0.0,0.0,8.790038717586366,3.684432884303531e-05
1125,1309,1924-01-01,0.0,0.0,democracy_frequency,1920,0.0,0.0,0.0,56.34,0.2744064144803306,0.0797378369087252,0.158962373477584,0.109670914995548,0.1880478204115312,0.2080535033291504,0.0,0.0,0.0,0.0,0.0,0.0,0.0,0.0,0.0,8.790038717586366,1.3496104273741006e-05
529,559,1924-01-01,0.0,0.0,gdp_percap,1920,0.0,0.0,0.0,56.34,0.2744064144803306,0.0797378369087252,0.158962373477584,0.109670914995548,0.1880478204115312,0.2080535033291504,0.0,0.0,0.0,0.0,0.0,0.0,0.0,0.0,0.0,8.790038717586366,8.790038717586366
1572,1912,1924-01-01,0.0,0.0,liberty_frequency,1920,0.0,0.0,0.0,56.34,0.2744064144803306,0.0797378369087252,0.158962373477584,0.109670914995548,0.1880478204115312,0.2080535033291504,0.0,0.0,0.0,0.0,0.0,0.0,0.0,0.0,0.0,8.790038717586366,2.9539489335409533e-05
224,224,1924-01-01,0.05505,0.1107,Freedom,1920,0.0,0.0,0.0,56.34,0.2744064144803306,0.0797378369087252,0.158962373477584,0.109670914995548,0.1880478204115312,0.2080535033291504,0.0,0.0,0.0,0.0,0.0,0.0,0.0,0.0,0.0,8.790038717586366,0.6431661826293568
1573,1913,1925-01-01,0.0,0.0,liberty_frequency,1920,0.0,0.0,0.0,56.9,0.2581228016372779,0.0627506301987835,0.1648121056967706,0.1169042450509775,0.1783931596998776,0.2051445256547915,0.0,0.0,0.0,0.0,0.0,0.0,0.0,0.0,0.0,8.807415278541031,2.92900802229418e-05
1126,1310,1925-01-01,0.0,0.0,democracy_frequency,1920,0.0,0.0,0.0,56.9,0.2581228016372779,0.0627506301987835,0.1648121056967706,0.1169042450509775,0.1783931596998776,0.2051445256547915,0.0,0.0,0.0,0.0,0.0,0.0,0.0,0.0,0.0,8.807415278541031,1.2927223763184636e-05
977,1109,1925-01-01,0.0,0.0,equality_frequency,1920,0.0,0.0,0.0,56.9,0.2581228016372779,0.0627506301987835,0.1648121056967706,0.1169042450509775,0.1783931596998776,0.2051445256547915,0.0,0.0,0.0,0.0,0.0,0.0,0.0,0.0,0.0,8.807415278541031,1.0512493738157974e-05
416,416,1925-01-01,0.0621,0.09895,Democracy,1920,0.0,0.0,0.0,56.9,0.2581228016372779,0.0627506301987835,0.1648121056967706,0.1169042450509775,0.1783931596998776,0.2051445256547915,0.0,0.0,0.0,0.0,0.0,0.0,0.0,0.0,0.0,8.807415278541031,0.4743317494061985
530,560,1925-01-01,0.0,0.0,gdp_percap,1920,0.0,0.0,0.0,56.9,0.2581228016372779,0.0627506301987835,0.1648121056967706,0.1169042450509775,0.1783931596998776,0.2051445256547915,0.0,0.0,0.0,0.0,0.0,0.0,0.0,0.0,0.0,8.807415278541031,8.807415278541031
339,339,1925-01-01,0.0496,0.10005,Liberty,1920,0.0,0.0,0.0,56.9,0.2581228016372779,0.0627506301987835,0.1648121056967706,0.1169042450509775,0.1783931596998776,0.2051445256547915,0.0,0.0,0.0,0.0,0.0,0.0,0.0,0.0,0.0,8.807415278541031,0.6384639362531013
1424,1712,1925-01-01,0.0,0.0,justice_frequency,1920,0.0,0.0,0.0,56.9,0.2581228016372779,0.0627506301987835,0.1648121056967706,0.1169042450509775,0.1783931596998776,0.2051445256547915,0.0,0.0,0.0,0.0,0.0,0.0,0.0,0.0,0.0,8.807415278541031,5.2781874177439605e-05
828,908,1925-01-01,0.0,0.0,economy_frequency,1920,0.0,0.0,0.0,56.9,0.2581228016372779,0.0627506301987835,0.1648121056967706,0.1169042450509775,0.1783931596998776,0.2051445256547915,0.0,0.0,0.0,0.0,0.0,0.0,0.0,0.0,0.0,8.807415278541031,2.843067384996129e-05
225,225,1925-01-01,0.0558,0.1001,Freedom,1920,0.0,0.0,0.0,56.9,0.2581228016372779,0.0627506301987835,0.1648121056967706,0.1169042450509775,0.1783931596998776,0.2051445256547915,0.0,0.0,0.0,0.0,0.0,0.0,0.0,0.0,0.0,8.807415278541031,0.6918863860925225
679,709,1925-01-01,0.0,0.0,Life_expectancy,1920,0.0,0.0,0.0,56.9,0.2581228016372779,0.0627506301987835,0.1648121056967706,0.1169042450509775,0.1783931596998776,0.2051445256547915,0.0,0.0,0.0,0.0,0.0,0.0,0.0,0.0,0.0,8.807415278541031,4.05871738457895
7,7,1925-01-01,0.0576,0.10405,Economy,1920,0.0,0.0,0.0,56.9,0.2581228016372779,0.0627506301987835,0.1648121056967706,0.1169042450509775,0.1783931596998776,0.2051445256547915,0.0,0.0,0.0,0.0,0.0,0.0,0.0,0.0,0.0,8.807415278541031,0.533749844404303
1275,1511,1925-01-01,0.0,0.0,freedom_frequency,1920,0.0,0.0,0.0,56.9,0.2581228016372779,0.0627506301987835,0.1648121056967706,0.1169042450509775,0.1783931596998776,0.2051445256547915,0.0,0.0,0.0,0.0,0.0,0.0,0.0,0.0,0.0,8.807415278541031,3.7092267162028126e-05
531,561,1926-01-01,0.0,0.0,gdp_percap,1920,2.0,3.0,0.0,57.46,0.2517635841490042,0.0473124832603581,0.1965209584296557,0.1270189932622213,0.1691200737936692,0.2015307150616826,0.0,0.0,0.0,0.0,0.0,0.0,0.0,0.0,0.0,8.824495044560065,8.824495044560065
1425,1713,1926-01-01,0.0,0.0,justice_frequency,1920,2.0,3.0,0.0,57.46,0.2517635841490042,0.0473124832603581,0.1965209584296557,0.1270189932622213,0.1691200737936692,0.2015307150616826,2.0,3.0,0.0,0.0,0.0,0.0,0.0,0.0,0.0,8.824495044560065,5.19678312246465e-05
340,340,1926-01-01,0.0591,0.10865,Liberty,1920,2.0,3.0,0.0,57.46,0.2517635841490042,0.0473124832603581,0.1965209584296557,0.1270189932622213,0.1691200737936692,0.2015307150616826,2.0,3.0,0.0,0.0,0.0,0.0,0.0,0.0,0.0,8.824495044560065,0.5888694118533567
8,8,1926-01-01,0.04115,0.1119,Economy,1920,2.0,3.0,0.0,57.46,0.2517635841490042,0.0473124832603581,0.1965209584296557,0.1270189932622213,0.1691200737936692,0.2015307150616826,2.0,3.0,0.0,0.0,0.0,0.0,0.0,0.0,0.0,8.824495044560065,0.6411641746918945
1127,1311,1926-01-01,0.0,0.0,democracy_frequency,1920,2.0,3.0,0.0,57.46,0.2517635841490042,0.0473124832603581,0.1965209584296557,0.1270189932622213,0.1691200737936692,0.2015307150616826,2.0,3.0,0.0,0.0,0.0,0.0,0.0,0.0,0.0,8.824495044560065,1.2705059532359934e-05
680,710,1926-01-01,0.0,0.0,Life_expectancy,1920,2.0,3.0,0.0,57.46,0.2517635841490042,0.0473124832603581,0.1965209584296557,0.1270189932622213,0.1691200737936692,0.2015307150616826,2.0,3.0,0.0,2.0,3.0,0.0,0.0,0.0,0.0,8.824495044560065,4.0683427596831
978,1110,1926-01-01,0.0,0.0,equality_frequency,1920,2.0,3.0,0.0,57.46,0.2517635841490042,0.0473124832603581,0.1965209584296557,0.1270189932622213,0.1691200737936692,0.2015307150616826,2.0,3.0,0.0,2.0,3.0,0.0,0.0,0.0,0.0,8.824495044560065,1.0809151116487483e-05
1276,1512,1926-01-01,0.0,0.0,freedom_frequency,1920,2.0,3.0,0.0,57.46,0.2517635841490042,0.0473124832603581,0.1965209584296557,0.1270189932622213,0.1691200737936692,0.2015307150616826,2.0,3.0,0.0,2.0,3.0,0.0,0.0,0.0,0.0,8.824495044560065,3.743897233152548e-05
226,226,1926-01-01,0.0574,0.11155,Freedom,1920,2.0,3.0,0.0,57.46,0.2517635841490042,0.0473124832603581,0.1965209584296557,0.1270189932622213,0.1691200737936692,0.2015307150616826,2.0,3.0,0.0,2.0,3.0,0.0,0.0,0.0,0.0,8.824495044560065,0.5698206832725632
417,417,1926-01-01,0.06325,0.10225,Democracy,1920,2.0,3.0,0.0,57.46,0.2517635841490042,0.0473124832603581,0.1965209584296557,0.1270189932622213,0.1691200737936692,0.2015307150616826,2.0,3.0,0.0,2.0,3.0,0.0,0.0,0.0,0.0,8.824495044560065,0.4721232562483956
829,909,1926-01-01,0.0,0.0,economy_frequency,1920,2.0,3.0,0.0,57.46,0.2517635841490042,0.0473124832603581,0.1965209584296557,0.1270189932622213,0.1691200737936692,0.2015307150616826,2.0,3.0,0.0,2.0,3.0,0.0,2.0,3.0,0.0,8.824495044560065,2.7301330140397796e-05
1574,1914,1926-01-01,0.0,0.0,liberty_frequency,1920,2.0,3.0,0.0,57.46,0.2517635841490042,0.0473124832603581,0.1965209584296557,0.1270189932622213,0.1691200737936692,0.2015307150616826,2.0,3.0,0.0,2.0,3.0,0.0,2.0,3.0,0.0,8.824495044560065,2.8980240256609675e-05
979,1111,1927-01-01,0.0,0.0,equality_frequency,1920,1.0,4.0,0.0,58.02,0.250446690180207,0.0459436195780905,0.2128827076639843,0.1313679031950001,0.1621978618811927,0.197377161541956,2.0,3.0,0.0,2.0,3.0,0.0,2.0,3.0,0.0,8.841287984243023,1.096222611362366e-05
9,9,1927-01-01,0.03665,0.0983,Economy,1920,1.0,4.0,0.0,58.02,0.250446690180207,0.0459436195780905,0.2128827076639843,0.1313679031950001,0.1621978618811927,0.197377161541956,1.0,4.0,0.0,2.0,3.0,0.0,2.0,3.0,0.0,8.841287984243023,0.6925470004879128
1128,1312,1927-01-01,0.0,0.0,democracy_frequency,1920,1.0,4.0,0.0,58.02,0.250446690180207,0.0459436195780905,0.2128827076639843,0.1313679031950001,0.1621978618811927,0.197377161541956,1.0,4.0,0.0,2.0,3.0,0.0,2.0,3.0,0.0,8.841287984243023,1.2659052806623012e-05
1575,1915,1927-01-01,0.0,0.0,liberty_frequency,1920,1.0,4.0,0.0,58.02,0.250446690180207,0.0459436195780905,0.2128827076639843,0.1313679031950001,0.1621978618811927,0.197377161541956,1.0,4.0,0.0,2.0,3.0,0.0,2.0,3.0,0.0,8.841287984243023,2.8624123831004308e-05
418,418,1927-01-01,0.06435,0.1097,Democracy,1920,1.0,4.0,0.0,58.02,0.250446690180207,0.0459436195780905,0.2128827076639843,0.1313679031950001,0.1621978618811927,0.197377161541956,1.0,4.0,0.0,2.0,3.0,0.0,2.0,3.0,0.0,8.841287984243023,0.6397094833200527
532,562,1927-01-01,0.0,0.0,gdp_percap,1920,1.0,4.0,0.0,58.02,0.250446690180207,0.0459436195780905,0.2128827076639843,0.1313679031950001,0.1621978618811927,0.197377161541956,1.0,4.0,0.0,1.0,4.0,0.0,2.0,3.0,0.0,8.841287984243023,8.841287984243023
830,910,1927-01-01,0.0,0.0,economy_frequency,1920,1.0,4.0,0.0,58.02,0.250446690180207,0.0459436195780905,0.2128827076639843,0.1313679031950001,0.1621978618811927,0.197377161541956,1.0,4.0,0.0,1.0,4.0,0.0,2.0,3.0,0.0,8.841287984243023,2.7201193864630864e-05
1426,1714,1927-01-01,0.0,0.0,justice_frequency,1920,1.0,4.0,0.0,58.02,0.250446690180207,0.0459436195780905,0.2128827076639843,0.1313679031950001,0.1621978618811927,0.197377161541956,1.0,4.0,0.0,1.0,4.0,0.0,2.0,3.0,0.0,8.841287984243023,5.136016060800927e-05
1277,1513,1927-01-01,0.0,0.0,freedom_frequency,1920,1.0,4.0,0.0,58.02,0.250446690180207,0.0459436195780905,0.2128827076639843,0.1313679031950001,0.1621978618811927,0.197377161541956,1.0,4.0,0.0,1.0,4.0,0.0,2.0,3.0,0.0,8.841287984243023,3.758804071663225e-05
681,711,1927-01-01,0.0,0.0,Life_expectancy,1920,1.0,4.0,0.0,58.02,0.250446690180207,0.0459436195780905,0.2128827076639843,0.1313679031950001,0.1621978618811927,0.197377161541956,1.0,4.0,0.0,1.0,4.0,0.0,2.0,3.0,0.0,8.841287984243023,4.077876369514794
227,227,1927-01-01,0.04665,0.10015,Liberty,1920,1.0,4.0,0.0,58.02,0.250446690180207,0.0459436195780905,0.2128827076639843,0.1313679031950001,0.1621978618811927,0.197377161541956,1.0,4.0,0.0,1.0,4.0,0.0,1.0,4.0,0.0,8.841287984243023,0.6414116831518912
113,113,1927-01-01,0.06195,0.10415,Freedom,1920,1.0,4.0,0.0,58.02,0.250446690180207,0.0459436195780905,0.2128827076639843,0.1313679031950001,0.1621978618811927,0.197377161541956,1.0,4.0,0.0,1.0,4.0,0.0,1.0,4.0,0.0,8.841287984243023,0.5360605283138856
114,114,1928-01-01,0.0633,0.09855,Freedom,1920,0.0,0.0,0.0,58.58,0.2428179885274982,0.0502230857707002,0.2044497131211486,0.1260627910183202,0.1557591067153562,0.187178875177711,1.0,4.0,0.0,1.0,4.0,0.0,1.0,4.0,0.0,8.857803572242782,0.5746563945073263
980,1112,1928-01-01,0.0,0.0,equality_frequency,1920,0.0,0.0,0.0,58.58,0.2428179885274982,0.0502230857707002,0.2044497131211486,0.1260627910183202,0.1557591067153562,0.187178875177711,0.0,0.0,0.0,1.0,4.0,0.0,1.0,4.0,0.0,8.857803572242782,1.088332986914953e-05
419,419,1928-01-01,0.06765,0.0984,Democracy,1920,0.0,0.0,0.0,58.58,0.2428179885274982,0.0502230857707002,0.2044497131211486,0.1260627910183202,0.1557591067153562,0.187178875177711,0.0,0.0,0.0,1.0,4.0,0.0,1.0,4.0,0.0,8.857803572242782,0.585837544378028
682,712,1928-01-01,0.0,0.0,Life_expectancy,1920,0.0,0.0,0.0,58.58,0.2428179885274982,0.0502230857707002,0.2044497131211486,0.1260627910183202,0.1557591067153562,0.187178875177711,0.0,0.0,0.0,1.0,4.0,0.0,1.0,4.0,0.0,8.857803572242782,4.0873199472851365
1427,1715,1928-01-01,0.0,0.0,justice_frequency,1920,0.0,0.0,0.0,58.58,0.2428179885274982,0.0502230857707002,0.2044497131211486,0.1260627910183202,0.1557591067153562,0.187178875177711,0.0,0.0,0.0,1.0,4.0,0.0,1.0,4.0,0.0,8.857803572242782,5.079493020679609e-05
228,228,1928-01-01,0.0475,0.08445,Liberty,1920,0.0,0.0,0.0,58.58,0.2428179885274982,0.0502230857707002,0.2044497131211486,0.1260627910183202,0.1557591067153562,0.187178875177711,0.0,0.0,0.0,0.0,0.0,0.0,1.0,4.0,0.0,8.857803572242782,0.5304958893615705
10,10,1928-01-01,0.0428,0.1004,Economy,1920,0.0,0.0,0.0,58.58,0.2428179885274982,0.0502230857707002,0.2044497131211486,0.1260627910183202,0.1557591067153562,0.187178875177711,0.0,0.0,0.0,0.0,0.0,0.0,1.0,4.0,0.0,8.857803572242782,0.6926295466106057
533,563,1928-01-01,0.0,0.0,gdp_percap,1920,0.0,0.0,0.0,58.58,0.2428179885274982,0.0502230857707002,0.2044497131211486,0.1260627910183202,0.1557591067153562,0.187178875177711,0.0,0.0,0.0,0.0,0.0,0.0,1.0,4.0,0.0,8.857803572242782,8.857803572242782
1278,1514,1928-01-01,0.0,0.0,freedom_frequency,1920,0.0,0.0,0.0,58.58,0.2428179885274982,0.0502230857707002,0.2044497131211486,0.1260627910183202,0.1557591067153562,0.187178875177711,0.0,0.0,0.0,0.0,0.0,0.0,1.0,4.0,0.0,8.857803572242782,3.740619640847877e-05
1576,1916,1928-01-01,0.0,0.0,liberty_frequency,1920,0.0,0.0,0.0,58.58,0.2428179885274982,0.0502230857707002,0.2044497131211486,0.1260627910183202,0.1557591067153562,0.187178875177711,0.0,0.0,0.0,0.0,0.0,0.0,1.0,4.0,0.0,8.857803572242782,2.7749744939645527e-05
831,911,1928-01-01,0.0,0.0,economy_frequency,1920,0.0,0.0,0.0,58.58,0.2428179885274982,0.0502230857707002,0.2044497131211486,0.1260627910183202,0.1557591067153562,0.187178875177711,0.0,0.0,0.0,0.0,0.0,0.0,0.0,0.0,0.0,8.857803572242782,2.751424896772741e-05
1129,1313,1928-01-01,0.0,0.0,democracy_frequency,1920,0.0,0.0,0.0,58.58,0.2428179885274982,0.0502230857707002,0.2044497131211486,0.1260627910183202,0.1557591067153562,0.187178875177711,0.0,0.0,0.0,0.0,0.0,0.0,0.0,0.0,0.0,8.857803572242782,1.2392538077401e-05
115,115,1929-01-01,0.0644,0.0965,Freedom,1920,1.0,4.0,0.0,59.14,0.2477311883877846,0.0712908428499182,0.2230770628773693,0.1388700608965653,0.1487694017167911,0.1833691005333243,0.0,0.0,0.0,0.0,0.0,0.0,0.0,0.0,0.0,8.874050821369565,0.4635799163090424
534,564,1929-01-01,0.0,0.0,gdp_percap,1920,1.0,4.0,0.0,59.14,0.2477311883877846,0.0712908428499182,0.2230770628773693,0.1388700608965653,0.1487694017167911,0.1833691005333243,1.0,4.0,0.0,0.0,0.0,0.0,0.0,0.0,0.0,8.874050821369565,8.874050821369565
1279,1515,1929-01-01,0.0,0.0,freedom_frequency,1920,1.0,4.0,0.0,59.14,0.2477311883877846,0.0712908428499182,0.2230770628773693,0.1388700608965653,0.1487694017167911,0.1833691005333243,1.0,4.0,0.0,0.0,0.0,0.0,0.0,0.0,0.0,8.874050821369565,3.7845193502854366e-05
420,420,1929-01-01,0.06685,0.11225,Democracy,1920,1.0,4.0,0.0,59.14,0.2477311883877846,0.0712908428499182,0.2230770628773693,0.1388700608965653,0.1487694017167911,0.1833691005333243,1.0,4.0,0.0,0.0,0.0,0.0,0.0,0.0,0.0,8.874050821369565,0.5804011254909771
1130,1314,1929-01-01,0.0,0.0,democracy_frequency,1920,1.0,4.0,0.0,59.14,0.2477311883877846,0.0712908428499182,0.2230770628773693,0.1388700608965653,0.1487694017167911,0.1833691005333243,1.0,4.0,0.0,0.0,0.0,0.0,0.0,0.0,0.0,8.874050821369565,1.2564184610730173e-05
683,713,1929-01-01,0.0,0.0,Life_expectancy,1920,1.0,4.0,0.0,59.14,0.2477311883877846,0.0712908428499182,0.2230770628773693,0.1388700608965653,0.1487694017167911,0.1833691005333243,1.0,4.0,0.0,1.0,4.0,0.0,0.0,0.0,0.0,8.874050821369565,4.096675177560383
1577,1917,1929-01-01,0.0,0.0,liberty_frequency,1920,1.0,4.0,0.0,59.14,0.2477311883877846,0.0712908428499182,0.2230770628773693,0.1388700608965653,0.1487694017167911,0.1833691005333243,1.0,4.0,0.0,1.0,4.0,0.0,0.0,0.0,0.0,8.874050821369565,2.7423102951832973e-05
1428,1716,1929-01-01,0.0,0.0,justice_frequency,1920,1.0,4.0,0.0,59.14,0.2477311883877846,0.0712908428499182,0.2230770628773693,0.1388700608965653,0.1487694017167911,0.1833691005333243,1.0,4.0,0.0,1.0,4.0,0.0,0.0,0.0,0.0,8.874050821369565,5.018133394671238e-05
11,11,1929-01-01,0.04825,0.1125,Economy,1920,1.0,4.0,0.0,59.14,0.2477311883877846,0.0712908428499182,0.2230770628773693,0.1388700608965653,0.1487694017167911,0.1833691005333243,1.0,4.0,0.0,1.0,4.0,0.0,0.0,0.0,0.0,8.874050821369565,0.6412194744495113
229,229,1929-01-01,0.055,0.1022,Liberty,1920,1.0,4.0,0.0,59.14,0.2477311883877846,0.0712908428499182,0.2230770628773693,0.1388700608965653,0.1487694017167911,0.1833691005333243,1.0,4.0,0.0,1.0,4.0,0.0,0.0,0.0,0.0,8.874050821369565,0.6924994708412868
832,912,1929-01-01,0.0,0.0,economy_frequency,1920,1.0,4.0,0.0,59.14,0.2477311883877846,0.0712908428499182,0.2230770628773693,0.1388700608965653,0.1487694017167911,0.1833691005333243,1.0,4.0,0.0,1.0,4.0,0.0,1.0,4.0,0.0,8.874050821369565,2.9055413788986462e-05
981,1113,1929-01-01,0.0,0.0,equality_frequency,1920,1.0,4.0,0.0,59.14,0.2477311883877846,0.0712908428499182,0.2230770628773693,0.1388700608965653,0.1487694017167911,0.1833691005333243,1.0,4.0,0.0,1.0,4.0,0.0,1.0,4.0,0.0,8.874050821369565,1.1057601044438931e-05
1280,1516,1930-01-01,0.0,0.0,freedom_frequency,1930,0.0,0.0,0.0,59.7,0.2501193178199606,0.0916853040208972,0.2355157291336913,0.1342208936345836,0.1336561007694719,0.1694768467961227,1.0,4.0,0.0,1.0,4.0,0.0,1.0,4.0,0.0,8.890038312128409,3.768583318224632e-05
421,421,1930-01-01,0.07515,0.0952,Democracy,1930,0.0,0.0,0.0,59.7,0.2501193178199606,0.0916853040208972,0.2355157291336913,0.1342208936345836,0.1336561007694719,0.1694768467961227,0.0,0.0,0.0,1.0,4.0,0.0,1.0,4.0,0.0,8.890038312128409,0.2621873257378341
1131,1315,1930-01-01,0.0,0.0,democracy_frequency,1930,0.0,0.0,0.0,59.7,0.2501193178199606,0.0916853040208972,0.2355157291336913,0.1342208936345836,0.1336561007694719,0.1694768467961227,0.0,0.0,0.0,1.0,4.0,0.0,1.0,4.0,0.0,8.890038312128409,1.2647615795609851e-05
230,230,1930-01-01,0.05085,0.09385,Liberty,1930,0.0,0.0,0.0,59.7,0.2501193178199606,0.0916853040208972,0.2355157291336913,0.1342208936345836,0.1336561007694719,0.1694768467961227,0.0,0.0,0.0,1.0,4.0,0.0,1.0,4.0,0.0,8.890038312128409,0.5306106038476357
1429,1717,1930-01-01,0.0,0.0,justice_frequency,1930,0.0,0.0,0.0,59.7,0.2501193178199606,0.0916853040208972,0.2355157291336913,0.1342208936345836,0.1336561007694719,0.1694768467961227,0.0,0.0,0.0,1.0,4.0,0.0,1.0,4.0,0.0,8.890038312128409,4.8854600710117855e-05
684,714,1930-01-01,0.0,0.0,Life_expectancy,1930,0.0,0.0,0.0,59.7,0.2501193178199606,0.0916853040208972,0.2355157291336913,0.1342208936345836,0.1336561007694719,0.1694768467961227,0.0,0.0,0.0,0.0,0.0,0.0,1.0,4.0,0.0,8.890038312128409,4.1059436980654525
982,1114,1930-01-01,0.0,0.0,equality_frequency,1930,0.0,0.0,0.0,59.7,0.2501193178199606,0.0916853040208972,0.2355157291336913,0.1342208936345836,0.1336561007694719,0.1694768467961227,0.0,0.0,0.0,0.0,0.0,0.0,1.0,4.0,0.0,8.890038312128409,1.1173972976081238e-05
535,565,1930-01-01,0.0,0.0,gdp_percap,1930,0.0,0.0,0.0,59.7,0.2501193178199606,0.0916853040208972,0.2355157291336913,0.1342208936345836,0.1336561007694719,0.1694768467961227,0.0,0.0,0.0,0.0,0.0,0.0,1.0,4.0,0.0,8.890038312128409,8.890038312128409
833,913,1930-01-01,0.0,0.0,economy_frequency,1930,0.0,0.0,0.0,59.7,0.2501193178199606,0.0916853040208972,0.2355157291336913,0.1342208936345836,0.1336561007694719,0.1694768467961227,0.0,0.0,0.0,0.0,0.0,0.0,1.0,4.0,0.0,8.890038312128409,3.05473228859293e-05
12,12,1930-01-01,0.04965,0.10265,Economy,1930,0.0,0.0,0.0,59.7,0.2501193178199606,0.0916853040208972,0.2355157291336913,0.1342208936345836,0.1336561007694719,0.1694768467961227,0.0,0.0,0.0,0.0,0.0,0.0,1.0,4.0,0.0,8.890038312128409,0.6408560200485023
1578,1918,1930-01-01,0.0,0.0,liberty_frequency,1930,0.0,0.0,0.0,59.7,0.2501193178199606,0.0916853040208972,0.2355157291336913,0.1342208936345836,0.1336561007694719,0.1694768467961227,0.0,0.0,0.0,0.0,0.0,0.0,0.0,0.0,0.0,8.890038312128409,2.6232009713237527e-05
116,116,1930-01-01,0.07545,0.103,Freedom,1930,0.0,0.0,0.0,59.7,0.2501193178199606,0.0916853040208972,0.2355157291336913,0.1342208936345836,0.1336561007694719,0.1694768467961227,0.0,0.0,0.0,0.0,0.0,0.0,0.0,0.0,0.0,8.890038312128409,0.5176055877783581
422,422,1931-01-01,0.07245,0.106,Democracy,1930,0.0,0.0,0.0,60.02,0.266050886460744,0.1068701022697441,0.2589208240434711,0.1483463453434137,0.1281538365928023,0.166791882590672,0.0,0.0,0.0,0.0,0.0,0.0,0.0,0.0,0.0,8.905774219932331,0.4701692405314295
117,117,1931-01-01,0.07595,0.0995,Freedom,1930,0.0,0.0,0.0,60.02,0.266050886460744,0.1068701022697441,0.2589208240434711,0.1483463453434137,0.1281538365928023,0.166791882590672,0.0,0.0,0.0,0.0,0.0,0.0,0.0,0.0,0.0,8.905774219932331,0.3991518882737844
1281,1517,1931-01-01,0.0,0.0,freedom_frequency,1930,0.0,0.0,0.0,60.02,0.266050886460744,0.1068701022697441,0.2589208240434711,0.1483463453434137,0.1281538365928023,0.166791882590672,0.0,0.0,0.0,0.0,0.0,0.0,0.0,0.0,0.0,8.905774219932331,3.817001368611189e-05
231,231,1931-01-01,0.05215,0.0952,Liberty,1930,0.0,0.0,0.0,60.02,0.266050886460744,0.1068701022697441,0.2589208240434711,0.1483463453434137,0.1281538365928023,0.166791882590672,0.0,0.0,0.0,0.0,0.0,0.0,0.0,0.0,0.0,8.905774219932331,0.5872309549683961
685,715,1931-01-01,0.0,0.0,Life_expectancy,1930,0.0,0.0,0.0,60.02,0.266050886460744,0.1068701022697441,0.2589208240434711,0.1483463453434137,0.1281538365928023,0.166791882590672,0.0,0.0,0.0,0.0,0.0,0.0,0.0,0.0,0.0,8.905774219932331,4.1112016792885235
983,1115,1931-01-01,0.0,0.0,equality_frequency,1930,0.0,0.0,0.0,60.02,0.266050886460744,0.1068701022697441,0.2589208240434711,0.1483463453434137,0.1281538365928023,0.166791882590672,0.0,0.0,0.0,0.0,0.0,0.0,0.0,0.0,0.0,8.905774219932331,1.1392943048282782e-05
1430,1718,1931-01-01,0.0,0.0,justice_frequency,1930,0.0,0.0,0.0,60.02,0.266050886460744,0.1068701022697441,0.2589208240434711,0.1483463453434137,0.1281538365928023,0.166791882590672,0.0,0.0,0.0,0.0,0.0,0.0,0.0,0.0,0.0,8.905774219932331,4.837157960236667e-05
834,914,1931-01-01,0.0,0.0,economy_frequency,1930,0.0,0.0,0.0,60.02,0.266050886460744,0.1068701022697441,0.2589208240434711,0.1483463453434137,0.1281538365928023,0.166791882590672,0.0,0.0,0.0,0.0,0.0,0.0,0.0,0.0,0.0,8.905774219932331,3.165812983353072e-05
1132,1316,1931-01-01,0.0,0.0,democracy_frequency,1930,0.0,0.0,0.0,60.02,0.266050886460744,0.1068701022697441,0.2589208240434711,0.1483463453434137,0.1281538365928023,0.166791882590672,0.0,0.0,0.0,0.0,0.0,0.0,0.0,0.0,0.0,8.905774219932331,1.3204197530851989e-05
1579,1919,1931-01-01,0.0,0.0,liberty_frequency,1930,0.0,0.0,0.0,60.02,0.266050886460744,0.1068701022697441,0.2589208240434711,0.1483463453434137,0.1281538365928023,0.166791882590672,0.0,0.0,0.0,0.0,0.0,0.0,0.0,0.0,0.0,8.905774219932331,2.600180624559542e-05
536,566,1931-01-01,0.0,0.0,gdp_percap,1930,0.0,0.0,0.0,60.02,0.266050886460744,0.1068701022697441,0.2589208240434711,0.1483463453434137,0.1281538365928023,0.166791882590672,0.0,0.0,0.0,0.0,0.0,0.0,0.0,0.0,0.0,8.905774219932331,8.905774219932331
13,13,1931-01-01,0.0484,0.09195,Economy,1930,0.0,0.0,0.0,60.02,0.266050886460744,0.1068701022697441,0.2589208240434711,0.1483463453434137,0.1281538365928023,0.166791882590672,0.0,0.0,0.0,0.0,0.0,0.0,0.0,0.0,0.0,8.905774219932331,0.692144177720728
14,14,1932-01-01,0.0515,0.09425,Economy,1930,1.0,3.0,0.0,60.34,0.2905968068844088,0.1207254939152997,0.2778051057308918,0.170833987928878,0.1201210582419502,0.1646330139290636,0.0,0.0,0.0,0.0,0.0,0.0,0.0,0.0,0.0,8.921266340207383,0.5800148759689869
232,232,1932-01-01,0.05275,0.0881,Liberty,1930,1.0,3.0,0.0,60.34,0.2905968068844088,0.1207254939152997,0.2778051057308918,0.170833987928878,0.1201210582419502,0.1646330139290636,1.0,3.0,0.0,0.0,0.0,0.0,0.0,0.0,0.0,8.921266340207383,0.5294805338631569
1580,1920,1932-01-01,0.0,0.0,liberty_frequency,1930,1.0,3.0,0.0,60.34,0.2905968068844088,0.1207254939152997,0.2778051057308918,0.170833987928878,0.1201210582419502,0.1646330139290636,1.0,3.0,0.0,0.0,0.0,0.0,0.0,0.0,0.0,8.921266340207383,2.5816709120548056e-05
1133,1317,1932-01-01,0.0,0.0,democracy_frequency,1930,1.0,3.0,0.0,60.34,0.2905968068844088,0.1207254939152997,0.2778051057308918,0.170833987928878,0.1201210582419502,0.1646330139290636,1.0,3.0,0.0,0.0,0.0,0.0,0.0,0.0,0.0,8.921266340207383,1.406172773587423e-05
1282,1518,1932-01-01,0.0,0.0,freedom_frequency,1930,1.0,3.0,0.0,60.34,0.2905968068844088,0.1207254939152997,0.2778051057308918,0.170833987928878,0.1201210582419502,0.1646330139290636,1.0,3.0,0.0,0.0,0.0,0.0,0.0,0.0,0.0,8.921266340207383,3.894082594118085e-05
686,716,1932-01-01,0.0,0.0,Life_expectancy,1930,1.0,3.0,0.0,60.34,0.2905968068844088,0.1207254939152997,0.2778051057308918,0.170833987928878,0.1201210582419502,0.1646330139290636,1.0,3.0,0.0,1.0,3.0,0.0,0.0,0.0,0.0,8.921266340207383,4.116432158686106
984,1116,1932-01-01,0.0,0.0,equality_frequency,1930,1.0,3.0,0.0,60.34,0.2905968068844088,0.1207254939152997,0.2778051057308918,0.170833987928878,0.1201210582419502,0.1646330139290636,1.0,3.0,0.0,1.0,3.0,0.0,0.0,0.0,0.0,8.921266340207383,1.1569617901450196e-05
835,915,1932-01-01,0.0,0.0,economy_frequency,1930,1.0,3.0,0.0,60.34,0.2905968068844088,0.1207254939152997,0.2778051057308918,0.170833987928878,0.1201210582419502,0.1646330139290636,1.0,3.0,0.0,1.0,3.0,0.0,0.0,0.0,0.0,8.921266340207383,3.267168620100614e-05
537,567,1932-01-01,0.0,0.0,gdp_percap,1930,1.0,3.0,0.0,60.34,0.2905968068844088,0.1207254939152997,0.2778051057308918,0.170833987928878,0.1201210582419502,0.1646330139290636,1.0,3.0,0.0,1.0,3.0,0.0,0.0,0.0,0.0,8.921266340207383,8.921266340207383
118,118,1932-01-01,0.08105,0.0913,Freedom,1930,1.0,3.0,0.0,60.34,0.2905968068844088,0.1207254939152997,0.2778051057308918,0.170833987928878,0.1201210582419502,0.1646330139290636,1.0,3.0,0.0,1.0,3.0,0.0,0.0,0.0,0.0,8.921266340207383,0.1786314232850546
423,423,1932-01-01,0.06415,0.0992,Democracy,1930,1.0,3.0,0.0,60.34,0.2905968068844088,0.1207254939152997,0.2778051057308918,0.170833987928878,0.1201210582419502,0.1646330139290636,1.0,3.0,0.0,1.0,3.0,0.0,1.0,3.0,0.0,8.921266340207383,0.5316688858844723
1431,1719,1932-01-01,0.0,0.0,justice_frequency,1930,1.0,3.0,0.0,60.34,0.2905968068844088,0.1207254939152997,0.2778051057308918,0.170833987928878,0.1201210582419502,0.1646330139290636,1.0,3.0,0.0,1.0,3.0,0.0,1.0,3.0,0.0,8.921266340207383,4.766641465974496e-05
538,568,1933-01-01,0.0,0.0,gdp_percap,1930,1.0,4.0,0.0,60.66,0.3203705322036641,0.1312167433223209,0.2733068040841522,0.2053487377290445,0.1129634818775233,0.1646414666384933,1.0,3.0,0.0,1.0,3.0,0.0,1.0,3.0,0.0,8.936522111582482,8.936522111582482
836,916,1933-01-01,0.0,0.0,economy_frequency,1930,1.0,4.0,0.0,60.66,0.3203705322036641,0.1312167433223209,0.2733068040841522,0.2053487377290445,0.1129634818775233,0.1646414666384933,1.0,4.0,0.0,1.0,3.0,0.0,1.0,3.0,0.0,8.936522111582482,3.3439146511193636e-05
687,717,1933-01-01,0.0,0.0,Life_expectancy,1930,1.0,4.0,0.0,60.66,0.3203705322036641,0.1312167433223209,0.2733068040841522,0.2053487377290445,0.1129634818775233,0.1646414666384933,1.0,4.0,0.0,1.0,3.0,0.0,1.0,3.0,0.0,8.936522111582482,4.121635422458004
1432,1720,1933-01-01,0.0,0.0,justice_frequency,1930,1.0,4.0,0.0,60.66,0.3203705322036641,0.1312167433223209,0.2733068040841522,0.2053487377290445,0.1129634818775233,0.1646414666384933,1.0,4.0,0.0,1.0,3.0,0.0,1.0,3.0,0.0,8.936522111582482,4.703807972117844e-05
424,424,1933-01-01,0.06815,0.0951,Democracy,1930,1.0,4.0,0.0,60.66,0.3203705322036641,0.1312167433223209,0.2733068040841522,0.2053487377290445,0.1129634818775233,0.1646414666384933,1.0,4.0,0.0,1.0,3.0,0.0,1.0,3.0,0.0,8.936522111582482,0.5091732593635316
1283,1519,1933-01-01,0.0,0.0,freedom_frequency,1930,1.0,4.0,0.0,60.66,0.3203705322036641,0.1312167433223209,0.2733068040841522,0.2053487377290445,0.1129634818775233,0.1646414666384933,1.0,4.0,0.0,1.0,4.0,0.0,1.0,3.0,0.0,8.936522111582482,4.0123891975543376e-05
15,15,1933-01-01,0.06075,0.0848,Economy,1930,1.0,4.0,0.0,60.66,0.3203705322036641,0.1312167433223209,0.2733068040841522,0.2053487377290445,0.1129634818775233,0.1646414666384933,1.0,4.0,0.0,1.0,4.0,0.0,1.0,3.0,0.0,8.936522111582482,0.5408348100063269
119,119,1933-01-01,0.0772,0.0969,Freedom,1930,1.0,4.0,0.0,60.66,0.3203705322036641,0.1312167433223209,0.2733068040841522,0.2053487377290445,0.1129634818775233,0.1646414666384933,1.0,4.0,0.0,1.0,4.0,0.0,1.0,3.0,0.0,8.936522111582482,0.3325681971954452
233,233,1933-01-01,0.0562,0.08805,Liberty,1930,1.0,4.0,0.0,60.66,0.3203705322036641,0.1312167433223209,0.2733068040841522,0.2053487377290445,0.1129634818775233,0.1646414666384933,1.0,4.0,0.0,1.0,4.0,0.0,1.0,3.0,0.0,8.936522111582482,0.4763087103803297
1134,1318,1933-01-01,0.0,0.0,democracy_frequency,1930,1.0,4.0,0.0,60.66,0.3203705322036641,0.1312167433223209,0.2733068040841522,0.2053487377290445,0.1129634818775233,0.1646414666384933,1.0,4.0,0.0,1.0,4.0,0.0,1.0,3.0,0.0,8.936522111582482,1.5101894252784344e-05
985,1117,1933-01-01,0.0,0.0,equality_frequency,1930,1.0,4.0,0.0,60.66,0.3203705322036641,0.1312167433223209,0.2733068040841522,0.2053487377290445,0.1129634818775233,0.1646414666384933,1.0,4.0,0.0,1.0,4.0,0.0,1.0,4.0,0.0,8.936522111582482,1.1527533339134651e-05
1581,1921,1933-01-01,0.0,0.0,liberty_frequency,1930,1.0,4.0,0.0,60.66,0.3203705322036641,0.1312167433223209,0.2733068040841522,0.2053487377290445,0.1129634818775233,0.1646414666384933,1.0,4.0,0.0,1.0,4.0,0.0,1.0,4.0,0.0,8.936522111582482,2.58174338391872e-05
539,569,1934-01-01,0.0,0.0,gdp_percap,1930,0.0,0.0,0.0,60.98,0.3682456689260525,0.1418342639071815,0.2816378368822838,0.241659361122632,0.1084099451788333,0.1636223468901062,1.0,4.0,0.0,1.0,4.0,0.0,1.0,4.0,0.0,8.951548637336785,8.951548637336785
688,718,1934-01-01,0.0,0.0,Life_expectancy,1930,0.0,0.0,0.0,60.98,0.3682456689260525,0.1418342639071815,0.2816378368822838,0.241659361122632,0.1084099451788333,0.1636223468901062,0.0,0.0,0.0,1.0,4.0,0.0,1.0,4.0,0.0,8.951548637336785,4.126811752359602
16,16,1934-01-01,0.0576,0.1002,Economy,1930,0.0,0.0,0.0,60.98,0.3682456689260525,0.1418342639071815,0.2816378368822838,0.241659361122632,0.1084099451788333,0.1636223468901062,0.0,0.0,0.0,1.0,4.0,0.0,1.0,4.0,0.0,8.951548637336785,0.6406452613427289
1433,1721,1934-01-01,0.0,0.0,justice_frequency,1930,0.0,0.0,0.0,60.98,0.3682456689260525,0.1418342639071815,0.2816378368822838,0.241659361122632,0.1084099451788333,0.1636223468901062,0.0,0.0,0.0,1.0,4.0,0.0,1.0,4.0,0.0,8.951548637336785,4.6638342781341665e-05
1284,1520,1934-01-01,0.0,0.0,freedom_frequency,1930,0.0,0.0,0.0,60.98,0.3682456689260525,0.1418342639071815,0.2816378368822838,0.241659361122632,0.1084099451788333,0.1636223468901062,0.0,0.0,0.0,1.0,4.0,0.0,1.0,4.0,0.0,8.951548637336785,4.136851386410076e-05
1582,1922,1934-01-01,0.0,0.0,liberty_frequency,1930,0.0,0.0,0.0,60.98,0.3682456689260525,0.1418342639071815,0.2816378368822838,0.241659361122632,0.1084099451788333,0.1636223468901062,0.0,0.0,0.0,0.0,0.0,0.0,1.0,4.0,0.0,8.951548637336785,2.573005651771204e-05
986,1118,1934-01-01,0.0,0.0,equality_frequency,1930,0.0,0.0,0.0,60.98,0.3682456689260525,0.1418342639071815,0.2816378368822838,0.241659361122632,0.1084099451788333,0.1636223468901062,0.0,0.0,0.0,0.0,0.0,0.0,1.0,4.0,0.0,8.951548637336785,1.160547561384047e-05
234,234,1934-01-01,0.055,0.10315,Liberty,1930,0.0,0.0,0.0,60.98,0.3682456689260525,0.1418342639071815,0.2816378368822838,0.241659361122632,0.1084099451788333,0.1636223468901062,0.0,0.0,0.0,0.0,0.0,0.0,1.0,4.0,0.0,8.951548637336785,0.5878144422941014
120,120,1934-01-01,0.06965,0.09065,Freedom,1930,0.0,0.0,0.0,60.98,0.3682456689260525,0.1418342639071815,0.2816378368822838,0.241659361122632,0.1084099451788333,0.1636223468901062,0.0,0.0,0.0,0.0,0.0,0.0,1.0,4.0,0.0,8.951548637336785,0.4567980683756801
425,425,1934-01-01,0.0714,0.0999,Democracy,1930,0.0,0.0,0.0,60.98,0.3682456689260525,0.1418342639071815,0.2816378368822838,0.241659361122632,0.1084099451788333,0.1636223468901062,0.0,0.0,0.0,0.0,0.0,0.0,1.0,4.0,0.0,8.951548637336785,0.4052417498322284
837,917,1934-01-01,0.0,0.0,economy_frequency,1930,0.0,0.0,0.0,60.98,0.3682456689260525,0.1418342639071815,0.2816378368822838,0.241659361122632,0.1084099451788333,0.1636223468901062,0.0,0.0,0.0,0.0,0.0,0.0,0.0,0.0,0.0,8.951548637336785,3.421584326427308e-05
1135,1319,1934-01-01,0.0,0.0,democracy_frequency,1930,0.0,0.0,0.0,60.98,0.3682456689260525,0.1418342639071815,0.2816378368822838,0.241659361122632,0.1084099451788333,0.1636223468901062,0.0,0.0,0.0,0.0,0.0,0.0,0.0,0.0,0.0,8.951548637336785,1.6774444332866988e-05
17,17,1935-01-01,0.0601,0.10155,Economy,1930,0.0,0.0,0.0,61.3,0.4361591537574549,0.1493117782119443,0.293042581605831,0.2870970553161509,0.1048682482983372,0.1690830153943465,0.0,0.0,0.0,0.0,0.0,0.0,0.0,0.0,0.0,8.966352705259343,0.6238131794663337
1136,1320,1935-01-01,0.0,0.0,democracy_frequency,1930,0.0,0.0,0.0,61.3,0.4361591537574549,0.1493117782119443,0.293042581605831,0.2870970553161509,0.1048682482983372,0.1690830153943465,0.0,0.0,0.0,0.0,0.0,0.0,0.0,0.0,0.0,8.966352705259343,1.914704277390629e-05
1285,1521,1935-01-01,0.0,0.0,freedom_frequency,1930,0.0,0.0,0.0,61.3,0.4361591537574549,0.1493117782119443,0.293042581605831,0.2870970553161509,0.1048682482983372,0.1690830153943465,0.0,0.0,0.0,0.0,0.0,0.0,0.0,0.0,0.0,8.966352705259343,4.2925982842611895e-05
689,719,1935-01-01,0.0,0.0,Life_expectancy,1930,0.0,0.0,0.0,61.3,0.4361591537574549,0.1493117782119443,0.293042581605831,0.2870970553161509,0.1048682482983372,0.1690830153943465,0.0,0.0,0.0,0.0,0.0,0.0,0.0,0.0,0.0,8.966352705259343,4.131961425793407
540,570,1935-01-01,0.0,0.0,gdp_percap,1930,0.0,0.0,0.0,61.3,0.4361591537574549,0.1493117782119443,0.293042581605831,0.2870970553161509,0.1048682482983372,0.1690830153943465,0.0,0.0,0.0,0.0,0.0,0.0,0.0,0.0,0.0,8.966352705259343,8.966352705259343
838,918,1935-01-01,0.0,0.0,economy_frequency,1930,0.0,0.0,0.0,61.3,0.4361591537574549,0.1493117782119443,0.293042581605831,0.2870970553161509,0.1048682482983372,0.1690830153943465,0.0,0.0,0.0,0.0,0.0,0.0,0.0,0.0,0.0,8.966352705259343,3.4762840766312017e-05
1583,1923,1935-01-01,0.0,0.0,liberty_frequency,1930,0.0,0.0,0.0,61.3,0.4361591537574549,0.1493117782119443,0.293042581605831,0.2870970553161509,0.1048682482983372,0.1690830153943465,0.0,0.0,0.0,0.0,0.0,0.0,0.0,0.0,0.0,8.966352705259343,2.6198243398861137e-05
987,1119,1935-01-01,0.0,0.0,equality_frequency,1930,0.0,0.0,0.0,61.3,0.4361591537574549,0.1493117782119443,0.293042581605831,0.2870970553161509,0.1048682482983372,0.1690830153943465,0.0,0.0,0.0,0.0,0.0,0.0,0.0,0.0,0.0,8.966352705259343,1.171217446927253e-05
121,121,1935-01-01,0.068,0.1062,Freedom,1930,0.0,0.0,0.0,61.3,0.4361591537574549,0.1493117782119443,0.293042581605831,0.2870970553161509,0.1048682482983372,0.1690830153943465,0.0,0.0,0.0,0.0,0.0,0.0,0.0,0.0,0.0,8.966352705259343,0.5304517649011686
235,235,1935-01-01,0.053,0.10365,Liberty,1930,0.0,0.0,0.0,61.3,0.4361591537574549,0.1493117782119443,0.293042581605831,0.2870970553161509,0.1048682482983372,0.1690830153943465,0.0,0.0,0.0,0.0,0.0,0.0,0.0,0.0,0.0,8.966352705259343,0.5303311481079288
426,426,1935-01-01,0.0814,0.10845,Democracy,1930,0.0,0.0,0.0,61.3,0.4361591537574549,0.1493117782119443,0.293042581605831,0.2870970553161509,0.1048682482983372,0.1690830153943465,0.0,0.0,0.0,0.0,0.0,0.0,0.0,0.0,0.0,8.966352705259343,0.4690875848051121
1434,1722,1935-01-01,0.0,0.0,justice_frequency,1930,0.0,0.0,0.0,61.3,0.4361591537574549,0.1493117782119443,0.293042581605831,0.2870970553161509,0.1048682482983372,0.1690830153943465,0.0,0.0,0.0,0.0,0.0,0.0,0.0,0.0,0.0,8.966352705259343,4.6327431138465104e-05
1137,1321,1936-01-01,0.0,0.0,democracy_frequency,1930,0.0,0.0,0.0,61.62,0.5342254973020196,0.1455975130076672,0.2875837119996696,0.3315650232535691,0.0952244092129767,0.171957915526638,0.0,0.0,0.0,0.0,0.0,0.0,0.0,0.0,0.0,8.980940806060083,2.2573039537365924e-05
839,919,1936-01-01,0.0,0.0,economy_frequency,1930,0.0,0.0,0.0,61.62,0.5342254973020196,0.1455975130076672,0.2875837119996696,0.3315650232535691,0.0952244092129767,0.171957915526638,0.0,0.0,0.0,0.0,0.0,0.0,0.0,0.0,0.0,8.980940806060083,3.449113369546058e-05
1584,1924,1936-01-01,0.0,0.0,liberty_frequency,1930,0.0,0.0,0.0,61.62,0.5342254973020196,0.1455975130076672,0.2875837119996696,0.3315650232535691,0.0952244092129767,0.171957915526638,0.0,0.0,0.0,0.0,0.0,0.0,0.0,0.0,0.0,8.980940806060083,2.644473154303885e-05
236,236,1936-01-01,0.0652,0.1075,Liberty,1930,0.0,0.0,0.0,61.62,0.5342254973020196,0.1455975130076672,0.2875837119996696,0.3315650232535691,0.0952244092129767,0.171957915526638,0.0,0.0,0.0,0.0,0.0,0.0,0.0,0.0,0.0,8.980940806060083,0.5298426484395757
690,720,1936-01-01,0.0,0.0,Life_expectancy,1930,0.0,0.0,0.0,61.62,0.5342254973020196,0.1455975130076672,0.2875837119996696,0.3315650232535691,0.0952244092129767,0.171957915526638,0.0,0.0,0.0,0.0,0.0,0.0,0.0,0.0,0.0,8.980940806060083,4.1370847158982595
427,427,1936-01-01,0.06815,0.1072,Democracy,1930,0.0,0.0,0.0,61.62,0.5342254973020196,0.1455975130076672,0.2875837119996696,0.3315650232535691,0.0952244092129767,0.171957915526638,0.0,0.0,0.0,0.0,0.0,0.0,0.0,0.0,0.0,8.980940806060083,0.5305429533067731
541,571,1936-01-01,0.0,0.0,gdp_percap,1930,0.0,0.0,0.0,61.62,0.5342254973020196,0.1455975130076672,0.2875837119996696,0.3315650232535691,0.0952244092129767,0.171957915526638,0.0,0.0,0.0,0.0,0.0,0.0,0.0,0.0,0.0,8.980940806060083,8.980940806060083
122,122,1936-01-01,0.06065,0.11255,Freedom,1930,0.0,0.0,0.0,61.62,0.5342254973020196,0.1455975130076672,0.2875837119996696,0.3315650232535691,0.0952244092129767,0.171957915526638,0.0,0.0,0.0,0.0,0.0,0.0,0.0,0.0,0.0,8.980940806060083,0.6925995306270923
1286,1522,1936-01-01,0.0,0.0,freedom_frequency,1930,0.0,0.0,0.0,61.62,0.5342254973020196,0.1455975130076672,0.2875837119996696,0.3315650232535691,0.0952244092129767,0.171957915526638,0.0,0.0,0.0,0.0,0.0,0.0,0.0,0.0,0.0,8.980940806060083,4.445021014142272e-05
1435,1723,1936-01-01,0.0,0.0,justice_frequency,1930,0.0,0.0,0.0,61.62,0.5342254973020196,0.1455975130076672,0.2875837119996696,0.3315650232535691,0.0952244092129767,0.171957915526638,0.0,0.0,0.0,0.0,0.0,0.0,0.0,0.0,0.0,8.980940806060083,4.548083593561115e-05
18,18,1936-01-01,0.05485,0.1108,Economy,1930,0.0,0.0,0.0,61.62,0.5342254973020196,0.1455975130076672,0.2875837119996696,0.3315650232535691,0.0952244092129767,0.171957915526638,0.0,0.0,0.0,0.0,0.0,0.0,0.0,0.0,0.0,8.980940806060083,0.5423330117175671
988,1120,1936-01-01,0.0,0.0,equality_frequency,1930,0.0,0.0,0.0,61.62,0.5342254973020196,0.1455975130076672,0.2875837119996696,0.3315650232535691,0.0952244092129767,0.171957915526638,0.0,0.0,0.0,0.0,0.0,0.0,0.0,0.0,0.0,8.980940806060083,1.1661103170716638e-05
1436,1724,1937-01-01,0.0,0.0,justice_frequency,1930,1.0,1.0,1.0,61.94,0.6500890455367392,0.1547612810667804,0.2775243845775887,0.4005408058413056,0.0943263740686682,0.1789070943415976,0.0,0.0,0.0,0.0,0.0,0.0,0.0,0.0,0.0,8.995319150457036,4.540200087934092e-05
542,572,1937-01-01,0.0,0.0,gdp_percap,1930,1.0,1.0,1.0,61.94,0.6500890455367392,0.1547612810667804,0.2775243845775887,0.4005408058413056,0.0943263740686682,0.1789070943415976,1.0,1.0,1.0,0.0,0.0,0.0,0.0,0.0,0.0,8.995319150457036,8.995319150457036
237,237,1937-01-01,0.069,0.09735,Liberty,1930,1.0,1.0,1.0,61.94,0.6500890455367392,0.1547612810667804,0.2775243845775887,0.4005408058413056,0.0943263740686682,0.1789070943415976,1.0,1.0,1.0,0.0,0.0,0.0,0.0,0.0,0.0,8.995319150457036,0.5419288638171968
840,920,1937-01-01,0.0,0.0,economy_frequency,1930,1.0,1.0,1.0,61.94,0.6500890455367392,0.1547612810667804,0.2775243845775887,0.4005408058413056,0.0943263740686682,0.1789070943415976,1.0,1.0,1.0,0.0,0.0,0.0,0.0,0.0,0.0,8.995319150457036,3.5161484341976876e-05
428,428,1937-01-01,0.0662,0.1072,Democracy,1930,1.0,1.0,1.0,61.94,0.6500890455367392,0.1547612810667804,0.2775243845775887,0.4005408058413056,0.0943263740686682,0.1789070943415976,1.0,1.0,1.0,0.0,0.0,0.0,0.0,0.0,0.0,8.995319150457036,0.5875644179848801
19,19,1937-01-01,0.04475,0.1,Economy,1930,1.0,1.0,1.0,61.94,0.6500890455367392,0.1547612810667804,0.2775243845775887,0.4005408058413056,0.0943263740686682,0.1789070943415976,1.0,1.0,1.0,1.0,1.0,1.0,0.0,0.0,0.0,8.995319150457036,0.636166692066814
989,1121,1937-01-01,0.0,0.0,equality_frequency,1930,1.0,1.0,1.0,61.94,0.6500890455367392,0.1547612810667804,0.2775243845775887,0.4005408058413056,0.0943263740686682,0.1789070943415976,1.0,1.0,1.0,1.0,1.0,1.0,0.0,0.0,0.0,8.995319150457036,1.1566991570989463e-05
1138,1322,1937-01-01,0.0,0.0,democracy_frequency,1930,1.0,1.0,1.0,61.94,0.6500890455367392,0.1547612810667804,0.2775243845775887,0.4005408058413056,0.0943263740686682,0.1789070943415976,1.0,1.0,1.0,1.0,1.0,1.0,0.0,0.0,0.0,8.995319150457036,2.662077542276952e-05
123,123,1937-01-01,0.06555,0.11025,Freedom,1930,1.0,1.0,1.0,61.94,0.6500890455367392,0.1547612810667804,0.2775243845775887,0.4005408058413056,0.0943263740686682,0.1789070943415976,1.0,1.0,1.0,1.0,1.0,1.0,0.0,0.0,0.0,8.995319150457036,0.6905162226233399
1585,1925,1937-01-01,0.0,0.0,liberty_frequency,1930,1.0,1.0,1.0,61.94,0.6500890455367392,0.1547612810667804,0.2775243845775887,0.4005408058413056,0.0943263740686682,0.1789070943415976,1.0,1.0,1.0,1.0,1.0,1.0,0.0,0.0,0.0,8.995319150457036,2.7040539880531464e-05
1287,1523,1937-01-01,0.0,0.0,freedom_frequency,1930,1.0,1.0,1.0,61.94,0.6500890455367392,0.1547612810667804,0.2775243845775887,0.4005408058413056,0.0943263740686682,0.1789070943415976,1.0,1.0,1.0,1.0,1.0,1.0,1.0,1.0,1.0,8.995319150457036,4.681448652384571e-05
691,721,1937-01-01,0.0,0.0,Life_expectancy,1930,1.0,1.0,1.0,61.94,0.6500890455367392,0.1547612810667804,0.2775243845775887,0.4005408058413056,0.0943263740686682,0.1789070943415976,1.0,1.0,1.0,1.0,1.0,1.0,1.0,1.0,1.0,8.995319150457036,4.142181891636261
543,573,1938-01-01,0.0,0.0,gdp_percap,1930,0.0,0.0,0.0,62.26,0.7667403931335122,0.1742321133997595,0.261796736850131,0.4668059488308987,0.0849666441129917,0.1780480426636772,1.0,1.0,1.0,1.0,1.0,1.0,1.0,1.0,1.0,9.009493685052467,9.009493685052467
841,921,1938-01-01,0.0,0.0,economy_frequency,1930,0.0,0.0,0.0,62.26,0.7667403931335122,0.1742321133997595,0.261796736850131,0.4668059488308987,0.0849666441129917,0.1780480426636772,0.0,0.0,0.0,1.0,1.0,1.0,1.0,1.0,1.0,9.009493685052467,3.658581888298864e-05
1437,1725,1938-01-01,0.0,0.0,justice_frequency,1930,0.0,0.0,0.0,62.26,0.7667403931335122,0.1742321133997595,0.261796736850131,0.4668059488308987,0.0849666441129917,0.1780480426636772,0.0,0.0,0.0,1.0,1.0,1.0,1.0,1.0,1.0,9.009493685052467,4.458034576413646e-05
1288,1524,1938-01-01,0.0,0.0,freedom_frequency,1930,0.0,0.0,0.0,62.26,0.7667403931335122,0.1742321133997595,0.261796736850131,0.4668059488308987,0.0849666441129917,0.1780480426636772,0.0,0.0,0.0,1.0,1.0,1.0,1.0,1.0,1.0,9.009493685052467,4.908584530428284e-05
1586,1926,1938-01-01,0.0,0.0,liberty_frequency,1930,0.0,0.0,0.0,62.26,0.7667403931335122,0.1742321133997595,0.261796736850131,0.4668059488308987,0.0849666441129917,0.1780480426636772,0.0,0.0,0.0,1.0,1.0,1.0,1.0,1.0,1.0,9.009493685052467,2.6966886570975968e-05
990,1122,1938-01-01,0.0,0.0,equality_frequency,1930,0.0,0.0,0.0,62.26,0.7667403931335122,0.1742321133997595,0.261796736850131,0.4668059488308987,0.0849666441129917,0.1780480426636772,0.0,0.0,0.0,0.0,0.0,0.0,1.0,1.0,1.0,9.009493685052467,1.141984910270932e-05
238,238,1938-01-01,0.05825,0.09705,Liberty,1930,0.0,0.0,0.0,62.26,0.7667403931335122,0.1742321133997595,0.261796736850131,0.4668059488308987,0.0849666441129917,0.1780480426636772,0.0,0.0,0.0,0.0,0.0,0.0,1.0,1.0,1.0,9.009493685052467,0.4662246227869322
1139,1323,1938-01-01,0.0,0.0,democracy_frequency,1930,0.0,0.0,0.0,62.26,0.7667403931335122,0.1742321133997595,0.261796736850131,0.4668059488308987,0.0849666441129917,0.1780480426636772,0.0,0.0,0.0,0.0,0.0,0.0,1.0,1.0,1.0,9.009493685052467,3.069601681850847e-05
124,124,1938-01-01,0.06375,0.1046,Freedom,1930,0.0,0.0,0.0,62.26,0.7667403931335122,0.1742321133997595,0.261796736850131,0.4668059488308987,0.0849666441129917,0.1780480426636772,0.0,0.0,0.0,0.0,0.0,0.0,1.0,1.0,1.0,9.009493685052467,0.5226405518105273
429,429,1938-01-01,0.06745,0.09575,Democracy,1930,0.0,0.0,0.0,62.26,0.7667403931335122,0.1742321133997595,0.261796736850131,0.4668059488308987,0.0849666441129917,0.1780480426636772,0.0,0.0,0.0,0.0,0.0,0.0,1.0,1.0,1.0,9.009493685052467,0.581447168244762
692,722,1938-01-01,0.0,0.0,Life_expectancy,1930,0.0,0.0,0.0,62.26,0.7667403931335122,0.1742321133997595,0.261796736850131,0.4668059488308987,0.0849666441129917,0.1780480426636772,0.0,0.0,0.0,0.0,0.0,0.0,0.0,0.0,0.0,9.009493685052467,4.147253217877503
20,20,1938-01-01,0.0611,0.1004,Economy,1930,0.0,0.0,0.0,62.26,0.7667403931335122,0.1742321133997595,0.261796736850131,0.4668059488308987,0.0849666441129917,0.1780480426636772,0.0,0.0,0.0,0.0,0.0,0.0,0.0,0.0,0.0,9.009493685052467,0.5296159741768788
1140,1324,1939-01-01,0.0,0.0,democracy_frequency,1930,2.0,1.0,0.0,62.58,0.8646045160856644,0.2045303546757685,0.2695190405341474,0.5638516374622298,0.0792186496924468,0.1808991060947611,0.0,0.0,0.0,0.0,0.0,0.0,0.0,0.0,0.0,9.023470107099444,3.4114909431637865e-05
1587,1927,1939-01-01,0.0,0.0,liberty_frequency,1930,2.0,1.0,0.0,62.58,0.8646045160856644,0.2045303546757685,0.2695190405341474,0.5638516374622298,0.0792186496924468,0.1808991060947611,2.0,1.0,0.0,0.0,0.0,0.0,0.0,0.0,0.0,9.023470107099444,2.7211330816784432e-05
991,1123,1939-01-01,0.0,0.0,equality_frequency,1930,2.0,1.0,0.0,62.58,0.8646045160856644,0.2045303546757685,0.2695190405341474,0.5638516374622298,0.0792186496924468,0.1808991060947611,2.0,1.0,0.0,0.0,0.0,0.0,0.0,0.0,0.0,9.023470107099444,1.1492096325378366e-05
544,574,1939-01-01,0.0,0.0,gdp_percap,1930,2.0,1.0,0.0,62.58,0.8646045160856644,0.2045303546757685,0.2695190405341474,0.5638516374622298,0.0792186496924468,0.1808991060947611,2.0,1.0,0.0,0.0,0.0,0.0,0.0,0.0,0.0,9.023470107099444,9.023470107099444
1438,1726,1939-01-01,0.0,0.0,justice_frequency,1930,2.0,1.0,0.0,62.58,0.8646045160856644,0.2045303546757685,0.2695190405341474,0.5638516374622298,0.0792186496924468,0.1808991060947611,2.0,1.0,0.0,0.0,0.0,0.0,0.0,0.0,0.0,9.023470107099444,4.407575084825464e-05
842,922,1939-01-01,0.0,0.0,economy_frequency,1930,2.0,1.0,0.0,62.58,0.8646045160856644,0.2045303546757685,0.2695190405341474,0.5638516374622298,0.0792186496924468,0.1808991060947611,2.0,1.0,0.0,2.0,1.0,0.0,0.0,0.0,0.0,9.023470107099444,3.880219835183651e-05
693,723,1939-01-01,0.0,0.0,Life_expectancy,1930,2.0,1.0,0.0,62.58,0.8646045160856644,0.2045303546757685,0.2695190405341474,0.5638516374622298,0.0792186496924468,0.1808991060947611,2.0,1.0,0.0,2.0,1.0,0.0,0.0,0.0,0.0,9.023470107099444,4.152298955482657
1289,1525,1939-01-01,0.0,0.0,freedom_frequency,1930,2.0,1.0,0.0,62.58,0.8646045160856644,0.2045303546757685,0.2695190405341474,0.5638516374622298,0.0792186496924468,0.1808991060947611,2.0,1.0,0.0,2.0,1.0,0.0,0.0,0.0,0.0,9.023470107099444,5.241225418362661e-05
125,125,1939-01-01,0.05865,0.10675,Freedom,1930,2.0,1.0,0.0,62.58,0.8646045160856644,0.2045303546757685,0.2695190405341474,0.5638516374622298,0.0792186496924468,0.1808991060947611,2.0,1.0,0.0,2.0,1.0,0.0,0.0,0.0,0.0,9.023470107099444,0.5249918078835054
430,430,1939-01-01,0.0693,0.10725,Democracy,1930,2.0,1.0,0.0,62.58,0.8646045160856644,0.2045303546757685,0.2695190405341474,0.5638516374622298,0.0792186496924468,0.1808991060947611,2.0,1.0,0.0,2.0,1.0,0.0,0.0,0.0,0.0,9.023470107099444,0.5701995814750677
239,239,1939-01-01,0.06325,0.1019,Liberty,1930,2.0,1.0,0.0,62.58,0.8646045160856644,0.2045303546757685,0.2695190405341474,0.5638516374622298,0.0792186496924468,0.1808991060947611,2.0,1.0,0.0,2.0,1.0,0.0,2.0,1.0,0.0,9.023470107099444,0.586060175376418
21,21,1939-01-01,0.0529,0.10015,Economy,1930,2.0,1.0,0.0,62.58,0.8646045160856644,0.2045303546757685,0.2695190405341474,0.5638516374622298,0.0792186496924468,0.1808991060947611,2.0,1.0,0.0,2.0,1.0,0.0,2.0,1.0,0.0,9.023470107099444,0.6917937651062932
22,22,1940-01-01,0.06205,0.08615,Economy,1940,1.0,4.0,0.0,62.9,0.9394818086999176,0.2432902496581313,0.3093635294773129,0.6525115743257129,0.075157597628854,0.1811157397331,2.0,1.0,0.0,2.0,1.0,0.0,2.0,1.0,0.0,9.037253878250628,0.4089589973624201
545,575,1940-01-01,0.0,0.0,gdp_percap,1940,1.0,4.0,0.0,62.9,0.9394818086999176,0.2432902496581313,0.3093635294773129,0.6525115743257129,0.075157597628854,0.1811157397331,1.0,4.0,0.0,2.0,1.0,0.0,2.0,1.0,0.0,9.037253878250628,9.037253878250628
1588,1928,1940-01-01,0.0,0.0,liberty_frequency,1940,1.0,4.0,0.0,62.9,0.9394818086999176,0.2432902496581313,0.3093635294773129,0.6525115743257129,0.075157597628854,0.1811157397331,1.0,4.0,0.0,2.0,1.0,0.0,2.0,1.0,0.0,9.037253878250628,2.7229904531700456e-05
240,240,1940-01-01,0.05405,0.09665,Liberty,1940,1.0,4.0,0.0,62.9,0.9394818086999176,0.2432902496581313,0.3093635294773129,0.6525115743257129,0.075157597628854,0.1811157397331,1.0,4.0,0.0,2.0,1.0,0.0,2.0,1.0,0.0,9.037253878250628,0.5877338857315453
1141,1325,1940-01-01,0.0,0.0,democracy_frequency,1940,1.0,4.0,0.0,62.9,0.9394818086999176,0.2432902496581313,0.3093635294773129,0.6525115743257129,0.075157597628854,0.1811157397331,1.0,4.0,0.0,2.0,1.0,0.0,2.0,1.0,0.0,9.037253878250628,3.673074700777075e-05
694,724,1940-01-01,0.0,0.0,Life_expectancy,1940,1.0,4.0,0.0,62.9,0.9394818086999176,0.2432902496581313,0.3093635294773129,0.6525115743257129,0.075157597628854,0.1811157397331,1.0,4.0,0.0,1.0,4.0,0.0,2.0,1.0,0.0,9.037253878250628,4.157319361383489
992,1124,1940-01-01,0.0,0.0,equality_frequency,1940,1.0,4.0,0.0,62.9,0.9394818086999176,0.2432902496581313,0.3093635294773129,0.6525115743257129,0.075157597628854,0.1811157397331,1.0,4.0,0.0,1.0,4.0,0.0,2.0,1.0,0.0,9.037253878250628,1.186486760478848e-05
126,126,1940-01-01,0.0648,0.0992,Freedom,1940,1.0,4.0,0.0,62.9,0.9394818086999176,0.2432902496581313,0.3093635294773129,0.6525115743257129,0.075157597628854,0.1811157397331,1.0,4.0,0.0,1.0,4.0,0.0,2.0,1.0,0.0,9.037253878250628,0.530707659673929
1290,1526,1940-01-01,0.0,0.0,freedom_frequency,1940,1.0,4.0,0.0,62.9,0.9394818086999176,0.2432902496581313,0.3093635294773129,0.6525115743257129,0.075157597628854,0.1811157397331,1.0,4.0,0.0,1.0,4.0,0.0,2.0,1.0,0.0,9.037253878250628,5.5451217240619626e-05
1439,1727,1940-01-01,0.0,0.0,justice_frequency,1940,1.0,4.0,0.0,62.9,0.9394818086999176,0.2432902496581313,0.3093635294773129,0.6525115743257129,0.075157597628854,0.1811157397331,1.0,4.0,0.0,1.0,4.0,0.0,2.0,1.0,0.0,9.037253878250628,4.371924613430208e-05
843,923,1940-01-01,0.0,0.0,economy_frequency,1940,1.0,4.0,0.0,62.9,0.9394818086999176,0.2432902496581313,0.3093635294773129,0.6525115743257129,0.075157597628854,0.1811157397331,1.0,4.0,0.0,1.0,4.0,0.0,1.0,4.0,0.0,9.037253878250628,4.163755825547976e-05
431,431,1940-01-01,0.07055,0.0964,Democracy,1940,1.0,4.0,0.0,62.9,0.9394818086999176,0.2432902496581313,0.3093635294773129,0.6525115743257129,0.075157597628854,0.1811157397331,1.0,4.0,0.0,1.0,4.0,0.0,1.0,4.0,0.0,9.037253878250628,0.4051250502950597
432,432,1941-01-01,0.0731,0.10525,Democracy,1940,3.0,4.333333333333333,9.0,63.43,0.9798906190024322,0.2861773877810287,0.3368635785926352,0.736338935882811,0.0645030553512563,0.1779779570037401,1.0,4.0,0.0,1.0,4.0,0.0,1.0,4.0,0.0,9.050850237372323,0.4062547962224134
546,576,1941-01-01,0.0,0.0,gdp_percap,1940,3.0,4.333333333333333,9.0,63.43,0.9798906190024322,0.2861773877810287,0.3368635785926352,0.736338935882811,0.0645030553512563,0.1779779570037401,3.0,4.333333333333333,9.0,1.0,4.0,0.0,1.0,4.0,0.0,9.050850237372323,9.050850237372323
241,241,1941-01-01,0.07195,0.10295,Liberty,1940,3.0,4.333333333333333,9.0,63.43,0.9798906190024322,0.2861773877810287,0.3368635785926352,0.736338935882811,0.0645030553512563,0.1779779570037401,3.0,4.333333333333333,9.0,1.0,4.0,0.0,1.0,4.0,0.0,9.050850237372323,0.4750129366890492
127,127,1941-01-01,0.06315,0.1049,Freedom,1940,3.0,4.333333333333333,9.0,63.43,0.9798906190024322,0.2861773877810287,0.3368635785926352,0.736338935882811,0.0645030553512563,0.1779779570037401,3.0,4.333333333333333,9.0,1.0,4.0,0.0,1.0,4.0,0.0,9.050850237372323,0.6362460865515854
844,924,1941-01-01,0.0,0.0,economy_frequency,1940,3.0,4.333333333333333,9.0,63.43,0.9798906190024322,0.2861773877810287,0.3368635785926352,0.736338935882811,0.0645030553512563,0.1779779570037401,3.0,4.333333333333333,9.0,1.0,4.0,0.0,1.0,4.0,0.0,9.050850237372323,4.47748244615534e-05
1589,1929,1941-01-01,0.0,0.0,liberty_frequency,1940,3.0,4.333333333333333,9.0,63.43,0.9798906190024322,0.2861773877810287,0.3368635785926352,0.736338935882811,0.0645030553512563,0.1779779570037401,3.0,4.333333333333333,9.0,3.0,4.333333333333333,9.0,1.0,4.0,0.0,9.050850237372323,2.69608775715816e-05
1142,1326,1941-01-01,0.0,0.0,democracy_frequency,1940,3.0,4.333333333333333,9.0,63.43,0.9798906190024322,0.2861773877810287,0.3368635785926352,0.736338935882811,0.0645030553512563,0.1779779570037401,3.0,4.333333333333333,9.0,3.0,4.333333333333333,9.0,1.0,4.0,0.0,9.050850237372323,3.814242560679398e-05
23,23,1941-01-01,0.0526,0.09195,Economy,1940,3.0,4.333333333333333,9.0,63.43,0.9798906190024322,0.2861773877810287,0.3368635785926352,0.736338935882811,0.0645030553512563,0.1779779570037401,3.0,4.333333333333333,9.0,3.0,4.333333333333333,9.0,1.0,4.0,0.0,9.050850237372323,0.6418828331218489
1440,1728,1941-01-01,0.0,0.0,justice_frequency,1940,3.0,4.333333333333333,9.0,63.43,0.9798906190024322,0.2861773877810287,0.3368635785926352,0.736338935882811,0.0645030553512563,0.1779779570037401,3.0,4.333333333333333,9.0,3.0,4.333333333333333,9.0,1.0,4.0,0.0,9.050850237372323,4.278392274003684e-05
695,725,1941-01-01,0.0,0.0,Life_expectancy,1940,3.0,4.333333333333333,9.0,63.43,0.9798906190024322,0.2861773877810287,0.3368635785926352,0.736338935882811,0.0645030553512563,0.1779779570037401,3.0,4.333333333333333,9.0,3.0,4.333333333333333,9.0,1.0,4.0,0.0,9.050850237372323,4.165579363150551
1291,1527,1941-01-01,0.0,0.0,freedom_frequency,1940,3.0,4.333333333333333,9.0,63.43,0.9798906190024322,0.2861773877810287,0.3368635785926352,0.736338935882811,0.0645030553512563,0.1779779570037401,3.0,4.333333333333333,9.0,3.0,4.333333333333333,9.0,3.0,4.333333333333333,9.0,9.050850237372323,5.832452745129512e-05
993,1125,1941-01-01,0.0,0.0,equality_frequency,1940,3.0,4.333333333333333,9.0,63.43,0.9798906190024322,0.2861773877810287,0.3368635785926352,0.736338935882811,0.0645030553512563,0.1779779570037401,3.0,4.333333333333333,9.0,3.0,4.333333333333333,9.0,3.0,4.333333333333333,9.0,9.050850237372323,1.2122148486914444e-05
24,24,1942-01-01,0.0513,0.0928,Economy,1940,0.0,0.0,0.0,63.96,1.0,0.3379106481374737,0.3782407989223434,0.8046586219413653,0.0575884505447897,0.1715856508083689,3.0,4.333333333333333,9.0,3.0,4.333333333333333,9.0,3.0,4.333333333333333,9.0,9.06426421249902,0.636044941612746
994,1126,1942-01-01,0.0,0.0,equality_frequency,1940,0.0,0.0,0.0,63.96,1.0,0.3379106481374737,0.3782407989223434,0.8046586219413653,0.0575884505447897,0.1715856508083689,0.0,0.0,0.0,3.0,4.333333333333333,9.0,3.0,4.333333333333333,9.0,9.06426421249902,1.2509259225217072e-05
242,242,1942-01-01,0.0499,0.08255,Liberty,1940,0.0,0.0,0.0,63.96,1.0,0.3379106481374737,0.3782407989223434,0.8046586219413653,0.0575884505447897,0.1715856508083689,0.0,0.0,0.0,3.0,4.333333333333333,9.0,3.0,4.333333333333333,9.0,9.06426421249902,0.6371031455691759
696,726,1942-01-01,0.0,0.0,Life_expectancy,1940,0.0,0.0,0.0,63.96,1.0,0.3379106481374737,0.3782407989223434,0.8046586219413653,0.0575884505447897,0.1715856508083689,0.0,0.0,0.0,3.0,4.333333333333333,9.0,3.0,4.333333333333333,9.0,9.06426421249902,4.173771695853422
1590,1930,1942-01-01,0.0,0.0,liberty_frequency,1940,0.0,0.0,0.0,63.96,1.0,0.3379106481374737,0.3782407989223434,0.8046586219413653,0.0575884505447897,0.1715856508083689,0.0,0.0,0.0,3.0,4.333333333333333,9.0,3.0,4.333333333333333,9.0,9.06426421249902,2.6412814319663347e-05
1143,1327,1942-01-01,0.0,0.0,democracy_frequency,1940,0.0,0.0,0.0,63.96,1.0,0.3379106481374737,0.3782407989223434,0.8046586219413653,0.0575884505447897,0.1715856508083689,0.0,0.0,0.0,0.0,0.0,0.0,3.0,4.333333333333333,9.0,9.06426421249902,3.884494450236316e-05
128,128,1942-01-01,0.0665,0.1161,Freedom,1940,0.0,0.0,0.0,63.96,1.0,0.3379106481374737,0.3782407989223434,0.8046586219413653,0.0575884505447897,0.1715856508083689,0.0,0.0,0.0,0.0,0.0,0.0,3.0,4.333333333333333,9.0,9.06426421249902,0.6854551727745704
845,925,1942-01-01,0.0,0.0,economy_frequency,1940,0.0,0.0,0.0,63.96,1.0,0.3379106481374737,0.3782407989223434,0.8046586219413653,0.0575884505447897,0.1715856508083689,0.0,0.0,0.0,0.0,0.0,0.0,3.0,4.333333333333333,9.0,9.06426421249902,4.8559186273911464e-05
547,577,1942-01-01,0.0,0.0,gdp_percap,1940,0.0,0.0,0.0,63.96,1.0,0.3379106481374737,0.3782407989223434,0.8046586219413653,0.0575884505447897,0.1715856508083689,0.0,0.0,0.0,0.0,0.0,0.0,3.0,4.333333333333333,9.0,9.06426421249902,9.06426421249902
433,433,1942-01-01,0.0693,0.10785,Democracy,1940,0.0,0.0,0.0,63.96,1.0,0.3379106481374737,0.3782407989223434,0.8046586219413653,0.0575884505447897,0.1715856508083689,0.0,0.0,0.0,0.0,0.0,0.0,3.0,4.333333333333333,9.0,9.06426421249902,0.5896682269867826
1292,1528,1942-01-01,0.0,0.0,freedom_frequency,1940,0.0,0.0,0.0,63.96,1.0,0.3379106481374737,0.3782407989223434,0.8046586219413653,0.0575884505447897,0.1715856508083689,0.0,0.0,0.0,0.0,0.0,0.0,0.0,0.0,0.0,9.06426421249902,6.066628241087358e-05
1441,1729,1942-01-01,0.0,0.0,justice_frequency,1940,0.0,0.0,0.0,63.96,1.0,0.3379106481374737,0.3782407989223434,0.8046586219413653,0.0575884505447897,0.1715856508083689,0.0,0.0,0.0,0.0,0.0,0.0,0.0,0.0,0.0,9.06426421249902,4.217691434338151e-05
1144,1328,1943-01-01,0.0,0.0,democracy_frequency,1940,1.0,2.0,0.0,64.49,0.9732018051922702,0.3808392041160492,0.4067031797047343,0.8619457614942196,0.0514728286664738,0.1664908309643612,0.0,0.0,0.0,0.0,0.0,0.0,0.0,0.0,0.0,9.077500631996704,3.790875256182341e-05
1293,1529,1943-01-01,0.0,0.0,freedom_frequency,1940,1.0,2.0,0.0,64.49,0.9732018051922702,0.3808392041160492,0.4067031797047343,0.8619457614942196,0.0514728286664738,0.1664908309643612,1.0,2.0,0.0,0.0,0.0,0.0,0.0,0.0,0.0,9.077500631996704,6.262987683176618e-05
434,434,1943-01-01,0.0813,0.11375,Democracy,1940,1.0,2.0,0.0,64.49,0.9732018051922702,0.3808392041160492,0.4067031797047343,0.8619457614942196,0.0514728286664738,0.1664908309643612,1.0,2.0,0.0,0.0,0.0,0.0,0.0,0.0,0.0,9.077500631996704,0.345028385304271
548,578,1943-01-01,0.0,0.0,gdp_percap,1940,1.0,2.0,0.0,64.49,0.9732018051922702,0.3808392041160492,0.4067031797047343,0.8619457614942196,0.0514728286664738,0.1664908309643612,1.0,2.0,0.0,0.0,0.0,0.0,0.0,0.0,0.0,9.077500631996704,9.077500631996704
846,926,1943-01-01,0.0,0.0,economy_frequency,1940,1.0,2.0,0.0,64.49,0.9732018051922702,0.3808392041160492,0.4067031797047343,0.8619457614942196,0.0514728286664738,0.1664908309643612,1.0,2.0,0.0,0.0,0.0,0.0,0.0,0.0,0.0,9.077500631996704,5.169946052510333e-05
1591,1931,1943-01-01,0.0,0.0,liberty_frequency,1940,1.0,2.0,0.0,64.49,0.9732018051922702,0.3808392041160492,0.4067031797047343,0.8619457614942196,0.0514728286664738,0.1664908309643612,1.0,2.0,0.0,1.0,2.0,0.0,0.0,0.0,0.0,9.077500631996704,2.597599467721522e-05
25,25,1943-01-01,0.07345,0.09375,Economy,1940,1.0,2.0,0.0,64.49,0.9732018051922702,0.3808392041160492,0.4067031797047343,0.8619457614942196,0.0514728286664738,0.1664908309643612,1.0,2.0,0.0,1.0,2.0,0.0,0.0,0.0,0.0,9.077500631996704,0.4050750320383856
1442,1730,1943-01-01,0.0,0.0,justice_frequency,1940,1.0,2.0,0.0,64.49,0.9732018051922702,0.3808392041160492,0.4067031797047343,0.8619457614942196,0.0514728286664738,0.1664908309643612,1.0,2.0,0.0,1.0,2.0,0.0,0.0,0.0,0.0,9.077500631996704,4.164004548999373e-05
129,129,1943-01-01,0.078,0.0982,Freedom,1940,1.0,2.0,0.0,64.49,0.9732018051922702,0.3808392041160492,0.4067031797047343,0.8619457614942196,0.0514728286664738,0.1664908309643612,1.0,2.0,0.0,1.0,2.0,0.0,0.0,0.0,0.0,9.077500631996704,0.5326556063526395
995,1127,1943-01-01,0.0,0.0,equality_frequency,1940,1.0,2.0,0.0,64.49,0.9732018051922702,0.3808392041160492,0.4067031797047343,0.8619457614942196,0.0514728286664738,0.1664908309643612,1.0,2.0,0.0,1.0,2.0,0.0,0.0,0.0,0.0,9.077500631996704,1.2775543174480572e-05
697,727,1943-01-01,0.0,0.0,Life_expectancy,1940,1.0,2.0,0.0,64.49,0.9732018051922702,0.3808392041160492,0.4067031797047343,0.8619457614942196,0.0514728286664738,0.1664908309643612,1.0,2.0,0.0,1.0,2.0,0.0,1.0,2.0,0.0,9.077500631996704,4.181897459229962
243,243,1943-01-01,0.0738,0.1002,Liberty,1940,1.0,2.0,0.0,64.49,0.9732018051922702,0.3808392041160492,0.4067031797047343,0.8619457614942196,0.0514728286664738,0.1664908309643612,1.0,2.0,0.0,1.0,2.0,0.0,1.0,2.0,0.0,9.077500631996704,0.5331456679429399
1145,1329,1944-01-01,0.0,0.0,democracy_frequency,1940,0.0,0.0,0.0,65.02,0.9310686659416132,0.4363181518338311,0.4532657005301413,0.9101165039069988,0.0495818027510809,0.1585468722036065,1.0,2.0,0.0,1.0,2.0,0.0,1.0,2.0,0.0,9.090564134996953,3.6436834278792176e-05
1443,1731,1944-01-01,0.0,0.0,justice_frequency,1940,0.0,0.0,0.0,65.02,0.9310686659416132,0.4363181518338311,0.4532657005301413,0.9101165039069988,0.0495818027510809,0.1585468722036065,0.0,0.0,0.0,1.0,2.0,0.0,1.0,2.0,0.0,9.090564134996953,4.147403894284037e-05
26,26,1944-01-01,0.064,0.1048,Economy,1940,0.0,0.0,0.0,65.02,0.9310686659416132,0.4363181518338311,0.4532657005301413,0.9101165039069988,0.0495818027510809,0.1585468722036065,0.0,0.0,0.0,1.0,2.0,0.0,1.0,2.0,0.0,9.090564134996953,0.4149863039918009
130,130,1944-01-01,0.0604,0.1146,Freedom,1940,0.0,0.0,0.0,65.02,0.9310686659416132,0.4363181518338311,0.4532657005301413,0.9101165039069988,0.0495818027510809,0.1585468722036065,0.0,0.0,0.0,1.0,2.0,0.0,1.0,2.0,0.0,9.090564134996953,0.5334478018022704
698,728,1944-01-01,0.0,0.0,Life_expectancy,1940,0.0,0.0,0.0,65.02,0.9310686659416132,0.4363181518338311,0.4532657005301413,0.9101165039069988,0.0495818027510809,0.1585468722036065,0.0,0.0,0.0,1.0,2.0,0.0,1.0,2.0,0.0,9.090564134996953,4.189957726425047
549,579,1944-01-01,0.0,0.0,gdp_percap,1940,0.0,0.0,0.0,65.02,0.9310686659416132,0.4363181518338311,0.4532657005301413,0.9101165039069988,0.0495818027510809,0.1585468722036065,0.0,0.0,0.0,0.0,0.0,0.0,1.0,2.0,0.0,9.090564134996953,9.090564134996953
244,244,1944-01-01,0.0657,0.09605,Liberty,1940,0.0,0.0,0.0,65.02,0.9310686659416132,0.4363181518338311,0.4532657005301413,0.9101165039069988,0.0495818027510809,0.1585468722036065,0.0,0.0,0.0,0.0,0.0,0.0,1.0,2.0,0.0,9.090564134996953,0.4267666115280799
996,1128,1944-01-01,0.0,0.0,equality_frequency,1940,0.0,0.0,0.0,65.02,0.9310686659416132,0.4363181518338311,0.4532657005301413,0.9101165039069988,0.0495818027510809,0.1585468722036065,0.0,0.0,0.0,0.0,0.0,0.0,1.0,2.0,0.0,9.090564134996953,1.3211165467514793e-05
435,435,1944-01-01,0.07125,0.09645,Democracy,1940,0.0,0.0,0.0,65.02,0.9310686659416132,0.4363181518338311,0.4532657005301413,0.9101165039069988,0.0495818027510809,0.1585468722036065,0.0,0.0,0.0,0.0,0.0,0.0,1.0,2.0,0.0,9.090564134996953,0.464768072606487
1294,1530,1944-01-01,0.0,0.0,freedom_frequency,1940,0.0,0.0,0.0,65.02,0.9310686659416132,0.4363181518338311,0.4532657005301413,0.9101165039069988,0.0495818027510809,0.1585468722036065,0.0,0.0,0.0,0.0,0.0,0.0,1.0,2.0,0.0,9.090564134996953,6.428099138970621e-05
847,927,1944-01-01,0.0,0.0,economy_frequency,1940,0.0,0.0,0.0,65.02,0.9310686659416132,0.4363181518338311,0.4532657005301413,0.9101165039069988,0.0495818027510809,0.1585468722036065,0.0,0.0,0.0,0.0,0.0,0.0,0.0,0.0,0.0,9.090564134996953,5.575779605406219e-05
1592,1932,1944-01-01,0.0,0.0,liberty_frequency,1940,0.0,0.0,0.0,65.02,0.9310686659416132,0.4363181518338311,0.4532657005301413,0.9101165039069988,0.0495818027510809,0.1585468722036065,0.0,0.0,0.0,0.0,0.0,0.0,0.0,0.0,0.0,9.090564134996953,2.5294895193548445e-05
550,580,1945-01-01,0.0,0.0,gdp_percap,1940,0.0,0.0,0.0,65.55,0.8682280636477642,0.4771453945726202,0.4746048966190447,0.9391337275855808,0.0470153842205144,0.151646912463992,0.0,0.0,0.0,0.0,0.0,0.0,0.0,0.0,0.0,9.103459181158224,9.103459181158224
997,1129,1945-01-01,0.0,0.0,equality_frequency,1940,0.0,0.0,0.0,65.55,0.8682280636477642,0.4771453945726202,0.4746048966190447,0.9391337275855808,0.0470153842205144,0.151646912463992,0.0,0.0,0.0,0.0,0.0,0.0,0.0,0.0,0.0,9.103459181158224,1.3410807291331808e-05
27,27,1945-01-01,0.0752,0.08945,Economy,1940,0.0,0.0,0.0,65.55,0.8682280636477642,0.4771453945726202,0.4746048966190447,0.9391337275855808,0.0470153842205144,0.151646912463992,0.0,0.0,0.0,0.0,0.0,0.0,0.0,0.0,0.0,9.103459181158224,0.3368257455581365
131,131,1945-01-01,0.0806,0.09475,Freedom,1940,0.0,0.0,0.0,65.55,0.8682280636477642,0.4771453945726202,0.4746048966190447,0.9391337275855808,0.0470153842205144,0.151646912463992,0.0,0.0,0.0,0.0,0.0,0.0,0.0,0.0,0.0,9.103459181158224,0.2580781691932009
1295,1531,1945-01-01,0.0,0.0,freedom_frequency,1940,0.0,0.0,0.0,65.55,0.8682280636477642,0.4771453945726202,0.4746048966190447,0.9391337275855808,0.0470153842205144,0.151646912463992,0.0,0.0,0.0,0.0,0.0,0.0,0.0,0.0,0.0,9.103459181158224,6.527559298120892e-05
1146,1330,1945-01-01,0.0,0.0,democracy_frequency,1940,0.0,0.0,0.0,65.55,0.8682280636477642,0.4771453945726202,0.4746048966190447,0.9391337275855808,0.0470153842205144,0.151646912463992,0.0,0.0,0.0,0.0,0.0,0.0,0.0,0.0,0.0,9.103459181158224,3.424149819223847e-05
699,729,1945-01-01,0.0,0.0,Life_expectancy,1940,0.0,0.0,0.0,65.55,0.8682280636477642,0.4771453945726202,0.4746048966190447,0.9391337275855808,0.0470153842205144,0.151646912463992,0.0,0.0,0.0,0.0,0.0,0.0,0.0,0.0,0.0,9.103459181158224,4.197953544841121
848,928,1945-01-01,0.0,0.0,economy_frequency,1940,0.0,0.0,0.0,65.55,0.8682280636477642,0.4771453945726202,0.4746048966190447,0.9391337275855808,0.0470153842205144,0.151646912463992,0.0,0.0,0.0,0.0,0.0,0.0,0.0,0.0,0.0,9.103459181158224,5.8744335506202395e-05
1444,1732,1945-01-01,0.0,0.0,justice_frequency,1940,0.0,0.0,0.0,65.55,0.8682280636477642,0.4771453945726202,0.4746048966190447,0.9391337275855808,0.0470153842205144,0.151646912463992,0.0,0.0,0.0,0.0,0.0,0.0,0.0,0.0,0.0,9.103459181158224,4.124874199756972e-05
1593,1933,1945-01-01,0.0,0.0,liberty_frequency,1940,0.0,0.0,0.0,65.55,0.8682280636477642,0.4771453945726202,0.4746048966190447,0.9391337275855808,0.0470153842205144,0.151646912463992,0.0,0.0,0.0,0.0,0.0,0.0,0.0,0.0,0.0,9.103459181158224,2.4703305767162024e-05
436,436,1945-01-01,0.07765,0.0997,Democracy,1940,0.0,0.0,0.0,65.55,0.8682280636477642,0.4771453945726202,0.4746048966190447,0.9391337275855808,0.0470153842205144,0.151646912463992,0.0,0.0,0.0,0.0,0.0,0.0,0.0,0.0,0.0,9.103459181158224,0.1831711957485325
245,245,1945-01-01,0.063,0.0916,Liberty,1940,0.0,0.0,0.0,65.55,0.8682280636477642,0.4771453945726202,0.4746048966190447,0.9391337275855808,0.0470153842205144,0.151646912463992,0.0,0.0,0.0,0.0,0.0,0.0,0.0,0.0,0.0,9.103459181158224,0.2915757323102881
1147,1331,1946-01-01,0.0,0.0,democracy_frequency,1940,2.0,3.0,1.0,66.08,0.811830404675697,0.5209062363224058,0.4600977901363391,0.9261437925739182,0.0467462110662883,0.1444067834499447,0.0,0.0,0.0,0.0,0.0,0.0,0.0,0.0,0.0,9.1161900598058,3.2271242190639305e-05
849,929,1946-01-01,0.0,0.0,economy_frequency,1940,2.0,3.0,1.0,66.08,0.811830404675697,0.5209062363224058,0.4600977901363391,0.9261437925739182,0.0467462110662883,0.1444067834499447,2.0,3.0,1.0,0.0,0.0,0.0,0.0,0.0,0.0,9.1161900598058,6.194545973684749e-05
132,132,1946-01-01,0.0602,0.1197,Freedom,1940,2.0,3.0,1.0,66.08,0.811830404675697,0.5209062363224058,0.4600977901363391,0.9261437925739182,0.0467462110662883,0.1444067834499447,2.0,3.0,1.0,0.0,0.0,0.0,0.0,0.0,0.0,9.1161900598058,0.5910092445877262
998,1130,1946-01-01,0.0,0.0,equality_frequency,1940,2.0,3.0,1.0,66.08,0.811830404675697,0.5209062363224058,0.4600977901363391,0.9261437925739182,0.0467462110662883,0.1444067834499447,2.0,3.0,1.0,0.0,0.0,0.0,0.0,0.0,0.0,9.1161900598058,1.3275084038595977e-05
437,437,1946-01-01,0.06935,0.1011,Democracy,1940,2.0,3.0,1.0,66.08,0.811830404675697,0.5209062363224058,0.4600977901363391,0.9261437925739182,0.0467462110662883,0.1444067834499447,2.0,3.0,1.0,0.0,0.0,0.0,0.0,0.0,0.0,9.1161900598058,0.5392847925059533
246,246,1946-01-01,0.0599,0.0979,Liberty,1940,2.0,3.0,1.0,66.08,0.811830404675697,0.5209062363224058,0.4600977901363391,0.9261437925739182,0.0467462110662883,0.1444067834499447,2.0,3.0,1.0,2.0,3.0,1.0,0.0,0.0,0.0,9.1161900598058,0.4076460614328807
551,581,1946-01-01,0.0,0.0,gdp_percap,1940,2.0,3.0,1.0,66.08,0.811830404675697,0.5209062363224058,0.4600977901363391,0.9261437925739182,0.0467462110662883,0.1444067834499447,2.0,3.0,1.0,2.0,3.0,1.0,0.0,0.0,0.0,9.1161900598058,9.1161900598058
700,730,1946-01-01,0.0,0.0,Life_expectancy,1940,2.0,3.0,1.0,66.08,0.811830404675697,0.5209062363224058,0.4600977901363391,0.9261437925739182,0.0467462110662883,0.1444067834499447,2.0,3.0,1.0,2.0,3.0,1.0,0.0,0.0,0.0,9.1161900598058,4.205885936955008
28,28,1946-01-01,0.06245,0.09065,Economy,1940,2.0,3.0,1.0,66.08,0.811830404675697,0.5209062363224058,0.4600977901363391,0.9261437925739182,0.0467462110662883,0.1444067834499447,2.0,3.0,1.0,2.0,3.0,1.0,0.0,0.0,0.0,9.1161900598058,0.5300751569573513
1594,1934,1946-01-01,0.0,0.0,liberty_frequency,1940,2.0,3.0,1.0,66.08,0.811830404675697,0.5209062363224058,0.4600977901363391,0.9261437925739182,0.0467462110662883,0.1444067834499447,2.0,3.0,1.0,2.0,3.0,1.0,0.0,0.0,0.0,9.1161900598058,2.408255049780279e-05
1445,1733,1946-01-01,0.0,0.0,justice_frequency,1940,2.0,3.0,1.0,66.08,0.811830404675697,0.5209062363224058,0.4600977901363391,0.9261437925739182,0.0467462110662883,0.1444067834499447,2.0,3.0,1.0,2.0,3.0,1.0,2.0,3.0,1.0,9.1161900598058,4.122511222081209e-05
1296,1532,1946-01-01,0.0,0.0,freedom_frequency,1940,2.0,3.0,1.0,66.08,0.811830404675697,0.5209062363224058,0.4600977901363391,0.9261437925739182,0.0467462110662883,0.1444067834499447,2.0,3.0,1.0,2.0,3.0,1.0,2.0,3.0,1.0,9.1161900598058,6.483034685323873e-05
552,582,1947-01-01,0.0,0.0,gdp_percap,1940,0.0,0.0,0.0,66.61,0.7710170936843649,0.5571981883432093,0.4308562949707278,0.9188942549298732,0.0464210709235637,0.1403926587209373,2.0,3.0,1.0,2.0,3.0,1.0,2.0,3.0,1.0,9.12876089849714,9.12876089849714
438,438,1947-01-01,0.0489,0.1014,Democracy,1940,0.0,0.0,0.0,66.61,0.7710170936843649,0.5571981883432093,0.4308562949707278,0.9188942549298732,0.0464210709235637,0.1403926587209373,0.0,0.0,0.0,2.0,3.0,1.0,2.0,3.0,1.0,9.12876089849714,0.6428060642858471
1595,1935,1947-01-01,0.0,0.0,liberty_frequency,1940,0.0,0.0,0.0,66.61,0.7710170936843649,0.5571981883432093,0.4308562949707278,0.9188942549298732,0.0464210709235637,0.1403926587209373,0.0,0.0,0.0,2.0,3.0,1.0,2.0,3.0,1.0,9.12876089849714,2.3738386702551395e-05
29,29,1947-01-01,0.05085,0.0981,Economy,1940,0.0,0.0,0.0,66.61,0.7710170936843649,0.5571981883432093,0.4308562949707278,0.9188942549298732,0.0464210709235637,0.1403926587209373,0.0,0.0,0.0,2.0,3.0,1.0,2.0,3.0,1.0,9.12876089849714,0.641132573457337
850,930,1947-01-01,0.0,0.0,economy_frequency,1940,0.0,0.0,0.0,66.61,0.7710170936843649,0.5571981883432093,0.4308562949707278,0.9188942549298732,0.0464210709235637,0.1403926587209373,0.0,0.0,0.0,2.0,3.0,1.0,2.0,3.0,1.0,9.12876089849714,6.460022372657902e-05
133,133,1947-01-01,0.0527,0.1144,Freedom,1940,0.0,0.0,0.0,66.61,0.7710170936843649,0.5571981883432093,0.4308562949707278,0.9188942549298732,0.0464210709235637,0.1403926587209373,0.0,0.0,0.0,0.0,0.0,0.0,2.0,3.0,1.0,9.12876089849714,0.6925995306270923
1297,1533,1947-01-01,0.0,0.0,freedom_frequency,1940,0.0,0.0,0.0,66.61,0.7710170936843649,0.5571981883432093,0.4308562949707278,0.9188942549298732,0.0464210709235637,0.1403926587209373,0.0,0.0,0.0,0.0,0.0,0.0,2.0,3.0,1.0,9.12876089849714,6.458185987602807e-05
999,1131,1947-01-01,0.0,0.0,equality_frequency,1940,0.0,0.0,0.0,66.61,0.7710170936843649,0.5571981883432093,0.4308562949707278,0.9188942549298732,0.0464210709235637,0.1403926587209373,0.0,0.0,0.0,0.0,0.0,0.0,2.0,3.0,1.0,9.12876089849714,1.3001511106897671e-05
247,247,1947-01-01,0.0584,0.09665,Liberty,1940,0.0,0.0,0.0,66.61,0.7710170936843649,0.5571981883432093,0.4308562949707278,0.9188942549298732,0.0464210709235637,0.1403926587209373,0.0,0.0,0.0,0.0,0.0,0.0,2.0,3.0,1.0,9.12876089849714,0.5296601355306965
701,731,1947-01-01,0.0,0.0,Life_expectancy,1940,0.0,0.0,0.0,66.61,0.7710170936843649,0.5571981883432093,0.4308562949707278,0.9188942549298732,0.0464210709235637,0.1403926587209373,0.0,0.0,0.0,0.0,0.0,0.0,2.0,3.0,1.0,9.12876089849714,4.213755901102586
1148,1332,1947-01-01,0.0,0.0,democracy_frequency,1940,0.0,0.0,0.0,66.61,0.7710170936843649,0.5571981883432093,0.4308562949707278,0.9188942549298732,0.0464210709235637,0.1403926587209373,0.0,0.0,0.0,0.0,0.0,0.0,0.0,0.0,0.0,9.12876089849714,3.0845424010678104e-05
1446,1734,1947-01-01,0.0,0.0,justice_frequency,1940,0.0,0.0,0.0,66.61,0.7710170936843649,0.5571981883432093,0.4308562949707278,0.9188942549298732,0.0464210709235637,0.1403926587209373,0.0,0.0,0.0,0.0,0.0,0.0,0.0,0.0,0.0,9.12876089849714,4.119656929568257e-05
553,583,1948-01-01,0.0,0.0,gdp_percap,1940,1.0,4.0,0.0,67.14,0.7341803302402496,0.5895383796339558,0.4093910840532292,0.9092073324768318,0.0432282175729252,0.1347208331097103,0.0,0.0,0.0,0.0,0.0,0.0,0.0,0.0,0.0,9.141175671055583,9.141175671055583
248,248,1948-01-01,0.0417,0.09635,Liberty,1940,1.0,4.0,0.0,67.14,0.7341803302402496,0.5895383796339558,0.4093910840532292,0.9092073324768318,0.0432282175729252,0.1347208331097103,1.0,4.0,0.0,0.0,0.0,0.0,0.0,0.0,0.0,9.141175671055583,0.6413037348669135
439,439,1948-01-01,0.04955,0.09845,Democracy,1940,1.0,4.0,0.0,67.14,0.7341803302402496,0.5895383796339558,0.4093910840532292,0.9092073324768318,0.0432282175729252,0.1347208331097103,1.0,4.0,0.0,0.0,0.0,0.0,0.0,0.0,0.0,9.141175671055583,0.6919539689660469
851,931,1948-01-01,0.0,0.0,economy_frequency,1940,1.0,4.0,0.0,67.14,0.7341803302402496,0.5895383796339558,0.4093910840532292,0.9092073324768318,0.0432282175729252,0.1347208331097103,1.0,4.0,0.0,0.0,0.0,0.0,0.0,0.0,0.0,9.141175671055583,6.696590964212187e-05
30,30,1948-01-01,0.05015,0.09735,Economy,1940,1.0,4.0,0.0,67.14,0.7341803302402496,0.5895383796339558,0.4093910840532292,0.9092073324768318,0.0432282175729252,0.1347208331097103,1.0,4.0,0.0,0.0,0.0,0.0,0.0,0.0,0.0,9.141175671055583,0.529315625239829
1149,1333,1948-01-01,0.0,0.0,democracy_frequency,1940,1.0,4.0,0.0,67.14,0.7341803302402496,0.5895383796339558,0.4093910840532292,0.9092073324768318,0.0432282175729252,0.1347208331097103,1.0,4.0,0.0,1.0,4.0,0.0,0.0,0.0,0.0,9.141175671055583,2.955852527658306e-05
1000,1132,1948-01-01,0.0,0.0,equality_frequency,1940,1.0,4.0,0.0,67.14,0.7341803302402496,0.5895383796339558,0.4093910840532292,0.9092073324768318,0.0432282175729252,0.1347208331097103,1.0,4.0,0.0,1.0,4.0,0.0,0.0,0.0,0.0,9.141175671055583,1.280069025147096e-05
1447,1735,1948-01-01,0.0,0.0,justice_frequency,1940,1.0,4.0,0.0,67.14,0.7341803302402496,0.5895383796339558,0.4093910840532292,0.9092073324768318,0.0432282175729252,0.1347208331097103,1.0,4.0,0.0,1.0,4.0,0.0,0.0,0.0,0.0,9.141175671055583,4.091627973363225e-05
134,134,1948-01-01,0.05245,0.1028,Freedom,1940,1.0,4.0,0.0,67.14,0.7341803302402496,0.5895383796339558,0.4093910840532292,0.9092073324768318,0.0432282175729252,0.1347208331097103,1.0,4.0,0.0,1.0,4.0,0.0,0.0,0.0,0.0,9.141175671055583,0.6410825361268444
1596,1936,1948-01-01,0.0,0.0,liberty_frequency,1940,1.0,4.0,0.0,67.14,0.7341803302402496,0.5895383796339558,0.4093910840532292,0.9092073324768318,0.0432282175729252,0.1347208331097103,1.0,4.0,0.0,1.0,4.0,0.0,0.0,0.0,0.0,9.141175671055583,2.325209442946916e-05
702,732,1948-01-01,0.0,0.0,Life_expectancy,1940,1.0,4.0,0.0,67.14,0.7341803302402496,0.5895383796339558,0.4093910840532292,0.9092073324768318,0.0432282175729252,0.1347208331097103,1.0,4.0,0.0,1.0,4.0,0.0,1.0,4.0,0.0,9.141175671055583,4.22156441223282
1298,1534,1948-01-01,0.0,0.0,freedom_frequency,1940,1.0,4.0,0.0,67.14,0.7341803302402496,0.5895383796339558,0.4093910840532292,0.9092073324768318,0.0432282175729252,0.1347208331097103,1.0,4.0,0.0,1.0,4.0,0.0,1.0,4.0,0.0,9.141175671055583,6.424982838716709e-05
1597,1937,1949-01-01,0.0,0.0,liberty_frequency,1940,2.0,1.0,0.0,67.67,0.6969513536813361,0.6048098747613203,0.3888298774631469,0.9184472044547752,0.0462346346670805,0.1350712159484225,1.0,4.0,0.0,1.0,4.0,0.0,1.0,4.0,0.0,9.153438205111394,2.328213563976644e-05
554,584,1949-01-01,0.0,0.0,gdp_percap,1940,2.0,1.0,0.0,67.67,0.6969513536813361,0.6048098747613203,0.3888298774631469,0.9184472044547752,0.0462346346670805,0.1350712159484225,2.0,1.0,0.0,1.0,4.0,0.0,1.0,4.0,0.0,9.153438205111394,9.153438205111394
249,249,1949-01-01,0.0426,0.1045,Liberty,1940,2.0,1.0,0.0,67.67,0.6969513536813361,0.6048098747613203,0.3888298774631469,0.9184472044547752,0.0462346346670805,0.1350712159484225,2.0,1.0,0.0,1.0,4.0,0.0,1.0,4.0,0.0,9.153438205111394,0.6436969235771804
852,932,1949-01-01,0.0,0.0,economy_frequency,1940,2.0,1.0,0.0,67.67,0.6969513536813361,0.6048098747613203,0.3888298774631469,0.9184472044547752,0.0462346346670805,0.1350712159484225,2.0,1.0,0.0,1.0,4.0,0.0,1.0,4.0,0.0,9.153438205111394,6.808301800103424e-05
440,440,1949-01-01,0.0625,0.09635,Democracy,1940,2.0,1.0,0.0,67.67,0.6969513536813361,0.6048098747613203,0.3888298774631469,0.9184472044547752,0.0462346346670805,0.1350712159484225,2.0,1.0,0.0,1.0,4.0,0.0,1.0,4.0,0.0,9.153438205111394,0.4991770417001944
31,31,1949-01-01,0.0442,0.0927,Economy,1940,2.0,1.0,0.0,67.67,0.6969513536813361,0.6048098747613203,0.3888298774631469,0.9184472044547752,0.0462346346670805,0.1350712159484225,2.0,1.0,0.0,2.0,1.0,0.0,1.0,4.0,0.0,9.153438205111394,0.6910875609989902
1299,1535,1949-01-01,0.0,0.0,freedom_frequency,1940,2.0,1.0,0.0,67.67,0.6969513536813361,0.6048098747613203,0.3888298774631469,0.9184472044547752,0.0462346346670805,0.1350712159484225,2.0,1.0,0.0,2.0,1.0,0.0,1.0,4.0,0.0,9.153438205111394,6.456653665938656e-05
703,733,1949-01-01,0.0,0.0,Life_expectancy,1940,2.0,1.0,0.0,67.67,0.6969513536813361,0.6048098747613203,0.3888298774631469,0.9184472044547752,0.0462346346670805,0.1350712159484225,2.0,1.0,0.0,2.0,1.0,0.0,1.0,4.0,0.0,9.153438205111394,4.229312422632585
1448,1736,1949-01-01,0.0,0.0,justice_frequency,1940,2.0,1.0,0.0,67.67,0.6969513536813361,0.6048098747613203,0.3888298774631469,0.9184472044547752,0.0462346346670805,0.1350712159484225,2.0,1.0,0.0,2.0,1.0,0.0,1.0,4.0,0.0,9.153438205111394,4.118020270315689e-05
1001,1133,1949-01-01,0.0,0.0,equality_frequency,1940,2.0,1.0,0.0,67.67,0.6969513536813361,0.6048098747613203,0.3888298774631469,0.9184472044547752,0.0462346346670805,0.1350712159484225,2.0,1.0,0.0,2.0,1.0,0.0,1.0,4.0,0.0,9.153438205111394,1.2608326900202327e-05
135,135,1949-01-01,0.053,0.10045,Freedom,1940,2.0,1.0,0.0,67.67,0.6969513536813361,0.6048098747613203,0.3888298774631469,0.9184472044547752,0.0462346346670805,0.1350712159484225,2.0,1.0,0.0,2.0,1.0,0.0,2.0,1.0,0.0,9.153438205111394,0.5233370287030534
1150,1334,1949-01-01,0.0,0.0,democracy_frequency,1940,2.0,1.0,0.0,67.67,0.6969513536813361,0.6048098747613203,0.3888298774631469,0.9184472044547752,0.0462346346670805,0.1350712159484225,2.0,1.0,0.0,2.0,1.0,0.0,2.0,1.0,0.0,9.153438205111394,2.8257922826491737e-05
1449,1737,1950-01-01,0.0,0.0,justice_frequency,1950,2.0,4.0,6.0,68.2,0.6649610340582636,0.6283905732065352,0.3699956045257472,0.9207377051491832,0.0431144188189671,0.1289658927249436,2.0,1.0,0.0,2.0,1.0,0.0,2.0,1.0,0.0,9.165552189186048,4.090628973282878e-05
136,136,1950-01-01,0.05255,0.08905,Freedom,1950,2.0,4.0,6.0,68.2,0.6649610340582636,0.6283905732065352,0.3699956045257472,0.9207377051491832,0.0431144188189671,0.1289658927249436,2.0,4.0,6.0,2.0,1.0,0.0,2.0,1.0,0.0,9.165552189186048,0.5824669849058661
853,933,1950-01-01,0.0,0.0,economy_frequency,1950,2.0,4.0,6.0,68.2,0.6649610340582636,0.6283905732065352,0.3699956045257472,0.9207377051491832,0.0431144188189671,0.1289658927249436,2.0,4.0,6.0,2.0,1.0,0.0,2.0,1.0,0.0,9.165552189186048,6.980794131010093e-05
555,585,1950-01-01,0.0,0.0,gdp_percap,1950,2.0,4.0,6.0,68.2,0.6649610340582636,0.6283905732065352,0.3699956045257472,0.9207377051491832,0.0431144188189671,0.1289658927249436,2.0,4.0,6.0,2.0,1.0,0.0,2.0,1.0,0.0,9.165552189186048,9.165552189186048
1300,1536,1950-01-01,0.0,0.0,freedom_frequency,1950,2.0,4.0,6.0,68.2,0.6649610340582636,0.6283905732065352,0.3699956045257472,0.9207377051491832,0.0431144188189671,0.1289658927249436,2.0,4.0,6.0,2.0,1.0,0.0,2.0,1.0,0.0,9.165552189186048,6.464504644565041e-05
1598,1938,1950-01-01,0.0,0.0,liberty_frequency,1950,2.0,4.0,6.0,68.2,0.6649610340582636,0.6283905732065352,0.3699956045257472,0.9207377051491832,0.0431144188189671,0.1289658927249436,2.0,4.0,6.0,2.0,4.0,6.0,2.0,1.0,0.0,9.165552189186048,2.2758675801343005e-05
1151,1335,1950-01-01,0.0,0.0,democracy_frequency,1950,2.0,4.0,6.0,68.2,0.6649610340582636,0.6283905732065352,0.3699956045257472,0.9207377051491832,0.0431144188189671,0.1289658927249436,2.0,4.0,6.0,2.0,4.0,6.0,2.0,1.0,0.0,9.165552189186048,2.714033265256751e-05
441,441,1950-01-01,0.0614,0.0971,Democracy,1950,2.0,4.0,6.0,68.2,0.6649610340582636,0.6283905732065352,0.3699956045257472,0.9207377051491832,0.0431144188189671,0.1289658927249436,2.0,4.0,6.0,2.0,4.0,6.0,2.0,1.0,0.0,9.165552189186048,0.4687465895022248
1002,1134,1950-01-01,0.0,0.0,equality_frequency,1950,2.0,4.0,6.0,68.2,0.6649610340582636,0.6283905732065352,0.3699956045257472,0.9207377051491832,0.0431144188189671,0.1289658927249436,2.0,4.0,6.0,2.0,4.0,6.0,2.0,1.0,0.0,9.165552189186048,1.2432120094792228e-05
32,32,1950-01-01,0.04465,0.077,Economy,1950,2.0,4.0,6.0,68.2,0.6649610340582636,0.6283905732065352,0.3699956045257472,0.9207377051491832,0.0431144188189671,0.1289658927249436,2.0,4.0,6.0,2.0,4.0,6.0,2.0,1.0,0.0,9.165552189186048,0.6356901927394568
250,250,1950-01-01,0.04935,0.08935,Liberty,1950,2.0,4.0,6.0,68.2,0.6649610340582636,0.6283905732065352,0.3699956045257472,0.9207377051491832,0.0431144188189671,0.1289658927249436,2.0,4.0,6.0,2.0,4.0,6.0,2.0,4.0,6.0,9.165552189186048,0.564165422633994
704,734,1950-01-01,0.0,0.0,Life_expectancy,1950,2.0,4.0,6.0,68.2,0.6649610340582636,0.6283905732065352,0.3699956045257472,0.9207377051491832,0.0431144188189671,0.1289658927249436,2.0,4.0,6.0,2.0,4.0,6.0,2.0,4.0,6.0,9.165552189186048,4.237000862623624
1152,1336,1951-01-01,0.0,0.0,democracy_frequency,1950,2.0,3.0,0.0,68.35,0.6213670123390148,0.6271762840875305,0.3275462999181788,0.899097253991774,0.0354760319152036,0.1219796329132563,2.0,4.0,6.0,2.0,4.0,6.0,2.0,4.0,6.0,9.197448937706683,2.561736210354671e-05
33,33,1951-01-01,0.05645,0.1075,Economy,1950,2.0,3.0,0.0,68.35,0.6213670123390148,0.6271762840875305,0.3275462999181788,0.899097253991774,0.0354760319152036,0.1219796329132563,2.0,3.0,0.0,2.0,4.0,6.0,2.0,4.0,6.0,9.197448937706683,0.5850440183943553
1599,1939,1951-01-01,0.0,0.0,liberty_frequency,1950,2.0,3.0,0.0,68.35,0.6213670123390148,0.6271762840875305,0.3275462999181788,0.899097253991774,0.0354760319152036,0.1219796329132563,2.0,3.0,0.0,2.0,4.0,6.0,2.0,4.0,6.0,9.197448937706683,2.2159685649509356e-05
556,586,1951-01-01,0.0,0.0,gdp_percap,1950,2.0,3.0,0.0,68.35,0.6213670123390148,0.6271762840875305,0.3275462999181788,0.899097253991774,0.0354760319152036,0.1219796329132563,2.0,3.0,0.0,2.0,4.0,6.0,2.0,4.0,6.0,9.197448937706683,9.197448937706683
854,934,1951-01-01,0.0,0.0,economy_frequency,1950,2.0,3.0,0.0,68.35,0.6213670123390148,0.6271762840875305,0.3275462999181788,0.899097253991774,0.0354760319152036,0.1219796329132563,2.0,3.0,0.0,2.0,4.0,6.0,2.0,4.0,6.0,9.197448937706683,6.971911637996854e-05
1301,1537,1951-01-01,0.0,0.0,freedom_frequency,1950,2.0,3.0,0.0,68.35,0.6213670123390148,0.6271762840875305,0.3275462999181788,0.899097253991774,0.0354760319152036,0.1219796329132563,2.0,3.0,0.0,2.0,3.0,0.0,2.0,4.0,6.0,9.197448937706683,6.390329257384791e-05
705,735,1951-01-01,0.0,0.0,Life_expectancy,1950,2.0,3.0,0.0,68.35,0.6213670123390148,0.6271762840875305,0.3275462999181788,0.899097253991774,0.0354760319152036,0.1219796329132563,2.0,3.0,0.0,2.0,3.0,0.0,2.0,4.0,6.0,9.197448937706683,4.239166146760841
137,137,1951-01-01,0.07205,0.1358,Freedom,1950,2.0,3.0,0.0,68.35,0.6213670123390148,0.6271762840875305,0.3275462999181788,0.899097253991774,0.0354760319152036,0.1219796329132563,2.0,3.0,0.0,2.0,3.0,0.0,2.0,4.0,6.0,9.197448937706683,0.6916635805695287
442,442,1951-01-01,0.07645,0.12795,Democracy,1950,2.0,3.0,0.0,68.35,0.6213670123390148,0.6271762840875305,0.3275462999181788,0.899097253991774,0.0354760319152036,0.1219796329132563,2.0,3.0,0.0,2.0,3.0,0.0,2.0,4.0,6.0,9.197448937706683,0.5864190634948138
251,251,1951-01-01,0.05585,0.10095,Liberty,1950,2.0,3.0,0.0,68.35,0.6213670123390148,0.6271762840875305,0.3275462999181788,0.899097253991774,0.0354760319152036,0.1219796329132563,2.0,3.0,0.0,2.0,3.0,0.0,2.0,4.0,6.0,9.197448937706683,0.5861965123905981
1003,1135,1951-01-01,0.0,0.0,equality_frequency,1950,2.0,3.0,0.0,68.35,0.6213670123390148,0.6271762840875305,0.3275462999181788,0.899097253991774,0.0354760319152036,0.1219796329132563,2.0,3.0,0.0,2.0,3.0,0.0,2.0,3.0,0.0,9.197448937706683,1.203497927996384e-05
1450,1738,1951-01-01,0.0,0.0,justice_frequency,1950,2.0,3.0,0.0,68.35,0.6213670123390148,0.6271762840875305,0.3275462999181788,0.899097253991774,0.0354760319152036,0.1219796329132563,2.0,3.0,0.0,2.0,3.0,0.0,2.0,3.0,0.0,9.197448937706683,4.023574181717223e-05
1600,1940,1952-01-01,0.0,0.0,liberty_frequency,1950,1.0,1.0,0.0,68.5,0.5790369743840874,0.6459339407296212,0.3139578629225695,0.8856586917143512,0.0317408955047535,0.1152831170696216,2.0,3.0,0.0,2.0,3.0,0.0,2.0,3.0,0.0,9.228359653876073,2.1585537320808335e-05
1302,1538,1952-01-01,0.0,0.0,freedom_frequency,1950,1.0,1.0,0.0,68.5,0.5790369743840874,0.6459339407296212,0.3139578629225695,0.8856586917143512,0.0317408955047535,0.1152831170696216,1.0,1.0,0.0,2.0,3.0,0.0,2.0,3.0,0.0,9.228359653876073,6.344266855446181e-05
138,138,1952-01-01,0.0611,0.0919,Freedom,1950,1.0,1.0,0.0,68.5,0.5790369743840874,0.6459339407296212,0.3139578629225695,0.8856586917143512,0.0317408955047535,0.1152831170696216,1.0,1.0,0.0,2.0,3.0,0.0,2.0,3.0,0.0,9.228359653876073,0.6285339899680131
855,935,1952-01-01,0.0,0.0,economy_frequency,1950,1.0,1.0,0.0,68.5,0.5790369743840874,0.6459339407296212,0.3139578629225695,0.8856586917143512,0.0317408955047535,0.1152831170696216,1.0,1.0,0.0,2.0,3.0,0.0,2.0,3.0,0.0,9.228359653876073,7.109123315638321e-05
1004,1136,1952-01-01,0.0,0.0,equality_frequency,1950,1.0,1.0,0.0,68.5,0.5790369743840874,0.6459339407296212,0.3139578629225695,0.8856586917143512,0.0317408955047535,0.1152831170696216,1.0,1.0,0.0,2.0,3.0,0.0,2.0,3.0,0.0,9.228359653876073,1.1907850593046913e-05
443,443,1952-01-01,0.06315,0.1003,Democracy,1950,1.0,1.0,0.0,68.5,0.5790369743840874,0.6459339407296212,0.3139578629225695,0.8856586917143512,0.0317408955047535,0.1152831170696216,1.0,1.0,0.0,1.0,1.0,0.0,2.0,3.0,0.0,9.228359653876073,0.5866971827430145
1153,1337,1952-01-01,0.0,0.0,democracy_frequency,1950,1.0,1.0,0.0,68.5,0.5790369743840874,0.6459339407296212,0.3139578629225695,0.8856586917143512,0.0317408955047535,0.1152831170696216,1.0,1.0,0.0,1.0,1.0,0.0,2.0,3.0,0.0,9.228359653876073,2.4138546996324007e-05
1451,1739,1952-01-01,0.0,0.0,justice_frequency,1950,1.0,1.0,0.0,68.5,0.5790369743840874,0.6459339407296212,0.3139578629225695,0.8856586917143512,0.0317408955047535,0.1152831170696216,1.0,1.0,0.0,1.0,1.0,0.0,2.0,3.0,0.0,9.228359653876073,3.990784677642342e-05
34,34,1952-01-01,0.0569,0.11365,Economy,1950,1.0,1.0,0.0,68.5,0.5790369743840874,0.6459339407296212,0.3139578629225695,0.8856586917143512,0.0317408955047535,0.1152831170696216,1.0,1.0,0.0,1.0,1.0,0.0,2.0,3.0,0.0,9.228359653876073,0.6888780809077378
706,736,1952-01-01,0.0,0.0,Life_expectancy,1950,1.0,1.0,0.0,68.5,0.5790369743840874,0.6459339407296212,0.3139578629225695,0.8856586917143512,0.0317408955047535,0.1152831170696216,1.0,1.0,0.0,1.0,1.0,0.0,2.0,3.0,0.0,9.228359653876073,4.241326752570746
557,587,1952-01-01,0.0,0.0,gdp_percap,1950,1.0,1.0,0.0,68.5,0.5790369743840874,0.6459339407296212,0.3139578629225695,0.8856586917143512,0.0317408955047535,0.1152831170696216,1.0,1.0,0.0,1.0,1.0,0.0,1.0,1.0,0.0,9.228359653876073,9.228359653876073
252,252,1952-01-01,0.05325,0.0897,Liberty,1950,1.0,1.0,0.0,68.5,0.5790369743840874,0.6459339407296212,0.3139578629225695,0.8856586917143512,0.0317408955047535,0.1152831170696216,1.0,1.0,0.0,1.0,1.0,0.0,1.0,1.0,0.0,9.228359653876073,0.5853308741371273
856,936,1953-01-01,0.0,0.0,economy_frequency,1950,3.0,3.0,0.0,68.65,0.5512904644811673,0.6593461506630343,0.329529915527755,0.8855090785390032,0.0254693249932641,0.107838319744174,1.0,1.0,0.0,1.0,1.0,0.0,1.0,1.0,0.0,9.25834347701342,7.207233100652225e-05
1601,1941,1953-01-01,0.0,0.0,liberty_frequency,1950,3.0,3.0,0.0,68.65,0.5512904644811673,0.6593461506630343,0.329529915527755,0.8855090785390032,0.0254693249932641,0.107838319744174,3.0,3.0,0.0,1.0,1.0,0.0,1.0,1.0,0.0,9.25834347701342,2.094723217332574e-05
35,35,1953-01-01,0.04685,0.10195,Economy,1950,3.0,3.0,0.0,68.65,0.5512904644811673,0.6593461506630343,0.329529915527755,0.8855090785390032,0.0254693249932641,0.107838319744174,3.0,3.0,0.0,1.0,1.0,0.0,1.0,1.0,0.0,9.25834347701342,0.6357828631703745
558,588,1953-01-01,0.0,0.0,gdp_percap,1950,3.0,3.0,0.0,68.65,0.5512904644811673,0.6593461506630343,0.329529915527755,0.8855090785390032,0.0254693249932641,0.107838319744174,3.0,3.0,0.0,1.0,1.0,0.0,1.0,1.0,0.0,9.25834347701342,9.25834347701342
707,737,1953-01-01,0.0,0.0,Life_expectancy,1950,3.0,3.0,0.0,68.65,0.5512904644811673,0.6593461506630343,0.329529915527755,0.8855090785390032,0.0254693249932641,0.107838319744174,3.0,3.0,0.0,1.0,1.0,0.0,1.0,1.0,0.0,9.25834347701342,4.243482700225814
1452,1740,1953-01-01,0.0,0.0,justice_frequency,1950,3.0,3.0,0.0,68.65,0.5512904644811673,0.6593461506630343,0.329529915527755,0.8855090785390032,0.0254693249932641,0.107838319744174,3.0,3.0,0.0,3.0,3.0,0.0,1.0,1.0,0.0,9.25834347701342,3.935728649008266e-05
1005,1137,1953-01-01,0.0,0.0,equality_frequency,1950,3.0,3.0,0.0,68.65,0.5512904644811673,0.6593461506630343,0.329529915527755,0.8855090785390032,0.0254693249932641,0.107838319744174,3.0,3.0,0.0,3.0,3.0,0.0,1.0,1.0,0.0,9.25834347701342,1.2053537295834656e-05
253,253,1953-01-01,0.03075,0.08825,Liberty,1950,3.0,3.0,0.0,68.65,0.5512904644811673,0.6593461506630343,0.329529915527755,0.8855090785390032,0.0254693249932641,0.107838319744174,3.0,3.0,0.0,3.0,3.0,0.0,1.0,1.0,0.0,9.25834347701342,0.6920791103760032
139,139,1953-01-01,0.0457,0.1063,Freedom,1950,3.0,3.0,0.0,68.65,0.5512904644811673,0.6593461506630343,0.329529915527755,0.8855090785390032,0.0254693249932641,0.107838319744174,3.0,3.0,0.0,3.0,3.0,0.0,1.0,1.0,0.0,9.25834347701342,0.6843233649501484
1303,1539,1953-01-01,0.0,0.0,freedom_frequency,1950,3.0,3.0,0.0,68.65,0.5512904644811673,0.6593461506630343,0.329529915527755,0.8855090785390032,0.0254693249932641,0.107838319744174,3.0,3.0,0.0,3.0,3.0,0.0,1.0,1.0,0.0,9.25834347701342,6.343754036910924e-05
1154,1338,1953-01-01,0.0,0.0,democracy_frequency,1950,3.0,3.0,0.0,68.65,0.5512904644811673,0.6593461506630343,0.329529915527755,0.8855090785390032,0.0254693249932641,0.107838319744174,3.0,3.0,0.0,3.0,3.0,0.0,3.0,3.0,0.0,9.25834347701342,2.3169211502529443e-05
444,444,1953-01-01,0.0525,0.1029,Democracy,1950,3.0,3.0,0.0,68.65,0.5512904644811673,0.6593461506630343,0.329529915527755,0.8855090785390032,0.0254693249932641,0.107838319744174,3.0,3.0,0.0,3.0,3.0,0.0,3.0,3.0,0.0,9.25834347701342,0.689164259249003
1304,1540,1954-01-01,0.0,0.0,freedom_frequency,1950,4.0,3.5,0.0,68.8,0.5144711803342373,0.67162140848892,0.3194817813999125,0.8618630103074503,0.020851557088185,0.0986726035135608,3.0,3.0,0.0,3.0,3.0,0.0,3.0,3.0,0.0,9.287454380478223,6.262704042536451e-05
857,937,1954-01-01,0.0,0.0,economy_frequency,1950,4.0,3.5,0.0,68.8,0.5144711803342373,0.67162140848892,0.3194817813999125,0.8618630103074503,0.020851557088185,0.0986726035135608,4.0,3.5,0.0,3.0,3.0,0.0,3.0,3.0,0.0,9.287454380478223,7.297026041620915e-05
140,140,1954-01-01,0.05495,0.10795,Freedom,1950,4.0,3.5,0.0,68.8,0.5144711803342373,0.67162140848892,0.3194817813999125,0.8618630103074503,0.020851557088185,0.0986726035135608,4.0,3.5,0.0,3.0,3.0,0.0,3.0,3.0,0.0,9.287454380478223,0.5868167502424863
1006,1138,1954-01-01,0.0,0.0,equality_frequency,1950,4.0,3.5,0.0,68.8,0.5144711803342373,0.67162140848892,0.3194817813999125,0.8618630103074503,0.020851557088185,0.0986726035135608,4.0,3.5,0.0,3.0,3.0,0.0,3.0,3.0,0.0,9.287454380478223,1.1959530453606269e-05
1453,1741,1954-01-01,0.0,0.0,justice_frequency,1950,4.0,3.5,0.0,68.8,0.5144711803342373,0.67162140848892,0.3194817813999125,0.8618630103074503,0.020851557088185,0.0986726035135608,4.0,3.5,0.0,3.0,3.0,0.0,3.0,3.0,0.0,9.287454380478223,3.895190783244204e-05
708,738,1954-01-01,0.0,0.0,Life_expectancy,1950,4.0,3.5,0.0,68.8,0.5144711803342373,0.67162140848892,0.3194817813999125,0.8618630103074503,0.020851557088185,0.0986726035135608,4.0,3.5,0.0,4.0,3.5,0.0,3.0,3.0,0.0,9.287454380478223,4.2456340097683265
445,445,1954-01-01,0.05535,0.11645,Democracy,1950,4.0,3.5,0.0,68.8,0.5144711803342373,0.67162140848892,0.3194817813999125,0.8618630103074503,0.020851557088185,0.0986726035135608,4.0,3.5,0.0,4.0,3.5,0.0,3.0,3.0,0.0,9.287454380478223,0.6379066323218341
1155,1339,1954-01-01,0.0,0.0,democracy_frequency,1950,4.0,3.5,0.0,68.8,0.5144711803342373,0.67162140848892,0.3194817813999125,0.8618630103074503,0.020851557088185,0.0986726035135608,4.0,3.5,0.0,4.0,3.5,0.0,3.0,3.0,0.0,9.287454380478223,2.1882913537247668e-05
559,589,1954-01-01,0.0,0.0,gdp_percap,1950,4.0,3.5,0.0,68.8,0.5144711803342373,0.67162140848892,0.3194817813999125,0.8618630103074503,0.020851557088185,0.0986726035135608,4.0,3.5,0.0,4.0,3.5,0.0,3.0,3.0,0.0,9.287454380478223,9.287454380478223
36,36,1954-01-01,0.04465,0.10495,Economy,1950,4.0,3.5,0.0,68.8,0.5144711803342373,0.67162140848892,0.3194817813999125,0.8618630103074503,0.020851557088185,0.0986726035135608,4.0,3.5,0.0,4.0,3.5,0.0,3.0,3.0,0.0,9.287454380478223,0.6384533741372981
1602,1942,1954-01-01,0.0,0.0,liberty_frequency,1950,4.0,3.5,0.0,68.8,0.5144711803342373,0.67162140848892,0.3194817813999125,0.8618630103074503,0.020851557088185,0.0986726035135608,4.0,3.5,0.0,4.0,3.5,0.0,4.0,3.5,0.0,9.287454380478223,2.0161377601246433e-05
254,254,1954-01-01,0.0495,0.0967,Liberty,1950,4.0,3.5,0.0,68.8,0.5144711803342373,0.67162140848892,0.3194817813999125,0.8618630103074503,0.020851557088185,0.0986726035135608,4.0,3.5,0.0,4.0,3.5,0.0,4.0,3.5,0.0,9.287454380478223,0.6397648635780597
141,141,1955-01-01,0.0562,0.10105,Freedom,1950,3.0,2.0,0.0,68.95,0.4907166890160415,0.690190560605702,0.319121276778425,0.8626588953932534,0.0174592377220517,0.0936235416498217,4.0,3.5,0.0,4.0,3.5,0.0,4.0,3.5,0.0,9.315741756364089,0.5325822231676296
1305,1541,1955-01-01,0.0,0.0,freedom_frequency,1950,3.0,2.0,0.0,68.95,0.4907166890160415,0.690190560605702,0.319121276778425,0.8626588953932534,0.0174592377220517,0.0936235416498217,3.0,2.0,0.0,4.0,3.5,0.0,4.0,3.5,0.0,9.315741756364089,6.265432043925805e-05
1454,1742,1955-01-01,0.0,0.0,justice_frequency,1950,3.0,2.0,0.0,68.95,0.4907166890160415,0.690190560605702,0.319121276778425,0.8626588953932534,0.0174592377220517,0.0936235416498217,3.0,2.0,0.0,4.0,3.5,0.0,4.0,3.5,0.0,9.315741756364089,3.865410716712149e-05
255,255,1955-01-01,0.0422,0.0919,Liberty,1950,3.0,2.0,0.0,68.95,0.4907166890160415,0.690190560605702,0.319121276778425,0.8626588953932534,0.0174592377220517,0.0936235416498217,3.0,2.0,0.0,4.0,3.5,0.0,4.0,3.5,0.0,9.315741756364089,0.5373672575698712
1603,1943,1955-01-01,0.0,0.0,liberty_frequency,1950,3.0,2.0,0.0,68.95,0.4907166890160415,0.690190560605702,0.319121276778425,0.8626588953932534,0.0174592377220517,0.0936235416498217,3.0,2.0,0.0,4.0,3.5,0.0,4.0,3.5,0.0,9.315741756364089,1.9728478450934336e-05
37,37,1955-01-01,0.0521,0.09745,Economy,1950,3.0,2.0,0.0,68.95,0.4907166890160415,0.690190560605702,0.319121276778425,0.8626588953932534,0.0174592377220517,0.0936235416498217,3.0,2.0,0.0,3.0,2.0,0.0,4.0,3.5,0.0,9.315741756364089,0.4684868545243207
446,446,1955-01-01,0.0521,0.0978,Democracy,1950,3.0,2.0,0.0,68.95,0.4907166890160415,0.690190560605702,0.319121276778425,0.8626588953932534,0.0174592377220517,0.0936235416498217,3.0,2.0,0.0,3.0,2.0,0.0,4.0,3.5,0.0,9.315741756364089,0.5875949798650494
1007,1139,1955-01-01,0.0,0.0,equality_frequency,1950,3.0,2.0,0.0,68.95,0.4907166890160415,0.690190560605702,0.319121276778425,0.8626588953932534,0.0174592377220517,0.0936235416498217,3.0,2.0,0.0,3.0,2.0,0.0,4.0,3.5,0.0,9.315741756364089,1.1956157697799698e-05
1156,1340,1955-01-01,0.0,0.0,democracy_frequency,1950,3.0,2.0,0.0,68.95,0.4907166890160415,0.690190560605702,0.319121276778425,0.8626588953932534,0.0174592377220517,0.0936235416498217,3.0,2.0,0.0,3.0,2.0,0.0,4.0,3.5,0.0,9.315741756364089,2.105303900581508e-05
858,938,1955-01-01,0.0,0.0,economy_frequency,1950,3.0,2.0,0.0,68.95,0.4907166890160415,0.690190560605702,0.319121276778425,0.8626588953932534,0.0174592377220517,0.0936235416498217,3.0,2.0,0.0,3.0,2.0,0.0,4.0,3.5,0.0,9.315741756364089,7.432858373821037e-05
560,590,1955-01-01,0.0,0.0,gdp_percap,1950,3.0,2.0,0.0,68.95,0.4907166890160415,0.690190560605702,0.319121276778425,0.8626588953932534,0.0174592377220517,0.0936235416498217,3.0,2.0,0.0,3.0,2.0,0.0,3.0,2.0,0.0,9.315741756364089,9.315741756364089
709,739,1955-01-01,0.0,0.0,Life_expectancy,1950,3.0,2.0,0.0,68.95,0.4907166890160415,0.690190560605702,0.319121276778425,0.8626588953932534,0.0174592377220517,0.0936235416498217,3.0,2.0,0.0,3.0,2.0,0.0,3.0,2.0,0.0,9.315741756364089,4.24778070111149
1157,1341,1956-01-01,0.0,0.0,democracy_frequency,1950,2.0,3.0,0.0,69.1,0.471857464543022,0.7130750980708929,0.3169089902224719,0.8445174033569086,0.0049631778773602,0.0840588720816376,3.0,2.0,0.0,3.0,2.0,0.0,3.0,2.0,0.0,9.343250919742504,2.039418247578053e-05
256,256,1956-01-01,0.04465,0.09675,Liberty,1950,2.0,3.0,0.0,69.1,0.471857464543022,0.7130750980708929,0.3169089902224719,0.8445174033569086,0.0049631778773602,0.0840588720816376,2.0,3.0,0.0,3.0,2.0,0.0,3.0,2.0,0.0,9.343250919742504,0.6928596392238974
142,142,1956-01-01,0.05345,0.10285,Freedom,1950,2.0,3.0,0.0,69.1,0.471857464543022,0.7130750980708929,0.3169089902224719,0.8445174033569086,0.0049631778773602,0.0840588720816376,2.0,3.0,0.0,3.0,2.0,0.0,3.0,2.0,0.0,9.343250919742504,0.692304325457357
1455,1743,1956-01-01,0.0,0.0,justice_frequency,1950,2.0,3.0,0.0,69.1,0.471857464543022,0.7130750980708929,0.3169089902224719,0.8445174033569086,0.0049631778773602,0.0840588720816376,2.0,3.0,0.0,3.0,2.0,0.0,3.0,2.0,0.0,9.343250919742504,3.7557118019216775e-05
447,447,1956-01-01,0.05385,0.1117,Democracy,1950,2.0,3.0,0.0,69.1,0.471857464543022,0.7130750980708929,0.3169089902224719,0.8445174033569086,0.0049631778773602,0.0840588720816376,2.0,3.0,0.0,3.0,2.0,0.0,3.0,2.0,0.0,9.343250919742504,0.6902580109259181
1008,1140,1956-01-01,0.0,0.0,equality_frequency,1950,2.0,3.0,0.0,69.1,0.471857464543022,0.7130750980708929,0.3169089902224719,0.8445174033569086,0.0049631778773602,0.0840588720816376,2.0,3.0,0.0,2.0,3.0,0.0,3.0,2.0,0.0,9.343250919742504,1.1935460314264363e-05
1306,1542,1956-01-01,0.0,0.0,freedom_frequency,1950,2.0,3.0,0.0,69.1,0.471857464543022,0.7130750980708929,0.3169089902224719,0.8445174033569086,0.0049631778773602,0.0840588720816376,2.0,3.0,0.0,2.0,3.0,0.0,3.0,2.0,0.0,9.343250919742504,6.203249662229116e-05
561,591,1956-01-01,0.0,0.0,gdp_percap,1950,2.0,3.0,0.0,69.1,0.471857464543022,0.7130750980708929,0.3169089902224719,0.8445174033569086,0.0049631778773602,0.0840588720816376,2.0,3.0,0.0,2.0,3.0,0.0,3.0,2.0,0.0,9.343250919742504,9.343250919742504
38,38,1956-01-01,0.04965,0.10245,Economy,1950,2.0,3.0,0.0,69.1,0.471857464543022,0.7130750980708929,0.3169089902224719,0.8445174033569086,0.0049631778773602,0.0840588720816376,2.0,3.0,0.0,2.0,3.0,0.0,3.0,2.0,0.0,9.343250919742504,0.5850551599590768
859,939,1956-01-01,0.0,0.0,economy_frequency,1950,2.0,3.0,0.0,69.1,0.471857464543022,0.7130750980708929,0.3169089902224719,0.8445174033569086,0.0049631778773602,0.0840588720816376,2.0,3.0,0.0,2.0,3.0,0.0,3.0,2.0,0.0,9.343250919742504,7.600257260036278e-05
1604,1944,1956-01-01,0.0,0.0,liberty_frequency,1950,2.0,3.0,0.0,69.1,0.471857464543022,0.7130750980708929,0.3169089902224719,0.8445174033569086,0.0049631778773602,0.0840588720816376,2.0,3.0,0.0,2.0,3.0,0.0,2.0,3.0,0.0,9.343250919742504,1.8908417212868633e-05
710,740,1956-01-01,0.0,0.0,Life_expectancy,1950,2.0,3.0,0.0,69.1,0.471857464543022,0.7130750980708929,0.3169089902224719,0.8445174033569086,0.0049631778773602,0.0840588720816376,2.0,3.0,0.0,2.0,3.0,0.0,2.0,3.0,0.0,9.343250919742504,4.249922794040544
711,741,1957-01-01,0.0,0.0,Life_expectancy,1950,3.0,3.0,0.0,69.25,0.4715707073752285,0.7321061836030878,0.3325465638725417,0.8540361246985487,0.0036563303441396,0.0812288116180489,2.0,3.0,0.0,2.0,3.0,0.0,2.0,3.0,0.0,9.370023545385155,4.252060308213855
1307,1543,1957-01-01,0.0,0.0,freedom_frequency,1950,3.0,3.0,0.0,69.25,0.4715707073752285,0.7321061836030878,0.3325465638725417,0.8540361246985487,0.0036563303441396,0.0812288116180489,3.0,3.0,0.0,2.0,3.0,0.0,2.0,3.0,0.0,9.370023545385155,6.235876353022468e-05
39,39,1957-01-01,0.0384,0.0889,Economy,1950,3.0,3.0,0.0,69.25,0.4715707073752285,0.7321061836030878,0.3325465638725417,0.8540361246985487,0.0036563303441396,0.0812288116180489,3.0,3.0,0.0,2.0,3.0,0.0,2.0,3.0,0.0,9.370023545385155,0.6515149620635401
1009,1141,1957-01-01,0.0,0.0,equality_frequency,1950,3.0,3.0,0.0,69.25,0.4715707073752285,0.7321061836030878,0.3325465638725417,0.8540361246985487,0.0036563303441396,0.0812288116180489,3.0,3.0,0.0,2.0,3.0,0.0,2.0,3.0,0.0,9.370023545385155,1.2081760005052862e-05
860,940,1957-01-01,0.0,0.0,economy_frequency,1950,3.0,3.0,0.0,69.25,0.4715707073752285,0.7321061836030878,0.3325465638725417,0.8540361246985487,0.0036563303441396,0.0812288116180489,3.0,3.0,0.0,2.0,3.0,0.0,2.0,3.0,0.0,9.370023545385155,7.739468185424007e-05
143,143,1957-01-01,0.0534,0.10195,Freedom,1950,3.0,3.0,0.0,69.25,0.4715707073752285,0.7321061836030878,0.3325465638725417,0.8540361246985487,0.0036563303441396,0.0812288116180489,3.0,3.0,0.0,3.0,3.0,0.0,2.0,3.0,0.0,9.370023545385155,0.6410693679921501
257,257,1957-01-01,0.05265,0.0943,Liberty,1950,3.0,3.0,0.0,69.25,0.4715707073752285,0.7321061836030878,0.3325465638725417,0.8540361246985487,0.0036563303441396,0.0812288116180489,3.0,3.0,0.0,3.0,3.0,0.0,2.0,3.0,0.0,9.370023545385155,0.6031075867828952
1605,1945,1957-01-01,0.0,0.0,liberty_frequency,1950,3.0,3.0,0.0,69.25,0.4715707073752285,0.7321061836030878,0.3325465638725417,0.8540361246985487,0.0036563303441396,0.0812288116180489,3.0,3.0,0.0,3.0,3.0,0.0,2.0,3.0,0.0,9.370023545385155,1.8665771703350055e-05
1158,1342,1957-01-01,0.0,0.0,democracy_frequency,1950,3.0,3.0,0.0,69.25,0.4715707073752285,0.7321061836030878,0.3325465638725417,0.8540361246985487,0.0036563303441396,0.0812288116180489,3.0,3.0,0.0,3.0,3.0,0.0,2.0,3.0,0.0,9.370023545385155,2.0384164465973653e-05
448,448,1957-01-01,0.0509,0.10305,Democracy,1950,3.0,3.0,0.0,69.25,0.4715707073752285,0.7321061836030878,0.3325465638725417,0.8540361246985487,0.0036563303441396,0.0812288116180489,3.0,3.0,0.0,3.0,3.0,0.0,2.0,3.0,0.0,9.370023545385155,0.6039443130991746
1456,1744,1957-01-01,0.0,0.0,justice_frequency,1950,3.0,3.0,0.0,69.25,0.4715707073752285,0.7321061836030878,0.3325465638725417,0.8540361246985487,0.0036563303441396,0.0812288116180489,3.0,3.0,0.0,3.0,3.0,0.0,3.0,3.0,0.0,9.370023545385155,3.7442393982337834e-05
562,592,1957-01-01,0.0,0.0,gdp_percap,1950,3.0,3.0,0.0,69.25,0.4715707073752285,0.7321061836030878,0.3325465638725417,0.8540361246985487,0.0036563303441396,0.0812288116180489,3.0,3.0,0.0,3.0,3.0,0.0,3.0,3.0,0.0,9.370023545385155,9.370023545385155
861,941,1958-01-01,0.0,0.0,economy_frequency,1950,9.0,2.2222222222222223,0.0,69.4,0.4746152811106251,0.7554239390509903,0.362921220373109,0.8947485866421756,0.0014878729765566,0.0834803085185601,3.0,3.0,0.0,3.0,3.0,0.0,3.0,3.0,0.0,9.3960980475321,7.910035507006634e-05
144,144,1958-01-01,0.05515,0.10905,Freedom,1950,9.0,2.2222222222222223,0.0,69.4,0.4746152811106251,0.7554239390509903,0.362921220373109,0.8947485866421756,0.0014878729765566,0.0834803085185601,9.0,2.2222222222222223,0.0,3.0,3.0,0.0,3.0,3.0,0.0,9.3960980475321,0.6919314418490288
1457,1745,1958-01-01,0.0,0.0,justice_frequency,1950,9.0,2.2222222222222223,0.0,69.4,0.4746152811106251,0.7554239390509903,0.362921220373109,0.8947485866421756,0.0014878729765566,0.0834803085185601,9.0,2.2222222222222223,0.0,3.0,3.0,0.0,3.0,3.0,0.0,9.3960980475321,3.725203189752392e-05
258,258,1958-01-01,0.0348,0.0835,Liberty,1950,9.0,2.2222222222222223,0.0,69.4,0.4746152811106251,0.7554239390509903,0.362921220373109,0.8947485866421756,0.0014878729765566,0.0834803085185601,9.0,2.2222222222222223,0.0,3.0,3.0,0.0,3.0,3.0,0.0,9.3960980475321,0.6925244867263751
1308,1544,1958-01-01,0.0,0.0,freedom_frequency,1950,9.0,2.2222222222222223,0.0,69.4,0.4746152811106251,0.7554239390509903,0.362921220373109,0.8947485866421756,0.0014878729765566,0.0834803085185601,9.0,2.2222222222222223,0.0,3.0,3.0,0.0,3.0,3.0,0.0,9.3960980475321,6.375423642631199e-05
1159,1343,1958-01-01,0.0,0.0,democracy_frequency,1950,9.0,2.2222222222222223,0.0,69.4,0.4746152811106251,0.7554239390509903,0.362921220373109,0.8947485866421756,0.0014878729765566,0.0834803085185601,9.0,2.2222222222222223,0.0,9.0,2.2222222222222223,0.0,3.0,3.0,0.0,9.3960980475321,2.0490528217242216e-05
1606,1946,1958-01-01,0.0,0.0,liberty_frequency,1950,9.0,2.2222222222222223,0.0,69.4,0.4746152811106251,0.7554239390509903,0.362921220373109,0.8947485866421756,0.0014878729765566,0.0834803085185601,9.0,2.2222222222222223,0.0,9.0,2.2222222222222223,0.0,3.0,3.0,0.0,9.3960980475321,1.8858811969868367e-05
40,40,1958-01-01,0.048,0.0937,Economy,1950,9.0,2.2222222222222223,0.0,69.4,0.4746152811106251,0.7554239390509903,0.362921220373109,0.8947485866421756,0.0014878729765566,0.0834803085185601,9.0,2.2222222222222223,0.0,9.0,2.2222222222222223,0.0,3.0,3.0,0.0,9.3960980475321,0.5551400725618936
563,593,1958-01-01,0.0,0.0,gdp_percap,1950,9.0,2.2222222222222223,0.0,69.4,0.4746152811106251,0.7554239390509903,0.362921220373109,0.8947485866421756,0.0014878729765566,0.0834803085185601,9.0,2.2222222222222223,0.0,9.0,2.2222222222222223,0.0,3.0,3.0,0.0,9.3960980475321,9.3960980475321
712,742,1958-01-01,0.0,0.0,Life_expectancy,1950,9.0,2.2222222222222223,0.0,69.4,0.4746152811106251,0.7554239390509903,0.362921220373109,0.8947485866421756,0.0014878729765566,0.0834803085185601,9.0,2.2222222222222223,0.0,9.0,2.2222222222222223,0.0,3.0,3.0,0.0,9.3960980475321,4.254193263163996
1010,1142,1958-01-01,0.0,0.0,equality_frequency,1950,9.0,2.2222222222222223,0.0,69.4,0.4746152811106251,0.7554239390509903,0.362921220373109,0.8947485866421756,0.0014878729765566,0.0834803085185601,9.0,2.2222222222222223,0.0,9.0,2.2222222222222223,0.0,9.0,2.2222222222222223,0.0,9.3960980475321,1.236593464728379e-05
449,449,1958-01-01,0.0487,0.10635,Democracy,1950,9.0,2.2222222222222223,0.0,69.4,0.4746152811106251,0.7554239390509903,0.362921220373109,0.8947485866421756,0.0014878729765566,0.0834803085185601,9.0,2.2222222222222223,0.0,9.0,2.2222222222222223,0.0,9.0,2.2222222222222223,0.0,9.3960980475321,0.6914181867111565
145,145,1959-01-01,0.0541,0.10535,Freedom,1950,1.0,3.0,0.0,69.55,0.4844733518300941,0.7708177127601592,0.3983095838910978,0.9196565119225546,0.000202319420238,0.0844200170469841,9.0,2.2222222222222223,0.0,9.0,2.2222222222222223,0.0,9.0,2.2222222222222223,0.0,9.421509911392686,0.6489287998443567
564,594,1959-01-01,0.0,0.0,gdp_percap,1950,1.0,3.0,0.0,69.55,0.4844733518300941,0.7708177127601592,0.3983095838910978,0.9196565119225546,0.000202319420238,0.0844200170469841,1.0,3.0,0.0,9.0,2.2222222222222223,0.0,9.0,2.2222222222222223,0.0,9.421509911392686,9.421509911392686
862,942,1959-01-01,0.0,0.0,economy_frequency,1950,1.0,3.0,0.0,69.55,0.4844733518300941,0.7708177127601592,0.3983095838910978,0.9196565119225546,0.000202319420238,0.0844200170469841,1.0,3.0,0.0,9.0,2.2222222222222223,0.0,9.0,2.2222222222222223,0.0,9.421509911392686,8.022639442617552e-05
450,450,1959-01-01,0.05895,0.10315,Democracy,1950,1.0,3.0,0.0,69.55,0.4844733518300941,0.7708177127601592,0.3983095838910978,0.9196565119225546,0.000202319420238,0.0844200170469841,1.0,3.0,0.0,9.0,2.2222222222222223,0.0,9.0,2.2222222222222223,0.0,9.421509911392686,0.640500338961585
713,743,1959-01-01,0.0,0.0,Life_expectancy,1950,1.0,3.0,0.0,69.55,0.4844733518300941,0.7708177127601592,0.3983095838910978,0.9196565119225546,0.000202319420238,0.0844200170469841,1.0,3.0,0.0,9.0,2.2222222222222223,0.0,9.0,2.2222222222222223,0.0,9.421509911392686,4.256321678298823
259,259,1959-01-01,0.04175,0.09405,Liberty,1950,1.0,3.0,0.0,69.55,0.4844733518300941,0.7708177127601592,0.3983095838910978,0.9196565119225546,0.000202319420238,0.0844200170469841,1.0,3.0,0.0,1.0,3.0,0.0,9.0,2.2222222222222223,0.0,9.421509911392686,0.6478490371826349
41,41,1959-01-01,0.0408,0.11265,Economy,1950,1.0,3.0,0.0,69.55,0.4844733518300941,0.7708177127601592,0.3983095838910978,0.9196565119225546,0.000202319420238,0.0844200170469841,1.0,3.0,0.0,1.0,3.0,0.0,9.0,2.2222222222222223,0.0,9.421509911392686,0.5315778000977586
1309,1545,1959-01-01,0.0,0.0,freedom_frequency,1950,1.0,3.0,0.0,69.55,0.4844733518300941,0.7708177127601592,0.3983095838910978,0.9196565119225546,0.000202319420238,0.0844200170469841,1.0,3.0,0.0,1.0,3.0,0.0,9.0,2.2222222222222223,0.0,9.421509911392686,6.460798719149671e-05
1160,1344,1959-01-01,0.0,0.0,democracy_frequency,1950,1.0,3.0,0.0,69.55,0.4844733518300941,0.7708177127601592,0.3983095838910978,0.9196565119225546,0.000202319420238,0.0844200170469841,1.0,3.0,0.0,1.0,3.0,0.0,9.0,2.2222222222222223,0.0,9.421509911392686,2.0834924916682462e-05
1607,1947,1959-01-01,0.0,0.0,liberty_frequency,1950,1.0,3.0,0.0,69.55,0.4844733518300941,0.7708177127601592,0.3983095838910978,0.9196565119225546,0.000202319420238,0.0844200170469841,1.0,3.0,0.0,1.0,3.0,0.0,9.0,2.2222222222222223,0.0,9.421509911392686,1.8939381283518633e-05
1458,1746,1959-01-01,0.0,0.0,justice_frequency,1950,1.0,3.0,0.0,69.55,0.4844733518300941,0.7708177127601592,0.3983095838910978,0.9196565119225546,0.000202319420238,0.0844200170469841,1.0,3.0,0.0,1.0,3.0,0.0,1.0,3.0,0.0,9.421509911392686,3.7139177157614856e-05
1011,1143,1959-01-01,0.0,0.0,equality_frequency,1950,1.0,3.0,0.0,69.55,0.4844733518300941,0.7708177127601592,0.3983095838910978,0.9196565119225546,0.000202319420238,0.0844200170469841,1.0,3.0,0.0,1.0,3.0,0.0,1.0,3.0,0.0,9.421509911392686,1.2697015673600034e-05
565,595,1960-01-01,0.0,0.0,gdp_percap,1960,4.0,3.0,0.0,69.7,0.486923800535227,0.7833397158627824,0.4327941930559767,0.934518673583076,0.0033792185679993,0.0861672820988235,1.0,3.0,0.0,1.0,3.0,0.0,1.0,3.0,0.0,9.446291983558854,9.446291983558854
451,451,1960-01-01,0.05305,0.0928,Democracy,1960,4.0,3.0,0.0,69.7,0.486923800535227,0.7833397158627824,0.4327941930559767,0.934518673583076,0.0033792185679993,0.0861672820988235,4.0,3.0,0.0,1.0,3.0,0.0,1.0,3.0,0.0,9.446291983558854,0.5873254474465872
863,943,1960-01-01,0.0,0.0,economy_frequency,1960,4.0,3.0,0.0,69.7,0.486923800535227,0.7833397158627824,0.4327941930559767,0.934518673583076,0.0033792185679993,0.0861672820988235,4.0,3.0,0.0,1.0,3.0,0.0,1.0,3.0,0.0,9.446291983558854,8.11423656610934e-05
1608,1948,1960-01-01,0.0,0.0,liberty_frequency,1960,4.0,3.0,0.0,69.7,0.486923800535227,0.7833397158627824,0.4327941930559767,0.934518673583076,0.0033792185679993,0.0861672820988235,4.0,3.0,0.0,1.0,3.0,0.0,1.0,3.0,0.0,9.446291983558854,1.9089189362851588e-05
146,146,1960-01-01,0.05715,0.0843,Freedom,1960,4.0,3.0,0.0,69.7,0.486923800535227,0.7833397158627824,0.4327941930559767,0.934518673583076,0.0033792185679993,0.0861672820988235,4.0,3.0,0.0,1.0,3.0,0.0,1.0,3.0,0.0,9.446291983558854,0.4993257529956983
1161,1345,1960-01-01,0.0,0.0,democracy_frequency,1960,4.0,3.0,0.0,69.7,0.486923800535227,0.7833397158627824,0.4327941930559767,0.934518673583076,0.0033792185679993,0.0861672820988235,4.0,3.0,0.0,4.0,3.0,0.0,1.0,3.0,0.0,9.446291983558854,2.0920532566370215e-05
260,260,1960-01-01,0.04905,0.09,Liberty,1960,4.0,3.0,0.0,69.7,0.486923800535227,0.7833397158627824,0.4327941930559767,0.934518673583076,0.0033792185679993,0.0861672820988235,4.0,3.0,0.0,4.0,3.0,0.0,1.0,3.0,0.0,9.446291983558854,0.5801044543627383
1310,1546,1960-01-01,0.0,0.0,freedom_frequency,1960,4.0,3.0,0.0,69.7,0.486923800535227,0.7833397158627824,0.4327941930559767,0.934518673583076,0.0033792185679993,0.0861672820988235,4.0,3.0,0.0,4.0,3.0,0.0,1.0,3.0,0.0,9.446291983558854,6.511740630604743e-05
1459,1747,1960-01-01,0.0,0.0,justice_frequency,1960,4.0,3.0,0.0,69.7,0.486923800535227,0.7833397158627824,0.4327941930559767,0.934518673583076,0.0033792185679993,0.0861672820988235,4.0,3.0,0.0,4.0,3.0,0.0,1.0,3.0,0.0,9.446291983558854,3.741806720891732e-05
42,42,1960-01-01,0.04825,0.0972,Economy,1960,4.0,3.0,0.0,69.7,0.486923800535227,0.7833397158627824,0.4327941930559767,0.934518673583076,0.0033792185679993,0.0861672820988235,4.0,3.0,0.0,4.0,3.0,0.0,1.0,3.0,0.0,9.446291983558854,0.6402262464958305
714,744,1960-01-01,0.0,0.0,Life_expectancy,1960,4.0,3.0,0.0,69.7,0.486923800535227,0.7833397158627824,0.4327941930559767,0.934518673583076,0.0033792185679993,0.0861672820988235,4.0,3.0,0.0,4.0,3.0,0.0,4.0,3.0,0.0,9.446291983558854,4.258445572902527
1012,1144,1960-01-01,0.0,0.0,equality_frequency,1960,4.0,3.0,0.0,69.7,0.486923800535227,0.7833397158627824,0.4327941930559767,0.934518673583076,0.0033792185679993,0.0861672820988235,4.0,3.0,0.0,4.0,3.0,0.0,4.0,3.0,0.0,9.446291983558854,1.3019641388034931e-05
452,452,1961-01-01,0.05895,0.10315,Democracy,1960,5.0,3.0,0.0,69.81,0.5006216265659579,0.7997528945371073,0.4887867448583816,0.9634774043927384,0.0028430507926316,0.0891429995058288,4.0,3.0,0.0,4.0,3.0,0.0,4.0,3.0,0.0,9.47047472729411,0.468239574215181
1311,1547,1961-01-01,0.0,0.0,freedom_frequency,1960,5.0,3.0,0.0,69.81,0.5006216265659579,0.7997528945371073,0.4887867448583816,0.9634774043927384,0.0028430507926316,0.0891429995058288,5.0,3.0,0.0,4.0,3.0,0.0,4.0,3.0,0.0,9.47047472729411,6.611000215216854e-05
566,596,1961-01-01,0.0,0.0,gdp_percap,1960,5.0,3.0,0.0,69.81,0.5006216265659579,0.7997528945371073,0.4887867448583816,0.9634774043927384,0.0028430507926316,0.0891429995058288,5.0,3.0,0.0,4.0,3.0,0.0,4.0,3.0,0.0,9.47047472729411,9.47047472729411
1609,1949,1961-01-01,0.0,0.0,liberty_frequency,1960,5.0,3.0,0.0,69.81,0.5006216265659579,0.7997528945371073,0.4887867448583816,0.9634774043927384,0.0028430507926316,0.0891429995058288,5.0,3.0,0.0,4.0,3.0,0.0,4.0,3.0,0.0,9.47047472729411,1.9344323189658812e-05
715,745,1961-01-01,0.0,0.0,Life_expectancy,1960,5.0,3.0,0.0,69.81,0.5006216265659579,0.7997528945371073,0.4887867448583816,0.9634774043927384,0.0028430507926316,0.0891429995058288,5.0,3.0,0.0,4.0,3.0,0.0,4.0,3.0,0.0,9.47047472729411,4.260000233663683
1013,1145,1961-01-01,0.0,0.0,equality_frequency,1960,5.0,3.0,0.0,69.81,0.5006216265659579,0.7997528945371073,0.4887867448583816,0.9634774043927384,0.0028430507926316,0.0891429995058288,5.0,3.0,0.0,5.0,3.0,0.0,4.0,3.0,0.0,9.47047472729411,1.3543487527520255e-05
1162,1346,1961-01-01,0.0,0.0,democracy_frequency,1960,5.0,3.0,0.0,69.81,0.5006216265659579,0.7997528945371073,0.4887867448583816,0.9634774043927384,0.0028430507926316,0.0891429995058288,5.0,3.0,0.0,5.0,3.0,0.0,4.0,3.0,0.0,9.47047472729411,2.139907282681129e-05
261,261,1961-01-01,0.04765,0.09285,Liberty,1960,5.0,3.0,0.0,69.81,0.5006216265659579,0.7997528945371073,0.4887867448583816,0.9634774043927384,0.0028430507926316,0.0891429995058288,5.0,3.0,0.0,5.0,3.0,0.0,4.0,3.0,0.0,9.47047472729411,0.5409134122832133
864,944,1961-01-01,0.0,0.0,economy_frequency,1960,5.0,3.0,0.0,69.81,0.5006216265659579,0.7997528945371073,0.4887867448583816,0.9634774043927384,0.0028430507926316,0.0891429995058288,5.0,3.0,0.0,5.0,3.0,0.0,4.0,3.0,0.0,9.47047472729411,8.234297098803205e-05
43,43,1961-01-01,0.05555,0.08135,Economy,1960,5.0,3.0,0.0,69.81,0.5006216265659579,0.7997528945371073,0.4887867448583816,0.9634774043927384,0.0028430507926316,0.0891429995058288,5.0,3.0,0.0,5.0,3.0,0.0,4.0,3.0,0.0,9.47047472729411,0.4199365564253403
147,147,1961-01-01,0.0529,0.0983,Freedom,1960,5.0,3.0,0.0,69.81,0.5006216265659579,0.7997528945371073,0.4887867448583816,0.9634774043927384,0.0028430507926316,0.0891429995058288,5.0,3.0,0.0,5.0,3.0,0.0,5.0,3.0,0.0,9.47047472729411,0.6409218730356834
1460,1748,1961-01-01,0.0,0.0,justice_frequency,1960,5.0,3.0,0.0,69.81,0.5006216265659579,0.7997528945371073,0.4887867448583816,0.9634774043927384,0.0028430507926316,0.0891429995058288,5.0,3.0,0.0,5.0,3.0,0.0,5.0,3.0,0.0,9.47047472729411,3.737099872040327e-05
44,44,1962-01-01,0.04945,0.105,Economy,1960,6.0,3.0,1.0,69.92,0.5082961686052797,0.8002109774417513,0.5328787973250725,0.9772610715644936,0.0085206572828545,0.0960894355090171,5.0,3.0,0.0,5.0,3.0,0.0,5.0,3.0,0.0,9.494086447675976,0.6890914672621137
1312,1548,1962-01-01,0.0,0.0,freedom_frequency,1960,6.0,3.0,1.0,69.92,0.5082961686052797,0.8002109774417513,0.5328787973250725,0.9772610715644936,0.0085206572828545,0.0960894355090171,6.0,3.0,1.0,5.0,3.0,0.0,5.0,3.0,0.0,9.494086447675976,6.658245382302471e-05
716,746,1962-01-01,0.0,0.0,Life_expectancy,1960,6.0,3.0,1.0,69.92,0.5082961686052797,0.8002109774417513,0.5328787973250725,0.9772610715644936,0.0085206572828545,0.0960894355090171,6.0,3.0,1.0,5.0,3.0,0.0,5.0,3.0,0.0,9.494086447675976,4.261552481206007
567,597,1962-01-01,0.0,0.0,gdp_percap,1960,6.0,3.0,1.0,69.92,0.5082961686052797,0.8002109774417513,0.5328787973250725,0.9772610715644936,0.0085206572828545,0.0960894355090171,6.0,3.0,1.0,5.0,3.0,0.0,5.0,3.0,0.0,9.494086447675976,9.494086447675976
1461,1749,1962-01-01,0.0,0.0,justice_frequency,1960,6.0,3.0,1.0,69.92,0.5082961686052797,0.8002109774417513,0.5328787973250725,0.9772610715644936,0.0085206572828545,0.0960894355090171,6.0,3.0,1.0,5.0,3.0,0.0,5.0,3.0,0.0,9.494086447675976,3.78694178866435e-05
1610,1950,1962-01-01,0.0,0.0,liberty_frequency,1960,6.0,3.0,1.0,69.92,0.5082961686052797,0.8002109774417513,0.5328787973250725,0.9772610715644936,0.0085206572828545,0.0960894355090171,6.0,3.0,1.0,6.0,3.0,1.0,5.0,3.0,0.0,9.494086447675976,1.9939900592992715e-05
1014,1146,1962-01-01,0.0,0.0,equality_frequency,1960,6.0,3.0,1.0,69.92,0.5082961686052797,0.8002109774417513,0.5328787973250725,0.9772610715644936,0.0085206572828545,0.0960894355090171,6.0,3.0,1.0,6.0,3.0,1.0,5.0,3.0,0.0,9.494086447675976,1.3955996690068558e-05
865,945,1962-01-01,0.0,0.0,economy_frequency,1960,6.0,3.0,1.0,69.92,0.5082961686052797,0.8002109774417513,0.5328787973250725,0.9772610715644936,0.0085206572828545,0.0960894355090171,6.0,3.0,1.0,6.0,3.0,1.0,5.0,3.0,0.0,9.494086447675976,8.237647921011634e-05
1163,1347,1962-01-01,0.0,0.0,democracy_frequency,1960,6.0,3.0,1.0,69.92,0.5082961686052797,0.8002109774417513,0.5328787973250725,0.9772610715644936,0.0085206572828545,0.0960894355090171,6.0,3.0,1.0,6.0,3.0,1.0,5.0,3.0,0.0,9.494086447675976,2.1667186611214133e-05
453,453,1962-01-01,0.0544,0.1004,Democracy,1960,6.0,3.0,1.0,69.92,0.5082961686052797,0.8002109774417513,0.5328787973250725,0.9772610715644936,0.0085206572828545,0.0960894355090171,6.0,3.0,1.0,6.0,3.0,1.0,5.0,3.0,0.0,9.494086447675976,0.5925309485254272
262,262,1962-01-01,0.0435,0.08965,Liberty,1960,6.0,3.0,1.0,69.92,0.5082961686052797,0.8002109774417513,0.5328787973250725,0.9772610715644936,0.0085206572828545,0.0960894355090171,6.0,3.0,1.0,6.0,3.0,1.0,6.0,3.0,1.0,9.494086447675976,0.5317511497871181
148,148,1962-01-01,0.05115,0.10275,Freedom,1960,6.0,3.0,1.0,69.92,0.5082961686052797,0.8002109774417513,0.5328787973250725,0.9772610715644936,0.0085206572828545,0.0960894355090171,6.0,3.0,1.0,6.0,3.0,1.0,6.0,3.0,1.0,9.494086447675976,0.6922167478416391
263,263,1963-01-01,0.0471,0.11285,Liberty,1960,4.0,1.5,0.0,70.03,0.5093404041330108,0.810014477316626,0.5646697527322634,1.0,0.0148363963686183,0.1001066606760829,6.0,3.0,1.0,6.0,3.0,1.0,6.0,3.0,1.0,9.517153490765404,0.6519396950809304
717,747,1963-01-01,0.0,0.0,Life_expectancy,1960,4.0,1.5,0.0,70.03,0.5093404041330108,0.810014477316626,0.5646697527322634,1.0,0.0148363963686183,0.1001066606760829,4.0,1.5,0.0,6.0,3.0,1.0,6.0,3.0,1.0,9.517153490765404,4.2631023230097185
454,454,1963-01-01,0.0427,0.09635,Democracy,1960,4.0,1.5,0.0,70.03,0.5093404041330108,0.810014477316626,0.5646697527322634,1.0,0.0148363963686183,0.1001066606760829,4.0,1.5,0.0,6.0,3.0,1.0,6.0,3.0,1.0,9.517153490765404,0.692304325457357
1313,1549,1963-01-01,0.0,0.0,freedom_frequency,1960,4.0,1.5,0.0,70.03,0.5093404041330108,0.810014477316626,0.5646697527322634,1.0,0.0148363963686183,0.1001066606760829,4.0,1.5,0.0,6.0,3.0,1.0,6.0,3.0,1.0,9.517153490765404,6.736185729197108e-05
1611,1951,1963-01-01,0.0,0.0,liberty_frequency,1960,4.0,1.5,0.0,70.03,0.5093404041330108,0.810014477316626,0.5646697527322634,1.0,0.0148363963686183,0.1001066606760829,4.0,1.5,0.0,6.0,3.0,1.0,6.0,3.0,1.0,9.517153490765404,2.0284331522464125e-05
568,598,1963-01-01,0.0,0.0,gdp_percap,1960,4.0,1.5,0.0,70.03,0.5093404041330108,0.810014477316626,0.5646697527322634,1.0,0.0148363963686183,0.1001066606760829,4.0,1.5,0.0,4.0,1.5,0.0,6.0,3.0,1.0,9.517153490765404,9.517153490765404
1015,1147,1963-01-01,0.0,0.0,equality_frequency,1960,4.0,1.5,0.0,70.03,0.5093404041330108,0.810014477316626,0.5646697527322634,1.0,0.0148363963686183,0.1001066606760829,4.0,1.5,0.0,4.0,1.5,0.0,6.0,3.0,1.0,9.517153490765404,1.4253421169150864e-05
866,946,1963-01-01,0.0,0.0,economy_frequency,1960,4.0,1.5,0.0,70.03,0.5093404041330108,0.810014477316626,0.5646697527322634,1.0,0.0148363963686183,0.1001066606760829,4.0,1.5,0.0,4.0,1.5,0.0,6.0,3.0,1.0,9.517153490765404,8.30935933490449e-05
149,149,1963-01-01,0.0635,0.1098,Freedom,1960,4.0,1.5,0.0,70.03,0.5093404041330108,0.810014477316626,0.5646697527322634,1.0,0.0148363963686183,0.1001066606760829,4.0,1.5,0.0,4.0,1.5,0.0,6.0,3.0,1.0,9.517153490765404,0.4141935706720039
1164,1348,1963-01-01,0.0,0.0,democracy_frequency,1960,4.0,1.5,0.0,70.03,0.5093404041330108,0.810014477316626,0.5646697527322634,1.0,0.0148363963686183,0.1001066606760829,4.0,1.5,0.0,4.0,1.5,0.0,6.0,3.0,1.0,9.517153490765404,2.1703667471580016e-05
1462,1750,1963-01-01,0.0,0.0,justice_frequency,1960,4.0,1.5,0.0,70.03,0.5093404041330108,0.810014477316626,0.5646697527322634,1.0,0.0148363963686183,0.1001066606760829,4.0,1.5,0.0,4.0,1.5,0.0,4.0,1.5,0.0,9.517153490765404,3.842385640886246e-05
718,748,1964-01-01,0.0,0.0,Life_expectancy,1960,6.0,3.0,10.0,70.14,0.5012429151678416,0.8121658329878683,0.5967168484853336,0.9978195107770448,0.0219394087672127,0.1050215096375684,4.0,1.5,0.0,4.0,1.5,0.0,4.0,1.5,0.0,9.539700420317704,4.264649766520309
1463,1751,1964-01-01,0.0,0.0,justice_frequency,1960,6.0,3.0,10.0,70.14,0.5012429151678416,0.8121658329878683,0.5967168484853336,0.9978195107770448,0.0219394087672127,0.1050215096375684,6.0,3.0,10.0,4.0,1.5,0.0,4.0,1.5,0.0,9.539700420317704,3.904740676845364e-05
569,599,1964-01-01,0.0,0.0,gdp_percap,1960,6.0,3.0,10.0,70.14,0.5012429151678416,0.8121658329878683,0.5967168484853336,0.9978195107770448,0.0219394087672127,0.1050215096375684,6.0,3.0,10.0,4.0,1.5,0.0,4.0,1.5,0.0,9.539700420317704,9.539700420317704
867,947,1964-01-01,0.0,0.0,economy_frequency,1960,6.0,3.0,10.0,70.14,0.5012429151678416,0.8121658329878683,0.5967168484853336,0.9978195107770448,0.0219394087672127,0.1050215096375684,6.0,3.0,10.0,4.0,1.5,0.0,4.0,1.5,0.0,9.539700420317704,8.325096234122533e-05
1016,1148,1964-01-01,0.0,0.0,equality_frequency,1960,6.0,3.0,10.0,70.14,0.5012429151678416,0.8121658329878683,0.5967168484853336,0.9978195107770448,0.0219394087672127,0.1050215096375684,6.0,3.0,10.0,4.0,1.5,0.0,4.0,1.5,0.0,9.539700420317704,1.455324191351118e-05
1165,1349,1964-01-01,0.0,0.0,democracy_frequency,1960,6.0,3.0,10.0,70.14,0.5012429151678416,0.8121658329878683,0.5967168484853336,0.9978195107770448,0.0219394087672127,0.1050215096375684,6.0,3.0,10.0,6.0,3.0,10.0,4.0,1.5,0.0,9.539700420317704,2.142077784294474e-05
1314,1550,1964-01-01,0.0,0.0,freedom_frequency,1960,6.0,3.0,10.0,70.14,0.5012429151678416,0.8121658329878683,0.5967168484853336,0.9978195107770448,0.0219394087672127,0.1050215096375684,6.0,3.0,10.0,6.0,3.0,10.0,4.0,1.5,0.0,9.539700420317704,6.728711849016651e-05
1612,1952,1964-01-01,0.0,0.0,liberty_frequency,1960,6.0,3.0,10.0,70.14,0.5012429151678416,0.8121658329878683,0.5967168484853336,0.9978195107770448,0.0219394087672127,0.1050215096375684,6.0,3.0,10.0,6.0,3.0,10.0,4.0,1.5,0.0,9.539700420317704,2.0705723223803666e-05
1017,1149,1965-01-01,0.0,0.0,equality_frequency,1960,4.0,3.25,0.0,70.25,0.5017862312282907,0.8081803412151434,0.6373078996012027,0.9898804304480832,0.0338278117998193,0.1139351629816416,6.0,3.0,10.0,6.0,3.0,10.0,4.0,1.5,0.0,9.561750175007164,1.493299660699327e-05
1315,1551,1965-01-01,0.0,0.0,freedom_frequency,1960,4.0,3.25,0.0,70.25,0.5017862312282907,0.8081803412151434,0.6373078996012027,0.9898804304480832,0.0338278117998193,0.1139351629816416,4.0,3.25,0.0,6.0,3.0,10.0,4.0,1.5,0.0,9.561750175007164,6.70149972396342e-05
1464,1752,1965-01-01,0.0,0.0,justice_frequency,1960,4.0,3.25,0.0,70.25,0.5017862312282907,0.8081803412151434,0.6373078996012027,0.9898804304480832,0.0338278117998193,0.1139351629816416,4.0,3.25,0.0,6.0,3.0,10.0,6.0,3.0,10.0,9.561750175007164,4.009105013981356e-05
868,948,1965-01-01,0.0,0.0,economy_frequency,1960,4.0,3.25,0.0,70.25,0.5017862312282907,0.8081803412151434,0.6373078996012027,0.9898804304480832,0.0338278117998193,0.1139351629816416,4.0,3.25,0.0,6.0,3.0,10.0,6.0,3.0,10.0,9.561750175007164,8.295942855437894e-05
719,749,1965-01-01,0.0,0.0,Life_expectancy,1960,4.0,3.25,0.0,70.25,0.5017862312282907,0.8081803412151434,0.6373078996012027,0.9898804304480832,0.0338278117998193,0.1139351629816416,4.0,3.25,0.0,6.0,3.0,10.0,6.0,3.0,10.0,9.561750175007164,4.26619481914876
1166,1350,1965-01-01,0.0,0.0,democracy_frequency,1960,4.0,3.25,0.0,70.25,0.5017862312282907,0.8081803412151434,0.6373078996012027,0.9898804304480832,0.0338278117998193,0.1139351629816416,4.0,3.25,0.0,4.0,3.25,0.0,6.0,3.0,10.0,9.561750175007164,2.1439758850453896e-05
1613,1953,1965-01-01,0.0,0.0,liberty_frequency,1960,4.0,3.25,0.0,70.25,0.5017862312282907,0.8081803412151434,0.6373078996012027,0.9898804304480832,0.0338278117998193,0.1139351629816416,4.0,3.25,0.0,4.0,3.25,0.0,6.0,3.0,10.0,9.561750175007164,2.1469965899527964e-05
570,600,1965-01-01,0.0,0.0,gdp_percap,1960,4.0,3.25,0.0,70.25,0.5017862312282907,0.8081803412151434,0.6373078996012027,0.9898804304480832,0.0338278117998193,0.1139351629816416,4.0,3.25,0.0,4.0,3.25,0.0,6.0,3.0,10.0,9.561750175007164,9.561750175007164
1018,1150,1966-01-01,0.0,0.0,equality_frequency,1960,1.0,1.0,0.0,70.36,0.4938770203267837,0.7960323917895562,0.6766061391209963,0.998109549289856,0.0490025319882722,0.1237230398442256,4.0,3.25,0.0,4.0,3.25,0.0,6.0,3.0,10.0,9.583324208688284,1.5300656101287628e-05
1167,1351,1966-01-01,0.0,0.0,democracy_frequency,1960,1.0,1.0,0.0,70.36,0.4938770203267837,0.7960323917895562,0.6766061391209963,0.998109549289856,0.0490025319882722,0.1237230398442256,1.0,1.0,0.0,4.0,3.25,0.0,6.0,3.0,10.0,9.583324208688284,2.1163446733516252e-05
1316,1552,1966-01-01,0.0,0.0,freedom_frequency,1960,1.0,1.0,0.0,70.36,0.4938770203267837,0.7960323917895562,0.6766061391209963,0.998109549289856,0.0490025319882722,0.1237230398442256,1.0,1.0,0.0,4.0,3.25,0.0,4.0,3.25,0.0,9.583324208688284,6.729705989753454e-05
720,750,1966-01-01,0.0,0.0,Life_expectancy,1960,1.0,1.0,0.0,70.36,0.4938770203267837,0.7960323917895562,0.6766061391209963,0.998109549289856,0.0490025319882722,0.1237230398442256,1.0,1.0,0.0,4.0,3.25,0.0,4.0,3.25,0.0,9.583324208688284,4.267737488271754
869,949,1966-01-01,0.0,0.0,economy_frequency,1960,1.0,1.0,0.0,70.36,0.4938770203267837,0.7960323917895562,0.6766061391209963,0.998109549289856,0.0490025319882722,0.1237230398442256,1.0,1.0,0.0,4.0,3.25,0.0,4.0,3.25,0.0,9.583324208688284,8.207082057569595e-05
571,601,1966-01-01,0.0,0.0,gdp_percap,1960,1.0,1.0,0.0,70.36,0.4938770203267837,0.7960323917895562,0.6766061391209963,0.998109549289856,0.0490025319882722,0.1237230398442256,1.0,1.0,0.0,1.0,1.0,0.0,4.0,3.25,0.0,9.583324208688284,9.583324208688284
1465,1753,1966-01-01,0.0,0.0,justice_frequency,1960,1.0,1.0,0.0,70.36,0.4938770203267837,0.7960323917895562,0.6766061391209963,0.998109549289856,0.0490025319882722,0.1237230398442256,1.0,1.0,0.0,1.0,1.0,0.0,4.0,3.25,0.0,9.583324208688284,4.142318678431368e-05
1614,1954,1966-01-01,0.0,0.0,liberty_frequency,1960,1.0,1.0,0.0,70.36,0.4938770203267837,0.7960323917895562,0.6766061391209963,0.998109549289856,0.0490025319882722,0.1237230398442256,1.0,1.0,0.0,1.0,1.0,0.0,4.0,3.25,0.0,9.583324208688284,2.230916245757937e-05
1019,1151,1967-01-01,0.0,0.0,equality_frequency,1960,6.0,2.6666666666666665,0.0,70.47,0.4866850110217062,0.7852374493303067,0.6988649629318615,0.998483309322147,0.0599891348030885,0.130114073132476,1.0,1.0,0.0,1.0,1.0,0.0,4.0,3.25,0.0,9.604442615843569,1.5508901194436453e-05
1317,1553,1967-01-01,0.0,0.0,freedom_frequency,1960,6.0,2.6666666666666665,0.0,70.47,0.4866850110217062,0.7852374493303067,0.6988649629318615,0.998483309322147,0.0599891348030885,0.130114073132476,6.0,2.6666666666666665,0.0,1.0,1.0,0.0,4.0,3.25,0.0,9.604442615843569,6.730987095721282e-05
1168,1352,1967-01-01,0.0,0.0,democracy_frequency,1960,6.0,2.6666666666666665,0.0,70.47,0.4866850110217062,0.7852374493303067,0.6988649629318615,0.998483309322147,0.0599891348030885,0.130114073132476,6.0,2.6666666666666665,0.0,1.0,1.0,0.0,1.0,1.0,0.0,9.604442615843569,2.0912190335745255e-05
870,950,1967-01-01,0.0,0.0,economy_frequency,1960,6.0,2.6666666666666665,0.0,70.47,0.4866850110217062,0.7852374493303067,0.6988649629318615,0.998483309322147,0.0599891348030885,0.130114073132476,6.0,2.6666666666666665,0.0,1.0,1.0,0.0,1.0,1.0,0.0,9.604442615843569,8.128118277659756e-05
1466,1754,1967-01-01,0.0,0.0,justice_frequency,1960,6.0,2.6666666666666665,0.0,70.47,0.4866850110217062,0.7852374493303067,0.6988649629318615,0.998483309322147,0.0599891348030885,0.130114073132476,6.0,2.6666666666666665,0.0,1.0,1.0,0.0,1.0,1.0,0.0,9.604442615843569,4.23876618599808e-05
572,602,1967-01-01,0.0,0.0,gdp_percap,1960,6.0,2.6666666666666665,0.0,70.47,0.4866850110217062,0.7852374493303067,0.6988649629318615,0.998483309322147,0.0599891348030885,0.130114073132476,6.0,2.6666666666666665,0.0,6.0,2.6666666666666665,0.0,1.0,1.0,0.0,9.604442615843569,9.604442615843569
721,751,1967-01-01,0.0,0.0,Life_expectancy,1960,6.0,2.6666666666666665,0.0,70.47,0.4866850110217062,0.7852374493303067,0.6988649629318615,0.998483309322147,0.0599891348030885,0.130114073132476,6.0,2.6666666666666665,0.0,6.0,2.6666666666666665,0.0,1.0,1.0,0.0,9.604442615843569,4.269277781231887
1615,1955,1967-01-01,0.0,0.0,liberty_frequency,1960,6.0,2.6666666666666665,0.0,70.47,0.4866850110217062,0.7852374493303067,0.6988649629318615,0.998483309322147,0.0599891348030885,0.130114073132476,6.0,2.6666666666666665,0.0,6.0,2.6666666666666665,0.0,1.0,1.0,0.0,9.604442615843569,2.28571188216928e-05
1020,1152,1968-01-01,0.0,0.0,equality_frequency,1960,4.0,2.75,1.0,70.58,0.4755166996233706,0.7813513604112071,0.7160484888321362,0.9807571500103148,0.0740881806020566,0.1286291209002326,6.0,2.6666666666666665,0.0,6.0,2.6666666666666665,0.0,1.0,1.0,0.0,9.625124244056558,1.5669663700214306e-05
1467,1755,1968-01-01,0.0,0.0,justice_frequency,1960,4.0,2.75,1.0,70.58,0.4755166996233706,0.7813513604112071,0.7160484888321362,0.9807571500103148,0.0740881806020566,0.1286291209002326,4.0,2.75,1.0,6.0,2.6666666666666665,0.0,1.0,1.0,0.0,9.625124244056558,4.362536595470345e-05
573,603,1968-01-01,0.0,0.0,gdp_percap,1960,4.0,2.75,1.0,70.58,0.4755166996233706,0.7813513604112071,0.7160484888321362,0.9807571500103148,0.0740881806020566,0.1286291209002326,4.0,2.75,1.0,6.0,2.6666666666666665,0.0,6.0,2.6666666666666665,0.0,9.625124244056558,9.625124244056558
722,752,1968-01-01,0.0,0.0,Life_expectancy,1960,4.0,2.75,1.0,70.58,0.4755166996233706,0.7813513604112071,0.7160484888321362,0.9807571500103148,0.0740881806020566,0.1286291209002326,4.0,2.75,1.0,6.0,2.6666666666666665,0.0,6.0,2.6666666666666665,0.0,9.625124244056558,4.2708157053378795
871,951,1968-01-01,0.0,0.0,economy_frequency,1960,4.0,2.75,1.0,70.58,0.4755166996233706,0.7813513604112071,0.7160484888321362,0.9807571500103148,0.0740881806020566,0.1286291209002326,4.0,2.75,1.0,6.0,2.6666666666666665,0.0,6.0,2.6666666666666665,0.0,9.625124244056558,8.099691962647422e-05
1318,1554,1968-01-01,0.0,0.0,freedom_frequency,1960,4.0,2.75,1.0,70.58,0.4755166996233706,0.7813513604112071,0.7160484888321362,0.9807571500103148,0.0740881806020566,0.1286291209002326,4.0,2.75,1.0,4.0,2.75,1.0,6.0,2.6666666666666665,0.0,9.625124244056558,6.670228605587282e-05
1616,1956,1968-01-01,0.0,0.0,liberty_frequency,1960,4.0,2.75,1.0,70.58,0.4755166996233706,0.7813513604112071,0.7160484888321362,0.9807571500103148,0.0740881806020566,0.1286291209002326,4.0,2.75,1.0,4.0,2.75,1.0,6.0,2.6666666666666665,0.0,9.625124244056558,2.27298015604256e-05
1169,1353,1968-01-01,0.0,0.0,democracy_frequency,1960,4.0,2.75,1.0,70.58,0.4755166996233706,0.7813513604112071,0.7160484888321362,0.9807571500103148,0.0740881806020566,0.1286291209002326,4.0,2.75,1.0,4.0,2.75,1.0,6.0,2.6666666666666665,0.0,9.625124244056558,2.0522019735005504e-05
1021,1153,1969-01-01,0.0,0.0,equality_frequency,1960,2.0,2.5,0.0,70.69,0.461060777878802,0.7738442568493443,0.7342396195250251,0.9556999754293556,0.0760356766997317,0.1193307829012674,4.0,2.75,1.0,4.0,2.75,1.0,6.0,2.6666666666666665,0.0,9.645386795087816,1.5839852943456192e-05
574,604,1969-01-01,0.0,0.0,gdp_percap,1960,2.0,2.5,0.0,70.69,0.461060777878802,0.7738442568493443,0.7342396195250251,0.9556999754293556,0.0760356766997317,0.1193307829012674,2.0,2.5,0.0,4.0,2.75,1.0,6.0,2.6666666666666665,0.0,9.645386795087816,9.645386795087816
1319,1555,1969-01-01,0.0,0.0,freedom_frequency,1960,2.0,2.5,0.0,70.69,0.461060777878802,0.7738442568493443,0.7342396195250251,0.9556999754293556,0.0760356766997317,0.1193307829012674,2.0,2.5,0.0,4.0,2.75,1.0,4.0,2.75,1.0,9.645386795087816,6.584342137793035e-05
1617,1957,1969-01-01,0.0,0.0,liberty_frequency,1960,2.0,2.5,0.0,70.69,0.461060777878802,0.7738442568493443,0.7342396195250251,0.9556999754293556,0.0760356766997317,0.1193307829012674,2.0,2.5,0.0,4.0,2.75,1.0,4.0,2.75,1.0,9.645386795087816,2.193257761617085e-05
872,952,1969-01-01,0.0,0.0,economy_frequency,1960,2.0,2.5,0.0,70.69,0.461060777878802,0.7738442568493443,0.7342396195250251,0.9556999754293556,0.0760356766997317,0.1193307829012674,2.0,2.5,0.0,4.0,2.75,1.0,4.0,2.75,1.0,9.645386795087816,8.044778299052544e-05
723,753,1969-01-01,0.0,0.0,Life_expectancy,1960,2.0,2.5,0.0,70.69,0.461060777878802,0.7738442568493443,0.7342396195250251,0.9556999754293556,0.0760356766997317,0.1193307829012674,2.0,2.5,0.0,2.0,2.5,0.0,4.0,2.75,1.0,9.645386795087816,4.272351267864781
1170,1354,1969-01-01,0.0,0.0,democracy_frequency,1960,2.0,2.5,0.0,70.69,0.461060777878802,0.7738442568493443,0.7342396195250251,0.9556999754293556,0.0760356766997317,0.1193307829012674,2.0,2.5,0.0,2.0,2.5,0.0,4.0,2.75,1.0,9.645386795087816,2.0016994579927753e-05
1468,1756,1969-01-01,0.0,0.0,justice_frequency,1960,2.0,2.5,0.0,70.69,0.461060777878802,0.7738442568493443,0.7342396195250251,0.9556999754293556,0.0760356766997317,0.1193307829012674,2.0,2.5,0.0,2.0,2.5,0.0,4.0,2.75,1.0,9.645386795087816,4.3796329453310063e-05
873,953,1970-01-01,0.0,0.0,economy_frequency,1970,2.0,3.0,0.0,70.8,0.4483484420612704,0.7672866523006856,0.7482116282162056,0.9234727243567664,0.0777453397359569,0.1097063624666768,2.0,2.5,0.0,2.0,2.5,0.0,4.0,2.75,1.0,9.66524691591226,7.99681009501143e-05
1171,1355,1970-01-01,0.0,0.0,democracy_frequency,1970,2.0,3.0,0.0,70.8,0.4483484420612704,0.7672866523006856,0.7482116282162056,0.9234727243567664,0.0777453397359569,0.1097063624666768,2.0,3.0,0.0,2.0,2.5,0.0,4.0,2.75,1.0,9.66524691591226,1.9572882296543475e-05
1320,1556,1970-01-01,0.0,0.0,freedom_frequency,1970,2.0,3.0,0.0,70.8,0.4483484420612704,0.7672866523006856,0.7482116282162056,0.9234727243567664,0.0777453397359569,0.1097063624666768,2.0,3.0,0.0,2.0,2.5,0.0,2.0,2.5,0.0,9.66524691591226,6.473879265382458e-05
575,605,1970-01-01,0.0,0.0,gdp_percap,1970,2.0,3.0,0.0,70.8,0.4483484420612704,0.7672866523006856,0.7482116282162056,0.9234727243567664,0.0777453397359569,0.1097063624666768,2.0,3.0,0.0,2.0,2.5,0.0,2.0,2.5,0.0,9.66524691591226,9.66524691591226
724,754,1970-01-01,0.0,0.0,Life_expectancy,1970,2.0,3.0,0.0,70.8,0.4483484420612704,0.7672866523006856,0.7482116282162056,0.9234727243567664,0.0777453397359569,0.1097063624666768,2.0,3.0,0.0,2.0,2.5,0.0,2.0,2.5,0.0,9.66524691591226,4.273884476054178
1469,1757,1970-01-01,0.0,0.0,justice_frequency,1970,2.0,3.0,0.0,70.8,0.4483484420612704,0.7672866523006856,0.7482116282162056,0.9234727243567664,0.0777453397359569,0.1097063624666768,2.0,3.0,0.0,2.0,3.0,0.0,2.0,2.5,0.0,9.66524691591226,4.3946414440664224e-05
1618,1958,1970-01-01,0.0,0.0,liberty_frequency,1970,2.0,3.0,0.0,70.8,0.4483484420612704,0.7672866523006856,0.7482116282162056,0.9234727243567664,0.0777453397359569,0.1097063624666768,2.0,3.0,0.0,2.0,3.0,0.0,2.0,2.5,0.0,9.66524691591226,2.110739524001918e-05
1022,1154,1970-01-01,0.0,0.0,equality_frequency,1970,2.0,3.0,0.0,70.8,0.4483484420612704,0.7672866523006856,0.7482116282162056,0.9234727243567664,0.0777453397359569,0.1097063624666768,2.0,3.0,0.0,2.0,3.0,0.0,2.0,2.5,0.0,9.66524691591226,1.5970569679436248e-05
1172,1356,1971-01-01,0.0,0.0,democracy_frequency,1970,3.0,2.6666666666666665,0.0,71.09,0.436897278444513,0.7791868760611838,0.7594126577622595,0.8886389473539628,0.0796068488960443,0.0970438839988289,2.0,3.0,0.0,2.0,3.0,0.0,2.0,2.5,0.0,9.684720280891012,1.917282957289093e-05
725,755,1971-01-01,0.0,0.0,Life_expectancy,1970,3.0,2.6666666666666665,0.0,71.09,0.436897278444513,0.7791868760611838,0.7594126577622595,0.8886389473539628,0.0796068488960443,0.0970438839988289,3.0,2.6666666666666665,0.0,2.0,3.0,0.0,2.0,2.5,0.0,9.684720280891012,4.277915338416487
1321,1557,1971-01-01,0.0,0.0,freedom_frequency,1970,3.0,2.6666666666666665,0.0,71.09,0.436897278444513,0.7791868760611838,0.7594126577622595,0.8886389473539628,0.0796068488960443,0.0970438839988289,3.0,2.6666666666666665,0.0,2.0,3.0,0.0,2.0,3.0,0.0,9.684720280891012,6.35448206708287e-05
1023,1155,1971-01-01,0.0,0.0,equality_frequency,1970,3.0,2.6666666666666665,0.0,71.09,0.436897278444513,0.7791868760611838,0.7594126577622595,0.8886389473539628,0.0796068488960443,0.0970438839988289,3.0,2.6666666666666665,0.0,2.0,3.0,0.0,2.0,3.0,0.0,9.684720280891012,1.607536218864709e-05
1470,1758,1971-01-01,0.0,0.0,justice_frequency,1970,3.0,2.6666666666666665,0.0,71.09,0.436897278444513,0.7791868760611838,0.7594126577622595,0.8886389473539628,0.0796068488960443,0.0970438839988289,3.0,2.6666666666666665,0.0,2.0,3.0,0.0,2.0,3.0,0.0,9.684720280891012,4.410982941135618e-05
874,954,1971-01-01,0.0,0.0,economy_frequency,1970,3.0,2.6666666666666665,0.0,71.09,0.436897278444513,0.7791868760611838,0.7594126577622595,0.8886389473539628,0.0796068488960443,0.0970438839988289,3.0,2.6666666666666665,0.0,3.0,2.6666666666666665,0.0,2.0,3.0,0.0,9.684720280891012,8.083858993080867e-05
1619,1959,1971-01-01,0.0,0.0,liberty_frequency,1970,3.0,2.6666666666666665,0.0,71.09,0.436897278444513,0.7791868760611838,0.7594126577622595,0.8886389473539628,0.0796068488960443,0.0970438839988289,3.0,2.6666666666666665,0.0,3.0,2.6666666666666665,0.0,2.0,3.0,0.0,9.684720280891012,2.0021733602089893e-05
576,606,1971-01-01,0.0,0.0,gdp_percap,1970,3.0,2.6666666666666665,0.0,71.09,0.436897278444513,0.7791868760611838,0.7594126577622595,0.8886389473539628,0.0796068488960443,0.0970438839988289,3.0,2.6666666666666665,0.0,3.0,2.6666666666666665,0.0,2.0,3.0,0.0,9.684720280891012,9.684720280891012
1322,1558,1972-01-01,0.0,0.0,freedom_frequency,1970,3.0,3.0,0.0,71.38,0.4204598961332371,0.8125707475851562,0.7667569308479725,0.8348375006545976,0.0736636626471971,0.0781421573247167,3.0,2.6666666666666665,0.0,3.0,2.6666666666666665,0.0,2.0,3.0,0.0,9.703821666093928,6.170070489842635e-05
875,955,1972-01-01,0.0,0.0,economy_frequency,1970,3.0,3.0,0.0,71.38,0.4204598961332371,0.8125707475851562,0.7667569308479725,0.8348375006545976,0.0736636626471971,0.0781421573247167,3.0,3.0,0.0,3.0,2.6666666666666665,0.0,2.0,3.0,0.0,9.703821666093928,8.328058133774395e-05
1620,1960,1972-01-01,0.0,0.0,liberty_frequency,1970,3.0,3.0,0.0,71.38,0.4204598961332371,0.8125707475851562,0.7667569308479725,0.8348375006545976,0.0736636626471971,0.0781421573247167,3.0,3.0,0.0,3.0,2.6666666666666665,0.0,3.0,2.6666666666666665,0.0,9.703821666093928,1.8401126123045156e-05
726,756,1972-01-01,0.0,0.0,Life_expectancy,1970,3.0,3.0,0.0,71.38,0.4204598961332371,0.8125707475851562,0.7667569308479725,0.8348375006545976,0.0736636626471971,0.0781421573247167,3.0,3.0,0.0,3.0,2.6666666666666665,0.0,3.0,2.6666666666666665,0.0,9.703821666093928,4.281930018135596
1471,1759,1972-01-01,0.0,0.0,justice_frequency,1970,3.0,3.0,0.0,71.38,0.4204598961332371,0.8125707475851562,0.7667569308479725,0.8348375006545976,0.0736636626471971,0.0781421573247167,3.0,3.0,0.0,3.0,2.6666666666666665,0.0,3.0,2.6666666666666665,0.0,9.703821666093928,4.358809908550297e-05
577,607,1972-01-01,0.0,0.0,gdp_percap,1970,3.0,3.0,0.0,71.38,0.4204598961332371,0.8125707475851562,0.7667569308479725,0.8348375006545976,0.0736636626471971,0.0781421573247167,3.0,3.0,0.0,3.0,3.0,0.0,3.0,2.6666666666666665,0.0,9.703821666093928,9.703821666093928
1024,1156,1972-01-01,0.0,0.0,equality_frequency,1970,3.0,3.0,0.0,71.38,0.4204598961332371,0.8125707475851562,0.7667569308479725,0.8348375006545976,0.0736636626471971,0.0781421573247167,3.0,3.0,0.0,3.0,3.0,0.0,3.0,2.6666666666666665,0.0,9.703821666093928,1.6144072367033027e-05
1173,1357,1972-01-01,0.0,0.0,democracy_frequency,1970,3.0,3.0,0.0,71.38,0.4204598961332371,0.8125707475851562,0.7667569308479725,0.8348375006545976,0.0736636626471971,0.0781421573247167,3.0,3.0,0.0,3.0,3.0,0.0,3.0,2.6666666666666665,0.0,9.703821666093928,1.8598580266284303e-05
876,956,1973-01-01,0.0,0.0,economy_frequency,1970,2.0,2.0,0.0,71.67,0.4059276530829662,0.8369761657610507,0.7498568897059041,0.7730248354535574,0.0670285790271005,0.0600160796355191,3.0,3.0,0.0,3.0,3.0,0.0,3.0,2.6666666666666665,0.0,9.72256501665588,8.506580554276524e-05
578,608,1973-01-01,0.0,0.0,gdp_percap,1970,2.0,2.0,0.0,71.67,0.4059276530829662,0.8369761657610507,0.7498568897059041,0.7730248354535574,0.0670285790271005,0.0600160796355191,2.0,2.0,0.0,3.0,3.0,0.0,3.0,2.6666666666666665,0.0,9.72256501665588,9.72256501665588
1025,1157,1973-01-01,0.0,0.0,equality_frequency,1970,2.0,2.0,0.0,71.67,0.4059276530829662,0.8369761657610507,0.7498568897059041,0.7730248354535574,0.0670285790271005,0.0600160796355191,2.0,2.0,0.0,3.0,3.0,0.0,3.0,3.0,0.0,9.72256501665588,1.598596211160611e-05
1323,1559,1973-01-01,0.0,0.0,freedom_frequency,1970,2.0,2.0,0.0,71.67,0.4059276530829662,0.8369761657610507,0.7498568897059041,0.7730248354535574,0.0670285790271005,0.0600160796355191,2.0,2.0,0.0,3.0,3.0,0.0,3.0,3.0,0.0,9.72256501665588,5.958198981387457e-05
1472,1760,1973-01-01,0.0,0.0,justice_frequency,1970,2.0,2.0,0.0,71.67,0.4059276530829662,0.8369761657610507,0.7498568897059041,0.7730248354535574,0.0670285790271005,0.0600160796355191,2.0,2.0,0.0,3.0,3.0,0.0,3.0,3.0,0.0,9.72256501665588,4.300562932846542e-05
727,757,1973-01-01,0.0,0.0,Life_expectancy,1970,2.0,2.0,0.0,71.67,0.4059276530829662,0.8369761657610507,0.7498568897059041,0.7730248354535574,0.0670285790271005,0.0600160796355191,2.0,2.0,0.0,2.0,2.0,0.0,3.0,3.0,0.0,9.72256501665588,4.2859286446285445
1621,1961,1973-01-01,0.0,0.0,liberty_frequency,1970,2.0,2.0,0.0,71.67,0.4059276530829662,0.8369761657610507,0.7498568897059041,0.7730248354535574,0.0670285790271005,0.0600160796355191,2.0,2.0,0.0,2.0,2.0,0.0,3.0,3.0,0.0,9.72256501665588,1.6847019230887285e-05
1174,1358,1973-01-01,0.0,0.0,democracy_frequency,1970,2.0,2.0,0.0,71.67,0.4059276530829662,0.8369761657610507,0.7498568897059041,0.7730248354535574,0.0670285790271005,0.0600160796355191,2.0,2.0,0.0,2.0,2.0,0.0,3.0,3.0,0.0,9.72256501665588,1.8090887809450337e-05
1473,1761,1974-01-01,0.0,0.0,justice_frequency,1970,1.0,1.0,0.0,71.96,0.3941304440099713,0.8585509328070137,0.7402877341363524,0.7208893135711726,0.057404050743145,0.0424345334282988,2.0,2.0,0.0,2.0,2.0,0.0,3.0,3.0,0.0,9.745301781884404,4.216072654003617e-05
877,957,1974-01-01,0.0,0.0,economy_frequency,1970,1.0,1.0,0.0,71.96,0.3941304440099713,0.8585509328070137,0.7402877341363524,0.7208893135711726,0.057404050743145,0.0424345334282988,1.0,1.0,0.0,2.0,2.0,0.0,3.0,3.0,0.0,9.745301781884404,8.664396869075321e-05
1622,1962,1974-01-01,0.0,0.0,liberty_frequency,1970,1.0,1.0,0.0,71.96,0.3941304440099713,0.8585509328070137,0.7402877341363524,0.7208893135711726,0.057404050743145,0.0424345334282988,1.0,1.0,0.0,2.0,2.0,0.0,2.0,2.0,0.0,9.745301781884404,1.5339597469270063e-05
579,609,1974-01-01,0.0,0.0,gdp_percap,1970,1.0,1.0,0.0,71.96,0.3941304440099713,0.8585509328070137,0.7402877341363524,0.7208893135711726,0.057404050743145,0.0424345334282988,1.0,1.0,0.0,2.0,2.0,0.0,2.0,2.0,0.0,9.745301781884404,9.745301781884404
1026,1158,1974-01-01,0.0,0.0,equality_frequency,1970,1.0,1.0,0.0,71.96,0.3941304440099713,0.8585509328070137,0.7402877341363524,0.7208893135711726,0.057404050743145,0.0424345334282988,1.0,1.0,0.0,2.0,2.0,0.0,2.0,2.0,0.0,9.745301781884404,1.5896436778150582e-05
1324,1560,1974-01-01,0.0,0.0,freedom_frequency,1970,1.0,1.0,0.0,71.96,0.3941304440099713,0.8585509328070137,0.7402877341363524,0.7208893135711726,0.057404050743145,0.0424345334282988,1.0,1.0,0.0,1.0,1.0,0.0,2.0,2.0,0.0,9.745301781884404,5.77949687881905e-05
1175,1359,1974-01-01,0.0,0.0,democracy_frequency,1970,1.0,1.0,0.0,71.96,0.3941304440099713,0.8585509328070137,0.7402877341363524,0.7208893135711726,0.057404050743145,0.0424345334282988,1.0,1.0,0.0,1.0,1.0,0.0,2.0,2.0,0.0,9.745301781884404,1.7678745183432886e-05
728,758,1974-01-01,0.0,0.0,Life_expectancy,1970,1.0,1.0,0.0,71.96,0.3941304440099713,0.8585509328070137,0.7402877341363524,0.7208893135711726,0.057404050743145,0.0424345334282988,1.0,1.0,0.0,1.0,1.0,0.0,2.0,2.0,0.0,9.745301781884404,4.289911345766075
1474,1762,1975-01-01,0.0,0.0,justice_frequency,1970,2.0,4.0,1.0,72.25,0.385687593884455,0.8694407882254143,0.7260927483581361,0.6758734715250854,0.0478553271225836,0.0319697503199809,1.0,1.0,0.0,1.0,1.0,0.0,2.0,2.0,0.0,9.7675330585039,4.132247766543706e-05
878,958,1975-01-01,0.0,0.0,economy_frequency,1970,2.0,4.0,1.0,72.25,0.385687593884455,0.8694407882254143,0.7260927483581361,0.6758734715250854,0.0478553271225836,0.0319697503199809,2.0,4.0,1.0,1.0,1.0,0.0,2.0,2.0,0.0,9.7675330585039,8.744054499053614e-05
1027,1159,1975-01-01,0.0,0.0,equality_frequency,1970,2.0,4.0,1.0,72.25,0.385687593884455,0.8694407882254143,0.7260927483581361,0.6758734715250854,0.0478553271225836,0.0319697503199809,2.0,4.0,1.0,1.0,1.0,0.0,1.0,1.0,0.0,9.7675330585039,1.5763633944376677e-05
1325,1561,1975-01-01,0.0,0.0,freedom_frequency,1970,2.0,4.0,1.0,72.25,0.385687593884455,0.8694407882254143,0.7260927483581361,0.6758734715250854,0.0478553271225836,0.0319697503199809,2.0,4.0,1.0,1.0,1.0,0.0,1.0,1.0,0.0,9.7675330585039,5.625198260025513e-05
1176,1360,1975-01-01,0.0,0.0,democracy_frequency,1970,2.0,4.0,1.0,72.25,0.385687593884455,0.8694407882254143,0.7260927483581361,0.6758734715250854,0.0478553271225836,0.0319697503199809,2.0,4.0,1.0,1.0,1.0,0.0,1.0,1.0,0.0,9.7675330585039,1.7383789009434183e-05
729,759,1975-01-01,0.0,0.0,Life_expectancy,1970,2.0,4.0,1.0,72.25,0.385687593884455,0.8694407882254143,0.7260927483581361,0.6758734715250854,0.0478553271225836,0.0319697503199809,2.0,4.0,1.0,2.0,4.0,1.0,1.0,1.0,0.0,9.7675330585039,4.293878247897177
580,610,1975-01-01,0.0,0.0,gdp_percap,1970,2.0,4.0,1.0,72.25,0.385687593884455,0.8694407882254143,0.7260927483581361,0.6758734715250854,0.0478553271225836,0.0319697503199809,2.0,4.0,1.0,2.0,4.0,1.0,1.0,1.0,0.0,9.7675330585039,9.7675330585039
1623,1963,1975-01-01,0.0,0.0,liberty_frequency,1970,2.0,4.0,1.0,72.25,0.385687593884455,0.8694407882254143,0.7260927483581361,0.6758734715250854,0.0478553271225836,0.0319697503199809,2.0,4.0,1.0,2.0,4.0,1.0,1.0,1.0,0.0,9.7675330585039,1.444235779713056e-05
581,611,1976-01-01,0.0,0.0,gdp_percap,1970,4.0,3.75,1.0,72.54,0.3797664336165917,0.8943678440464148,0.7124496503127812,0.6342046557230729,0.0449944159106274,0.0237828542044508,2.0,4.0,1.0,2.0,4.0,1.0,1.0,1.0,0.0,9.789280834812631,9.789280834812631
1475,1763,1976-01-01,0.0,0.0,justice_frequency,1970,4.0,3.75,1.0,72.54,0.3797664336165917,0.8943678440464148,0.7124496503127812,0.6342046557230729,0.0449944159106274,0.0237828542044508,4.0,3.75,1.0,2.0,4.0,1.0,1.0,1.0,0.0,9.789280834812631,4.1071328191924165e-05
1177,1361,1976-01-01,0.0,0.0,democracy_frequency,1970,4.0,3.75,1.0,72.54,0.3797664336165917,0.8943678440464148,0.7124496503127812,0.6342046557230729,0.0449944159106274,0.0237828542044508,4.0,3.75,1.0,2.0,4.0,1.0,2.0,4.0,1.0,9.789280834812631,1.7176929573285947e-05
1326,1562,1976-01-01,0.0,0.0,freedom_frequency,1970,4.0,3.75,1.0,72.54,0.3797664336165917,0.8943678440464148,0.7124496503127812,0.6342046557230729,0.0449944159106274,0.0237828542044508,4.0,3.75,1.0,2.0,4.0,1.0,2.0,4.0,1.0,9.789280834812631,5.482371868592565e-05
1624,1964,1976-01-01,0.0,0.0,liberty_frequency,1970,4.0,3.75,1.0,72.54,0.3797664336165917,0.8943678440464148,0.7124496503127812,0.6342046557230729,0.0449944159106274,0.0237828542044508,4.0,3.75,1.0,2.0,4.0,1.0,2.0,4.0,1.0,9.789280834812631,1.3740421236767154e-05
730,760,1976-01-01,0.0,0.0,Life_expectancy,1970,4.0,3.75,1.0,72.54,0.3797664336165917,0.8943678440464148,0.7124496503127812,0.6342046557230729,0.0449944159106274,0.0237828542044508,4.0,3.75,1.0,4.0,3.75,1.0,2.0,4.0,1.0,9.789280834812631,4.297829475873126
1028,1160,1976-01-01,0.0,0.0,equality_frequency,1970,4.0,3.75,1.0,72.54,0.3797664336165917,0.8943678440464148,0.7124496503127812,0.6342046557230729,0.0449944159106274,0.0237828542044508,4.0,3.75,1.0,4.0,3.75,1.0,2.0,4.0,1.0,9.789280834812631,1.5635994343596016e-05
879,959,1976-01-01,0.0,0.0,economy_frequency,1970,4.0,3.75,1.0,72.54,0.3797664336165917,0.8943678440464148,0.7124496503127812,0.6342046557230729,0.0449944159106274,0.0237828542044508,4.0,3.75,1.0,4.0,3.75,1.0,2.0,4.0,1.0,9.789280834812631,8.926391868249348e-05
1178,1362,1977-01-01,0.0,0.0,democracy_frequency,1970,3.0,2.6666666666666665,1.0,72.83,0.3749639781204614,0.9165942141322968,0.7007973615822344,0.5998561208845343,0.0378400185469219,0.0180879313904402,4.0,3.75,1.0,4.0,3.75,1.0,2.0,4.0,1.0,9.810565694889142,1.7009152756377896e-05
1327,1563,1977-01-01,0.0,0.0,freedom_frequency,1970,3.0,2.6666666666666665,1.0,72.83,0.3749639781204614,0.9165942141322968,0.7007973615822344,0.5998561208845343,0.0378400185469219,0.0180879313904402,3.0,2.6666666666666665,1.0,4.0,3.75,1.0,2.0,4.0,1.0,9.810565694889142,5.3646367331203664e-05
1029,1161,1977-01-01,0.0,0.0,equality_frequency,1970,3.0,2.6666666666666665,1.0,72.83,0.3749639781204614,0.9165942141322968,0.7007973615822344,0.5998561208845343,0.0378400185469219,0.0180879313904402,3.0,2.6666666666666665,1.0,4.0,3.75,1.0,4.0,3.75,1.0,9.810565694889142,1.5526979979498463e-05
582,612,1977-01-01,0.0,0.0,gdp_percap,1970,3.0,2.6666666666666665,1.0,72.83,0.3749639781204614,0.9165942141322968,0.7007973615822344,0.5998561208845343,0.0378400185469219,0.0180879313904402,3.0,2.6666666666666665,1.0,4.0,3.75,1.0,4.0,3.75,1.0,9.810565694889142,9.810565694889142
1476,1764,1977-01-01,0.0,0.0,justice_frequency,1970,3.0,2.6666666666666665,1.0,72.83,0.3749639781204614,0.9165942141322968,0.7007973615822344,0.5998561208845343,0.0378400185469219,0.0180879313904402,3.0,2.6666666666666665,1.0,4.0,3.75,1.0,4.0,3.75,1.0,9.810565694889142,4.0443268183078195e-05
731,761,1977-01-01,0.0,0.0,Life_expectancy,1970,3.0,2.6666666666666665,1.0,72.83,0.3749639781204614,0.9165942141322968,0.7007973615822344,0.5998561208845343,0.0378400185469219,0.0180879313904402,3.0,2.6666666666666665,1.0,3.0,2.6666666666666665,1.0,4.0,3.75,1.0,9.810565694889142,4.301765153071074
1625,1965,1977-01-01,0.0,0.0,liberty_frequency,1970,3.0,2.6666666666666665,1.0,72.83,0.3749639781204614,0.9165942141322968,0.7007973615822344,0.5998561208845343,0.0378400185469219,0.0180879313904402,3.0,2.6666666666666665,1.0,3.0,2.6666666666666665,1.0,4.0,3.75,1.0,9.810565694889142,1.3252143768222683e-05
880,960,1977-01-01,0.0,0.0,economy_frequency,1970,3.0,2.6666666666666665,1.0,72.83,0.3749639781204614,0.9165942141322968,0.7007973615822344,0.5998561208845343,0.0378400185469219,0.0180879313904402,3.0,2.6666666666666665,1.0,3.0,2.6666666666666665,1.0,4.0,3.75,1.0,9.810565694889142,9.088973879059956e-05
1477,1765,1978-01-01,0.0,0.0,justice_frequency,1970,1.0,3.0,0.0,73.12,0.3680052542097922,0.92842629379817,0.6841346988251151,0.5721679043108836,0.0313285311597299,0.0136464114265341,3.0,2.6666666666666665,1.0,3.0,2.6666666666666665,1.0,4.0,3.75,1.0,9.831406935672874,3.987164669335506e-05
1179,1363,1978-01-01,0.0,0.0,democracy_frequency,1970,1.0,3.0,0.0,73.12,0.3680052542097922,0.92842629379817,0.6841346988251151,0.5721679043108836,0.0313285311597299,0.0136464114265341,1.0,3.0,0.0,3.0,2.6666666666666665,1.0,4.0,3.75,1.0,9.831406935672874,1.676604529015127e-05
583,613,1978-01-01,0.0,0.0,gdp_percap,1970,1.0,3.0,0.0,73.12,0.3680052542097922,0.92842629379817,0.6841346988251151,0.5721679043108836,0.0313285311597299,0.0136464114265341,1.0,3.0,0.0,3.0,2.6666666666666665,1.0,3.0,2.6666666666666665,1.0,9.831406935672874,9.831406935672874
1626,1966,1978-01-01,0.0,0.0,liberty_frequency,1970,1.0,3.0,0.0,73.12,0.3680052542097922,0.92842629379817,0.6841346988251151,0.5721679043108836,0.0313285311597299,0.0136464114265341,1.0,3.0,0.0,3.0,2.6666666666666665,1.0,3.0,2.6666666666666665,1.0,9.831406935672874,1.2871331747114123e-05
1030,1162,1978-01-01,0.0,0.0,equality_frequency,1970,1.0,3.0,0.0,73.12,0.3680052542097922,0.92842629379817,0.6841346988251151,0.5721679043108836,0.0313285311597299,0.0136464114265341,1.0,3.0,0.0,3.0,2.6666666666666665,1.0,3.0,2.6666666666666665,1.0,9.831406935672874,1.537109044850252e-05
732,762,1978-01-01,0.0,0.0,Life_expectancy,1970,1.0,3.0,0.0,73.12,0.3680052542097922,0.92842629379817,0.6841346988251151,0.5721679043108836,0.0313285311597299,0.0136464114265341,1.0,3.0,0.0,1.0,3.0,0.0,3.0,2.6666666666666665,1.0,9.831406935672874,4.305685401417159
881,961,1978-01-01,0.0,0.0,economy_frequency,1970,1.0,3.0,0.0,73.12,0.3680052542097922,0.92842629379817,0.6841346988251151,0.5721679043108836,0.0313285311597299,0.0136464114265341,1.0,3.0,0.0,1.0,3.0,0.0,3.0,2.6666666666666665,1.0,9.831406935672874,9.175523365119402e-05
1328,1564,1978-01-01,0.0,0.0,freedom_frequency,1970,1.0,3.0,0.0,73.12,0.3680052542097922,0.92842629379817,0.6841346988251151,0.5721679043108836,0.0313285311597299,0.0136464114265341,1.0,3.0,0.0,1.0,3.0,0.0,3.0,2.6666666666666665,1.0,9.831406935672874,5.2697308103342786e-05
1627,1967,1979-01-01,0.0,0.0,liberty_frequency,1970,7.0,2.5714285714285716,0.0,73.41,0.3651461841645035,0.9290019238451882,0.6565192587895011,0.5597185052667384,0.0262316813339555,0.0098136608086126,1.0,3.0,0.0,1.0,3.0,0.0,3.0,2.6666666666666665,1.0,9.851822672091163,1.2542714958536564e-05
882,962,1979-01-01,0.0,0.0,economy_frequency,1970,7.0,2.5714285714285716,0.0,73.41,0.3651461841645035,0.9290019238451882,0.6565192587895011,0.5597185052667384,0.0262316813339555,0.0098136608086126,7.0,2.5714285714285716,0.0,1.0,3.0,0.0,3.0,2.6666666666666665,1.0,9.851822672091163,9.17973399110639e-05
1031,1163,1979-01-01,0.0,0.0,equality_frequency,1970,7.0,2.5714285714285716,0.0,73.41,0.3651461841645035,0.9290019238451882,0.6565192587895011,0.5597185052667384,0.0262316813339555,0.0098136608086126,7.0,2.5714285714285716,0.0,1.0,3.0,0.0,1.0,3.0,0.0,9.851822672091163,1.5112730848370672e-05
733,763,1979-01-01,0.0,0.0,Life_expectancy,1970,7.0,2.5714285714285716,0.0,73.41,0.3651461841645035,0.9290019238451882,0.6565192587895011,0.5597185052667384,0.0262316813339555,0.0098136608086126,7.0,2.5714285714285716,0.0,1.0,3.0,0.0,1.0,3.0,0.0,9.851822672091163,4.309590341409169
584,614,1979-01-01,0.0,0.0,gdp_percap,1970,7.0,2.5714285714285716,0.0,73.41,0.3651461841645035,0.9290019238451882,0.6565192587895011,0.5597185052667384,0.0262316813339555,0.0098136608086126,7.0,2.5714285714285716,0.0,1.0,3.0,0.0,1.0,3.0,0.0,9.851822672091163,9.851822672091163
1478,1766,1979-01-01,0.0,0.0,justice_frequency,1970,7.0,2.5714285714285716,0.0,73.41,0.3651461841645035,0.9290019238451882,0.6565192587895011,0.5597185052667384,0.0262316813339555,0.0098136608086126,7.0,2.5714285714285716,0.0,7.0,2.5714285714285716,0.0,1.0,3.0,0.0,9.851822672091163,3.94242112302179e-05
1180,1364,1979-01-01,0.0,0.0,democracy_frequency,1970,7.0,2.5714285714285716,0.0,73.41,0.3651461841645035,0.9290019238451882,0.6565192587895011,0.5597185052667384,0.0262316813339555,0.0098136608086126,7.0,2.5714285714285716,0.0,7.0,2.5714285714285716,0.0,1.0,3.0,0.0,9.851822672091163,1.666616183413302e-05
1329,1565,1979-01-01,0.0,0.0,freedom_frequency,1970,7.0,2.5714285714285716,0.0,73.41,0.3651461841645035,0.9290019238451882,0.6565192587895011,0.5597185052667384,0.0262316813339555,0.0098136608086126,7.0,2.5714285714285716,0.0,7.0,2.5714285714285716,0.0,1.0,3.0,0.0,9.851822672091163,5.2270584152367766e-05
1628,1968,1980-01-01,0.0,0.0,liberty_frequency,1980,2.0,2.0,0.0,73.7,0.364040503328674,0.9364555607206312,0.6517592340372236,0.5444583555789704,0.0180330976717144,0.0050746472968715,7.0,2.5714285714285716,0.0,7.0,2.5714285714285716,0.0,1.0,3.0,0.0,9.8718299316678,1.2136395808462656e-05
734,764,1980-01-01,0.0,0.0,Life_expectancy,1980,2.0,2.0,0.0,73.7,0.364040503328674,0.9364555607206312,0.6517592340372236,0.5444583555789704,0.0180330976717144,0.0050746472968715,2.0,2.0,0.0,7.0,2.5714285714285716,0.0,1.0,3.0,0.0,9.8718299316678,4.3134800921387715
883,963,1980-01-01,0.0,0.0,economy_frequency,1980,2.0,2.0,0.0,73.7,0.364040503328674,0.9364555607206312,0.6517592340372236,0.5444583555789704,0.0180330976717144,0.0050746472968715,2.0,2.0,0.0,7.0,2.5714285714285716,0.0,7.0,2.5714285714285716,0.0,9.8718299316678,9.234255932883812e-05
1181,1365,1980-01-01,0.0,0.0,democracy_frequency,1980,2.0,2.0,0.0,73.7,0.364040503328674,0.9364555607206312,0.6517592340372236,0.5444583555789704,0.0180330976717144,0.0050746472968715,2.0,2.0,0.0,7.0,2.5714285714285716,0.0,7.0,2.5714285714285716,0.0,9.8718299316678,1.662753415833812e-05
1479,1767,1980-01-01,0.0,0.0,justice_frequency,1980,2.0,2.0,0.0,73.7,0.364040503328674,0.9364555607206312,0.6517592340372236,0.5444583555789704,0.0180330976717144,0.0050746472968715,2.0,2.0,0.0,7.0,2.5714285714285716,0.0,7.0,2.5714285714285716,0.0,9.8718299316678,3.870448446875715e-05
1330,1566,1980-01-01,0.0,0.0,freedom_frequency,1980,2.0,2.0,0.0,73.7,0.364040503328674,0.9364555607206312,0.6517592340372236,0.5444583555789704,0.0180330976717144,0.0050746472968715,2.0,2.0,0.0,2.0,2.0,0.0,7.0,2.5714285714285716,0.0,9.8718299316678,5.174751677886615e-05
1032,1164,1980-01-01,0.0,0.0,equality_frequency,1980,2.0,2.0,0.0,73.7,0.364040503328674,0.9364555607206312,0.6517592340372236,0.5444583555789704,0.0180330976717144,0.0050746472968715,2.0,2.0,0.0,2.0,2.0,0.0,7.0,2.5714285714285716,0.0,9.8718299316678,1.506819785247133e-05
585,615,1980-01-01,0.0,0.0,gdp_percap,1980,2.0,2.0,0.0,73.7,0.364040503328674,0.9364555607206312,0.6517592340372236,0.5444583555789704,0.0180330976717144,0.0050746472968715,2.0,2.0,0.0,2.0,2.0,0.0,7.0,2.5714285714285716,0.0,9.8718299316678,9.8718299316678
735,765,1981-01-01,0.0,0.0,Life_expectancy,1980,5.0,3.4,0.0,73.87,0.3684555580952299,0.9390653829267424,0.6343025695378076,0.5367417695090461,0.013568478274405,0.0026976417542291,2.0,2.0,0.0,2.0,2.0,0.0,7.0,2.5714285714285716,0.0,9.891444739851387,4.315753276242594
884,964,1981-01-01,0.0,0.0,economy_frequency,1980,5.0,3.4,0.0,73.87,0.3684555580952299,0.9390653829267424,0.6343025695378076,0.5367417695090461,0.013568478274405,0.0026976417542291,5.0,3.4,0.0,2.0,2.0,0.0,7.0,2.5714285714285716,0.0,9.891444739851387,9.253346280908064e-05
1033,1165,1981-01-01,0.0,0.0,equality_frequency,1980,5.0,3.4,0.0,73.87,0.3684555580952299,0.9390653829267424,0.6343025695378076,0.5367417695090461,0.013568478274405,0.0026976417542291,5.0,3.4,0.0,2.0,2.0,0.0,2.0,2.0,0.0,9.891444739851387,1.4904879867835192e-05
1182,1366,1981-01-01,0.0,0.0,democracy_frequency,1980,5.0,3.4,0.0,73.87,0.3684555580952299,0.9390653829267424,0.6343025695378076,0.5367417695090461,0.013568478274405,0.0026976417542291,5.0,3.4,0.0,2.0,2.0,0.0,2.0,2.0,0.0,9.891444739851387,1.6781776945907662e-05
1480,1768,1981-01-01,0.0,0.0,justice_frequency,1980,5.0,3.4,0.0,73.87,0.3684555580952299,0.9390653829267424,0.6343025695378076,0.5367417695090461,0.013568478274405,0.0026976417542291,5.0,3.4,0.0,2.0,2.0,0.0,2.0,2.0,0.0,9.891444739851387,3.831254996172347e-05
586,616,1981-01-01,0.0,0.0,gdp_percap,1980,5.0,3.4,0.0,73.87,0.3684555580952299,0.9390653829267424,0.6343025695378076,0.5367417695090461,0.013568478274405,0.0026976417542291,5.0,3.4,0.0,5.0,3.4,0.0,2.0,2.0,0.0,9.891444739851387,9.891444739851387
1629,1969,1981-01-01,0.0,0.0,liberty_frequency,1980,5.0,3.4,0.0,73.87,0.3684555580952299,0.9390653829267424,0.6343025695378076,0.5367417695090461,0.013568478274405,0.0026976417542291,5.0,3.4,0.0,5.0,3.4,0.0,2.0,2.0,0.0,9.891444739851387,1.1932593231396912e-05
1331,1567,1981-01-01,0.0,0.0,freedom_frequency,1980,5.0,3.4,0.0,73.87,0.3684555580952299,0.9390653829267424,0.6343025695378076,0.5367417695090461,0.013568478274405,0.0026976417542291,5.0,3.4,0.0,5.0,3.4,0.0,2.0,2.0,0.0,9.891444739851387,5.148301766974828e-05
1034,1166,1982-01-01,0.0,0.0,equality_frequency,1980,6.0,2.3333333333333335,0.0,74.04,0.370203108475628,0.9420830040610844,0.6266582856143181,0.5345607344739421,0.0075467760356627,9.189328657754476e-05,5.0,3.4,0.0,5.0,3.4,0.0,2.0,2.0,0.0,9.91068219713488,1.483336281536493e-05
736,766,1982-01-01,0.0,0.0,Life_expectancy,1980,6.0,2.3333333333333335,0.0,74.04,0.370203108475628,0.9420830040610844,0.6266582856143181,0.5345607344739421,0.0075467760356627,9.189328657754476e-05,6.0,2.3333333333333335,0.0,5.0,3.4,0.0,2.0,2.0,0.0,9.91068219713488,4.318021304697969
1183,1367,1982-01-01,0.0,0.0,democracy_frequency,1980,6.0,2.3333333333333335,0.0,74.04,0.370203108475628,0.9420830040610844,0.6266582856143181,0.5345607344739421,0.0075467760356627,9.189328657754476e-05,6.0,2.3333333333333335,0.0,5.0,3.4,0.0,5.0,3.4,0.0,9.91068219713488,1.684282873967399e-05
885,965,1982-01-01,0.0,0.0,economy_frequency,1980,6.0,2.3333333333333335,0.0,74.04,0.370203108475628,0.9420830040610844,0.6266582856143181,0.5345607344739421,0.0075467760356627,9.189328657754476e-05,6.0,2.3333333333333335,0.0,5.0,3.4,0.0,5.0,3.4,0.0,9.91068219713488,9.275419595200652e-05
1332,1568,1982-01-01,0.0,0.0,freedom_frequency,1980,6.0,2.3333333333333335,0.0,74.04,0.370203108475628,0.9420830040610844,0.6266582856143181,0.5345607344739421,0.0075467760356627,9.189328657754476e-05,6.0,2.3333333333333335,0.0,5.0,3.4,0.0,5.0,3.4,0.0,9.91068219713488,5.140825897252542e-05
1481,1769,1982-01-01,0.0,0.0,justice_frequency,1980,6.0,2.3333333333333335,0.0,74.04,0.370203108475628,0.9420830040610844,0.6266582856143181,0.5345607344739421,0.0075467760356627,9.189328657754476e-05,6.0,2.3333333333333335,0.0,6.0,2.3333333333333335,0.0,5.0,3.4,0.0,9.91068219713488,3.7783923941288e-05
1630,1970,1982-01-01,0.0,0.0,liberty_frequency,1980,6.0,2.3333333333333335,0.0,74.04,0.370203108475628,0.9420830040610844,0.6266582856143181,0.5345607344739421,0.0075467760356627,9.189328657754476e-05,6.0,2.3333333333333335,0.0,6.0,2.3333333333333335,0.0,5.0,3.4,0.0,9.91068219713488,1.1709178368955796e-05
587,617,1982-01-01,0.0,0.0,gdp_percap,1980,6.0,2.3333333333333335,0.0,74.04,0.370203108475628,0.9420830040610844,0.6266582856143181,0.5345607344739421,0.0075467760356627,9.189328657754476e-05,6.0,2.3333333333333335,0.0,6.0,2.3333333333333335,0.0,5.0,3.4,0.0,9.91068219713488,9.91068219713488
1482,1770,1983-01-01,0.0,0.0,justice_frequency,1980,11.0,3.272727272727273,1.0,74.21,0.3824589296787222,0.9432595695413848,0.6208551041671713,0.5409882486946981,0.0036045783435625,0.0,6.0,2.3333333333333335,0.0,6.0,2.3333333333333335,0.0,5.0,3.4,0.0,9.929556548896002,3.7437850836618155e-05
737,767,1983-01-01,0.0,0.0,Life_expectancy,1980,11.0,3.272727272727273,1.0,74.21,0.3824589296787222,0.9432595695413848,0.6208551041671713,0.5409882486946981,0.0036045783435625,0.0,11.0,3.272727272727273,1.0,6.0,2.3333333333333335,0.0,5.0,3.4,0.0,9.929556548896002,4.320284200838311
1333,1569,1983-01-01,0.0,0.0,freedom_frequency,1980,11.0,3.272727272727273,1.0,74.21,0.3824589296787222,0.9432595695413848,0.6208551041671713,0.5409882486946981,0.0036045783435625,0.0,11.0,3.272727272727273,1.0,6.0,2.3333333333333335,0.0,6.0,2.3333333333333335,0.0,9.929556548896002,5.162857297336479e-05
588,618,1983-01-01,0.0,0.0,gdp_percap,1980,11.0,3.272727272727273,1.0,74.21,0.3824589296787222,0.9432595695413848,0.6208551041671713,0.5409882486946981,0.0036045783435625,0.0,11.0,3.272727272727273,1.0,6.0,2.3333333333333335,0.0,6.0,2.3333333333333335,0.0,9.929556548896002,9.929556548896002
886,966,1983-01-01,0.0,0.0,economy_frequency,1980,11.0,3.272727272727273,1.0,74.21,0.3824589296787222,0.9432595695413848,0.6208551041671713,0.5409882486946981,0.0036045783435625,0.0,11.0,3.272727272727273,1.0,6.0,2.3333333333333335,0.0,6.0,2.3333333333333335,0.0,9.929556548896002,9.284025942549252e-05
1631,1971,1983-01-01,0.0,0.0,liberty_frequency,1980,11.0,3.272727272727273,1.0,74.21,0.3824589296787222,0.9432595695413848,0.6208551041671713,0.5409882486946981,0.0036045783435625,0.0,11.0,3.272727272727273,1.0,11.0,3.272727272727273,1.0,6.0,2.3333333333333335,0.0,9.929556548896002,1.170129950857878e-05
1035,1167,1983-01-01,0.0,0.0,equality_frequency,1980,11.0,3.272727272727273,1.0,74.21,0.3824589296787222,0.9432595695413848,0.6208551041671713,0.5409882486946981,0.0036045783435625,0.0,11.0,3.272727272727273,1.0,11.0,3.272727272727273,1.0,6.0,2.3333333333333335,0.0,9.929556548896002,1.4779070423518796e-05
1184,1368,1983-01-01,0.0,0.0,democracy_frequency,1980,11.0,3.272727272727273,1.0,74.21,0.3824589296787222,0.9432595695413848,0.6208551041671713,0.5409882486946981,0.0036045783435625,0.0,11.0,3.272727272727273,1.0,11.0,3.272727272727273,1.0,6.0,2.3333333333333335,0.0,9.929556548896002,1.7270993611997803e-05
1483,1771,1984-01-01,0.0,0.0,justice_frequency,1980,3.0,2.0,0.0,74.38,0.4005375436155296,0.9312700451898296,0.623019826166378,0.5552936364761897,0.0044540819275043,0.0019306227765229,11.0,3.272727272727273,1.0,11.0,3.272727272727273,1.0,6.0,2.3333333333333335,0.0,9.948081248767918,3.7512426087682026e-05
738,768,1984-01-01,0.0,0.0,Life_expectancy,1980,3.0,2.0,0.0,74.38,0.4005375436155296,0.9312700451898296,0.623019826166378,0.5552936364761897,0.0044540819275043,0.0019306227765229,3.0,2.0,0.0,11.0,3.272727272727273,1.0,6.0,2.3333333333333335,0.0,9.948081248767918,4.3225419878389895
1185,1369,1984-01-01,0.0,0.0,democracy_frequency,1980,3.0,2.0,0.0,74.38,0.4005375436155296,0.9312700451898296,0.623019826166378,0.5552936364761897,0.0044540819275043,0.0019306227765229,3.0,2.0,0.0,11.0,3.272727272727273,1.0,11.0,3.272727272727273,1.0,9.948081248767918,1.7902581099951472e-05
887,967,1984-01-01,0.0,0.0,economy_frequency,1980,3.0,2.0,0.0,74.38,0.4005375436155296,0.9312700451898296,0.623019826166378,0.5552936364761897,0.0044540819275043,0.0019306227765229,3.0,2.0,0.0,11.0,3.272727272727273,1.0,11.0,3.272727272727273,1.0,9.948081248767918,9.196324872231458e-05
1632,1972,1984-01-01,0.0,0.0,liberty_frequency,1980,3.0,2.0,0.0,74.38,0.4005375436155296,0.9312700451898296,0.623019826166378,0.5552936364761897,0.0044540819275043,0.0019306227765229,3.0,2.0,0.0,11.0,3.272727272727273,1.0,11.0,3.272727272727273,1.0,9.948081248767918,1.186682962143475e-05
1036,1168,1984-01-01,0.0,0.0,equality_frequency,1980,3.0,2.0,0.0,74.38,0.4005375436155296,0.9312700451898296,0.623019826166378,0.5552936364761897,0.0044540819275043,0.0019306227765229,3.0,2.0,0.0,3.0,2.0,0.0,11.0,3.272727272727273,1.0,9.948081248767918,1.4799322752019914e-05
589,619,1984-01-01,0.0,0.0,gdp_percap,1980,3.0,2.0,0.0,74.38,0.4005375436155296,0.9312700451898296,0.623019826166378,0.5552936364761897,0.0044540819275043,0.0019306227765229,3.0,2.0,0.0,3.0,2.0,0.0,11.0,3.272727272727273,1.0,9.948081248767918,9.948081248767918
1334,1570,1984-01-01,0.0,0.0,freedom_frequency,1980,3.0,2.0,0.0,74.38,0.4005375436155296,0.9312700451898296,0.623019826166378,0.5552936364761897,0.0044540819275043,0.0019306227765229,3.0,2.0,0.0,3.0,2.0,0.0,11.0,3.272727272727273,1.0,9.948081248767918,5.211891433824949e-05
1484,1772,1985-01-01,0.0,0.0,justice_frequency,1980,5.0,2.4,1.0,74.55,0.4242735812587003,0.9266730184228152,0.6247443434007173,0.5748860639875599,0.0,0.0034930723219506,3.0,2.0,0.0,3.0,2.0,0.0,11.0,3.272727272727273,1.0,9.966269016246098,3.712141616513932e-05
1633,1973,1985-01-01,0.0,0.0,liberty_frequency,1980,5.0,2.4,1.0,74.55,0.4242735812587003,0.9266730184228152,0.6247443434007173,0.5748860639875599,0.0,0.0034930723219506,5.0,2.4,1.0,3.0,2.0,0.0,11.0,3.272727272727273,1.0,9.966269016246098,1.2000792824398137e-05
1335,1571,1985-01-01,0.0,0.0,freedom_frequency,1980,5.0,2.4,1.0,74.55,0.4242735812587003,0.9266730184228152,0.6247443434007173,0.5748860639875599,0.0,0.0034930723219506,5.0,2.4,1.0,3.0,2.0,0.0,3.0,2.0,0.0,9.966269016246098,5.279047754316764e-05
888,968,1985-01-01,0.0,0.0,economy_frequency,1980,5.0,2.4,1.0,74.55,0.4242735812587003,0.9266730184228152,0.6247443434007173,0.5748860639875599,0.0,0.0034930723219506,5.0,2.4,1.0,3.0,2.0,0.0,3.0,2.0,0.0,9.966269016246098,9.1626984830187e-05
1186,1370,1985-01-01,0.0,0.0,democracy_frequency,1980,5.0,2.4,1.0,74.55,0.4242735812587003,0.9266730184228152,0.6247443434007173,0.5748860639875599,0.0,0.0034930723219506,5.0,2.4,1.0,3.0,2.0,0.0,3.0,2.0,0.0,9.966269016246098,1.8731813556132707e-05
739,769,1985-01-01,0.0,0.0,Life_expectancy,1980,5.0,2.4,1.0,74.55,0.4242735812587003,0.9266730184228152,0.6247443434007173,0.5748860639875599,0.0,0.0034930723219506,5.0,2.4,1.0,5.0,2.4,1.0,3.0,2.0,0.0,9.966269016246098,4.3247946887187485
1037,1169,1985-01-01,0.0,0.0,equality_frequency,1980,5.0,2.4,1.0,74.55,0.4242735812587003,0.9266730184228152,0.6247443434007173,0.5748860639875599,0.0,0.0034930723219506,5.0,2.4,1.0,5.0,2.4,1.0,3.0,2.0,0.0,9.966269016246098,1.4815456689270547e-05
590,620,1985-01-01,0.0,0.0,gdp_percap,1980,5.0,2.4,1.0,74.55,0.4242735812587003,0.9266730184228152,0.6247443434007173,0.5748860639875599,0.0,0.0034930723219506,5.0,2.4,1.0,5.0,2.4,1.0,3.0,2.0,0.0,9.966269016246098,9.966269016246098
591,621,1986-01-01,0.0,0.0,gdp_percap,1980,5.0,2.8,0.0,74.72,0.4554051839201452,0.9139930449190178,0.629611412708724,0.5815939133939838,0.0008140609818533,0.004611874336203,5.0,2.4,1.0,5.0,2.4,1.0,3.0,2.0,0.0,9.984131889149424,9.984131889149424
1634,1974,1986-01-01,0.0,0.0,liberty_frequency,1980,5.0,2.8,0.0,74.72,0.4554051839201452,0.9139930449190178,0.629611412708724,0.5815939133939838,0.0008140609818533,0.004611874336203,5.0,2.8,0.0,5.0,2.4,1.0,3.0,2.0,0.0,9.984131889149424,1.2096718023725106e-05
1187,1371,1986-01-01,0.0,0.0,democracy_frequency,1980,5.0,2.8,0.0,74.72,0.4554051839201452,0.9139930449190178,0.629611412708724,0.5815939133939838,0.0008140609818533,0.004611874336203,5.0,2.8,0.0,5.0,2.4,1.0,5.0,2.4,1.0,9.984131889149424,1.981941339002549e-05
1336,1572,1986-01-01,0.0,0.0,freedom_frequency,1980,5.0,2.8,0.0,74.72,0.4554051839201452,0.9139930449190178,0.629611412708724,0.5815939133939838,0.0008140609818533,0.004611874336203,5.0,2.8,0.0,5.0,2.4,1.0,5.0,2.4,1.0,9.984131889149424,5.302040019121066e-05
889,969,1986-01-01,0.0,0.0,economy_frequency,1980,5.0,2.8,0.0,74.72,0.4554051839201452,0.9139930449190178,0.629611412708724,0.5815939133939838,0.0008140609818533,0.004611874336203,5.0,2.8,0.0,5.0,2.4,1.0,5.0,2.4,1.0,9.984131889149424,9.069946794746578e-05
740,770,1986-01-01,0.0,0.0,Life_expectancy,1980,5.0,2.8,0.0,74.72,0.4554051839201452,0.9139930449190178,0.629611412708724,0.5815939133939838,0.0008140609818533,0.004611874336203,5.0,2.8,0.0,5.0,2.8,0.0,5.0,2.4,1.0,9.984131889149424,4.327042326341122
1038,1170,1986-01-01,0.0,0.0,equality_frequency,1980,5.0,2.8,0.0,74.72,0.4554051839201452,0.9139930449190178,0.629611412708724,0.5815939133939838,0.0008140609818533,0.004611874336203,5.0,2.8,0.0,5.0,2.8,0.0,5.0,2.4,1.0,9.984131889149424,1.4860991165137189e-05
1485,1773,1986-01-01,0.0,0.0,justice_frequency,1980,5.0,2.8,0.0,74.72,0.4554051839201452,0.9139930449190178,0.629611412708724,0.5815939133939838,0.0008140609818533,0.004611874336203,5.0,2.8,0.0,5.0,2.8,0.0,5.0,2.4,1.0,9.984131889149424,3.719288004422755e-05
890,970,1987-01-01,0.0,0.0,economy_frequency,1980,4.0,3.25,3.0,74.89,0.4946023739699005,0.9196853359758734,0.6287057002235129,0.5972775526656422,0.0027934418055758,0.0053665718760525,5.0,2.8,0.0,5.0,2.8,0.0,5.0,2.4,1.0,10.001681271477343,9.111584873913996e-05
1635,1975,1987-01-01,0.0,0.0,liberty_frequency,1980,4.0,3.25,3.0,74.89,0.4946023739699005,0.9196853359758734,0.6287057002235129,0.5972775526656422,0.0027934418055758,0.0053665718760525,4.0,3.25,3.0,5.0,2.8,0.0,5.0,2.4,1.0,10.001681271477343,1.2161425188357414e-05
1188,1372,1987-01-01,0.0,0.0,democracy_frequency,1980,4.0,3.25,3.0,74.89,0.4946023739699005,0.9196853359758734,0.6287057002235129,0.5972775526656422,0.0027934418055758,0.0053665718760525,4.0,3.25,3.0,5.0,2.8,0.0,5.0,2.8,0.0,10.001681271477343,2.118878731784309e-05
1486,1774,1987-01-01,0.0,0.0,justice_frequency,1980,4.0,3.25,3.0,74.89,0.4946023739699005,0.9196853359758734,0.6287057002235129,0.5972775526656422,0.0027934418055758,0.0053665718760525,4.0,3.25,3.0,5.0,2.8,0.0,5.0,2.8,0.0,10.001681271477343,3.7366643702804785e-05
741,771,1987-01-01,0.0,0.0,Life_expectancy,1980,4.0,3.25,3.0,74.89,0.4946023739699005,0.9196853359758734,0.6287057002235129,0.5972775526656422,0.0027934418055758,0.0053665718760525,4.0,3.25,3.0,5.0,2.8,0.0,5.0,2.8,0.0,10.001681271477343,4.3292849234158215
592,622,1987-01-01,0.0,0.0,gdp_percap,1980,4.0,3.25,3.0,74.89,0.4946023739699005,0.9196853359758734,0.6287057002235129,0.5972775526656422,0.0027934418055758,0.0053665718760525,4.0,3.25,3.0,4.0,3.25,3.0,5.0,2.8,0.0,10.001681271477343,10.001681271477343
1039,1171,1987-01-01,0.0,0.0,equality_frequency,1980,4.0,3.25,3.0,74.89,0.4946023739699005,0.9196853359758734,0.6287057002235129,0.5972775526656422,0.0027934418055758,0.0053665718760525,4.0,3.25,3.0,4.0,3.25,3.0,5.0,2.8,0.0,10.001681271477343,1.4852517658818324e-05
1337,1573,1987-01-01,0.0,0.0,freedom_frequency,1980,4.0,3.25,3.0,74.89,0.4946023739699005,0.9196853359758734,0.6287057002235129,0.5972775526656422,0.0027934418055758,0.0053665718760525,4.0,3.25,3.0,4.0,3.25,3.0,5.0,2.8,0.0,10.001681271477343,5.3557982696419703e-05
1189,1373,1988-01-01,0.0,0.0,democracy_frequency,1980,3.0,3.0,0.0,75.06,0.5309271725185128,0.9376545898818324,0.6447633973686667,0.6086754445996275,0.0083921297508792,0.0060201536141594,4.0,3.25,3.0,4.0,3.25,3.0,5.0,2.8,0.0,10.01892797713958,2.2457811102014965e-05
891,971,1988-01-01,0.0,0.0,economy_frequency,1980,3.0,3.0,0.0,75.06,0.5309271725185128,0.9376545898818324,0.6447633973686667,0.6086754445996275,0.0083921297508792,0.0060201536141594,3.0,3.0,0.0,4.0,3.25,3.0,5.0,2.8,0.0,10.01892797713958,9.243026601286452e-05
1040,1172,1988-01-01,0.0,0.0,equality_frequency,1980,3.0,3.0,0.0,75.06,0.5309271725185128,0.9376545898818324,0.6447633973686667,0.6086754445996275,0.0083921297508792,0.0060201536141594,3.0,3.0,0.0,4.0,3.25,3.0,4.0,3.25,3.0,10.01892797713958,1.5002747440127011e-05
593,623,1988-01-01,0.0,0.0,gdp_percap,1980,3.0,3.0,0.0,75.06,0.5309271725185128,0.9376545898818324,0.6447633973686667,0.6086754445996275,0.0083921297508792,0.0060201536141594,3.0,3.0,0.0,4.0,3.25,3.0,4.0,3.25,3.0,10.01892797713958,10.01892797713958
1636,1976,1988-01-01,0.0,0.0,liberty_frequency,1980,3.0,3.0,0.0,75.06,0.5309271725185128,0.9376545898818324,0.6447633973686667,0.6086754445996275,0.0083921297508792,0.0060201536141594,3.0,3.0,0.0,4.0,3.25,3.0,4.0,3.25,3.0,10.01892797713958,1.2217462761480492e-05
1487,1775,1988-01-01,0.0,0.0,justice_frequency,1980,3.0,3.0,0.0,75.06,0.5309271725185128,0.9376545898818324,0.6447633973686667,0.6086754445996275,0.0083921297508792,0.0060201536141594,3.0,3.0,0.0,3.0,3.0,0.0,4.0,3.25,3.0,10.01892797713958,3.785813486274368e-05
742,772,1988-01-01,0.0,0.0,Life_expectancy,1980,3.0,3.0,0.0,75.06,0.5309271725185128,0.9376545898818324,0.6447633973686667,0.6086754445996275,0.0083921297508792,0.0060201536141594,3.0,3.0,0.0,3.0,3.0,0.0,4.0,3.25,3.0,10.01892797713958,4.331522502500113
1338,1574,1988-01-01,0.0,0.0,freedom_frequency,1980,3.0,3.0,0.0,75.06,0.5309271725185128,0.9376545898818324,0.6447633973686667,0.6086754445996275,0.0083921297508792,0.0060201536141594,3.0,3.0,0.0,3.0,3.0,0.0,4.0,3.25,3.0,10.01892797713958,5.394866398855885e-05
1339,1575,1989-01-01,0.0,0.0,freedom_frequency,1980,2.0,2.5,1.0,75.23,0.5696158042762187,0.9642380615508628,0.6582406930073077,0.6161870175608083,0.0130407759944409,0.006361101786519,3.0,3.0,0.0,3.0,3.0,0.0,4.0,3.25,3.0,10.03588226997835,5.420613529083336e-05
1041,1173,1989-01-01,0.0,0.0,equality_frequency,1980,2.0,2.5,1.0,75.23,0.5696158042762187,0.9642380615508628,0.6582406930073077,0.6161870175608083,0.0130407759944409,0.006361101786519,2.0,2.5,1.0,3.0,3.0,0.0,4.0,3.25,3.0,10.03588226997835,1.5128835937026277e-05
1488,1776,1989-01-01,0.0,0.0,justice_frequency,1980,2.0,2.5,1.0,75.23,0.5696158042762187,0.9642380615508628,0.6582406930073077,0.6161870175608083,0.0130407759944409,0.006361101786519,2.0,2.5,1.0,3.0,3.0,0.0,3.0,3.0,0.0,10.03588226997835,3.8266224673972314e-05
594,624,1989-01-01,0.0,0.0,gdp_percap,1980,2.0,2.5,1.0,75.23,0.5696158042762187,0.9642380615508628,0.6582406930073077,0.6161870175608083,0.0130407759944409,0.006361101786519,2.0,2.5,1.0,3.0,3.0,0.0,3.0,3.0,0.0,10.03588226997835,10.03588226997835
1637,1977,1989-01-01,0.0,0.0,liberty_frequency,1980,2.0,2.5,1.0,75.23,0.5696158042762187,0.9642380615508628,0.6582406930073077,0.6161870175608083,0.0130407759944409,0.006361101786519,2.0,2.5,1.0,3.0,3.0,0.0,3.0,3.0,0.0,10.03588226997835,1.2246695382606872e-05
1190,1374,1989-01-01,0.0,0.0,democracy_frequency,1980,2.0,2.5,1.0,75.23,0.5696158042762187,0.9642380615508628,0.6582406930073077,0.6161870175608083,0.0130407759944409,0.006361101786519,2.0,2.5,1.0,2.0,2.5,1.0,3.0,3.0,0.0,10.03588226997835,2.380941473113712e-05
743,773,1989-01-01,0.0,0.0,Life_expectancy,1980,2.0,2.5,1.0,75.23,0.5696158042762187,0.9642380615508628,0.6582406930073077,0.6161870175608083,0.0130407759944409,0.006361101786519,2.0,2.5,1.0,2.0,2.5,1.0,3.0,3.0,0.0,10.03588226997835,4.333755086000182
892,972,1989-01-01,0.0,0.0,economy_frequency,1980,2.0,2.5,1.0,75.23,0.5696158042762187,0.9642380615508628,0.6582406930073077,0.6161870175608083,0.0130407759944409,0.006361101786519,2.0,2.5,1.0,2.0,2.5,1.0,3.0,3.0,0.0,10.03588226997835,9.437479401628548e-05
744,774,1990-01-01,0.0,0.0,Life_expectancy,1990,2.0,4.5,3.0,75.4,0.6032962975569351,0.9814763720031452,0.6781381761344614,0.6111633625169999,0.0202455933751808,0.0068520438787026,2.0,2.5,1.0,2.0,2.5,1.0,3.0,3.0,0.0,10.052553900454022,4.335982696172475
1638,1978,1990-01-01,0.0,0.0,liberty_frequency,1990,2.0,4.5,3.0,75.4,0.6032962975569351,0.9814763720031452,0.6781381761344614,0.6111633625169999,0.0202455933751808,0.0068520438787026,2.0,4.5,3.0,2.0,2.5,1.0,3.0,3.0,0.0,10.052553900454022,1.2288788359861023e-05
1191,1375,1990-01-01,0.0,0.0,democracy_frequency,1990,2.0,4.5,3.0,75.4,0.6032962975569351,0.9814763720031452,0.6781381761344614,0.6111633625169999,0.0202455933751808,0.0068520438787026,2.0,4.5,3.0,2.0,2.5,1.0,2.0,2.5,1.0,10.052553900454022,2.4986055447917848e-05
1042,1174,1990-01-01,0.0,0.0,equality_frequency,1990,2.0,4.5,3.0,75.4,0.6032962975569351,0.9814763720031452,0.6781381761344614,0.6111633625169999,0.0202455933751808,0.0068520438787026,2.0,4.5,3.0,2.0,2.5,1.0,2.0,2.5,1.0,10.052553900454022,1.5314989258520918e-05
1489,1777,1990-01-01,0.0,0.0,justice_frequency,1990,2.0,4.5,3.0,75.4,0.6032962975569351,0.9814763720031452,0.6781381761344614,0.6111633625169999,0.0202455933751808,0.0068520438787026,2.0,4.5,3.0,2.0,2.5,1.0,2.0,2.5,1.0,10.052553900454022,3.889871225875164e-05
595,625,1990-01-01,0.0,0.0,gdp_percap,1990,2.0,4.5,3.0,75.4,0.6032962975569351,0.9814763720031452,0.6781381761344614,0.6111633625169999,0.0202455933751808,0.0068520438787026,2.0,4.5,3.0,2.0,4.5,3.0,2.0,2.5,1.0,10.052553900454022,10.052553900454022
893,973,1990-01-01,0.0,0.0,economy_frequency,1990,2.0,4.5,3.0,75.4,0.6032962975569351,0.9814763720031452,0.6781381761344614,0.6111633625169999,0.0202455933751808,0.0068520438787026,2.0,4.5,3.0,2.0,4.5,3.0,2.0,2.5,1.0,10.052553900454022,9.563574006950072e-05
1340,1576,1990-01-01,0.0,0.0,freedom_frequency,1990,2.0,4.5,3.0,75.4,0.6032962975569351,0.9814763720031452,0.6781381761344614,0.6111633625169999,0.0202455933751808,0.0068520438787026,2.0,4.5,3.0,2.0,4.5,3.0,2.0,2.5,1.0,10.052553900454022,5.403394140310295e-05
596,626,1991-01-01,0.0,0.0,gdp_percap,1990,3.0,4.0,0.0,75.5625,0.632728510880219,1.0,0.7010810546523664,0.6005663892697715,0.0251134485903023,0.0044903344366315,2.0,4.5,3.0,2.0,4.5,3.0,2.0,2.5,1.0,10.074479546523657,10.074479546523657
1192,1376,1991-01-01,0.0,0.0,democracy_frequency,1990,3.0,4.0,0.0,75.5625,0.632728510880219,1.0,0.7010810546523664,0.6005663892697715,0.0251134485903023,0.0044903344366315,3.0,4.0,0.0,2.0,4.5,3.0,2.0,2.5,1.0,10.074479546523657,2.6014279770941814e-05
745,775,1991-01-01,0.0,0.0,Life_expectancy,1990,3.0,4.0,0.0,75.5625,0.632728510880219,1.0,0.7010810546523664,0.6005663892697715,0.0251134485903023,0.0044903344366315,3.0,4.0,0.0,2.0,4.5,3.0,2.0,4.5,3.0,10.074479546523657,4.338107400739046
1490,1778,1991-01-01,0.0,0.0,justice_frequency,1990,3.0,4.0,0.0,75.5625,0.632728510880219,1.0,0.7010810546523664,0.6005663892697715,0.0251134485903023,0.0044903344366315,3.0,4.0,0.0,2.0,4.5,3.0,2.0,4.5,3.0,10.074479546523657,3.932604527690421e-05
1639,1979,1991-01-01,0.0,0.0,liberty_frequency,1990,3.0,4.0,0.0,75.5625,0.632728510880219,1.0,0.7010810546523664,0.6005663892697715,0.0251134485903023,0.0044903344366315,3.0,4.0,0.0,2.0,4.5,3.0,2.0,4.5,3.0,10.074479546523657,1.2086297289363158e-05
1043,1175,1991-01-01,0.0,0.0,equality_frequency,1990,3.0,4.0,0.0,75.5625,0.632728510880219,1.0,0.7010810546523664,0.6005663892697715,0.0251134485903023,0.0044903344366315,3.0,4.0,0.0,3.0,4.0,0.0,2.0,4.5,3.0,10.074479546523657,1.5529634103679487e-05
1341,1577,1991-01-01,0.0,0.0,freedom_frequency,1990,3.0,4.0,0.0,75.5625,0.632728510880219,1.0,0.7010810546523664,0.6005663892697715,0.0251134485903023,0.0044903344366315,3.0,4.0,0.0,3.0,4.0,0.0,2.0,4.5,3.0,10.074479546523657,5.367071293812979e-05
894,974,1991-01-01,0.0,0.0,economy_frequency,1990,3.0,4.0,0.0,75.5625,0.632728510880219,1.0,0.7010810546523664,0.6005663892697715,0.0251134485903023,0.0044903344366315,3.0,4.0,0.0,3.0,4.0,0.0,2.0,4.5,3.0,10.074479546523657,9.69907026180789e-05
1491,1779,1992-01-01,0.0,0.0,justice_frequency,1990,3.0,3.0,0.0,75.725,0.6612598858546677,0.9995092374836724,0.7399418807871059,0.5905773143064441,0.0371767203423155,0.0040762062277382,3.0,4.0,0.0,3.0,4.0,0.0,2.0,4.5,3.0,10.09593475484774,4.038503948846907e-05
597,627,1992-01-01,0.0,0.0,gdp_percap,1990,3.0,3.0,0.0,75.725,0.6612598858546677,0.9995092374836724,0.7399418807871059,0.5905773143064441,0.0371767203423155,0.0040762062277382,3.0,3.0,0.0,3.0,4.0,0.0,2.0,4.5,3.0,10.09593475484774,10.09593475484774
1640,1980,1992-01-01,0.0,0.0,liberty_frequency,1990,3.0,3.0,0.0,75.725,0.6612598858546677,0.9995092374836724,0.7399418807871059,0.5905773143064441,0.0371767203423155,0.0040762062277382,3.0,3.0,0.0,3.0,4.0,0.0,3.0,4.0,0.0,10.09593475484774,1.205079026515972e-05
746,776,1992-01-01,0.0,0.0,Life_expectancy,1990,3.0,3.0,0.0,75.725,0.6612598858546677,0.9995092374836724,0.7399418807871059,0.5905773143064441,0.0371767203423155,0.0040762062277382,3.0,3.0,0.0,3.0,4.0,0.0,3.0,4.0,0.0,10.09593475484774,4.340227600505799
1044,1176,1992-01-01,0.0,0.0,equality_frequency,1990,3.0,3.0,0.0,75.725,0.6612598858546677,0.9995092374836724,0.7399418807871059,0.5905773143064441,0.0371767203423155,0.0040762062277382,3.0,3.0,0.0,3.0,4.0,0.0,3.0,4.0,0.0,10.09593475484774,1.5893201107288193e-05
1193,1377,1992-01-01,0.0,0.0,democracy_frequency,1990,3.0,3.0,0.0,75.725,0.6612598858546677,0.9995092374836724,0.7399418807871059,0.5905773143064441,0.0371767203423155,0.0040762062277382,3.0,3.0,0.0,3.0,3.0,0.0,3.0,4.0,0.0,10.09593475484774,2.7011031992489305e-05
1342,1578,1992-01-01,0.0,0.0,freedom_frequency,1990,3.0,3.0,0.0,75.725,0.6612598858546677,0.9995092374836724,0.7399418807871059,0.5905773143064441,0.0371767203423155,0.0040762062277382,3.0,3.0,0.0,3.0,3.0,0.0,3.0,4.0,0.0,10.09593475484774,5.332832105311797e-05
895,975,1992-01-01,0.0,0.0,economy_frequency,1990,3.0,3.0,0.0,75.725,0.6612598858546677,0.9995092374836724,0.7399418807871059,0.5905773143064441,0.0371767203423155,0.0040762062277382,3.0,3.0,0.0,3.0,3.0,0.0,3.0,4.0,0.0,10.09593475484774,9.695480444567891e-05
1194,1378,1993-01-01,0.0,0.0,democracy_frequency,1990,5.0,3.2,1.0,75.8875,0.6794142186192732,0.992517789777124,0.7888539240662095,0.5961068159232445,0.0487655277165827,0.0065095318490218,3.0,3.0,0.0,3.0,3.0,0.0,3.0,4.0,0.0,10.11693928957888,2.764525858596617e-05
1492,1780,1993-01-01,0.0,0.0,justice_frequency,1990,5.0,3.2,1.0,75.8875,0.6794142186192732,0.992517789777124,0.7888539240662095,0.5961068159232445,0.0487655277165827,0.0065095318490218,5.0,3.2,1.0,3.0,3.0,0.0,3.0,4.0,0.0,10.11693928957888,4.140238100573643e-05
1343,1579,1993-01-01,0.0,0.0,freedom_frequency,1990,5.0,3.2,1.0,75.8875,0.6794142186192732,0.992517789777124,0.7888539240662095,0.5961068159232445,0.0487655277165827,0.0065095318490218,5.0,3.2,1.0,3.0,3.0,0.0,3.0,3.0,0.0,10.11693928957888,5.3517853780963506e-05
598,628,1993-01-01,0.0,0.0,gdp_percap,1990,5.0,3.2,1.0,75.8875,0.6794142186192732,0.992517789777124,0.7888539240662095,0.5961068159232445,0.0487655277165827,0.0065095318490218,5.0,3.2,1.0,3.0,3.0,0.0,3.0,3.0,0.0,10.11693928957888,10.11693928957888
747,777,1993-01-01,0.0,0.0,Life_expectancy,1990,5.0,3.2,1.0,75.8875,0.6794142186192732,0.992517789777124,0.7888539240662095,0.5961068159232445,0.0487655277165827,0.0065095318490218,5.0,3.2,1.0,3.0,3.0,0.0,3.0,3.0,0.0,10.11693928957888,4.342343314534487
1045,1177,1993-01-01,0.0,0.0,equality_frequency,1990,5.0,3.2,1.0,75.8875,0.6794142186192732,0.992517789777124,0.7888539240662095,0.5961068159232445,0.0487655277165827,0.0065095318490218,5.0,3.2,1.0,5.0,3.2,1.0,3.0,3.0,0.0,10.11693928957888,1.6350803260478706e-05
896,976,1993-01-01,0.0,0.0,economy_frequency,1990,5.0,3.2,1.0,75.8875,0.6794142186192732,0.992517789777124,0.7888539240662095,0.5961068159232445,0.0487655277165827,0.0065095318490218,5.0,3.2,1.0,5.0,3.2,1.0,3.0,3.0,0.0,10.11693928957888,9.64433956574632e-05
1641,1981,1993-01-01,0.0,0.0,liberty_frequency,1990,5.0,3.2,1.0,75.8875,0.6794142186192732,0.992517789777124,0.7888539240662095,0.5961068159232445,0.0487655277165827,0.0065095318490218,5.0,3.2,1.0,5.0,3.2,1.0,3.0,3.0,0.0,10.11693928957888,1.2259421656104242e-05
897,977,1994-01-01,0.0,0.0,economy_frequency,1990,3.0,2.3333333333333335,0.0,76.05,0.6903432793481624,0.9775615960683988,0.8324241273799478,0.6011882967322336,0.0614696019511486,0.0078472557037001,5.0,3.2,1.0,5.0,3.2,1.0,3.0,3.0,0.0,10.13751169494655,9.534938260585229e-05
1493,1781,1994-01-01,0.0,0.0,justice_frequency,1990,3.0,2.3333333333333335,0.0,76.05,0.6903432793481624,0.9775615960683988,0.8324241273799478,0.6011882967322336,0.0614696019511486,0.0078472557037001,3.0,2.3333333333333335,0.0,5.0,3.2,1.0,3.0,3.0,0.0,10.13751169494655,4.251762677337165e-05
748,778,1994-01-01,0.0,0.0,Life_expectancy,1990,3.0,2.3333333333333335,0.0,76.05,0.6903432793481624,0.9775615960683988,0.8324241273799478,0.6011882967322336,0.0614696019511486,0.0078472557037001,3.0,2.3333333333333335,0.0,5.0,3.2,1.0,5.0,3.2,1.0,10.13751169494655,4.344454561766125
1195,1379,1994-01-01,0.0,0.0,democracy_frequency,1990,3.0,2.3333333333333335,0.0,76.05,0.6903432793481624,0.9775615960683988,0.8324241273799478,0.6011882967322336,0.0614696019511486,0.0078472557037001,3.0,2.3333333333333335,0.0,5.0,3.2,1.0,5.0,3.2,1.0,10.13751169494655,2.802706812556943e-05
1344,1580,1994-01-01,0.0,0.0,freedom_frequency,1990,3.0,2.3333333333333335,0.0,76.05,0.6903432793481624,0.9775615960683988,0.8324241273799478,0.6011882967322336,0.0614696019511486,0.0078472557037001,3.0,2.3333333333333335,0.0,5.0,3.2,1.0,5.0,3.2,1.0,10.13751169494655,5.369202982987739e-05
1046,1178,1994-01-01,0.0,0.0,equality_frequency,1990,3.0,2.3333333333333335,0.0,76.05,0.6903432793481624,0.9775615960683988,0.8324241273799478,0.6011882967322336,0.0614696019511486,0.0078472557037001,3.0,2.3333333333333335,0.0,3.0,2.3333333333333335,0.0,5.0,3.2,1.0,10.13751169494655,1.6758429049329276e-05
1642,1982,1994-01-01,0.0,0.0,liberty_frequency,1990,3.0,2.3333333333333335,0.0,76.05,0.6903432793481624,0.9775615960683988,0.8324241273799478,0.6011882967322336,0.0614696019511486,0.0078472557037001,3.0,2.3333333333333335,0.0,3.0,2.3333333333333335,0.0,5.0,3.2,1.0,10.13751169494655,1.2374117010043424e-05
599,629,1994-01-01,0.0,0.0,gdp_percap,1990,3.0,2.3333333333333335,0.0,76.05,0.6903432793481624,0.9775615960683988,0.8324241273799478,0.6011882967322336,0.0614696019511486,0.0078472557037001,3.0,2.3333333333333335,0.0,3.0,2.3333333333333335,0.0,5.0,3.2,1.0,10.13751169494655,10.13751169494655
1494,1782,1995-01-01,0.0,0.0,justice_frequency,1990,1.0,3.0,0.0,76.2125,0.6972168158585595,0.9566351783097126,0.8762098502137228,0.6110354302132327,0.0778136675317311,0.0124134993503453,3.0,2.3333333333333335,0.0,3.0,2.3333333333333335,0.0,5.0,3.2,1.0,10.157669393634524,4.3952412684380736e-05
749,779,1995-01-01,0.0,0.0,Life_expectancy,1990,1.0,3.0,0.0,76.2125,0.6972168158585595,0.9566351783097126,0.8762098502137228,0.6110354302132327,0.0778136675317311,0.0124134993503453,1.0,3.0,0.0,3.0,2.3333333333333335,0.0,5.0,3.2,1.0,10.157669393634524,4.346561361022017
1196,1380,1995-01-01,0.0,0.0,democracy_frequency,1990,1.0,3.0,0.0,76.2125,0.6972168158585595,0.9566351783097126,0.8762098502137228,0.6110354302132327,0.0778136675317311,0.0124134993503453,1.0,3.0,0.0,3.0,2.3333333333333335,0.0,3.0,2.3333333333333335,0.0,10.157669393634524,2.8267196811783263e-05
600,630,1995-01-01,0.0,0.0,gdp_percap,1990,1.0,3.0,0.0,76.2125,0.6972168158585595,0.9566351783097126,0.8762098502137228,0.6110354302132327,0.0778136675317311,0.0124134993503453,1.0,3.0,0.0,3.0,2.3333333333333335,0.0,3.0,2.3333333333333335,0.0,10.157669393634524,10.157669393634524
1345,1581,1995-01-01,0.0,0.0,freedom_frequency,1990,1.0,3.0,0.0,76.2125,0.6972168158585595,0.9566351783097126,0.8762098502137228,0.6110354302132327,0.0778136675317311,0.0124134993503453,1.0,3.0,0.0,3.0,2.3333333333333335,0.0,3.0,2.3333333333333335,0.0,10.157669393634524,5.402955631644696e-05
1643,1983,1995-01-01,0.0,0.0,liberty_frequency,1990,1.0,3.0,0.0,76.2125,0.6972168158585595,0.9566351783097126,0.8762098502137228,0.6110354302132327,0.0778136675317311,0.0124134993503453,1.0,3.0,0.0,1.0,3.0,0.0,3.0,2.3333333333333335,0.0,10.157669393634524,1.276562292274528e-05
1047,1179,1995-01-01,0.0,0.0,equality_frequency,1990,1.0,3.0,0.0,76.2125,0.6972168158585595,0.9566351783097126,0.8762098502137228,0.6110354302132327,0.0778136675317311,0.0124134993503453,1.0,3.0,0.0,1.0,3.0,0.0,3.0,2.3333333333333335,0.0,10.157669393634524,1.7168070987160424e-05
898,978,1995-01-01,0.0,0.0,economy_frequency,1990,1.0,3.0,0.0,76.2125,0.6972168158585595,0.9566351783097126,0.8762098502137228,0.6110354302132327,0.0778136675317311,0.0124134993503453,1.0,3.0,0.0,1.0,3.0,0.0,3.0,2.3333333333333335,0.0,10.157669393634524,9.381865863674534e-05
750,780,1996-01-01,0.0,0.0,Life_expectancy,1990,3.0,2.3333333333333335,0.0,76.375,0.7091878509635425,0.9291709484802264,0.9237820728384796,0.6287660166680731,0.09823073750823,0.0180149453207063,1.0,3.0,0.0,1.0,3.0,0.0,3.0,2.3333333333333335,0.0,10.177428775437196,4.34866373100476
1197,1381,1996-01-01,0.0,0.0,democracy_frequency,1990,3.0,2.3333333333333335,0.0,76.375,0.7091878509635425,0.9291709484802264,0.9237820728384796,0.6287660166680731,0.09823073750823,0.0180149453207063,3.0,2.3333333333333335,0.0,1.0,3.0,0.0,3.0,2.3333333333333335,0.0,10.177428775437196,2.86854077257434e-05
1346,1582,1996-01-01,0.0,0.0,freedom_frequency,1990,3.0,2.3333333333333335,0.0,76.375,0.7091878509635425,0.9291709484802264,0.9237820728384796,0.6287660166680731,0.09823073750823,0.0180149453207063,3.0,2.3333333333333335,0.0,1.0,3.0,0.0,1.0,3.0,0.0,10.177428775437196,5.4637300664988754e-05
1644,1984,1996-01-01,0.0,0.0,liberty_frequency,1990,3.0,2.3333333333333335,0.0,76.375,0.7091878509635425,0.9291709484802264,0.9237820728384796,0.6287660166680731,0.09823073750823,0.0180149453207063,3.0,2.3333333333333335,0.0,1.0,3.0,0.0,1.0,3.0,0.0,10.177428775437196,1.3245886007872891e-05
1048,1180,1996-01-01,0.0,0.0,equality_frequency,1990,3.0,2.3333333333333335,0.0,76.375,0.7091878509635425,0.9291709484802264,0.9237820728384796,0.6287660166680731,0.09823073750823,0.0180149453207063,3.0,2.3333333333333335,0.0,1.0,3.0,0.0,1.0,3.0,0.0,10.177428775437196,1.7613137732063146e-05
601,631,1996-01-01,0.0,0.0,gdp_percap,1990,3.0,2.3333333333333335,0.0,76.375,0.7091878509635425,0.9291709484802264,0.9237820728384796,0.6287660166680731,0.09823073750823,0.0180149453207063,3.0,2.3333333333333335,0.0,3.0,2.3333333333333335,0.0,1.0,3.0,0.0,10.177428775437196,10.177428775437196
1495,1783,1996-01-01,0.0,0.0,justice_frequency,1990,3.0,2.3333333333333335,0.0,76.375,0.7091878509635425,0.9291709484802264,0.9237820728384796,0.6287660166680731,0.09823073750823,0.0180149453207063,3.0,2.3333333333333335,0.0,3.0,2.3333333333333335,0.0,1.0,3.0,0.0,10.177428775437196,4.574474990513527e-05
899,979,1996-01-01,0.0,0.0,economy_frequency,1990,3.0,2.3333333333333335,0.0,76.375,0.7091878509635425,0.9291709484802264,0.9237820728384796,0.6287660166680731,0.09823073750823,0.0180149453207063,3.0,2.3333333333333335,0.0,3.0,2.3333333333333335,0.0,1.0,3.0,0.0,10.177428775437196,9.18097037462222e-05
1496,1784,1997-01-01,0.0,0.0,justice_frequency,1990,4.0,3.25,3.0,76.5375,0.7216536394348043,0.9060358862701632,0.9726722989150626,0.6572005555518675,0.115228315654326,0.0217950718367337,3.0,2.3333333333333335,0.0,3.0,2.3333333333333335,0.0,1.0,3.0,0.0,10.196805277325268,4.723690044277056e-05
602,632,1997-01-01,0.0,0.0,gdp_percap,1990,4.0,3.25,3.0,76.5375,0.7216536394348043,0.9060358862701632,0.9726722989150626,0.6572005555518675,0.115228315654326,0.0217950718367337,4.0,3.25,3.0,3.0,2.3333333333333335,0.0,1.0,3.0,0.0,10.196805277325268,10.196805277325268
1049,1181,1997-01-01,0.0,0.0,equality_frequency,1990,4.0,3.25,3.0,76.5375,0.7216536394348043,0.9060358862701632,0.9726722989150626,0.6572005555518675,0.115228315654326,0.0217950718367337,4.0,3.25,3.0,3.0,2.3333333333333335,0.0,3.0,2.3333333333333335,0.0,10.196805277325268,1.8070534985299697e-05
900,980,1997-01-01,0.0,0.0,economy_frequency,1990,4.0,3.25,3.0,76.5375,0.7216536394348043,0.9060358862701632,0.9726722989150626,0.6572005555518675,0.115228315654326,0.0217950718367337,4.0,3.25,3.0,3.0,2.3333333333333335,0.0,3.0,2.3333333333333335,0.0,10.196805277325268,9.011741589872086e-05
1645,1985,1997-01-01,0.0,0.0,liberty_frequency,1990,4.0,3.25,3.0,76.5375,0.7216536394348043,0.9060358862701632,0.9726722989150626,0.6572005555518675,0.115228315654326,0.0217950718367337,4.0,3.25,3.0,3.0,2.3333333333333335,0.0,3.0,2.3333333333333335,0.0,10.196805277325268,1.3569990623398866e-05
751,781,1997-01-01,0.0,0.0,Life_expectancy,1990,4.0,3.25,3.0,76.5375,0.7216536394348043,0.9060358862701632,0.9726722989150626,0.6572005555518675,0.115228315654326,0.0217950718367337,4.0,3.25,3.0,4.0,3.25,3.0,3.0,2.3333333333333335,0.0,10.196805277325268,4.350761690299236
1198,1382,1997-01-01,0.0,0.0,democracy_frequency,1990,4.0,3.25,3.0,76.5375,0.7216536394348043,0.9060358862701632,0.9726722989150626,0.6572005555518675,0.115228315654326,0.0217950718367337,4.0,3.25,3.0,4.0,3.25,3.0,3.0,2.3333333333333335,0.0,10.196805277325268,2.912090277848997e-05
1347,1583,1997-01-01,0.0,0.0,freedom_frequency,1990,4.0,3.25,3.0,76.5375,0.7216536394348043,0.9060358862701632,0.9726722989150626,0.6572005555518675,0.115228315654326,0.0217950718367337,4.0,3.25,3.0,4.0,3.25,3.0,3.0,2.3333333333333335,0.0,10.196805277325268,5.5611939416025635e-05
1348,1584,1998-01-01,0.0,0.0,freedom_frequency,1990,4.0,3.75,0.0,76.7,0.7277600579388138,0.8904220485295343,1.0,0.6761677906202342,0.1263882391276759,0.025864709207069,4.0,3.25,3.0,4.0,3.25,3.0,3.0,2.3333333333333335,0.0,10.215813455900667,5.6262070840885246e-05
603,633,1998-01-01,0.0,0.0,gdp_percap,1990,4.0,3.75,0.0,76.7,0.7277600579388138,0.8904220485295343,1.0,0.6761677906202342,0.1263882391276759,0.025864709207069,4.0,3.75,0.0,4.0,3.25,3.0,3.0,2.3333333333333335,0.0,10.215813455900667,10.215813455900667
1050,1182,1998-01-01,0.0,0.0,equality_frequency,1990,4.0,3.75,0.0,76.7,0.7277600579388138,0.8904220485295343,1.0,0.6761677906202342,0.1263882391276759,0.025864709207069,4.0,3.75,0.0,4.0,3.25,3.0,4.0,3.25,3.0,10.215813455900667,1.832620185289461e-05
1497,1785,1998-01-01,0.0,0.0,justice_frequency,1990,4.0,3.75,0.0,76.7,0.7277600579388138,0.8904220485295343,1.0,0.6761677906202342,0.1263882391276759,0.025864709207069,4.0,3.75,0.0,4.0,3.25,3.0,4.0,3.25,3.0,10.215813455900667,4.8216585024112745e-05
901,981,1998-01-01,0.0,0.0,economy_frequency,1990,4.0,3.75,0.0,76.7,0.7277600579388138,0.8904220485295343,1.0,0.6761677906202342,0.1263882391276759,0.025864709207069,4.0,3.75,0.0,4.0,3.25,3.0,4.0,3.25,3.0,10.215813455900667,8.897529036352934e-05
752,782,1998-01-01,0.0,0.0,Life_expectancy,1990,4.0,3.75,0.0,76.7,0.7277600579388138,0.8904220485295343,1.0,0.6761677906202342,0.1263882391276759,0.025864709207069,4.0,3.75,0.0,4.0,3.75,0.0,4.0,3.25,3.0,10.215813455900667,4.3528552573736015
1199,1383,1998-01-01,0.0,0.0,democracy_frequency,1990,4.0,3.75,0.0,76.7,0.7277600579388138,0.8904220485295343,1.0,0.6761677906202342,0.1263882391276759,0.025864709207069,4.0,3.75,0.0,4.0,3.75,0.0,4.0,3.25,3.0,10.215813455900667,2.9334231778249057e-05
1646,1986,1998-01-01,0.0,0.0,liberty_frequency,1990,4.0,3.75,0.0,76.7,0.7277600579388138,0.8904220485295343,1.0,0.6761677906202342,0.1263882391276759,0.025864709207069,4.0,3.75,0.0,4.0,3.75,0.0,4.0,3.25,3.0,10.215813455900667,1.391891751930831e-05
